id,name,role
1,Alice_1,CEO
2,Bob_2,Vice President
3,Carol_3,Vice President
4,Dave_4,Vice President
5,Eve_5,Director
6,Frank_6,Director
7,Grace_7,Director
8,Hank_8,Director
9,Iris_9,Director
10,Jack_10,Director
11,Karen_11,Director
12,Leo_12,Director
13,Maya_13,Director
14,Nate_14,Senior Manager
15,Olivia_15,Senior Manager
16,Paul_16,Senior Manager
17,Quinn_17,Senior Manager
18,Rose_18,Senior Manager
19,Sam_19,Senior Manager
20,Tina_20,Senior Manager
21,Uma_21,Senior Manager
22,Victor_22,Senior Manager
23,Wendy_23,Senior Manager
24,Xander_24,Senior Manager
25,Yara_25,Senior Manager
26,Zack_26,Senior Manager
27,Ava_27,Senior Manager
28,Ben_28,Senior Manager
29,Chloe_29,Senior Manager
30,Dylan_30,Senior Manager
31,Ella_31,Senior Manager
32,Finn_32,Senior Manager
33,Alice_33,Senior Manager
34,Bob_34,Senior Manager
35,Carol_35,Senior Manager
36,Dave_36,Senior Manager
37,Eve_37,Senior Manager
38,Frank_38,Senior Manager
39,Grace_39,Senior Manager
40,Hank_40,Senior Manager
41,Iris_41,Manager
42,Jack_42,Manager
43,Karen_43,Manager
44,Leo_44,Manager
45,Maya_45,Manager
46,Nate_46,Manager
47,Olivia_47,Manager
48,Paul_48,Manager
49,Quinn_49,Manager
50,Rose_50,Manager
51,Sam_51,Manager
52,Tina_52,Manager
53,Uma_53,Manager
54,Victor_54,Manager
55,Wendy_55,Manager
56,Xander_56,Manager
57,Yara_57,Manager
58,Zack_58,Manager
59,Ava_59,Manager
60,Ben_60,Manager
61,Chloe_61,Manager
62,Dylan_62,Manager
63,Ella_63,Manager
64,Finn_64,Manager
65,Alice_65,Manager
66,Bob_66,Manager
67,Carol_67,Manager
68,Dave_68,Manager
69,Eve_69,Manager
70,Frank_70,Manager
71,Grace_71,Manager
72,Hank_72,Manager
73,Iris_73,Manager
74,Jack_74,Manager
75,Karen_75,Manager
76,Leo_76,Manager
77,Maya_77,Manager
78,Nate_78,Manager
79,Olivia_79,Manager
80,Paul_80,Manager
81,Quinn_81,Manager
82,Rose_82,Manager
83,Sam_83,Manager
84,Tina_84,Manager
85,Uma_85,Manager
86,Victor_86,Manager
87,Wendy_87,Manager
88,Xander_88,Manager
89,Yara_89,Manager
90,Zack_90,Manager
91,Ava_91,Manager
92,Ben_92,Manager
93,Chloe_93,Manager
94,Dylan_94,Manager
95,Ella_95,Manager
96,Finn_96,Manager
97,Alice_97,Manager
98,Bob_98,Manager
99,Carol_99,Manager
100,Dave_100,Manager
101,Eve_101,Manager
102,Frank_102,Manager
103,Grace_103,Manager
104,Hank_104,Manager
105,Iris_105,Manager
106,Jack_106,Manager
107,Karen_107,Manager
108,Leo_108,Manager
109,Maya_109,Manager
110,Nate_110,Manager
111,Olivia_111,Manager
112,Paul_112,Manager
113,Quinn_113,Manager
114,Rose_114,Manager
115,Sam_115,Manager
116,Tina_116,Manager
117,Uma_117,Manager
118,Victor_118,Manager
119,Wendy_119,Manager
120,Xander_120,Manager
121,Yara_121,Manager
122,Zack_122,Senior Staff
123,Ava_123,Senior Staff
124,Ben_124,Senior Staff
125,Chloe_125,Senior Staff
126,Dylan_126,Senior Staff
127,Ella_127,Senior Staff
128,Finn_128,Senior Staff
129,Alice_129,Senior Staff
130,Bob_130,Senior Staff
131,Carol_131,Senior Staff
132,Dave_132,Senior Staff
133,Eve_133,Senior Staff
134,Frank_134,Senior Staff
135,Grace_135,Senior Staff
136,Hank_136,Senior Staff
137,Iris_137,Senior Staff
138,Jack_138,Senior Staff
139,Karen_139,Senior Staff
140,Leo_140,Senior Staff
141,Maya_141,Senior Staff
142,Nate_142,Senior Staff
143,Olivia_143,Senior Staff
144,Paul_144,Senior Staff
145,Quinn_145,Senior Staff
146,Rose_146,Senior Staff
147,Sam_147,Senior Staff
148,Tina_148,Senior Staff
149,Uma_149,Senior Staff
150,Victor_150,Senior Staff
151,Wendy_151,Senior Staff
152,Xander_152,Senior Staff
153,Yara_153,Senior Staff
154,Zack_154,Senior Staff
155,Ava_155,Senior Staff
156,Ben_156,Senior Staff
157,Chloe_157,Senior Staff
158,Dylan_158,Senior Staff
159,Ella_159,Senior Staff
160,Finn_160,Senior Staff
161,Alice_161,Senior Staff
162,Bob_162,Senior Staff
163,Carol_163,Senior Staff
164,Dave_164,Senior Staff
165,Eve_165,Senior Staff
166,Frank_166,Senior Staff
167,Grace_167,Senior Staff
168,Hank_168,Senior Staff
169,Iris_169,Senior Staff
170,Jack_170,Senior Staff
171,Karen_171,Senior Staff
172,Leo_172,Senior Staff
173,Maya_173,Senior Staff
174,Nate_174,Senior Staff
175,Olivia_175,Senior Staff
176,Paul_176,Senior Staff
177,Quinn_177,Senior Staff
178,Rose_178,Senior Staff
179,Sam_179,Senior Staff
180,Tina_180,Senior Staff
181,Uma_181,Senior Staff
182,Victor_182,Senior Staff
183,Wendy_183,Senior Staff
184,Xander_184,Senior Staff
185,Yara_185,Senior Staff
186,Zack_186,Senior Staff
187,Ava_187,Senior Staff
188,Ben_188,Senior Staff
189,Chloe_189,Senior Staff
190,Dylan_190,Senior Staff
191,Ella_191,Senior Staff
192,Finn_192,Senior Staff
193,Alice_193,Senior Staff
194,Bob_194,Senior Staff
195,Carol_195,Senior Staff
196,Dave_196,Senior Staff
197,Eve_197,Senior Staff
198,Frank_198,Senior Staff
199,Grace_199,Senior Staff
200,Hank_200,Senior Staff
201,Iris_201,Senior Staff
202,Jack_202,Senior Staff
203,Karen_203,Senior Staff
204,Leo_204,Senior Staff
205,Maya_205,Senior Staff
206,Nate_206,Senior Staff
207,Olivia_207,Senior Staff
208,Paul_208,Senior Staff
209,Quinn_209,Senior Staff
210,Rose_210,Senior Staff
211,Sam_211,Senior Staff
212,Tina_212,Senior Staff
213,Uma_213,Senior Staff
214,Victor_214,Senior Staff
215,Wendy_215,Senior Staff
216,Xander_216,Senior Staff
217,Yara_217,Senior Staff
218,Zack_218,Senior Staff
219,Ava_219,Senior Staff
220,Ben_220,Senior Staff
221,Chloe_221,Senior Staff
222,Dylan_222,Senior Staff
223,Ella_223,Senior Staff
224,Finn_224,Senior Staff
225,Alice_225,Senior Staff
226,Bob_226,Senior Staff
227,Carol_227,Senior Staff
228,Dave_228,Senior Staff
229,Eve_229,Senior Staff
230,Frank_230,Senior Staff
231,Grace_231,Senior Staff
232,Hank_232,Senior Staff
233,Iris_233,Senior Staff
234,Jack_234,Senior Staff
235,Karen_235,Senior Staff
236,Leo_236,Senior Staff
237,Maya_237,Senior Staff
238,Nate_238,Senior Staff
239,Olivia_239,Senior Staff
240,Paul_240,Senior Staff
241,Quinn_241,Senior Staff
242,Rose_242,Senior Staff
243,Sam_243,Senior Staff
244,Tina_244,Senior Staff
245,Uma_245,Senior Staff
246,Victor_246,Senior Staff
247,Wendy_247,Senior Staff
248,Xander_248,Senior Staff
249,Yara_249,Senior Staff
250,Zack_250,Senior Staff
251,Ava_251,Senior Staff
252,Ben_252,Senior Staff
253,Chloe_253,Senior Staff
254,Dylan_254,Senior Staff
255,Ella_255,Senior Staff
256,Finn_256,Senior Staff
257,Alice_257,Senior Staff
258,Bob_258,Senior Staff
259,Carol_259,Senior Staff
260,Dave_260,Senior Staff
261,Eve_261,Senior Staff
262,Frank_262,Senior Staff
263,Grace_263,Senior Staff
264,Hank_264,Senior Staff
265,Iris_265,Senior Staff
266,Jack_266,Senior Staff
267,Karen_267,Senior Staff
268,Leo_268,Senior Staff
269,Maya_269,Senior Staff
270,Nate_270,Senior Staff
271,Olivia_271,Senior Staff
272,Paul_272,Senior Staff
273,Quinn_273,Senior Staff
274,Rose_274,Senior Staff
275,Sam_275,Senior Staff
276,Tina_276,Senior Staff
277,Uma_277,Senior Staff
278,Victor_278,Senior Staff
279,Wendy_279,Senior Staff
280,Xander_280,Senior Staff
281,Yara_281,Senior Staff
282,Zack_282,Senior Staff
283,Ava_283,Senior Staff
284,Ben_284,Senior Staff
285,Chloe_285,Senior Staff
286,Dylan_286,Senior Staff
287,Ella_287,Senior Staff
288,Finn_288,Senior Staff
289,Alice_289,Senior Staff
290,Bob_290,Senior Staff
291,Carol_291,Senior Staff
292,Dave_292,Senior Staff
293,Eve_293,Senior Staff
294,Frank_294,Senior Staff
295,Grace_295,Senior Staff
296,Hank_296,Senior Staff
297,Iris_297,Senior Staff
298,Jack_298,Senior Staff
299,Karen_299,Senior Staff
300,Leo_300,Senior Staff
301,Maya_301,Senior Staff
302,Nate_302,Senior Staff
303,Olivia_303,Senior Staff
304,Paul_304,Senior Staff
305,Quinn_305,Senior Staff
306,Rose_306,Senior Staff
307,Sam_307,Senior Staff
308,Tina_308,Senior Staff
309,Uma_309,Senior Staff
310,Victor_310,Senior Staff
311,Wendy_311,Senior Staff
312,Xander_312,Senior Staff
313,Yara_313,Senior Staff
314,Zack_314,Senior Staff
315,Ava_315,Senior Staff
316,Ben_316,Senior Staff
317,Chloe_317,Senior Staff
318,Dylan_318,Senior Staff
319,Ella_319,Senior Staff
320,Finn_320,Senior Staff
321,Alice_321,Senior Staff
322,Bob_322,Senior Staff
323,Carol_323,Senior Staff
324,Dave_324,Senior Staff
325,Eve_325,Senior Staff
326,Frank_326,Senior Staff
327,Grace_327,Senior Staff
328,Hank_328,Senior Staff
329,Iris_329,Senior Staff
330,Jack_330,Senior Staff
331,Karen_331,Senior Staff
332,Leo_332,Senior Staff
333,Maya_333,Senior Staff
334,Nate_334,Senior Staff
335,Olivia_335,Senior Staff
336,Paul_336,Senior Staff
337,Quinn_337,Senior Staff
338,Rose_338,Senior Staff
339,Sam_339,Senior Staff
340,Tina_340,Senior Staff
341,Uma_341,Senior Staff
342,Victor_342,Senior Staff
343,Wendy_343,Senior Staff
344,Xander_344,Senior Staff
345,Yara_345,Senior Staff
346,Zack_346,Senior Staff
347,Ava_347,Senior Staff
348,Ben_348,Senior Staff
349,Chloe_349,Senior Staff
350,Dylan_350,Senior Staff
351,Ella_351,Senior Staff
352,Finn_352,Senior Staff
353,Alice_353,Senior Staff
354,Bob_354,Senior Staff
355,Carol_355,Senior Staff
356,Dave_356,Senior Staff
357,Eve_357,Senior Staff
358,Frank_358,Senior Staff
359,Grace_359,Senior Staff
360,Hank_360,Senior Staff
361,Iris_361,Senior Staff
362,Jack_362,Senior Staff
363,Karen_363,Senior Staff
364,Leo_364,Senior Staff
365,Maya_365,Staff
366,Nate_366,Staff
367,Olivia_367,Staff
368,Paul_368,Staff
369,Quinn_369,Staff
370,Rose_370,Staff
371,Sam_371,Staff
372,Tina_372,Staff
373,Uma_373,Staff
374,Victor_374,Staff
375,Wendy_375,Staff
376,Xander_376,Staff
377,Yara_377,Staff
378,Zack_378,Staff
379,Ava_379,Staff
380,Ben_380,Staff
381,Chloe_381,Staff
382,Dylan_382,Staff
383,Ella_383,Staff
384,Finn_384,Staff
385,Alice_385,Staff
386,Bob_386,Staff
387,Carol_387,Staff
388,Dave_388,Staff
389,Eve_389,Staff
390,Frank_390,Staff
391,Grace_391,Staff
392,Hank_392,Staff
393,Iris_393,Staff
394,Jack_394,Staff
395,Karen_395,Staff
396,Leo_396,Staff
397,Maya_397,Staff
398,Nate_398,Staff
399,Olivia_399,Staff
400,Paul_400,Staff
401,Quinn_401,Staff
402,Rose_402,Staff
403,Sam_403,Staff
404,Tina_404,Staff
405,Uma_405,Staff
406,Victor_406,Staff
407,Wendy_407,Staff
408,Xander_408,Staff
409,Yara_409,Staff
410,Zack_410,Staff
411,Ava_411,Staff
412,Ben_412,Staff
413,Chloe_413,Staff
414,Dylan_414,Staff
415,Ella_415,Staff
416,Finn_416,Staff
417,Alice_417,Staff
418,Bob_418,Staff
419,Carol_419,Staff
420,Dave_420,Staff
421,Eve_421,Staff
422,Frank_422,Staff
423,Grace_423,Staff
424,Hank_424,Staff
425,Iris_425,Staff
426,Jack_426,Staff
427,Karen_427,Staff
428,Leo_428,Staff
429,Maya_429,Staff
430,Nate_430,Staff
431,Olivia_431,Staff
432,Paul_432,Staff
433,Quinn_433,Staff
434,Rose_434,Staff
435,Sam_435,Staff
436,Tina_436,Staff
437,Uma_437,Staff
438,Victor_438,Staff
439,Wendy_439,Staff
440,Xander_440,Staff
441,Yara_441,Staff
442,Zack_442,Staff
443,Ava_443,Staff
444,Ben_444,Staff
445,Chloe_445,Staff
446,Dylan_446,Staff
447,Ella_447,Staff
448,Finn_448,Staff
449,Alice_449,Staff
450,Bob_450,Staff
451,Carol_451,Staff
452,Dave_452,Staff
453,Eve_453,Staff
454,Frank_454,Staff
455,Grace_455,Staff
456,Hank_456,Staff
457,Iris_457,Staff
458,Jack_458,Staff
459,Karen_459,Staff
460,Leo_460,Staff
461,Maya_461,Staff
462,Nate_462,Staff
463,Olivia_463,Staff
464,Paul_464,Staff
465,Quinn_465,Staff
466,Rose_466,Staff
467,Sam_467,Staff
468,Tina_468,Staff
469,Uma_469,Staff
470,Victor_470,Staff
471,Wendy_471,Staff
472,Xander_472,Staff
473,Yara_473,Staff
474,Zack_474,Staff
475,Ava_475,Staff
476,Ben_476,Staff
477,Chloe_477,Staff
478,Dylan_478,Staff
479,Ella_479,Staff
480,Finn_480,Staff
481,Alice_481,Staff
482,Bob_482,Staff
483,Carol_483,Staff
484,Dave_484,Staff
485,Eve_485,Staff
486,Frank_486,Staff
487,Grace_487,Staff
488,Hank_488,Staff
489,Iris_489,Staff
490,Jack_490,Staff
491,Karen_491,Staff
492,Leo_492,Staff
493,Maya_493,Staff
494,Nate_494,Staff
495,Olivia_495,Staff
496,Paul_496,Staff
497,Quinn_497,Staff
498,Rose_498,Staff
499,Sam_499,Staff
500,Tina_500,Staff
501,Uma_501,Staff
502,Victor_502,Staff
503,Wendy_503,Staff
504,Xander_504,Staff
505,Yara_505,Staff
506,Zack_506,Staff
507,Ava_507,Staff
508,Ben_508,Staff
509,Chloe_509,Staff
510,Dylan_510,Staff
511,Ella_511,Staff
512,Finn_512,Staff
513,Alice_513,Staff
514,Bob_514,Staff
515,Carol_515,Staff
516,Dave_516,Staff
517,Eve_517,Staff
518,Frank_518,Staff
519,Grace_519,Staff
520,Hank_520,Staff
521,Iris_521,Staff
522,Jack_522,Staff
523,Karen_523,Staff
524,Leo_524,Staff
525,Maya_525,Staff
526,Nate_526,Staff
527,Olivia_527,Staff
528,Paul_528,Staff
529,Quinn_529,Staff
530,Rose_530,Staff
531,Sam_531,Staff
532,Tina_532,Staff
533,Uma_533,Staff
534,Victor_534,Staff
535,Wendy_535,Staff
536,Xander_536,Staff
537,Yara_537,Staff
538,Zack_538,Staff
539,Ava_539,Staff
540,Ben_540,Staff
541,Chloe_541,Staff
542,Dylan_542,Staff
543,Ella_543,Staff
544,Finn_544,Staff
545,Alice_545,Staff
546,Bob_546,Staff
547,Carol_547,Staff
548,Dave_548,Staff
549,Eve_549,Staff
550,Frank_550,Staff
551,Grace_551,Staff
552,Hank_552,Staff
553,Iris_553,Staff
554,Jack_554,Staff
555,Karen_555,Staff
556,Leo_556,Staff
557,Maya_557,Staff
558,Nate_558,Staff
559,Olivia_559,Staff
560,Paul_560,Staff
561,Quinn_561,Staff
562,Rose_562,Staff
563,Sam_563,Staff
564,Tina_564,Staff
565,Uma_565,Staff
566,Victor_566,Staff
567,Wendy_567,Staff
568,Xander_568,Staff
569,Yara_569,Staff
570,Zack_570,Staff
571,Ava_571,Staff
572,Ben_572,Staff
573,Chloe_573,Staff
574,Dylan_574,Staff
575,Ella_575,Staff
576,Finn_576,Staff
577,Alice_577,Staff
578,Bob_578,Staff
579,Carol_579,Staff
580,Dave_580,Staff
581,Eve_581,Staff
582,Frank_582,Staff
583,Grace_583,Staff
584,Hank_584,Staff
585,Iris_585,Staff
586,Jack_586,Staff
587,Karen_587,Staff
588,Leo_588,Staff
589,Maya_589,Staff
590,Nate_590,Staff
591,Olivia_591,Staff
592,Paul_592,Staff
593,Quinn_593,Staff
594,Rose_594,Staff
595,Sam_595,Staff
596,Tina_596,Staff
597,Uma_597,Staff
598,Victor_598,Staff
599,Wendy_599,Staff
600,Xander_600,Staff
601,Yara_601,Staff
602,Zack_602,Staff
603,Ava_603,Staff
604,Ben_604,Staff
605,Chloe_605,Staff
606,Dylan_606,Staff
607,Ella_607,Staff
608,Finn_608,Staff
609,Alice_609,Staff
610,Bob_610,Staff
611,Carol_611,Staff
612,Dave_612,Staff
613,Eve_613,Staff
614,Frank_614,Staff
615,Grace_615,Staff
616,Hank_616,Staff
617,Iris_617,Staff
618,Jack_618,Staff
619,Karen_619,Staff
620,Leo_620,Staff
621,Maya_621,Staff
622,Nate_622,Staff
623,Olivia_623,Staff
624,Paul_624,Staff
625,Quinn_625,Staff
626,Rose_626,Staff
627,Sam_627,Staff
628,Tina_628,Staff
629,Uma_629,Staff
630,Victor_630,Staff
631,Wendy_631,Staff
632,Xander_632,Staff
633,Yara_633,Staff
634,Zack_634,Staff
635,Ava_635,Staff
636,Ben_636,Staff
637,Chloe_637,Staff
638,Dylan_638,Staff
639,Ella_639,Staff
640,Finn_640,Staff
641,Alice_641,Staff
642,Bob_642,Staff
643,Carol_643,Staff
644,Dave_644,Staff
645,Eve_645,Staff
646,Frank_646,Staff
647,Grace_647,Staff
648,Hank_648,Staff
649,Iris_649,Staff
650,Jack_650,Staff
651,Karen_651,Staff
652,Leo_652,Staff
653,Maya_653,Staff
654,Nate_654,Staff
655,Olivia_655,Staff
656,Paul_656,Staff
657,Quinn_657,Staff
658,Rose_658,Staff
659,Sam_659,Staff
660,Tina_660,Staff
661,Uma_661,Staff
662,Victor_662,Staff
663,Wendy_663,Staff
664,Xander_664,Staff
665,Yara_665,Staff
666,Zack_666,Staff
667,Ava_667,Staff
668,Ben_668,Staff
669,Chloe_669,Staff
670,Dylan_670,Staff
671,Ella_671,Staff
672,Finn_672,Staff
673,Alice_673,Staff
674,Bob_674,Staff
675,Carol_675,Staff
676,Dave_676,Staff
677,Eve_677,Staff
678,Frank_678,Staff
679,Grace_679,Staff
680,Hank_680,Staff
681,Iris_681,Staff
682,Jack_682,Staff
683,Karen_683,Staff
684,Leo_684,Staff
685,Maya_685,Staff
686,Nate_686,Staff
687,Olivia_687,Staff
688,Paul_688,Staff
689,Quinn_689,Staff
690,Rose_690,Staff
691,Sam_691,Staff
692,Tina_692,Staff
693,Uma_693,Staff
694,Victor_694,Staff
695,Wendy_695,Staff
696,Xander_696,Staff
697,Yara_697,Staff
698,Zack_698,Staff
699,Ava_699,Staff
700,Ben_700,Staff
701,Chloe_701,Staff
702,Dylan_702,Staff
703,Ella_703,Staff
704,Finn_704,Staff
705,Alice_705,Staff
706,Bob_706,Staff
707,Carol_707,Staff
708,Dave_708,Staff
709,Eve_709,Staff
710,Frank_710,Staff
711,Grace_711,Staff
712,Hank_712,Staff
713,Iris_713,Staff
714,Jack_714,Staff
715,Karen_715,Staff
716,Leo_716,Staff
717,Maya_717,Staff
718,Nate_718,Staff
719,Olivia_719,Staff
720,Paul_720,Staff
721,Quinn_721,Staff
722,Rose_722,Staff
723,Sam_723,Staff
724,Tina_724,Staff
725,Uma_725,Staff
726,Victor_726,Staff
727,Wendy_727,Staff
728,Xander_728,Staff
729,Yara_729,Staff
730,Zack_730,Staff
731,Ava_731,Staff
732,Ben_732,Staff
733,Chloe_733,Staff
734,Dylan_734,Staff
735,Ella_735,Staff
736,Finn_736,Staff
737,Alice_737,Staff
738,Bob_738,Staff
739,Carol_739,Staff
740,Dave_740,Staff
741,Eve_741,Staff
742,Frank_742,Staff
743,Grace_743,Staff
744,Hank_744,Staff
745,Iris_745,Staff
746,Jack_746,Staff
747,Karen_747,Staff
748,Leo_748,Staff
749,Maya_749,Staff
750,Nate_750,Staff
751,Olivia_751,Staff
752,Paul_752,Staff
753,Quinn_753,Staff
754,Rose_754,Staff
755,Sam_755,Staff
756,Tina_756,Staff
757,Uma_757,Staff
758,Victor_758,Staff
759,Wendy_759,Staff
760,Xander_760,Staff
761,Yara_761,Staff
762,Zack_762,Staff
763,Ava_763,Staff
764,Ben_764,Staff
765,Chloe_765,Staff
766,Dylan_766,Staff
767,Ella_767,Staff
768,Finn_768,Staff
769,Alice_769,Staff
770,Bob_770,Staff
771,Carol_771,Staff
772,Dave_772,Staff
773,Eve_773,Staff
774,Frank_774,Staff
775,Grace_775,Staff
776,Hank_776,Staff
777,Iris_777,Staff
778,Jack_778,Staff
779,Karen_779,Staff
780,Leo_780,Staff
781,Maya_781,Staff
782,Nate_782,Staff
783,Olivia_783,Staff
784,Paul_784,Staff
785,Quinn_785,Staff
786,Rose_786,Staff
787,Sam_787,Staff
788,Tina_788,Staff
789,Uma_789,Staff
790,Victor_790,Staff
791,Wendy_791,Staff
792,Xander_792,Staff
793,Yara_793,Staff
794,Zack_794,Staff
795,Ava_795,Staff
796,Ben_796,Staff
797,Chloe_797,Staff
798,Dylan_798,Staff
799,Ella_799,Staff
800,Finn_800,Staff
801,Alice_801,Staff
802,Bob_802,Staff
803,Carol_803,Staff
804,Dave_804,Staff
805,Eve_805,Staff
806,Frank_806,Staff
807,Grace_807,Staff
808,Hank_808,Staff
809,Iris_809,Staff
810,Jack_810,Staff
811,Karen_811,Staff
812,Leo_812,Staff
813,Maya_813,Staff
814,Nate_814,Staff
815,Olivia_815,Staff
816,Paul_816,Staff
817,Quinn_817,Staff
818,Rose_818,Staff
819,Sam_819,Staff
820,Tina_820,Staff
821,Uma_821,Staff
822,Victor_822,Staff
823,Wendy_823,Staff
824,Xander_824,Staff
825,Yara_825,Staff
826,Zack_826,Staff
827,Ava_827,Staff
828,Ben_828,Staff
829,Chloe_829,Staff
830,Dylan_830,Staff
831,Ella_831,Staff
832,Finn_832,Staff
833,Alice_833,Staff
834,Bob_834,Staff
835,Carol_835,Staff
836,Dave_836,Staff
837,Eve_837,Staff
838,Frank_838,Staff
839,Grace_839,Staff
840,Hank_840,Staff
841,Iris_841,Staff
842,Jack_842,Staff
843,Karen_843,Staff
844,Leo_844,Staff
845,Maya_845,Staff
846,Nate_846,Staff
847,Olivia_847,Staff
848,Paul_848,Staff
849,Quinn_849,Staff
850,Rose_850,Staff
851,Sam_851,Staff
852,Tina_852,Staff
853,Uma_853,Staff
854,Victor_854,Staff
855,Wendy_855,Staff
856,Xander_856,Staff
857,Yara_857,Staff
858,Zack_858,Staff
859,Ava_859,Staff
860,Ben_860,Staff
861,Chloe_861,Staff
862,Dylan_862,Staff
863,Ella_863,Staff
864,Finn_864,Staff
865,Alice_865,Staff
866,Bob_866,Staff
867,Carol_867,Staff
868,Dave_868,Staff
869,Eve_869,Staff
870,Frank_870,Staff
871,Grace_871,Staff
872,Hank_872,Staff
873,Iris_873,Staff
874,Jack_874,Staff
875,Karen_875,Staff
876,Leo_876,Staff
877,Maya_877,Staff
878,Nate_878,Staff
879,Olivia_879,Staff
880,Paul_880,Staff
881,Quinn_881,Staff
882,Rose_882,Staff
883,Sam_883,Staff
884,Tina_884,Staff
885,Uma_885,Staff
886,Victor_886,Staff
887,Wendy_887,Staff
888,Xander_888,Staff
889,Yara_889,Staff
890,Zack_890,Staff
891,Ava_891,Staff
892,Ben_892,Staff
893,Chloe_893,Staff
894,Dylan_894,Staff
895,Ella_895,Staff
896,Finn_896,Staff
897,Alice_897,Staff
898,Bob_898,Staff
899,Carol_899,Staff
900,Dave_900,Staff
901,Eve_901,Staff
902,Frank_902,Staff
903,Grace_903,Staff
904,Hank_904,Staff
905,Iris_905,Staff
906,Jack_906,Staff
907,Karen_907,Staff
908,Leo_908,Staff
909,Maya_909,Staff
910,Nate_910,Staff
911,Olivia_911,Staff
912,Paul_912,Staff
913,Quinn_913,Staff
914,Rose_914,Staff
915,Sam_915,Staff
916,Tina_916,Staff
917,Uma_917,Staff
918,Victor_918,Staff
919,Wendy_919,Staff
920,Xander_920,Staff
921,Yara_921,Staff
922,Zack_922,Staff
923,Ava_923,Staff
924,Ben_924,Staff
925,Chloe_925,Staff
926,Dylan_926,Staff
927,Ella_927,Staff
928,Finn_928,Staff
929,Alice_929,Staff
930,Bob_930,Staff
931,Carol_931,Staff
932,Dave_932,Staff
933,Eve_933,Staff
934,Frank_934,Staff
935,Grace_935,Staff
936,Hank_936,Staff
937,Iris_937,Staff
938,Jack_938,Staff
939,Karen_939,Staff
940,Leo_940,Staff
941,Maya_941,Staff
942,Nate_942,Staff
943,Olivia_943,Staff
944,Paul_944,Staff
945,Quinn_945,Staff
946,Rose_946,Staff
947,Sam_947,Staff
948,Tina_948,Staff
949,Uma_949,Staff
950,Victor_950,Staff
951,Wendy_951,Staff
952,Xander_952,Staff
953,Yara_953,Staff
954,Zack_954,Staff
955,Ava_955,Staff
956,Ben_956,Staff
957,Chloe_957,Staff
958,Dylan_958,Staff
959,Ella_959,Staff
960,Finn_960,Staff
961,Alice_961,Staff
962,Bob_962,Staff
963,Carol_963,Staff
964,Dave_964,Staff
965,Eve_965,Staff
966,Frank_966,Staff
967,Grace_967,Staff
968,Hank_968,Staff
969,Iris_969,Staff
970,Jack_970,Staff
971,Karen_971,Staff
972,Leo_972,Staff
973,Maya_973,Staff
974,Nate_974,Staff
975,Olivia_975,Staff
976,Paul_976,Staff
977,Quinn_977,Staff
978,Rose_978,Staff
979,Sam_979,Staff
980,Tina_980,Staff
981,Uma_981,Staff
982,Victor_982,Staff
983,Wendy_983,Staff
984,Xander_984,Staff
985,Yara_985,Staff
986,Zack_986,Staff
987,Ava_987,Staff
988,Ben_988,Staff
989,Chloe_989,Staff
990,Dylan_990,Staff
991,Ella_991,Staff
992,Finn_992,Staff
993,Alice_993,Staff
994,Bob_994,Staff
995,Carol_995,Staff
996,Dave_996,Staff
997,Eve_997,Staff
998,Frank_998,Staff
999,Grace_999,Staff
1000,Hank_1000,Staff
1001,Iris_1001,Staff
1002,Jack_1002,Staff
1003,Karen_1003,Staff
1004,Leo_1004,Staff
1005,Maya_1005,Staff
1006,Nate_1006,Staff
1007,Olivia_1007,Staff
1008,Paul_1008,Staff
1009,Quinn_1009,Staff
1010,Rose_1010,Staff
1011,Sam_1011,Staff
1012,Tina_1012,Staff
1013,Uma_1013,Staff
1014,Victor_1014,Staff
1015,Wendy_1015,Staff
1016,Xander_1016,Staff
1017,Yara_1017,Staff
1018,Zack_1018,Staff
1019,Ava_1019,Staff
1020,Ben_1020,Staff
1021,Chloe_1021,Staff
1022,Dylan_1022,Staff
1023,Ella_1023,Staff
1024,Finn_1024,Staff
1025,Alice_1025,Staff
1026,Bob_1026,Staff
1027,Carol_1027,Staff
1028,Dave_1028,Staff
1029,Eve_1029,Staff
1030,Frank_1030,Staff
1031,Grace_1031,Staff
1032,Hank_1032,Staff
1033,Iris_1033,Staff
1034,Jack_1034,Staff
1035,Karen_1035,Staff
1036,Leo_1036,Staff
1037,Maya_1037,Staff
1038,Nate_1038,Staff
1039,Olivia_1039,Staff
1040,Paul_1040,Staff
1041,Quinn_1041,Staff
1042,Rose_1042,Staff
1043,Sam_1043,Staff
1044,Tina_1044,Staff
1045,Uma_1045,Staff
1046,Victor_1046,Staff
1047,Wendy_1047,Staff
1048,Xander_1048,Staff
1049,Yara_1049,Staff
1050,Zack_1050,Staff
1051,Ava_1051,Staff
1052,Ben_1052,Staff
1053,Chloe_1053,Staff
1054,Dylan_1054,Staff
1055,Ella_1055,Staff
1056,Finn_1056,Staff
1057,Alice_1057,Staff
1058,Bob_1058,Staff
1059,Carol_1059,Staff
1060,Dave_1060,Staff
1061,Eve_1061,Staff
1062,Frank_1062,Staff
1063,Grace_1063,Staff
1064,Hank_1064,Staff
1065,Iris_1065,Staff
1066,Jack_1066,Staff
1067,Karen_1067,Staff
1068,Leo_1068,Staff
1069,Maya_1069,Staff
1070,Nate_1070,Staff
1071,Olivia_1071,Staff
1072,Paul_1072,Staff
1073,Quinn_1073,Staff
1074,Rose_1074,Staff
1075,Sam_1075,Staff
1076,Tina_1076,Staff
1077,Uma_1077,Staff
1078,Victor_1078,Staff
1079,Wendy_1079,Staff
1080,Xander_1080,Staff
1081,Yara_1081,Staff
1082,Zack_1082,Staff
1083,Ava_1083,Staff
1084,Ben_1084,Staff
1085,Chloe_1085,Staff
1086,Dylan_1086,Staff
1087,Ella_1087,Staff
1088,Finn_1088,Staff
1089,Alice_1089,Staff
1090,Bob_1090,Staff
1091,Carol_1091,Staff
1092,Dave_1092,Staff
1093,Eve_1093,Staff
1094,Frank_1094,Associate
1095,Grace_1095,Associate
1096,Hank_1096,Associate
1097,Iris_1097,Associate
1098,Jack_1098,Associate
1099,Karen_1099,Associate
1100,Leo_1100,Associate
1101,Maya_1101,Associate
1102,Nate_1102,Associate
1103,Olivia_1103,Associate
1104,Paul_1104,Associate
1105,Quinn_1105,Associate
1106,Rose_1106,Associate
1107,Sam_1107,Associate
1108,Tina_1108,Associate
1109,Uma_1109,Associate
1110,Victor_1110,Associate
1111,Wendy_1111,Associate
1112,Xander_1112,Associate
1113,Yara_1113,Associate
1114,Zack_1114,Associate
1115,Ava_1115,Associate
1116,Ben_1116,Associate
1117,Chloe_1117,Associate
1118,Dylan_1118,Associate
1119,Ella_1119,Associate
1120,Finn_1120,Associate
1121,Alice_1121,Associate
1122,Bob_1122,Associate
1123,Carol_1123,Associate
1124,Dave_1124,Associate
1125,Eve_1125,Associate
1126,Frank_1126,Associate
1127,Grace_1127,Associate
1128,Hank_1128,Associate
1129,Iris_1129,Associate
1130,Jack_1130,Associate
1131,Karen_1131,Associate
1132,Leo_1132,Associate
1133,Maya_1133,Associate
1134,Nate_1134,Associate
1135,Olivia_1135,Associate
1136,Paul_1136,Associate
1137,Quinn_1137,Associate
1138,Rose_1138,Associate
1139,Sam_1139,Associate
1140,Tina_1140,Associate
1141,Uma_1141,Associate
1142,Victor_1142,Associate
1143,Wendy_1143,Associate
1144,Xander_1144,Associate
1145,Yara_1145,Associate
1146,Zack_1146,Associate
1147,Ava_1147,Associate
1148,Ben_1148,Associate
1149,Chloe_1149,Associate
1150,Dylan_1150,Associate
1151,Ella_1151,Associate
1152,Finn_1152,Associate
1153,Alice_1153,Associate
1154,Bob_1154,Associate
1155,Carol_1155,Associate
1156,Dave_1156,Associate
1157,Eve_1157,Associate
1158,Frank_1158,Associate
1159,Grace_1159,Associate
1160,Hank_1160,Associate
1161,Iris_1161,Associate
1162,Jack_1162,Associate
1163,Karen_1163,Associate
1164,Leo_1164,Associate
1165,Maya_1165,Associate
1166,Nate_1166,Associate
1167,Olivia_1167,Associate
1168,Paul_1168,Associate
1169,Quinn_1169,Associate
1170,Rose_1170,Associate
1171,Sam_1171,Associate
1172,Tina_1172,Associate
1173,Uma_1173,Associate
1174,Victor_1174,Associate
1175,Wendy_1175,Associate
1176,Xander_1176,Associate
1177,Yara_1177,Associate
1178,Zack_1178,Associate
1179,Ava_1179,Associate
1180,Ben_1180,Associate
1181,Chloe_1181,Associate
1182,Dylan_1182,Associate
1183,Ella_1183,Associate
1184,Finn_1184,Associate
1185,Alice_1185,Associate
1186,Bob_1186,Associate
1187,Carol_1187,Associate
1188,Dave_1188,Associate
1189,Eve_1189,Associate
1190,Frank_1190,Associate
1191,Grace_1191,Associate
1192,Hank_1192,Associate
1193,Iris_1193,Associate
1194,Jack_1194,Associate
1195,Karen_1195,Associate
1196,Leo_1196,Associate
1197,Maya_1197,Associate
1198,Nate_1198,Associate
1199,Olivia_1199,Associate
1200,Paul_1200,Associate
1201,Quinn_1201,Associate
1202,Rose_1202,Associate
1203,Sam_1203,Associate
1204,Tina_1204,Associate
1205,Uma_1205,Associate
1206,Victor_1206,Associate
1207,Wendy_1207,Associate
1208,Xander_1208,Associate
1209,Yara_1209,Associate
1210,Zack_1210,Associate
1211,Ava_1211,Associate
1212,Ben_1212,Associate
1213,Chloe_1213,Associate
1214,Dylan_1214,Associate
1215,Ella_1215,Associate
1216,Finn_1216,Associate
1217,Alice_1217,Associate
1218,Bob_1218,Associate
1219,Carol_1219,Associate
1220,Dave_1220,Associate
1221,Eve_1221,Associate
1222,Frank_1222,Associate
1223,Grace_1223,Associate
1224,Hank_1224,Associate
1225,Iris_1225,Associate
1226,Jack_1226,Associate
1227,Karen_1227,Associate
1228,Leo_1228,Associate
1229,Maya_1229,Associate
1230,Nate_1230,Associate
1231,Olivia_1231,Associate
1232,Paul_1232,Associate
1233,Quinn_1233,Associate
1234,Rose_1234,Associate
1235,Sam_1235,Associate
1236,Tina_1236,Associate
1237,Uma_1237,Associate
1238,Victor_1238,Associate
1239,Wendy_1239,Associate
1240,Xander_1240,Associate
1241,Yara_1241,Associate
1242,Zack_1242,Associate
1243,Ava_1243,Associate
1244,Ben_1244,Associate
1245,Chloe_1245,Associate
1246,Dylan_1246,Associate
1247,Ella_1247,Associate
1248,Finn_1248,Associate
1249,Alice_1249,Associate
1250,Bob_1250,Associate
1251,Carol_1251,Associate
1252,Dave_1252,Associate
1253,Eve_1253,Associate
1254,Frank_1254,Associate
1255,Grace_1255,Associate
1256,Hank_1256,Associate
1257,Iris_1257,Associate
1258,Jack_1258,Associate
1259,Karen_1259,Associate
1260,Leo_1260,Associate
1261,Maya_1261,Associate
1262,Nate_1262,Associate
1263,Olivia_1263,Associate
1264,Paul_1264,Associate
1265,Quinn_1265,Associate
1266,Rose_1266,Associate
1267,Sam_1267,Associate
1268,Tina_1268,Associate
1269,Uma_1269,Associate
1270,Victor_1270,Associate
1271,Wendy_1271,Associate
1272,Xander_1272,Associate
1273,Yara_1273,Associate
1274,Zack_1274,Associate
1275,Ava_1275,Associate
1276,Ben_1276,Associate
1277,Chloe_1277,Associate
1278,Dylan_1278,Associate
1279,Ella_1279,Associate
1280,Finn_1280,Associate
1281,Alice_1281,Associate
1282,Bob_1282,Associate
1283,Carol_1283,Associate
1284,Dave_1284,Associate
1285,Eve_1285,Associate
1286,Frank_1286,Associate
1287,Grace_1287,Associate
1288,Hank_1288,Associate
1289,Iris_1289,Associate
1290,Jack_1290,Associate
1291,Karen_1291,Associate
1292,Leo_1292,Associate
1293,Maya_1293,Associate
1294,Nate_1294,Associate
1295,Olivia_1295,Associate
1296,Paul_1296,Associate
1297,Quinn_1297,Associate
1298,Rose_1298,Associate
1299,Sam_1299,Associate
1300,Tina_1300,Associate
1301,Uma_1301,Associate
1302,Victor_1302,Associate
1303,Wendy_1303,Associate
1304,Xander_1304,Associate
1305,Yara_1305,Associate
1306,Zack_1306,Associate
1307,Ava_1307,Associate
1308,Ben_1308,Associate
1309,Chloe_1309,Associate
1310,Dylan_1310,Associate
1311,Ella_1311,Associate
1312,Finn_1312,Associate
1313,Alice_1313,Associate
1314,Bob_1314,Associate
1315,Carol_1315,Associate
1316,Dave_1316,Associate
1317,Eve_1317,Associate
1318,Frank_1318,Associate
1319,Grace_1319,Associate
1320,Hank_1320,Associate
1321,Iris_1321,Associate
1322,Jack_1322,Associate
1323,Karen_1323,Associate
1324,Leo_1324,Associate
1325,Maya_1325,Associate
1326,Nate_1326,Associate
1327,Olivia_1327,Associate
1328,Paul_1328,Associate
1329,Quinn_1329,Associate
1330,Rose_1330,Associate
1331,Sam_1331,Associate
1332,Tina_1332,Associate
1333,Uma_1333,Associate
1334,Victor_1334,Associate
1335,Wendy_1335,Associate
1336,Xander_1336,Associate
1337,Yara_1337,Associate
1338,Zack_1338,Associate
1339,Ava_1339,Associate
1340,Ben_1340,Associate
1341,Chloe_1341,Associate
1342,Dylan_1342,Associate
1343,Ella_1343,Associate
1344,Finn_1344,Associate
1345,Alice_1345,Associate
1346,Bob_1346,Associate
1347,Carol_1347,Associate
1348,Dave_1348,Associate
1349,Eve_1349,Associate
1350,Frank_1350,Associate
1351,Grace_1351,Associate
1352,Hank_1352,Associate
1353,Iris_1353,Associate
1354,Jack_1354,Associate
1355,Karen_1355,Associate
1356,Leo_1356,Associate
1357,Maya_1357,Associate
1358,Nate_1358,Associate
1359,Olivia_1359,Associate
1360,Paul_1360,Associate
1361,Quinn_1361,Associate
1362,Rose_1362,Associate
1363,Sam_1363,Associate
1364,Tina_1364,Associate
1365,Uma_1365,Associate
1366,Victor_1366,Associate
1367,Wendy_1367,Associate
1368,Xander_1368,Associate
1369,Yara_1369,Associate
1370,Zack_1370,Associate
1371,Ava_1371,Associate
1372,Ben_1372,Associate
1373,Chloe_1373,Associate
1374,Dylan_1374,Associate
1375,Ella_1375,Associate
1376,Finn_1376,Associate
1377,Alice_1377,Associate
1378,Bob_1378,Associate
1379,Carol_1379,Associate
1380,Dave_1380,Associate
1381,Eve_1381,Associate
1382,Frank_1382,Associate
1383,Grace_1383,Associate
1384,Hank_1384,Associate
1385,Iris_1385,Associate
1386,Jack_1386,Associate
1387,Karen_1387,Associate
1388,Leo_1388,Associate
1389,Maya_1389,Associate
1390,Nate_1390,Associate
1391,Olivia_1391,Associate
1392,Paul_1392,Associate
1393,Quinn_1393,Associate
1394,Rose_1394,Associate
1395,Sam_1395,Associate
1396,Tina_1396,Associate
1397,Uma_1397,Associate
1398,Victor_1398,Associate
1399,Wendy_1399,Associate
1400,Xander_1400,Associate
1401,Yara_1401,Associate
1402,Zack_1402,Associate
1403,Ava_1403,Associate
1404,Ben_1404,Associate
1405,Chloe_1405,Associate
1406,Dylan_1406,Associate
1407,Ella_1407,Associate
1408,Finn_1408,Associate
1409,Alice_1409,Associate
1410,Bob_1410,Associate
1411,Carol_1411,Associate
1412,Dave_1412,Associate
1413,Eve_1413,Associate
1414,Frank_1414,Associate
1415,Grace_1415,Associate
1416,Hank_1416,Associate
1417,Iris_1417,Associate
1418,Jack_1418,Associate
1419,Karen_1419,Associate
1420,Leo_1420,Associate
1421,Maya_1421,Associate
1422,Nate_1422,Associate
1423,Olivia_1423,Associate
1424,Paul_1424,Associate
1425,Quinn_1425,Associate
1426,Rose_1426,Associate
1427,Sam_1427,Associate
1428,Tina_1428,Associate
1429,Uma_1429,Associate
1430,Victor_1430,Associate
1431,Wendy_1431,Associate
1432,Xander_1432,Associate
1433,Yara_1433,Associate
1434,Zack_1434,Associate
1435,Ava_1435,Associate
1436,Ben_1436,Associate
1437,Chloe_1437,Associate
1438,Dylan_1438,Associate
1439,Ella_1439,Associate
1440,Finn_1440,Associate
1441,Alice_1441,Associate
1442,Bob_1442,Associate
1443,Carol_1443,Associate
1444,Dave_1444,Associate
1445,Eve_1445,Associate
1446,Frank_1446,Associate
1447,Grace_1447,Associate
1448,Hank_1448,Associate
1449,Iris_1449,Associate
1450,Jack_1450,Associate
1451,Karen_1451,Associate
1452,Leo_1452,Associate
1453,Maya_1453,Associate
1454,Nate_1454,Associate
1455,Olivia_1455,Associate
1456,Paul_1456,Associate
1457,Quinn_1457,Associate
1458,Rose_1458,Associate
1459,Sam_1459,Associate
1460,Tina_1460,Associate
1461,Uma_1461,Associate
1462,Victor_1462,Associate
1463,Wendy_1463,Associate
1464,Xander_1464,Associate
1465,Yara_1465,Associate
1466,Zack_1466,Associate
1467,Ava_1467,Associate
1468,Ben_1468,Associate
1469,Chloe_1469,Associate
1470,Dylan_1470,Associate
1471,Ella_1471,Associate
1472,Finn_1472,Associate
1473,Alice_1473,Associate
1474,Bob_1474,Associate
1475,Carol_1475,Associate
1476,Dave_1476,Associate
1477,Eve_1477,Associate
1478,Frank_1478,Associate
1479,Grace_1479,Associate
1480,Hank_1480,Associate
1481,Iris_1481,Associate
1482,Jack_1482,Associate
1483,Karen_1483,Associate
1484,Leo_1484,Associate
1485,Maya_1485,Associate
1486,Nate_1486,Associate
1487,Olivia_1487,Associate
1488,Paul_1488,Associate
1489,Quinn_1489,Associate
1490,Rose_1490,Associate
1491,Sam_1491,Associate
1492,Tina_1492,Associate
1493,Uma_1493,Associate
1494,Victor_1494,Associate
1495,Wendy_1495,Associate
1496,Xander_1496,Associate
1497,Yara_1497,Associate
1498,Zack_1498,Associate
1499,Ava_1499,Associate
1500,Ben_1500,Associate
1501,Chloe_1501,Associate
1502,Dylan_1502,Associate
1503,Ella_1503,Associate
1504,Finn_1504,Associate
1505,Alice_1505,Associate
1506,Bob_1506,Associate
1507,Carol_1507,Associate
1508,Dave_1508,Associate
1509,Eve_1509,Associate
1510,Frank_1510,Associate
1511,Grace_1511,Associate
1512,Hank_1512,Associate
1513,Iris_1513,Associate
1514,Jack_1514,Associate
1515,Karen_1515,Associate
1516,Leo_1516,Associate
1517,Maya_1517,Associate
1518,Nate_1518,Associate
1519,Olivia_1519,Associate
1520,Paul_1520,Associate
1521,Quinn_1521,Associate
1522,Rose_1522,Associate
1523,Sam_1523,Associate
1524,Tina_1524,Associate
1525,Uma_1525,Associate
1526,Victor_1526,Associate
1527,Wendy_1527,Associate
1528,Xander_1528,Associate
1529,Yara_1529,Associate
1530,Zack_1530,Associate
1531,Ava_1531,Associate
1532,Ben_1532,Associate
1533,Chloe_1533,Associate
1534,Dylan_1534,Associate
1535,Ella_1535,Associate
1536,Finn_1536,Associate
1537,Alice_1537,Associate
1538,Bob_1538,Associate
1539,Carol_1539,Associate
1540,Dave_1540,Associate
1541,Eve_1541,Associate
1542,Frank_1542,Associate
1543,Grace_1543,Associate
1544,Hank_1544,Associate
1545,Iris_1545,Associate
1546,Jack_1546,Associate
1547,Karen_1547,Associate
1548,Leo_1548,Associate
1549,Maya_1549,Associate
1550,Nate_1550,Associate
1551,Olivia_1551,Associate
1552,Paul_1552,Associate
1553,Quinn_1553,Associate
1554,Rose_1554,Associate
1555,Sam_1555,Associate
1556,Tina_1556,Associate
1557,Uma_1557,Associate
1558,Victor_1558,Associate
1559,Wendy_1559,Associate
1560,Xander_1560,Associate
1561,Yara_1561,Associate
1562,Zack_1562,Associate
1563,Ava_1563,Associate
1564,Ben_1564,Associate
1565,Chloe_1565,Associate
1566,Dylan_1566,Associate
1567,Ella_1567,Associate
1568,Finn_1568,Associate
1569,Alice_1569,Associate
1570,Bob_1570,Associate
1571,Carol_1571,Associate
1572,Dave_1572,Associate
1573,Eve_1573,Associate
1574,Frank_1574,Associate
1575,Grace_1575,Associate
1576,Hank_1576,Associate
1577,Iris_1577,Associate
1578,Jack_1578,Associate
1579,Karen_1579,Associate
1580,Leo_1580,Associate
1581,Maya_1581,Associate
1582,Nate_1582,Associate
1583,Olivia_1583,Associate
1584,Paul_1584,Associate
1585,Quinn_1585,Associate
1586,Rose_1586,Associate
1587,Sam_1587,Associate
1588,Tina_1588,Associate
1589,Uma_1589,Associate
1590,Victor_1590,Associate
1591,Wendy_1591,Associate
1592,Xander_1592,Associate
1593,Yara_1593,Associate
1594,Zack_1594,Associate
1595,Ava_1595,Associate
1596,Ben_1596,Associate
1597,Chloe_1597,Associate
1598,Dylan_1598,Associate
1599,Ella_1599,Associate
1600,Finn_1600,Associate
1601,Alice_1601,Associate
1602,Bob_1602,Associate
1603,Carol_1603,Associate
1604,Dave_1604,Associate
1605,Eve_1605,Associate
1606,Frank_1606,Associate
1607,Grace_1607,Associate
1608,Hank_1608,Associate
1609,Iris_1609,Associate
1610,Jack_1610,Associate
1611,Karen_1611,Associate
1612,Leo_1612,Associate
1613,Maya_1613,Associate
1614,Nate_1614,Associate
1615,Olivia_1615,Associate
1616,Paul_1616,Associate
1617,Quinn_1617,Associate
1618,Rose_1618,Associate
1619,Sam_1619,Associate
1620,Tina_1620,Associate
1621,Uma_1621,Associate
1622,Victor_1622,Associate
1623,Wendy_1623,Associate
1624,Xander_1624,Associate
1625,Yara_1625,Associate
1626,Zack_1626,Associate
1627,Ava_1627,Associate
1628,Ben_1628,Associate
1629,Chloe_1629,Associate
1630,Dylan_1630,Associate
1631,Ella_1631,Associate
1632,Finn_1632,Associate
1633,Alice_1633,Associate
1634,Bob_1634,Associate
1635,Carol_1635,Associate
1636,Dave_1636,Associate
1637,Eve_1637,Associate
1638,Frank_1638,Associate
1639,Grace_1639,Associate
1640,Hank_1640,Associate
1641,Iris_1641,Associate
1642,Jack_1642,Associate
1643,Karen_1643,Associate
1644,Leo_1644,Associate
1645,Maya_1645,Associate
1646,Nate_1646,Associate
1647,Olivia_1647,Associate
1648,Paul_1648,Associate
1649,Quinn_1649,Associate
1650,Rose_1650,Associate
1651,Sam_1651,Associate
1652,Tina_1652,Associate
1653,Uma_1653,Associate
1654,Victor_1654,Associate
1655,Wendy_1655,Associate
1656,Xander_1656,Associate
1657,Yara_1657,Associate
1658,Zack_1658,Associate
1659,Ava_1659,Associate
1660,Ben_1660,Associate
1661,Chloe_1661,Associate
1662,Dylan_1662,Associate
1663,Ella_1663,Associate
1664,Finn_1664,Associate
1665,Alice_1665,Associate
1666,Bob_1666,Associate
1667,Carol_1667,Associate
1668,Dave_1668,Associate
1669,Eve_1669,Associate
1670,Frank_1670,Associate
1671,Grace_1671,Associate
1672,Hank_1672,Associate
1673,Iris_1673,Associate
1674,Jack_1674,Associate
1675,Karen_1675,Associate
1676,Leo_1676,Associate
1677,Maya_1677,Associate
1678,Nate_1678,Associate
1679,Olivia_1679,Associate
1680,Paul_1680,Associate
1681,Quinn_1681,Associate
1682,Rose_1682,Associate
1683,Sam_1683,Associate
1684,Tina_1684,Associate
1685,Uma_1685,Associate
1686,Victor_1686,Associate
1687,Wendy_1687,Associate
1688,Xander_1688,Associate
1689,Yara_1689,Associate
1690,Zack_1690,Associate
1691,Ava_1691,Associate
1692,Ben_1692,Associate
1693,Chloe_1693,Associate
1694,Dylan_1694,Associate
1695,Ella_1695,Associate
1696,Finn_1696,Associate
1697,Alice_1697,Associate
1698,Bob_1698,Associate
1699,Carol_1699,Associate
1700,Dave_1700,Associate
1701,Eve_1701,Associate
1702,Frank_1702,Associate
1703,Grace_1703,Associate
1704,Hank_1704,Associate
1705,Iris_1705,Associate
1706,Jack_1706,Associate
1707,Karen_1707,Associate
1708,Leo_1708,Associate
1709,Maya_1709,Associate
1710,Nate_1710,Associate
1711,Olivia_1711,Associate
1712,Paul_1712,Associate
1713,Quinn_1713,Associate
1714,Rose_1714,Associate
1715,Sam_1715,Associate
1716,Tina_1716,Associate
1717,Uma_1717,Associate
1718,Victor_1718,Associate
1719,Wendy_1719,Associate
1720,Xander_1720,Associate
1721,Yara_1721,Associate
1722,Zack_1722,Associate
1723,Ava_1723,Associate
1724,Ben_1724,Associate
1725,Chloe_1725,Associate
1726,Dylan_1726,Associate
1727,Ella_1727,Associate
1728,Finn_1728,Associate
1729,Alice_1729,Associate
1730,Bob_1730,Associate
1731,Carol_1731,Associate
1732,Dave_1732,Associate
1733,Eve_1733,Associate
1734,Frank_1734,Associate
1735,Grace_1735,Associate
1736,Hank_1736,Associate
1737,Iris_1737,Associate
1738,Jack_1738,Associate
1739,Karen_1739,Associate
1740,Leo_1740,Associate
1741,Maya_1741,Associate
1742,Nate_1742,Associate
1743,Olivia_1743,Associate
1744,Paul_1744,Associate
1745,Quinn_1745,Associate
1746,Rose_1746,Associate
1747,Sam_1747,Associate
1748,Tina_1748,Associate
1749,Uma_1749,Associate
1750,Victor_1750,Associate
1751,Wendy_1751,Associate
1752,Xander_1752,Associate
1753,Yara_1753,Associate
1754,Zack_1754,Associate
1755,Ava_1755,Associate
1756,Ben_1756,Associate
1757,Chloe_1757,Associate
1758,Dylan_1758,Associate
1759,Ella_1759,Associate
1760,Finn_1760,Associate
1761,Alice_1761,Associate
1762,Bob_1762,Associate
1763,Carol_1763,Associate
1764,Dave_1764,Associate
1765,Eve_1765,Associate
1766,Frank_1766,Associate
1767,Grace_1767,Associate
1768,Hank_1768,Associate
1769,Iris_1769,Associate
1770,Jack_1770,Associate
1771,Karen_1771,Associate
1772,Leo_1772,Associate
1773,Maya_1773,Associate
1774,Nate_1774,Associate
1775,Olivia_1775,Associate
1776,Paul_1776,Associate
1777,Quinn_1777,Associate
1778,Rose_1778,Associate
1779,Sam_1779,Associate
1780,Tina_1780,Associate
1781,Uma_1781,Associate
1782,Victor_1782,Associate
1783,Wendy_1783,Associate
1784,Xander_1784,Associate
1785,Yara_1785,Associate
1786,Zack_1786,Associate
1787,Ava_1787,Associate
1788,Ben_1788,Associate
1789,Chloe_1789,Associate
1790,Dylan_1790,Associate
1791,Ella_1791,Associate
1792,Finn_1792,Associate
1793,Alice_1793,Associate
1794,Bob_1794,Associate
1795,Carol_1795,Associate
1796,Dave_1796,Associate
1797,Eve_1797,Associate
1798,Frank_1798,Associate
1799,Grace_1799,Associate
1800,Hank_1800,Associate
1801,Iris_1801,Associate
1802,Jack_1802,Associate
1803,Karen_1803,Associate
1804,Leo_1804,Associate
1805,Maya_1805,Associate
1806,Nate_1806,Associate
1807,Olivia_1807,Associate
1808,Paul_1808,Associate
1809,Quinn_1809,Associate
1810,Rose_1810,Associate
1811,Sam_1811,Associate
1812,Tina_1812,Associate
1813,Uma_1813,Associate
1814,Victor_1814,Associate
1815,Wendy_1815,Associate
1816,Xander_1816,Associate
1817,Yara_1817,Associate
1818,Zack_1818,Associate
1819,Ava_1819,Associate
1820,Ben_1820,Associate
1821,Chloe_1821,Associate
1822,Dylan_1822,Associate
1823,Ella_1823,Associate
1824,Finn_1824,Associate
1825,Alice_1825,Associate
1826,Bob_1826,Associate
1827,Carol_1827,Associate
1828,Dave_1828,Associate
1829,Eve_1829,Associate
1830,Frank_1830,Associate
1831,Grace_1831,Associate
1832,Hank_1832,Associate
1833,Iris_1833,Associate
1834,Jack_1834,Associate
1835,Karen_1835,Associate
1836,Leo_1836,Associate
1837,Maya_1837,Associate
1838,Nate_1838,Associate
1839,Olivia_1839,Associate
1840,Paul_1840,Associate
1841,Quinn_1841,Associate
1842,Rose_1842,Associate
1843,Sam_1843,Associate
1844,Tina_1844,Associate
1845,Uma_1845,Associate
1846,Victor_1846,Associate
1847,Wendy_1847,Associate
1848,Xander_1848,Associate
1849,Yara_1849,Associate
1850,Zack_1850,Associate
1851,Ava_1851,Associate
1852,Ben_1852,Associate
1853,Chloe_1853,Associate
1854,Dylan_1854,Associate
1855,Ella_1855,Associate
1856,Finn_1856,Associate
1857,Alice_1857,Associate
1858,Bob_1858,Associate
1859,Carol_1859,Associate
1860,Dave_1860,Associate
1861,Eve_1861,Associate
1862,Frank_1862,Associate
1863,Grace_1863,Associate
1864,Hank_1864,Associate
1865,Iris_1865,Associate
1866,Jack_1866,Associate
1867,Karen_1867,Associate
1868,Leo_1868,Associate
1869,Maya_1869,Associate
1870,Nate_1870,Associate
1871,Olivia_1871,Associate
1872,Paul_1872,Associate
1873,Quinn_1873,Associate
1874,Rose_1874,Associate
1875,Sam_1875,Associate
1876,Tina_1876,Associate
1877,Uma_1877,Associate
1878,Victor_1878,Associate
1879,Wendy_1879,Associate
1880,Xander_1880,Associate
1881,Yara_1881,Associate
1882,Zack_1882,Associate
1883,Ava_1883,Associate
1884,Ben_1884,Associate
1885,Chloe_1885,Associate
1886,Dylan_1886,Associate
1887,Ella_1887,Associate
1888,Finn_1888,Associate
1889,Alice_1889,Associate
1890,Bob_1890,Associate
1891,Carol_1891,Associate
1892,Dave_1892,Associate
1893,Eve_1893,Associate
1894,Frank_1894,Associate
1895,Grace_1895,Associate
1896,Hank_1896,Associate
1897,Iris_1897,Associate
1898,Jack_1898,Associate
1899,Karen_1899,Associate
1900,Leo_1900,Associate
1901,Maya_1901,Associate
1902,Nate_1902,Associate
1903,Olivia_1903,Associate
1904,Paul_1904,Associate
1905,Quinn_1905,Associate
1906,Rose_1906,Associate
1907,Sam_1907,Associate
1908,Tina_1908,Associate
1909,Uma_1909,Associate
1910,Victor_1910,Associate
1911,Wendy_1911,Associate
1912,Xander_1912,Associate
1913,Yara_1913,Associate
1914,Zack_1914,Associate
1915,Ava_1915,Associate
1916,Ben_1916,Associate
1917,Chloe_1917,Associate
1918,Dylan_1918,Associate
1919,Ella_1919,Associate
1920,Finn_1920,Associate
1921,Alice_1921,Associate
1922,Bob_1922,Associate
1923,Carol_1923,Associate
1924,Dave_1924,Associate
1925,Eve_1925,Associate
1926,Frank_1926,Associate
1927,Grace_1927,Associate
1928,Hank_1928,Associate
1929,Iris_1929,Associate
1930,Jack_1930,Associate
1931,Karen_1931,Associate
1932,Leo_1932,Associate
1933,Maya_1933,Associate
1934,Nate_1934,Associate
1935,Olivia_1935,Associate
1936,Paul_1936,Associate
1937,Quinn_1937,Associate
1938,Rose_1938,Associate
1939,Sam_1939,Associate
1940,Tina_1940,Associate
1941,Uma_1941,Associate
1942,Victor_1942,Associate
1943,Wendy_1943,Associate
1944,Xander_1944,Associate
1945,Yara_1945,Associate
1946,Zack_1946,Associate
1947,Ava_1947,Associate
1948,Ben_1948,Associate
1949,Chloe_1949,Associate
1950,Dylan_1950,Associate
1951,Ella_1951,Associate
1952,Finn_1952,Associate
1953,Alice_1953,Associate
1954,Bob_1954,Associate
1955,Carol_1955,Associate
1956,Dave_1956,Associate
1957,Eve_1957,Associate
1958,Frank_1958,Associate
1959,Grace_1959,Associate
1960,Hank_1960,Associate
1961,Iris_1961,Associate
1962,Jack_1962,Associate
1963,Karen_1963,Associate
1964,Leo_1964,Associate
1965,Maya_1965,Associate
1966,Nate_1966,Associate
1967,Olivia_1967,Associate
1968,Paul_1968,Associate
1969,Quinn_1969,Associate
1970,Rose_1970,Associate
1971,Sam_1971,Associate
1972,Tina_1972,Associate
1973,Uma_1973,Associate
1974,Victor_1974,Associate
1975,Wendy_1975,Associate
1976,Xander_1976,Associate
1977,Yara_1977,Associate
1978,Zack_1978,Associate
1979,Ava_1979,Associate
1980,Ben_1980,Associate
1981,Chloe_1981,Associate
1982,Dylan_1982,Associate
1983,Ella_1983,Associate
1984,Finn_1984,Associate
1985,Alice_1985,Associate
1986,Bob_1986,Associate
1987,Carol_1987,Associate
1988,Dave_1988,Associate
1989,Eve_1989,Associate
1990,Frank_1990,Associate
1991,Grace_1991,Associate
1992,Hank_1992,Associate
1993,Iris_1993,Associate
1994,Jack_1994,Associate
1995,Karen_1995,Associate
1996,Leo_1996,Associate
1997,Maya_1997,Associate
1998,Nate_1998,Associate
1999,Olivia_1999,Associate
2000,Paul_2000,Associate
2001,Quinn_2001,Associate
2002,Rose_2002,Associate
2003,Sam_2003,Associate
2004,Tina_2004,Associate
2005,Uma_2005,Associate
2006,Victor_2006,Associate
2007,Wendy_2007,Associate
2008,Xander_2008,Associate
2009,Yara_2009,Associate
2010,Zack_2010,Associate
2011,Ava_2011,Associate
2012,Ben_2012,Associate
2013,Chloe_2013,Associate
2014,Dylan_2014,Associate
2015,Ella_2015,Associate
2016,Finn_2016,Associate
2017,Alice_2017,Associate
2018,Bob_2018,Associate
2019,Carol_2019,Associate
2020,Dave_2020,Associate
2021,Eve_2021,Associate
2022,Frank_2022,Associate
2023,Grace_2023,Associate
2024,Hank_2024,Associate
2025,Iris_2025,Associate
2026,Jack_2026,Associate
2027,Karen_2027,Associate
2028,Leo_2028,Associate
2029,Maya_2029,Associate
2030,Nate_2030,Associate
2031,Olivia_2031,Associate
2032,Paul_2032,Associate
2033,Quinn_2033,Associate
2034,Rose_2034,Associate
2035,Sam_2035,Associate
2036,Tina_2036,Associate
2037,Uma_2037,Associate
2038,Victor_2038,Associate
2039,Wendy_2039,Associate
2040,Xander_2040,Associate
2041,Yara_2041,Associate
2042,Zack_2042,Associate
2043,Ava_2043,Associate
2044,Ben_2044,Associate
2045,Chloe_2045,Associate
2046,Dylan_2046,Associate
2047,Ella_2047,Associate
2048,Finn_2048,Associate
2049,Alice_2049,Associate
2050,Bob_2050,Associate
2051,Carol_2051,Associate
2052,Dave_2052,Associate
2053,Eve_2053,Associate
2054,Frank_2054,Associate
2055,Grace_2055,Associate
2056,Hank_2056,Associate
2057,Iris_2057,Associate
2058,Jack_2058,Associate
2059,Karen_2059,Associate
2060,Leo_2060,Associate
2061,Maya_2061,Associate
2062,Nate_2062,Associate
2063,Olivia_2063,Associate
2064,Paul_2064,Associate
2065,Quinn_2065,Associate
2066,Rose_2066,Associate
2067,Sam_2067,Associate
2068,Tina_2068,Associate
2069,Uma_2069,Associate
2070,Victor_2070,Associate
2071,Wendy_2071,Associate
2072,Xander_2072,Associate
2073,Yara_2073,Associate
2074,Zack_2074,Associate
2075,Ava_2075,Associate
2076,Ben_2076,Associate
2077,Chloe_2077,Associate
2078,Dylan_2078,Associate
2079,Ella_2079,Associate
2080,Finn_2080,Associate
2081,Alice_2081,Associate
2082,Bob_2082,Associate
2083,Carol_2083,Associate
2084,Dave_2084,Associate
2085,Eve_2085,Associate
2086,Frank_2086,Associate
2087,Grace_2087,Associate
2088,Hank_2088,Associate
2089,Iris_2089,Associate
2090,Jack_2090,Associate
2091,Karen_2091,Associate
2092,Leo_2092,Associate
2093,Maya_2093,Associate
2094,Nate_2094,Associate
2095,Olivia_2095,Associate
2096,Paul_2096,Associate
2097,Quinn_2097,Associate
2098,Rose_2098,Associate
2099,Sam_2099,Associate
2100,Tina_2100,Associate
2101,Uma_2101,Associate
2102,Victor_2102,Associate
2103,Wendy_2103,Associate
2104,Xander_2104,Associate
2105,Yara_2105,Associate
2106,Zack_2106,Associate
2107,Ava_2107,Associate
2108,Ben_2108,Associate
2109,Chloe_2109,Associate
2110,Dylan_2110,Associate
2111,Ella_2111,Associate
2112,Finn_2112,Associate
2113,Alice_2113,Associate
2114,Bob_2114,Associate
2115,Carol_2115,Associate
2116,Dave_2116,Associate
2117,Eve_2117,Associate
2118,Frank_2118,Associate
2119,Grace_2119,Associate
2120,Hank_2120,Associate
2121,Iris_2121,Associate
2122,Jack_2122,Associate
2123,Karen_2123,Associate
2124,Leo_2124,Associate
2125,Maya_2125,Associate
2126,Nate_2126,Associate
2127,Olivia_2127,Associate
2128,Paul_2128,Associate
2129,Quinn_2129,Associate
2130,Rose_2130,Associate
2131,Sam_2131,Associate
2132,Tina_2132,Associate
2133,Uma_2133,Associate
2134,Victor_2134,Associate
2135,Wendy_2135,Associate
2136,Xander_2136,Associate
2137,Yara_2137,Associate
2138,Zack_2138,Associate
2139,Ava_2139,Associate
2140,Ben_2140,Associate
2141,Chloe_2141,Associate
2142,Dylan_2142,Associate
2143,Ella_2143,Associate
2144,Finn_2144,Associate
2145,Alice_2145,Associate
2146,Bob_2146,Associate
2147,Carol_2147,Associate
2148,Dave_2148,Associate
2149,Eve_2149,Associate
2150,Frank_2150,Associate
2151,Grace_2151,Associate
2152,Hank_2152,Associate
2153,Iris_2153,Associate
2154,Jack_2154,Associate
2155,Karen_2155,Associate
2156,Leo_2156,Associate
2157,Maya_2157,Associate
2158,Nate_2158,Associate
2159,Olivia_2159,Associate
2160,Paul_2160,Associate
2161,Quinn_2161,Associate
2162,Rose_2162,Associate
2163,Sam_2163,Associate
2164,Tina_2164,Associate
2165,Uma_2165,Associate
2166,Victor_2166,Associate
2167,Wendy_2167,Associate
2168,Xander_2168,Associate
2169,Yara_2169,Associate
2170,Zack_2170,Associate
2171,Ava_2171,Associate
2172,Ben_2172,Associate
2173,Chloe_2173,Associate
2174,Dylan_2174,Associate
2175,Ella_2175,Associate
2176,Finn_2176,Associate
2177,Alice_2177,Associate
2178,Bob_2178,Associate
2179,Carol_2179,Associate
2180,Dave_2180,Associate
2181,Eve_2181,Associate
2182,Frank_2182,Associate
2183,Grace_2183,Associate
2184,Hank_2184,Associate
2185,Iris_2185,Associate
2186,Jack_2186,Associate
2187,Karen_2187,Associate
2188,Leo_2188,Associate
2189,Maya_2189,Associate
2190,Nate_2190,Associate
2191,Olivia_2191,Associate
2192,Paul_2192,Associate
2193,Quinn_2193,Associate
2194,Rose_2194,Associate
2195,Sam_2195,Associate
2196,Tina_2196,Associate
2197,Uma_2197,Associate
2198,Victor_2198,Associate
2199,Wendy_2199,Associate
2200,Xander_2200,Associate
2201,Yara_2201,Associate
2202,Zack_2202,Associate
2203,Ava_2203,Associate
2204,Ben_2204,Associate
2205,Chloe_2205,Associate
2206,Dylan_2206,Associate
2207,Ella_2207,Associate
2208,Finn_2208,Associate
2209,Alice_2209,Associate
2210,Bob_2210,Associate
2211,Carol_2211,Associate
2212,Dave_2212,Associate
2213,Eve_2213,Associate
2214,Frank_2214,Associate
2215,Grace_2215,Associate
2216,Hank_2216,Associate
2217,Iris_2217,Associate
2218,Jack_2218,Associate
2219,Karen_2219,Associate
2220,Leo_2220,Associate
2221,Maya_2221,Associate
2222,Nate_2222,Associate
2223,Olivia_2223,Associate
2224,Paul_2224,Associate
2225,Quinn_2225,Associate
2226,Rose_2226,Associate
2227,Sam_2227,Associate
2228,Tina_2228,Associate
2229,Uma_2229,Associate
2230,Victor_2230,Associate
2231,Wendy_2231,Associate
2232,Xander_2232,Associate
2233,Yara_2233,Associate
2234,Zack_2234,Associate
2235,Ava_2235,Associate
2236,Ben_2236,Associate
2237,Chloe_2237,Associate
2238,Dylan_2238,Associate
2239,Ella_2239,Associate
2240,Finn_2240,Associate
2241,Alice_2241,Associate
2242,Bob_2242,Associate
2243,Carol_2243,Associate
2244,Dave_2244,Associate
2245,Eve_2245,Associate
2246,Frank_2246,Associate
2247,Grace_2247,Associate
2248,Hank_2248,Associate
2249,Iris_2249,Associate
2250,Jack_2250,Associate
2251,Karen_2251,Associate
2252,Leo_2252,Associate
2253,Maya_2253,Associate
2254,Nate_2254,Associate
2255,Olivia_2255,Associate
2256,Paul_2256,Associate
2257,Quinn_2257,Associate
2258,Rose_2258,Associate
2259,Sam_2259,Associate
2260,Tina_2260,Associate
2261,Uma_2261,Associate
2262,Victor_2262,Associate
2263,Wendy_2263,Associate
2264,Xander_2264,Associate
2265,Yara_2265,Associate
2266,Zack_2266,Associate
2267,Ava_2267,Associate
2268,Ben_2268,Associate
2269,Chloe_2269,Associate
2270,Dylan_2270,Associate
2271,Ella_2271,Associate
2272,Finn_2272,Associate
2273,Alice_2273,Associate
2274,Bob_2274,Associate
2275,Carol_2275,Associate
2276,Dave_2276,Associate
2277,Eve_2277,Associate
2278,Frank_2278,Associate
2279,Grace_2279,Associate
2280,Hank_2280,Associate
2281,Iris_2281,Associate
2282,Jack_2282,Associate
2283,Karen_2283,Associate
2284,Leo_2284,Associate
2285,Maya_2285,Associate
2286,Nate_2286,Associate
2287,Olivia_2287,Associate
2288,Paul_2288,Associate
2289,Quinn_2289,Associate
2290,Rose_2290,Associate
2291,Sam_2291,Associate
2292,Tina_2292,Associate
2293,Uma_2293,Associate
2294,Victor_2294,Associate
2295,Wendy_2295,Associate
2296,Xander_2296,Associate
2297,Yara_2297,Associate
2298,Zack_2298,Associate
2299,Ava_2299,Associate
2300,Ben_2300,Associate
2301,Chloe_2301,Associate
2302,Dylan_2302,Associate
2303,Ella_2303,Associate
2304,Finn_2304,Associate
2305,Alice_2305,Associate
2306,Bob_2306,Associate
2307,Carol_2307,Associate
2308,Dave_2308,Associate
2309,Eve_2309,Associate
2310,Frank_2310,Associate
2311,Grace_2311,Associate
2312,Hank_2312,Associate
2313,Iris_2313,Associate
2314,Jack_2314,Associate
2315,Karen_2315,Associate
2316,Leo_2316,Associate
2317,Maya_2317,Associate
2318,Nate_2318,Associate
2319,Olivia_2319,Associate
2320,Paul_2320,Associate
2321,Quinn_2321,Associate
2322,Rose_2322,Associate
2323,Sam_2323,Associate
2324,Tina_2324,Associate
2325,Uma_2325,Associate
2326,Victor_2326,Associate
2327,Wendy_2327,Associate
2328,Xander_2328,Associate
2329,Yara_2329,Associate
2330,Zack_2330,Associate
2331,Ava_2331,Associate
2332,Ben_2332,Associate
2333,Chloe_2333,Associate
2334,Dylan_2334,Associate
2335,Ella_2335,Associate
2336,Finn_2336,Associate
2337,Alice_2337,Associate
2338,Bob_2338,Associate
2339,Carol_2339,Associate
2340,Dave_2340,Associate
2341,Eve_2341,Associate
2342,Frank_2342,Associate
2343,Grace_2343,Associate
2344,Hank_2344,Associate
2345,Iris_2345,Associate
2346,Jack_2346,Associate
2347,Karen_2347,Associate
2348,Leo_2348,Associate
2349,Maya_2349,Associate
2350,Nate_2350,Associate
2351,Olivia_2351,Associate
2352,Paul_2352,Associate
2353,Quinn_2353,Associate
2354,Rose_2354,Associate
2355,Sam_2355,Associate
2356,Tina_2356,Associate
2357,Uma_2357,Associate
2358,Victor_2358,Associate
2359,Wendy_2359,Associate
2360,Xander_2360,Associate
2361,Yara_2361,Associate
2362,Zack_2362,Associate
2363,Ava_2363,Associate
2364,Ben_2364,Associate
2365,Chloe_2365,Associate
2366,Dylan_2366,Associate
2367,Ella_2367,Associate
2368,Finn_2368,Associate
2369,Alice_2369,Associate
2370,Bob_2370,Associate
2371,Carol_2371,Associate
2372,Dave_2372,Associate
2373,Eve_2373,Associate
2374,Frank_2374,Associate
2375,Grace_2375,Associate
2376,Hank_2376,Associate
2377,Iris_2377,Associate
2378,Jack_2378,Associate
2379,Karen_2379,Associate
2380,Leo_2380,Associate
2381,Maya_2381,Associate
2382,Nate_2382,Associate
2383,Olivia_2383,Associate
2384,Paul_2384,Associate
2385,Quinn_2385,Associate
2386,Rose_2386,Associate
2387,Sam_2387,Associate
2388,Tina_2388,Associate
2389,Uma_2389,Associate
2390,Victor_2390,Associate
2391,Wendy_2391,Associate
2392,Xander_2392,Associate
2393,Yara_2393,Associate
2394,Zack_2394,Associate
2395,Ava_2395,Associate
2396,Ben_2396,Associate
2397,Chloe_2397,Associate
2398,Dylan_2398,Associate
2399,Ella_2399,Associate
2400,Finn_2400,Associate
2401,Alice_2401,Associate
2402,Bob_2402,Associate
2403,Carol_2403,Associate
2404,Dave_2404,Associate
2405,Eve_2405,Associate
2406,Frank_2406,Associate
2407,Grace_2407,Associate
2408,Hank_2408,Associate
2409,Iris_2409,Associate
2410,Jack_2410,Associate
2411,Karen_2411,Associate
2412,Leo_2412,Associate
2413,Maya_2413,Associate
2414,Nate_2414,Associate
2415,Olivia_2415,Associate
2416,Paul_2416,Associate
2417,Quinn_2417,Associate
2418,Rose_2418,Associate
2419,Sam_2419,Associate
2420,Tina_2420,Associate
2421,Uma_2421,Associate
2422,Victor_2422,Associate
2423,Wendy_2423,Associate
2424,Xander_2424,Associate
2425,Yara_2425,Associate
2426,Zack_2426,Associate
2427,Ava_2427,Associate
2428,Ben_2428,Associate
2429,Chloe_2429,Associate
2430,Dylan_2430,Associate
2431,Ella_2431,Associate
2432,Finn_2432,Associate
2433,Alice_2433,Associate
2434,Bob_2434,Associate
2435,Carol_2435,Associate
2436,Dave_2436,Associate
2437,Eve_2437,Associate
2438,Frank_2438,Associate
2439,Grace_2439,Associate
2440,Hank_2440,Associate
2441,Iris_2441,Associate
2442,Jack_2442,Associate
2443,Karen_2443,Associate
2444,Leo_2444,Associate
2445,Maya_2445,Associate
2446,Nate_2446,Associate
2447,Olivia_2447,Associate
2448,Paul_2448,Associate
2449,Quinn_2449,Associate
2450,Rose_2450,Associate
2451,Sam_2451,Associate
2452,Tina_2452,Associate
2453,Uma_2453,Associate
2454,Victor_2454,Associate
2455,Wendy_2455,Associate
2456,Xander_2456,Associate
2457,Yara_2457,Associate
2458,Zack_2458,Associate
2459,Ava_2459,Associate
2460,Ben_2460,Associate
2461,Chloe_2461,Associate
2462,Dylan_2462,Associate
2463,Ella_2463,Associate
2464,Finn_2464,Associate
2465,Alice_2465,Associate
2466,Bob_2466,Associate
2467,Carol_2467,Associate
2468,Dave_2468,Associate
2469,Eve_2469,Associate
2470,Frank_2470,Associate
2471,Grace_2471,Associate
2472,Hank_2472,Associate
2473,Iris_2473,Associate
2474,Jack_2474,Associate
2475,Karen_2475,Associate
2476,Leo_2476,Associate
2477,Maya_2477,Associate
2478,Nate_2478,Associate
2479,Olivia_2479,Associate
2480,Paul_2480,Associate
2481,Quinn_2481,Associate
2482,Rose_2482,Associate
2483,Sam_2483,Associate
2484,Tina_2484,Associate
2485,Uma_2485,Associate
2486,Victor_2486,Associate
2487,Wendy_2487,Associate
2488,Xander_2488,Associate
2489,Yara_2489,Associate
2490,Zack_2490,Associate
2491,Ava_2491,Associate
2492,Ben_2492,Associate
2493,Chloe_2493,Associate
2494,Dylan_2494,Associate
2495,Ella_2495,Associate
2496,Finn_2496,Associate
2497,Alice_2497,Associate
2498,Bob_2498,Associate
2499,Carol_2499,Associate
2500,Dave_2500,Associate
2501,Eve_2501,Associate
2502,Frank_2502,Associate
2503,Grace_2503,Associate
2504,Hank_2504,Associate
2505,Iris_2505,Associate
2506,Jack_2506,Associate
2507,Karen_2507,Associate
2508,Leo_2508,Associate
2509,Maya_2509,Associate
2510,Nate_2510,Associate
2511,Olivia_2511,Associate
2512,Paul_2512,Associate
2513,Quinn_2513,Associate
2514,Rose_2514,Associate
2515,Sam_2515,Associate
2516,Tina_2516,Associate
2517,Uma_2517,Associate
2518,Victor_2518,Associate
2519,Wendy_2519,Associate
2520,Xander_2520,Associate
2521,Yara_2521,Associate
2522,Zack_2522,Associate
2523,Ava_2523,Associate
2524,Ben_2524,Associate
2525,Chloe_2525,Associate
2526,Dylan_2526,Associate
2527,Ella_2527,Associate
2528,Finn_2528,Associate
2529,Alice_2529,Associate
2530,Bob_2530,Associate
2531,Carol_2531,Associate
2532,Dave_2532,Associate
2533,Eve_2533,Associate
2534,Frank_2534,Associate
2535,Grace_2535,Associate
2536,Hank_2536,Associate
2537,Iris_2537,Associate
2538,Jack_2538,Associate
2539,Karen_2539,Associate
2540,Leo_2540,Associate
2541,Maya_2541,Associate
2542,Nate_2542,Associate
2543,Olivia_2543,Associate
2544,Paul_2544,Associate
2545,Quinn_2545,Associate
2546,Rose_2546,Associate
2547,Sam_2547,Associate
2548,Tina_2548,Associate
2549,Uma_2549,Associate
2550,Victor_2550,Associate
2551,Wendy_2551,Associate
2552,Xander_2552,Associate
2553,Yara_2553,Associate
2554,Zack_2554,Associate
2555,Ava_2555,Associate
2556,Ben_2556,Associate
2557,Chloe_2557,Associate
2558,Dylan_2558,Associate
2559,Ella_2559,Associate
2560,Finn_2560,Associate
2561,Alice_2561,Associate
2562,Bob_2562,Associate
2563,Carol_2563,Associate
2564,Dave_2564,Associate
2565,Eve_2565,Associate
2566,Frank_2566,Associate
2567,Grace_2567,Associate
2568,Hank_2568,Associate
2569,Iris_2569,Associate
2570,Jack_2570,Associate
2571,Karen_2571,Associate
2572,Leo_2572,Associate
2573,Maya_2573,Associate
2574,Nate_2574,Associate
2575,Olivia_2575,Associate
2576,Paul_2576,Associate
2577,Quinn_2577,Associate
2578,Rose_2578,Associate
2579,Sam_2579,Associate
2580,Tina_2580,Associate
2581,Uma_2581,Associate
2582,Victor_2582,Associate
2583,Wendy_2583,Associate
2584,Xander_2584,Associate
2585,Yara_2585,Associate
2586,Zack_2586,Associate
2587,Ava_2587,Associate
2588,Ben_2588,Associate
2589,Chloe_2589,Associate
2590,Dylan_2590,Associate
2591,Ella_2591,Associate
2592,Finn_2592,Associate
2593,Alice_2593,Associate
2594,Bob_2594,Associate
2595,Carol_2595,Associate
2596,Dave_2596,Associate
2597,Eve_2597,Associate
2598,Frank_2598,Associate
2599,Grace_2599,Associate
2600,Hank_2600,Associate
2601,Iris_2601,Associate
2602,Jack_2602,Associate
2603,Karen_2603,Associate
2604,Leo_2604,Associate
2605,Maya_2605,Associate
2606,Nate_2606,Associate
2607,Olivia_2607,Associate
2608,Paul_2608,Associate
2609,Quinn_2609,Associate
2610,Rose_2610,Associate
2611,Sam_2611,Associate
2612,Tina_2612,Associate
2613,Uma_2613,Associate
2614,Victor_2614,Associate
2615,Wendy_2615,Associate
2616,Xander_2616,Associate
2617,Yara_2617,Associate
2618,Zack_2618,Associate
2619,Ava_2619,Associate
2620,Ben_2620,Associate
2621,Chloe_2621,Associate
2622,Dylan_2622,Associate
2623,Ella_2623,Associate
2624,Finn_2624,Associate
2625,Alice_2625,Associate
2626,Bob_2626,Associate
2627,Carol_2627,Associate
2628,Dave_2628,Associate
2629,Eve_2629,Associate
2630,Frank_2630,Associate
2631,Grace_2631,Associate
2632,Hank_2632,Associate
2633,Iris_2633,Associate
2634,Jack_2634,Associate
2635,Karen_2635,Associate
2636,Leo_2636,Associate
2637,Maya_2637,Associate
2638,Nate_2638,Associate
2639,Olivia_2639,Associate
2640,Paul_2640,Associate
2641,Quinn_2641,Associate
2642,Rose_2642,Associate
2643,Sam_2643,Associate
2644,Tina_2644,Associate
2645,Uma_2645,Associate
2646,Victor_2646,Associate
2647,Wendy_2647,Associate
2648,Xander_2648,Associate
2649,Yara_2649,Associate
2650,Zack_2650,Associate
2651,Ava_2651,Associate
2652,Ben_2652,Associate
2653,Chloe_2653,Associate
2654,Dylan_2654,Associate
2655,Ella_2655,Associate
2656,Finn_2656,Associate
2657,Alice_2657,Associate
2658,Bob_2658,Associate
2659,Carol_2659,Associate
2660,Dave_2660,Associate
2661,Eve_2661,Associate
2662,Frank_2662,Associate
2663,Grace_2663,Associate
2664,Hank_2664,Associate
2665,Iris_2665,Associate
2666,Jack_2666,Associate
2667,Karen_2667,Associate
2668,Leo_2668,Associate
2669,Maya_2669,Associate
2670,Nate_2670,Associate
2671,Olivia_2671,Associate
2672,Paul_2672,Associate
2673,Quinn_2673,Associate
2674,Rose_2674,Associate
2675,Sam_2675,Associate
2676,Tina_2676,Associate
2677,Uma_2677,Associate
2678,Victor_2678,Associate
2679,Wendy_2679,Associate
2680,Xander_2680,Associate
2681,Yara_2681,Associate
2682,Zack_2682,Associate
2683,Ava_2683,Associate
2684,Ben_2684,Associate
2685,Chloe_2685,Associate
2686,Dylan_2686,Associate
2687,Ella_2687,Associate
2688,Finn_2688,Associate
2689,Alice_2689,Associate
2690,Bob_2690,Associate
2691,Carol_2691,Associate
2692,Dave_2692,Associate
2693,Eve_2693,Associate
2694,Frank_2694,Associate
2695,Grace_2695,Associate
2696,Hank_2696,Associate
2697,Iris_2697,Associate
2698,Jack_2698,Associate
2699,Karen_2699,Associate
2700,Leo_2700,Associate
2701,Maya_2701,Associate
2702,Nate_2702,Associate
2703,Olivia_2703,Associate
2704,Paul_2704,Associate
2705,Quinn_2705,Associate
2706,Rose_2706,Associate
2707,Sam_2707,Associate
2708,Tina_2708,Associate
2709,Uma_2709,Associate
2710,Victor_2710,Associate
2711,Wendy_2711,Associate
2712,Xander_2712,Associate
2713,Yara_2713,Associate
2714,Zack_2714,Associate
2715,Ava_2715,Associate
2716,Ben_2716,Associate
2717,Chloe_2717,Associate
2718,Dylan_2718,Associate
2719,Ella_2719,Associate
2720,Finn_2720,Associate
2721,Alice_2721,Associate
2722,Bob_2722,Associate
2723,Carol_2723,Associate
2724,Dave_2724,Associate
2725,Eve_2725,Associate
2726,Frank_2726,Associate
2727,Grace_2727,Associate
2728,Hank_2728,Associate
2729,Iris_2729,Associate
2730,Jack_2730,Associate
2731,Karen_2731,Associate
2732,Leo_2732,Associate
2733,Maya_2733,Associate
2734,Nate_2734,Associate
2735,Olivia_2735,Associate
2736,Paul_2736,Associate
2737,Quinn_2737,Associate
2738,Rose_2738,Associate
2739,Sam_2739,Associate
2740,Tina_2740,Associate
2741,Uma_2741,Associate
2742,Victor_2742,Associate
2743,Wendy_2743,Associate
2744,Xander_2744,Associate
2745,Yara_2745,Associate
2746,Zack_2746,Associate
2747,Ava_2747,Associate
2748,Ben_2748,Associate
2749,Chloe_2749,Associate
2750,Dylan_2750,Associate
2751,Ella_2751,Associate
2752,Finn_2752,Associate
2753,Alice_2753,Associate
2754,Bob_2754,Associate
2755,Carol_2755,Associate
2756,Dave_2756,Associate
2757,Eve_2757,Associate
2758,Frank_2758,Associate
2759,Grace_2759,Associate
2760,Hank_2760,Associate
2761,Iris_2761,Associate
2762,Jack_2762,Associate
2763,Karen_2763,Associate
2764,Leo_2764,Associate
2765,Maya_2765,Associate
2766,Nate_2766,Associate
2767,Olivia_2767,Associate
2768,Paul_2768,Associate
2769,Quinn_2769,Associate
2770,Rose_2770,Associate
2771,Sam_2771,Associate
2772,Tina_2772,Associate
2773,Uma_2773,Associate
2774,Victor_2774,Associate
2775,Wendy_2775,Associate
2776,Xander_2776,Associate
2777,Yara_2777,Associate
2778,Zack_2778,Associate
2779,Ava_2779,Associate
2780,Ben_2780,Associate
2781,Chloe_2781,Associate
2782,Dylan_2782,Associate
2783,Ella_2783,Associate
2784,Finn_2784,Associate
2785,Alice_2785,Associate
2786,Bob_2786,Associate
2787,Carol_2787,Associate
2788,Dave_2788,Associate
2789,Eve_2789,Associate
2790,Frank_2790,Associate
2791,Grace_2791,Associate
2792,Hank_2792,Associate
2793,Iris_2793,Associate
2794,Jack_2794,Associate
2795,Karen_2795,Associate
2796,Leo_2796,Associate
2797,Maya_2797,Associate
2798,Nate_2798,Associate
2799,Olivia_2799,Associate
2800,Paul_2800,Associate
2801,Quinn_2801,Associate
2802,Rose_2802,Associate
2803,Sam_2803,Associate
2804,Tina_2804,Associate
2805,Uma_2805,Associate
2806,Victor_2806,Associate
2807,Wendy_2807,Associate
2808,Xander_2808,Associate
2809,Yara_2809,Associate
2810,Zack_2810,Associate
2811,Ava_2811,Associate
2812,Ben_2812,Associate
2813,Chloe_2813,Associate
2814,Dylan_2814,Associate
2815,Ella_2815,Associate
2816,Finn_2816,Associate
2817,Alice_2817,Associate
2818,Bob_2818,Associate
2819,Carol_2819,Associate
2820,Dave_2820,Associate
2821,Eve_2821,Associate
2822,Frank_2822,Associate
2823,Grace_2823,Associate
2824,Hank_2824,Associate
2825,Iris_2825,Associate
2826,Jack_2826,Associate
2827,Karen_2827,Associate
2828,Leo_2828,Associate
2829,Maya_2829,Associate
2830,Nate_2830,Associate
2831,Olivia_2831,Associate
2832,Paul_2832,Associate
2833,Quinn_2833,Associate
2834,Rose_2834,Associate
2835,Sam_2835,Associate
2836,Tina_2836,Associate
2837,Uma_2837,Associate
2838,Victor_2838,Associate
2839,Wendy_2839,Associate
2840,Xander_2840,Associate
2841,Yara_2841,Associate
2842,Zack_2842,Associate
2843,Ava_2843,Associate
2844,Ben_2844,Associate
2845,Chloe_2845,Associate
2846,Dylan_2846,Associate
2847,Ella_2847,Associate
2848,Finn_2848,Associate
2849,Alice_2849,Associate
2850,Bob_2850,Associate
2851,Carol_2851,Associate
2852,Dave_2852,Associate
2853,Eve_2853,Associate
2854,Frank_2854,Associate
2855,Grace_2855,Associate
2856,Hank_2856,Associate
2857,Iris_2857,Associate
2858,Jack_2858,Associate
2859,Karen_2859,Associate
2860,Leo_2860,Associate
2861,Maya_2861,Associate
2862,Nate_2862,Associate
2863,Olivia_2863,Associate
2864,Paul_2864,Associate
2865,Quinn_2865,Associate
2866,Rose_2866,Associate
2867,Sam_2867,Associate
2868,Tina_2868,Associate
2869,Uma_2869,Associate
2870,Victor_2870,Associate
2871,Wendy_2871,Associate
2872,Xander_2872,Associate
2873,Yara_2873,Associate
2874,Zack_2874,Associate
2875,Ava_2875,Associate
2876,Ben_2876,Associate
2877,Chloe_2877,Associate
2878,Dylan_2878,Associate
2879,Ella_2879,Associate
2880,Finn_2880,Associate
2881,Alice_2881,Associate
2882,Bob_2882,Associate
2883,Carol_2883,Associate
2884,Dave_2884,Associate
2885,Eve_2885,Associate
2886,Frank_2886,Associate
2887,Grace_2887,Associate
2888,Hank_2888,Associate
2889,Iris_2889,Associate
2890,Jack_2890,Associate
2891,Karen_2891,Associate
2892,Leo_2892,Associate
2893,Maya_2893,Associate
2894,Nate_2894,Associate
2895,Olivia_2895,Associate
2896,Paul_2896,Associate
2897,Quinn_2897,Associate
2898,Rose_2898,Associate
2899,Sam_2899,Associate
2900,Tina_2900,Associate
2901,Uma_2901,Associate
2902,Victor_2902,Associate
2903,Wendy_2903,Associate
2904,Xander_2904,Associate
2905,Yara_2905,Associate
2906,Zack_2906,Associate
2907,Ava_2907,Associate
2908,Ben_2908,Associate
2909,Chloe_2909,Associate
2910,Dylan_2910,Associate
2911,Ella_2911,Associate
2912,Finn_2912,Associate
2913,Alice_2913,Associate
2914,Bob_2914,Associate
2915,Carol_2915,Associate
2916,Dave_2916,Associate
2917,Eve_2917,Associate
2918,Frank_2918,Associate
2919,Grace_2919,Associate
2920,Hank_2920,Associate
2921,Iris_2921,Associate
2922,Jack_2922,Associate
2923,Karen_2923,Associate
2924,Leo_2924,Associate
2925,Maya_2925,Associate
2926,Nate_2926,Associate
2927,Olivia_2927,Associate
2928,Paul_2928,Associate
2929,Quinn_2929,Associate
2930,Rose_2930,Associate
2931,Sam_2931,Associate
2932,Tina_2932,Associate
2933,Uma_2933,Associate
2934,Victor_2934,Associate
2935,Wendy_2935,Associate
2936,Xander_2936,Associate
2937,Yara_2937,Associate
2938,Zack_2938,Associate
2939,Ava_2939,Associate
2940,Ben_2940,Associate
2941,Chloe_2941,Associate
2942,Dylan_2942,Associate
2943,Ella_2943,Associate
2944,Finn_2944,Associate
2945,Alice_2945,Associate
2946,Bob_2946,Associate
2947,Carol_2947,Associate
2948,Dave_2948,Associate
2949,Eve_2949,Associate
2950,Frank_2950,Associate
2951,Grace_2951,Associate
2952,Hank_2952,Associate
2953,Iris_2953,Associate
2954,Jack_2954,Associate
2955,Karen_2955,Associate
2956,Leo_2956,Associate
2957,Maya_2957,Associate
2958,Nate_2958,Associate
2959,Olivia_2959,Associate
2960,Paul_2960,Associate
2961,Quinn_2961,Associate
2962,Rose_2962,Associate
2963,Sam_2963,Associate
2964,Tina_2964,Associate
2965,Uma_2965,Associate
2966,Victor_2966,Associate
2967,Wendy_2967,Associate
2968,Xander_2968,Associate
2969,Yara_2969,Associate
2970,Zack_2970,Associate
2971,Ava_2971,Associate
2972,Ben_2972,Associate
2973,Chloe_2973,Associate
2974,Dylan_2974,Associate
2975,Ella_2975,Associate
2976,Finn_2976,Associate
2977,Alice_2977,Associate
2978,Bob_2978,Associate
2979,Carol_2979,Associate
2980,Dave_2980,Associate
2981,Eve_2981,Associate
2982,Frank_2982,Associate
2983,Grace_2983,Associate
2984,Hank_2984,Associate
2985,Iris_2985,Associate
2986,Jack_2986,Associate
2987,Karen_2987,Associate
2988,Leo_2988,Associate
2989,Maya_2989,Associate
2990,Nate_2990,Associate
2991,Olivia_2991,Associate
2992,Paul_2992,Associate
2993,Quinn_2993,Associate
2994,Rose_2994,Associate
2995,Sam_2995,Associate
2996,Tina_2996,Associate
2997,Uma_2997,Associate
2998,Victor_2998,Associate
2999,Wendy_2999,Associate
3000,Xander_3000,Associate
3001,Yara_3001,Associate
3002,Zack_3002,Associate
3003,Ava_3003,Associate
3004,Ben_3004,Associate
3005,Chloe_3005,Associate
3006,Dylan_3006,Associate
3007,Ella_3007,Associate
3008,Finn_3008,Associate
3009,Alice_3009,Associate
3010,Bob_3010,Associate
3011,Carol_3011,Associate
3012,Dave_3012,Associate
3013,Eve_3013,Associate
3014,Frank_3014,Associate
3015,Grace_3015,Associate
3016,Hank_3016,Associate
3017,Iris_3017,Associate
3018,Jack_3018,Associate
3019,Karen_3019,Associate
3020,Leo_3020,Associate
3021,Maya_3021,Associate
3022,Nate_3022,Associate
3023,Olivia_3023,Associate
3024,Paul_3024,Associate
3025,Quinn_3025,Associate
3026,Rose_3026,Associate
3027,Sam_3027,Associate
3028,Tina_3028,Associate
3029,Uma_3029,Associate
3030,Victor_3030,Associate
3031,Wendy_3031,Associate
3032,Xander_3032,Associate
3033,Yara_3033,Associate
3034,Zack_3034,Associate
3035,Ava_3035,Associate
3036,Ben_3036,Associate
3037,Chloe_3037,Associate
3038,Dylan_3038,Associate
3039,Ella_3039,Associate
3040,Finn_3040,Associate
3041,Alice_3041,Associate
3042,Bob_3042,Associate
3043,Carol_3043,Associate
3044,Dave_3044,Associate
3045,Eve_3045,Associate
3046,Frank_3046,Associate
3047,Grace_3047,Associate
3048,Hank_3048,Associate
3049,Iris_3049,Associate
3050,Jack_3050,Associate
3051,Karen_3051,Associate
3052,Leo_3052,Associate
3053,Maya_3053,Associate
3054,Nate_3054,Associate
3055,Olivia_3055,Associate
3056,Paul_3056,Associate
3057,Quinn_3057,Associate
3058,Rose_3058,Associate
3059,Sam_3059,Associate
3060,Tina_3060,Associate
3061,Uma_3061,Associate
3062,Victor_3062,Associate
3063,Wendy_3063,Associate
3064,Xander_3064,Associate
3065,Yara_3065,Associate
3066,Zack_3066,Associate
3067,Ava_3067,Associate
3068,Ben_3068,Associate
3069,Chloe_3069,Associate
3070,Dylan_3070,Associate
3071,Ella_3071,Associate
3072,Finn_3072,Associate
3073,Alice_3073,Associate
3074,Bob_3074,Associate
3075,Carol_3075,Associate
3076,Dave_3076,Associate
3077,Eve_3077,Associate
3078,Frank_3078,Associate
3079,Grace_3079,Associate
3080,Hank_3080,Associate
3081,Iris_3081,Associate
3082,Jack_3082,Associate
3083,Karen_3083,Associate
3084,Leo_3084,Associate
3085,Maya_3085,Associate
3086,Nate_3086,Associate
3087,Olivia_3087,Associate
3088,Paul_3088,Associate
3089,Quinn_3089,Associate
3090,Rose_3090,Associate
3091,Sam_3091,Associate
3092,Tina_3092,Associate
3093,Uma_3093,Associate
3094,Victor_3094,Associate
3095,Wendy_3095,Associate
3096,Xander_3096,Associate
3097,Yara_3097,Associate
3098,Zack_3098,Associate
3099,Ava_3099,Associate
3100,Ben_3100,Associate
3101,Chloe_3101,Associate
3102,Dylan_3102,Associate
3103,Ella_3103,Associate
3104,Finn_3104,Associate
3105,Alice_3105,Associate
3106,Bob_3106,Associate
3107,Carol_3107,Associate
3108,Dave_3108,Associate
3109,Eve_3109,Associate
3110,Frank_3110,Associate
3111,Grace_3111,Associate
3112,Hank_3112,Associate
3113,Iris_3113,Associate
3114,Jack_3114,Associate
3115,Karen_3115,Associate
3116,Leo_3116,Associate
3117,Maya_3117,Associate
3118,Nate_3118,Associate
3119,Olivia_3119,Associate
3120,Paul_3120,Associate
3121,Quinn_3121,Associate
3122,Rose_3122,Associate
3123,Sam_3123,Associate
3124,Tina_3124,Associate
3125,Uma_3125,Associate
3126,Victor_3126,Associate
3127,Wendy_3127,Associate
3128,Xander_3128,Associate
3129,Yara_3129,Associate
3130,Zack_3130,Associate
3131,Ava_3131,Associate
3132,Ben_3132,Associate
3133,Chloe_3133,Associate
3134,Dylan_3134,Associate
3135,Ella_3135,Associate
3136,Finn_3136,Associate
3137,Alice_3137,Associate
3138,Bob_3138,Associate
3139,Carol_3139,Associate
3140,Dave_3140,Associate
3141,Eve_3141,Associate
3142,Frank_3142,Associate
3143,Grace_3143,Associate
3144,Hank_3144,Associate
3145,Iris_3145,Associate
3146,Jack_3146,Associate
3147,Karen_3147,Associate
3148,Leo_3148,Associate
3149,Maya_3149,Associate
3150,Nate_3150,Associate
3151,Olivia_3151,Associate
3152,Paul_3152,Associate
3153,Quinn_3153,Associate
3154,Rose_3154,Associate
3155,Sam_3155,Associate
3156,Tina_3156,Associate
3157,Uma_3157,Associate
3158,Victor_3158,Associate
3159,Wendy_3159,Associate
3160,Xander_3160,Associate
3161,Yara_3161,Associate
3162,Zack_3162,Associate
3163,Ava_3163,Associate
3164,Ben_3164,Associate
3165,Chloe_3165,Associate
3166,Dylan_3166,Associate
3167,Ella_3167,Associate
3168,Finn_3168,Associate
3169,Alice_3169,Associate
3170,Bob_3170,Associate
3171,Carol_3171,Associate
3172,Dave_3172,Associate
3173,Eve_3173,Associate
3174,Frank_3174,Associate
3175,Grace_3175,Associate
3176,Hank_3176,Associate
3177,Iris_3177,Associate
3178,Jack_3178,Associate
3179,Karen_3179,Associate
3180,Leo_3180,Associate
3181,Maya_3181,Associate
3182,Nate_3182,Associate
3183,Olivia_3183,Associate
3184,Paul_3184,Associate
3185,Quinn_3185,Associate
3186,Rose_3186,Associate
3187,Sam_3187,Associate
3188,Tina_3188,Associate
3189,Uma_3189,Associate
3190,Victor_3190,Associate
3191,Wendy_3191,Associate
3192,Xander_3192,Associate
3193,Yara_3193,Associate
3194,Zack_3194,Associate
3195,Ava_3195,Associate
3196,Ben_3196,Associate
3197,Chloe_3197,Associate
3198,Dylan_3198,Associate
3199,Ella_3199,Associate
3200,Finn_3200,Associate
3201,Alice_3201,Associate
3202,Bob_3202,Associate
3203,Carol_3203,Associate
3204,Dave_3204,Associate
3205,Eve_3205,Associate
3206,Frank_3206,Associate
3207,Grace_3207,Associate
3208,Hank_3208,Associate
3209,Iris_3209,Associate
3210,Jack_3210,Associate
3211,Karen_3211,Associate
3212,Leo_3212,Associate
3213,Maya_3213,Associate
3214,Nate_3214,Associate
3215,Olivia_3215,Associate
3216,Paul_3216,Associate
3217,Quinn_3217,Associate
3218,Rose_3218,Associate
3219,Sam_3219,Associate
3220,Tina_3220,Associate
3221,Uma_3221,Associate
3222,Victor_3222,Associate
3223,Wendy_3223,Associate
3224,Xander_3224,Associate
3225,Yara_3225,Associate
3226,Zack_3226,Associate
3227,Ava_3227,Associate
3228,Ben_3228,Associate
3229,Chloe_3229,Associate
3230,Dylan_3230,Associate
3231,Ella_3231,Associate
3232,Finn_3232,Associate
3233,Alice_3233,Associate
3234,Bob_3234,Associate
3235,Carol_3235,Associate
3236,Dave_3236,Associate
3237,Eve_3237,Associate
3238,Frank_3238,Associate
3239,Grace_3239,Associate
3240,Hank_3240,Associate
3241,Iris_3241,Associate
3242,Jack_3242,Associate
3243,Karen_3243,Associate
3244,Leo_3244,Associate
3245,Maya_3245,Associate
3246,Nate_3246,Associate
3247,Olivia_3247,Associate
3248,Paul_3248,Associate
3249,Quinn_3249,Associate
3250,Rose_3250,Associate
3251,Sam_3251,Associate
3252,Tina_3252,Associate
3253,Uma_3253,Associate
3254,Victor_3254,Associate
3255,Wendy_3255,Associate
3256,Xander_3256,Associate
3257,Yara_3257,Associate
3258,Zack_3258,Associate
3259,Ava_3259,Associate
3260,Ben_3260,Associate
3261,Chloe_3261,Associate
3262,Dylan_3262,Associate
3263,Ella_3263,Associate
3264,Finn_3264,Associate
3265,Alice_3265,Associate
3266,Bob_3266,Associate
3267,Carol_3267,Associate
3268,Dave_3268,Associate
3269,Eve_3269,Associate
3270,Frank_3270,Associate
3271,Grace_3271,Associate
3272,Hank_3272,Associate
3273,Iris_3273,Associate
3274,Jack_3274,Associate
3275,Karen_3275,Associate
3276,Leo_3276,Associate
3277,Maya_3277,Associate
3278,Nate_3278,Associate
3279,Olivia_3279,Associate
3280,Paul_3280,Associate
3281,Quinn_3281,Junior Associate
3282,Rose_3282,Junior Associate
3283,Sam_3283,Junior Associate
3284,Tina_3284,Junior Associate
3285,Uma_3285,Junior Associate
3286,Victor_3286,Junior Associate
3287,Wendy_3287,Junior Associate
3288,Xander_3288,Junior Associate
3289,Yara_3289,Junior Associate
3290,Zack_3290,Junior Associate
3291,Ava_3291,Junior Associate
3292,Ben_3292,Junior Associate
3293,Chloe_3293,Junior Associate
3294,Dylan_3294,Junior Associate
3295,Ella_3295,Junior Associate
3296,Finn_3296,Junior Associate
3297,Alice_3297,Junior Associate
3298,Bob_3298,Junior Associate
3299,Carol_3299,Junior Associate
3300,Dave_3300,Junior Associate
3301,Eve_3301,Junior Associate
3302,Frank_3302,Junior Associate
3303,Grace_3303,Junior Associate
3304,Hank_3304,Junior Associate
3305,Iris_3305,Junior Associate
3306,Jack_3306,Junior Associate
3307,Karen_3307,Junior Associate
3308,Leo_3308,Junior Associate
3309,Maya_3309,Junior Associate
3310,Nate_3310,Junior Associate
3311,Olivia_3311,Junior Associate
3312,Paul_3312,Junior Associate
3313,Quinn_3313,Junior Associate
3314,Rose_3314,Junior Associate
3315,Sam_3315,Junior Associate
3316,Tina_3316,Junior Associate
3317,Uma_3317,Junior Associate
3318,Victor_3318,Junior Associate
3319,Wendy_3319,Junior Associate
3320,Xander_3320,Junior Associate
3321,Yara_3321,Junior Associate
3322,Zack_3322,Junior Associate
3323,Ava_3323,Junior Associate
3324,Ben_3324,Junior Associate
3325,Chloe_3325,Junior Associate
3326,Dylan_3326,Junior Associate
3327,Ella_3327,Junior Associate
3328,Finn_3328,Junior Associate
3329,Alice_3329,Junior Associate
3330,Bob_3330,Junior Associate
3331,Carol_3331,Junior Associate
3332,Dave_3332,Junior Associate
3333,Eve_3333,Junior Associate
3334,Frank_3334,Junior Associate
3335,Grace_3335,Junior Associate
3336,Hank_3336,Junior Associate
3337,Iris_3337,Junior Associate
3338,Jack_3338,Junior Associate
3339,Karen_3339,Junior Associate
3340,Leo_3340,Junior Associate
3341,Maya_3341,Junior Associate
3342,Nate_3342,Junior Associate
3343,Olivia_3343,Junior Associate
3344,Paul_3344,Junior Associate
3345,Quinn_3345,Junior Associate
3346,Rose_3346,Junior Associate
3347,Sam_3347,Junior Associate
3348,Tina_3348,Junior Associate
3349,Uma_3349,Junior Associate
3350,Victor_3350,Junior Associate
3351,Wendy_3351,Junior Associate
3352,Xander_3352,Junior Associate
3353,Yara_3353,Junior Associate
3354,Zack_3354,Junior Associate
3355,Ava_3355,Junior Associate
3356,Ben_3356,Junior Associate
3357,Chloe_3357,Junior Associate
3358,Dylan_3358,Junior Associate
3359,Ella_3359,Junior Associate
3360,Finn_3360,Junior Associate
3361,Alice_3361,Junior Associate
3362,Bob_3362,Junior Associate
3363,Carol_3363,Junior Associate
3364,Dave_3364,Junior Associate
3365,Eve_3365,Junior Associate
3366,Frank_3366,Junior Associate
3367,Grace_3367,Junior Associate
3368,Hank_3368,Junior Associate
3369,Iris_3369,Junior Associate
3370,Jack_3370,Junior Associate
3371,Karen_3371,Junior Associate
3372,Leo_3372,Junior Associate
3373,Maya_3373,Junior Associate
3374,Nate_3374,Junior Associate
3375,Olivia_3375,Junior Associate
3376,Paul_3376,Junior Associate
3377,Quinn_3377,Junior Associate
3378,Rose_3378,Junior Associate
3379,Sam_3379,Junior Associate
3380,Tina_3380,Junior Associate
3381,Uma_3381,Junior Associate
3382,Victor_3382,Junior Associate
3383,Wendy_3383,Junior Associate
3384,Xander_3384,Junior Associate
3385,Yara_3385,Junior Associate
3386,Zack_3386,Junior Associate
3387,Ava_3387,Junior Associate
3388,Ben_3388,Junior Associate
3389,Chloe_3389,Junior Associate
3390,Dylan_3390,Junior Associate
3391,Ella_3391,Junior Associate
3392,Finn_3392,Junior Associate
3393,Alice_3393,Junior Associate
3394,Bob_3394,Junior Associate
3395,Carol_3395,Junior Associate
3396,Dave_3396,Junior Associate
3397,Eve_3397,Junior Associate
3398,Frank_3398,Junior Associate
3399,Grace_3399,Junior Associate
3400,Hank_3400,Junior Associate
3401,Iris_3401,Junior Associate
3402,Jack_3402,Junior Associate
3403,Karen_3403,Junior Associate
3404,Leo_3404,Junior Associate
3405,Maya_3405,Junior Associate
3406,Nate_3406,Junior Associate
3407,Olivia_3407,Junior Associate
3408,Paul_3408,Junior Associate
3409,Quinn_3409,Junior Associate
3410,Rose_3410,Junior Associate
3411,Sam_3411,Junior Associate
3412,Tina_3412,Junior Associate
3413,Uma_3413,Junior Associate
3414,Victor_3414,Junior Associate
3415,Wendy_3415,Junior Associate
3416,Xander_3416,Junior Associate
3417,Yara_3417,Junior Associate
3418,Zack_3418,Junior Associate
3419,Ava_3419,Junior Associate
3420,Ben_3420,Junior Associate
3421,Chloe_3421,Junior Associate
3422,Dylan_3422,Junior Associate
3423,Ella_3423,Junior Associate
3424,Finn_3424,Junior Associate
3425,Alice_3425,Junior Associate
3426,Bob_3426,Junior Associate
3427,Carol_3427,Junior Associate
3428,Dave_3428,Junior Associate
3429,Eve_3429,Junior Associate
3430,Frank_3430,Junior Associate
3431,Grace_3431,Junior Associate
3432,Hank_3432,Junior Associate
3433,Iris_3433,Junior Associate
3434,Jack_3434,Junior Associate
3435,Karen_3435,Junior Associate
3436,Leo_3436,Junior Associate
3437,Maya_3437,Junior Associate
3438,Nate_3438,Junior Associate
3439,Olivia_3439,Junior Associate
3440,Paul_3440,Junior Associate
3441,Quinn_3441,Junior Associate
3442,Rose_3442,Junior Associate
3443,Sam_3443,Junior Associate
3444,Tina_3444,Junior Associate
3445,Uma_3445,Junior Associate
3446,Victor_3446,Junior Associate
3447,Wendy_3447,Junior Associate
3448,Xander_3448,Junior Associate
3449,Yara_3449,Junior Associate
3450,Zack_3450,Junior Associate
3451,Ava_3451,Junior Associate
3452,Ben_3452,Junior Associate
3453,Chloe_3453,Junior Associate
3454,Dylan_3454,Junior Associate
3455,Ella_3455,Junior Associate
3456,Finn_3456,Junior Associate
3457,Alice_3457,Junior Associate
3458,Bob_3458,Junior Associate
3459,Carol_3459,Junior Associate
3460,Dave_3460,Junior Associate
3461,Eve_3461,Junior Associate
3462,Frank_3462,Junior Associate
3463,Grace_3463,Junior Associate
3464,Hank_3464,Junior Associate
3465,Iris_3465,Junior Associate
3466,Jack_3466,Junior Associate
3467,Karen_3467,Junior Associate
3468,Leo_3468,Junior Associate
3469,Maya_3469,Junior Associate
3470,Nate_3470,Junior Associate
3471,Olivia_3471,Junior Associate
3472,Paul_3472,Junior Associate
3473,Quinn_3473,Junior Associate
3474,Rose_3474,Junior Associate
3475,Sam_3475,Junior Associate
3476,Tina_3476,Junior Associate
3477,Uma_3477,Junior Associate
3478,Victor_3478,Junior Associate
3479,Wendy_3479,Junior Associate
3480,Xander_3480,Junior Associate
3481,Yara_3481,Junior Associate
3482,Zack_3482,Junior Associate
3483,Ava_3483,Junior Associate
3484,Ben_3484,Junior Associate
3485,Chloe_3485,Junior Associate
3486,Dylan_3486,Junior Associate
3487,Ella_3487,Junior Associate
3488,Finn_3488,Junior Associate
3489,Alice_3489,Junior Associate
3490,Bob_3490,Junior Associate
3491,Carol_3491,Junior Associate
3492,Dave_3492,Junior Associate
3493,Eve_3493,Junior Associate
3494,Frank_3494,Junior Associate
3495,Grace_3495,Junior Associate
3496,Hank_3496,Junior Associate
3497,Iris_3497,Junior Associate
3498,Jack_3498,Junior Associate
3499,Karen_3499,Junior Associate
3500,Leo_3500,Junior Associate
3501,Maya_3501,Junior Associate
3502,Nate_3502,Junior Associate
3503,Olivia_3503,Junior Associate
3504,Paul_3504,Junior Associate
3505,Quinn_3505,Junior Associate
3506,Rose_3506,Junior Associate
3507,Sam_3507,Junior Associate
3508,Tina_3508,Junior Associate
3509,Uma_3509,Junior Associate
3510,Victor_3510,Junior Associate
3511,Wendy_3511,Junior Associate
3512,Xander_3512,Junior Associate
3513,Yara_3513,Junior Associate
3514,Zack_3514,Junior Associate
3515,Ava_3515,Junior Associate
3516,Ben_3516,Junior Associate
3517,Chloe_3517,Junior Associate
3518,Dylan_3518,Junior Associate
3519,Ella_3519,Junior Associate
3520,Finn_3520,Junior Associate
3521,Alice_3521,Junior Associate
3522,Bob_3522,Junior Associate
3523,Carol_3523,Junior Associate
3524,Dave_3524,Junior Associate
3525,Eve_3525,Junior Associate
3526,Frank_3526,Junior Associate
3527,Grace_3527,Junior Associate
3528,Hank_3528,Junior Associate
3529,Iris_3529,Junior Associate
3530,Jack_3530,Junior Associate
3531,Karen_3531,Junior Associate
3532,Leo_3532,Junior Associate
3533,Maya_3533,Junior Associate
3534,Nate_3534,Junior Associate
3535,Olivia_3535,Junior Associate
3536,Paul_3536,Junior Associate
3537,Quinn_3537,Junior Associate
3538,Rose_3538,Junior Associate
3539,Sam_3539,Junior Associate
3540,Tina_3540,Junior Associate
3541,Uma_3541,Junior Associate
3542,Victor_3542,Junior Associate
3543,Wendy_3543,Junior Associate
3544,Xander_3544,Junior Associate
3545,Yara_3545,Junior Associate
3546,Zack_3546,Junior Associate
3547,Ava_3547,Junior Associate
3548,Ben_3548,Junior Associate
3549,Chloe_3549,Junior Associate
3550,Dylan_3550,Junior Associate
3551,Ella_3551,Junior Associate
3552,Finn_3552,Junior Associate
3553,Alice_3553,Junior Associate
3554,Bob_3554,Junior Associate
3555,Carol_3555,Junior Associate
3556,Dave_3556,Junior Associate
3557,Eve_3557,Junior Associate
3558,Frank_3558,Junior Associate
3559,Grace_3559,Junior Associate
3560,Hank_3560,Junior Associate
3561,Iris_3561,Junior Associate
3562,Jack_3562,Junior Associate
3563,Karen_3563,Junior Associate
3564,Leo_3564,Junior Associate
3565,Maya_3565,Junior Associate
3566,Nate_3566,Junior Associate
3567,Olivia_3567,Junior Associate
3568,Paul_3568,Junior Associate
3569,Quinn_3569,Junior Associate
3570,Rose_3570,Junior Associate
3571,Sam_3571,Junior Associate
3572,Tina_3572,Junior Associate
3573,Uma_3573,Junior Associate
3574,Victor_3574,Junior Associate
3575,Wendy_3575,Junior Associate
3576,Xander_3576,Junior Associate
3577,Yara_3577,Junior Associate
3578,Zack_3578,Junior Associate
3579,Ava_3579,Junior Associate
3580,Ben_3580,Junior Associate
3581,Chloe_3581,Junior Associate
3582,Dylan_3582,Junior Associate
3583,Ella_3583,Junior Associate
3584,Finn_3584,Junior Associate
3585,Alice_3585,Junior Associate
3586,Bob_3586,Junior Associate
3587,Carol_3587,Junior Associate
3588,Dave_3588,Junior Associate
3589,Eve_3589,Junior Associate
3590,Frank_3590,Junior Associate
3591,Grace_3591,Junior Associate
3592,Hank_3592,Junior Associate
3593,Iris_3593,Junior Associate
3594,Jack_3594,Junior Associate
3595,Karen_3595,Junior Associate
3596,Leo_3596,Junior Associate
3597,Maya_3597,Junior Associate
3598,Nate_3598,Junior Associate
3599,Olivia_3599,Junior Associate
3600,Paul_3600,Junior Associate
3601,Quinn_3601,Junior Associate
3602,Rose_3602,Junior Associate
3603,Sam_3603,Junior Associate
3604,Tina_3604,Junior Associate
3605,Uma_3605,Junior Associate
3606,Victor_3606,Junior Associate
3607,Wendy_3607,Junior Associate
3608,Xander_3608,Junior Associate
3609,Yara_3609,Junior Associate
3610,Zack_3610,Junior Associate
3611,Ava_3611,Junior Associate
3612,Ben_3612,Junior Associate
3613,Chloe_3613,Junior Associate
3614,Dylan_3614,Junior Associate
3615,Ella_3615,Junior Associate
3616,Finn_3616,Junior Associate
3617,Alice_3617,Junior Associate
3618,Bob_3618,Junior Associate
3619,Carol_3619,Junior Associate
3620,Dave_3620,Junior Associate
3621,Eve_3621,Junior Associate
3622,Frank_3622,Junior Associate
3623,Grace_3623,Junior Associate
3624,Hank_3624,Junior Associate
3625,Iris_3625,Junior Associate
3626,Jack_3626,Junior Associate
3627,Karen_3627,Junior Associate
3628,Leo_3628,Junior Associate
3629,Maya_3629,Junior Associate
3630,Nate_3630,Junior Associate
3631,Olivia_3631,Junior Associate
3632,Paul_3632,Junior Associate
3633,Quinn_3633,Junior Associate
3634,Rose_3634,Junior Associate
3635,Sam_3635,Junior Associate
3636,Tina_3636,Junior Associate
3637,Uma_3637,Junior Associate
3638,Victor_3638,Junior Associate
3639,Wendy_3639,Junior Associate
3640,Xander_3640,Junior Associate
3641,Yara_3641,Junior Associate
3642,Zack_3642,Junior Associate
3643,Ava_3643,Junior Associate
3644,Ben_3644,Junior Associate
3645,Chloe_3645,Junior Associate
3646,Dylan_3646,Junior Associate
3647,Ella_3647,Junior Associate
3648,Finn_3648,Junior Associate
3649,Alice_3649,Junior Associate
3650,Bob_3650,Junior Associate
3651,Carol_3651,Junior Associate
3652,Dave_3652,Junior Associate
3653,Eve_3653,Junior Associate
3654,Frank_3654,Junior Associate
3655,Grace_3655,Junior Associate
3656,Hank_3656,Junior Associate
3657,Iris_3657,Junior Associate
3658,Jack_3658,Junior Associate
3659,Karen_3659,Junior Associate
3660,Leo_3660,Junior Associate
3661,Maya_3661,Junior Associate
3662,Nate_3662,Junior Associate
3663,Olivia_3663,Junior Associate
3664,Paul_3664,Junior Associate
3665,Quinn_3665,Junior Associate
3666,Rose_3666,Junior Associate
3667,Sam_3667,Junior Associate
3668,Tina_3668,Junior Associate
3669,Uma_3669,Junior Associate
3670,Victor_3670,Junior Associate
3671,Wendy_3671,Junior Associate
3672,Xander_3672,Junior Associate
3673,Yara_3673,Junior Associate
3674,Zack_3674,Junior Associate
3675,Ava_3675,Junior Associate
3676,Ben_3676,Junior Associate
3677,Chloe_3677,Junior Associate
3678,Dylan_3678,Junior Associate
3679,Ella_3679,Junior Associate
3680,Finn_3680,Junior Associate
3681,Alice_3681,Junior Associate
3682,Bob_3682,Junior Associate
3683,Carol_3683,Junior Associate
3684,Dave_3684,Junior Associate
3685,Eve_3685,Junior Associate
3686,Frank_3686,Junior Associate
3687,Grace_3687,Junior Associate
3688,Hank_3688,Junior Associate
3689,Iris_3689,Junior Associate
3690,Jack_3690,Junior Associate
3691,Karen_3691,Junior Associate
3692,Leo_3692,Junior Associate
3693,Maya_3693,Junior Associate
3694,Nate_3694,Junior Associate
3695,Olivia_3695,Junior Associate
3696,Paul_3696,Junior Associate
3697,Quinn_3697,Junior Associate
3698,Rose_3698,Junior Associate
3699,Sam_3699,Junior Associate
3700,Tina_3700,Junior Associate
3701,Uma_3701,Junior Associate
3702,Victor_3702,Junior Associate
3703,Wendy_3703,Junior Associate
3704,Xander_3704,Junior Associate
3705,Yara_3705,Junior Associate
3706,Zack_3706,Junior Associate
3707,Ava_3707,Junior Associate
3708,Ben_3708,Junior Associate
3709,Chloe_3709,Junior Associate
3710,Dylan_3710,Junior Associate
3711,Ella_3711,Junior Associate
3712,Finn_3712,Junior Associate
3713,Alice_3713,Junior Associate
3714,Bob_3714,Junior Associate
3715,Carol_3715,Junior Associate
3716,Dave_3716,Junior Associate
3717,Eve_3717,Junior Associate
3718,Frank_3718,Junior Associate
3719,Grace_3719,Junior Associate
3720,Hank_3720,Junior Associate
3721,Iris_3721,Junior Associate
3722,Jack_3722,Junior Associate
3723,Karen_3723,Junior Associate
3724,Leo_3724,Junior Associate
3725,Maya_3725,Junior Associate
3726,Nate_3726,Junior Associate
3727,Olivia_3727,Junior Associate
3728,Paul_3728,Junior Associate
3729,Quinn_3729,Junior Associate
3730,Rose_3730,Junior Associate
3731,Sam_3731,Junior Associate
3732,Tina_3732,Junior Associate
3733,Uma_3733,Junior Associate
3734,Victor_3734,Junior Associate
3735,Wendy_3735,Junior Associate
3736,Xander_3736,Junior Associate
3737,Yara_3737,Junior Associate
3738,Zack_3738,Junior Associate
3739,Ava_3739,Junior Associate
3740,Ben_3740,Junior Associate
3741,Chloe_3741,Junior Associate
3742,Dylan_3742,Junior Associate
3743,Ella_3743,Junior Associate
3744,Finn_3744,Junior Associate
3745,Alice_3745,Junior Associate
3746,Bob_3746,Junior Associate
3747,Carol_3747,Junior Associate
3748,Dave_3748,Junior Associate
3749,Eve_3749,Junior Associate
3750,Frank_3750,Junior Associate
3751,Grace_3751,Junior Associate
3752,Hank_3752,Junior Associate
3753,Iris_3753,Junior Associate
3754,Jack_3754,Junior Associate
3755,Karen_3755,Junior Associate
3756,Leo_3756,Junior Associate
3757,Maya_3757,Junior Associate
3758,Nate_3758,Junior Associate
3759,Olivia_3759,Junior Associate
3760,Paul_3760,Junior Associate
3761,Quinn_3761,Junior Associate
3762,Rose_3762,Junior Associate
3763,Sam_3763,Junior Associate
3764,Tina_3764,Junior Associate
3765,Uma_3765,Junior Associate
3766,Victor_3766,Junior Associate
3767,Wendy_3767,Junior Associate
3768,Xander_3768,Junior Associate
3769,Yara_3769,Junior Associate
3770,Zack_3770,Junior Associate
3771,Ava_3771,Junior Associate
3772,Ben_3772,Junior Associate
3773,Chloe_3773,Junior Associate
3774,Dylan_3774,Junior Associate
3775,Ella_3775,Junior Associate
3776,Finn_3776,Junior Associate
3777,Alice_3777,Junior Associate
3778,Bob_3778,Junior Associate
3779,Carol_3779,Junior Associate
3780,Dave_3780,Junior Associate
3781,Eve_3781,Junior Associate
3782,Frank_3782,Junior Associate
3783,Grace_3783,Junior Associate
3784,Hank_3784,Junior Associate
3785,Iris_3785,Junior Associate
3786,Jack_3786,Junior Associate
3787,Karen_3787,Junior Associate
3788,Leo_3788,Junior Associate
3789,Maya_3789,Junior Associate
3790,Nate_3790,Junior Associate
3791,Olivia_3791,Junior Associate
3792,Paul_3792,Junior Associate
3793,Quinn_3793,Junior Associate
3794,Rose_3794,Junior Associate
3795,Sam_3795,Junior Associate
3796,Tina_3796,Junior Associate
3797,Uma_3797,Junior Associate
3798,Victor_3798,Junior Associate
3799,Wendy_3799,Junior Associate
3800,Xander_3800,Junior Associate
3801,Yara_3801,Junior Associate
3802,Zack_3802,Junior Associate
3803,Ava_3803,Junior Associate
3804,Ben_3804,Junior Associate
3805,Chloe_3805,Junior Associate
3806,Dylan_3806,Junior Associate
3807,Ella_3807,Junior Associate
3808,Finn_3808,Junior Associate
3809,Alice_3809,Junior Associate
3810,Bob_3810,Junior Associate
3811,Carol_3811,Junior Associate
3812,Dave_3812,Junior Associate
3813,Eve_3813,Junior Associate
3814,Frank_3814,Junior Associate
3815,Grace_3815,Junior Associate
3816,Hank_3816,Junior Associate
3817,Iris_3817,Junior Associate
3818,Jack_3818,Junior Associate
3819,Karen_3819,Junior Associate
3820,Leo_3820,Junior Associate
3821,Maya_3821,Junior Associate
3822,Nate_3822,Junior Associate
3823,Olivia_3823,Junior Associate
3824,Paul_3824,Junior Associate
3825,Quinn_3825,Junior Associate
3826,Rose_3826,Junior Associate
3827,Sam_3827,Junior Associate
3828,Tina_3828,Junior Associate
3829,Uma_3829,Junior Associate
3830,Victor_3830,Junior Associate
3831,Wendy_3831,Junior Associate
3832,Xander_3832,Junior Associate
3833,Yara_3833,Junior Associate
3834,Zack_3834,Junior Associate
3835,Ava_3835,Junior Associate
3836,Ben_3836,Junior Associate
3837,Chloe_3837,Junior Associate
3838,Dylan_3838,Junior Associate
3839,Ella_3839,Junior Associate
3840,Finn_3840,Junior Associate
3841,Alice_3841,Junior Associate
3842,Bob_3842,Junior Associate
3843,Carol_3843,Junior Associate
3844,Dave_3844,Junior Associate
3845,Eve_3845,Junior Associate
3846,Frank_3846,Junior Associate
3847,Grace_3847,Junior Associate
3848,Hank_3848,Junior Associate
3849,Iris_3849,Junior Associate
3850,Jack_3850,Junior Associate
3851,Karen_3851,Junior Associate
3852,Leo_3852,Junior Associate
3853,Maya_3853,Junior Associate
3854,Nate_3854,Junior Associate
3855,Olivia_3855,Junior Associate
3856,Paul_3856,Junior Associate
3857,Quinn_3857,Junior Associate
3858,Rose_3858,Junior Associate
3859,Sam_3859,Junior Associate
3860,Tina_3860,Junior Associate
3861,Uma_3861,Junior Associate
3862,Victor_3862,Junior Associate
3863,Wendy_3863,Junior Associate
3864,Xander_3864,Junior Associate
3865,Yara_3865,Junior Associate
3866,Zack_3866,Junior Associate
3867,Ava_3867,Junior Associate
3868,Ben_3868,Junior Associate
3869,Chloe_3869,Junior Associate
3870,Dylan_3870,Junior Associate
3871,Ella_3871,Junior Associate
3872,Finn_3872,Junior Associate
3873,Alice_3873,Junior Associate
3874,Bob_3874,Junior Associate
3875,Carol_3875,Junior Associate
3876,Dave_3876,Junior Associate
3877,Eve_3877,Junior Associate
3878,Frank_3878,Junior Associate
3879,Grace_3879,Junior Associate
3880,Hank_3880,Junior Associate
3881,Iris_3881,Junior Associate
3882,Jack_3882,Junior Associate
3883,Karen_3883,Junior Associate
3884,Leo_3884,Junior Associate
3885,Maya_3885,Junior Associate
3886,Nate_3886,Junior Associate
3887,Olivia_3887,Junior Associate
3888,Paul_3888,Junior Associate
3889,Quinn_3889,Junior Associate
3890,Rose_3890,Junior Associate
3891,Sam_3891,Junior Associate
3892,Tina_3892,Junior Associate
3893,Uma_3893,Junior Associate
3894,Victor_3894,Junior Associate
3895,Wendy_3895,Junior Associate
3896,Xander_3896,Junior Associate
3897,Yara_3897,Junior Associate
3898,Zack_3898,Junior Associate
3899,Ava_3899,Junior Associate
3900,Ben_3900,Junior Associate
3901,Chloe_3901,Junior Associate
3902,Dylan_3902,Junior Associate
3903,Ella_3903,Junior Associate
3904,Finn_3904,Junior Associate
3905,Alice_3905,Junior Associate
3906,Bob_3906,Junior Associate
3907,Carol_3907,Junior Associate
3908,Dave_3908,Junior Associate
3909,Eve_3909,Junior Associate
3910,Frank_3910,Junior Associate
3911,Grace_3911,Junior Associate
3912,Hank_3912,Junior Associate
3913,Iris_3913,Junior Associate
3914,Jack_3914,Junior Associate
3915,Karen_3915,Junior Associate
3916,Leo_3916,Junior Associate
3917,Maya_3917,Junior Associate
3918,Nate_3918,Junior Associate
3919,Olivia_3919,Junior Associate
3920,Paul_3920,Junior Associate
3921,Quinn_3921,Junior Associate
3922,Rose_3922,Junior Associate
3923,Sam_3923,Junior Associate
3924,Tina_3924,Junior Associate
3925,Uma_3925,Junior Associate
3926,Victor_3926,Junior Associate
3927,Wendy_3927,Junior Associate
3928,Xander_3928,Junior Associate
3929,Yara_3929,Junior Associate
3930,Zack_3930,Junior Associate
3931,Ava_3931,Junior Associate
3932,Ben_3932,Junior Associate
3933,Chloe_3933,Junior Associate
3934,Dylan_3934,Junior Associate
3935,Ella_3935,Junior Associate
3936,Finn_3936,Junior Associate
3937,Alice_3937,Junior Associate
3938,Bob_3938,Junior Associate
3939,Carol_3939,Junior Associate
3940,Dave_3940,Junior Associate
3941,Eve_3941,Junior Associate
3942,Frank_3942,Junior Associate
3943,Grace_3943,Junior Associate
3944,Hank_3944,Junior Associate
3945,Iris_3945,Junior Associate
3946,Jack_3946,Junior Associate
3947,Karen_3947,Junior Associate
3948,Leo_3948,Junior Associate
3949,Maya_3949,Junior Associate
3950,Nate_3950,Junior Associate
3951,Olivia_3951,Junior Associate
3952,Paul_3952,Junior Associate
3953,Quinn_3953,Junior Associate
3954,Rose_3954,Junior Associate
3955,Sam_3955,Junior Associate
3956,Tina_3956,Junior Associate
3957,Uma_3957,Junior Associate
3958,Victor_3958,Junior Associate
3959,Wendy_3959,Junior Associate
3960,Xander_3960,Junior Associate
3961,Yara_3961,Junior Associate
3962,Zack_3962,Junior Associate
3963,Ava_3963,Junior Associate
3964,Ben_3964,Junior Associate
3965,Chloe_3965,Junior Associate
3966,Dylan_3966,Junior Associate
3967,Ella_3967,Junior Associate
3968,Finn_3968,Junior Associate
3969,Alice_3969,Junior Associate
3970,Bob_3970,Junior Associate
3971,Carol_3971,Junior Associate
3972,Dave_3972,Junior Associate
3973,Eve_3973,Junior Associate
3974,Frank_3974,Junior Associate
3975,Grace_3975,Junior Associate
3976,Hank_3976,Junior Associate
3977,Iris_3977,Junior Associate
3978,Jack_3978,Junior Associate
3979,Karen_3979,Junior Associate
3980,Leo_3980,Junior Associate
3981,Maya_3981,Junior Associate
3982,Nate_3982,Junior Associate
3983,Olivia_3983,Junior Associate
3984,Paul_3984,Junior Associate
3985,Quinn_3985,Junior Associate
3986,Rose_3986,Junior Associate
3987,Sam_3987,Junior Associate
3988,Tina_3988,Junior Associate
3989,Uma_3989,Junior Associate
3990,Victor_3990,Junior Associate
3991,Wendy_3991,Junior Associate
3992,Xander_3992,Junior Associate
3993,Yara_3993,Junior Associate
3994,Zack_3994,Junior Associate
3995,Ava_3995,Junior Associate
3996,Ben_3996,Junior Associate
3997,Chloe_3997,Junior Associate
3998,Dylan_3998,Junior Associate
3999,Ella_3999,Junior Associate
4000,Finn_4000,Junior Associate
4001,Alice_4001,Junior Associate
4002,Bob_4002,Junior Associate
4003,Carol_4003,Junior Associate
4004,Dave_4004,Junior Associate
4005,Eve_4005,Junior Associate
4006,Frank_4006,Junior Associate
4007,Grace_4007,Junior Associate
4008,Hank_4008,Junior Associate
4009,Iris_4009,Junior Associate
4010,Jack_4010,Junior Associate
4011,Karen_4011,Junior Associate
4012,Leo_4012,Junior Associate
4013,Maya_4013,Junior Associate
4014,Nate_4014,Junior Associate
4015,Olivia_4015,Junior Associate
4016,Paul_4016,Junior Associate
4017,Quinn_4017,Junior Associate
4018,Rose_4018,Junior Associate
4019,Sam_4019,Junior Associate
4020,Tina_4020,Junior Associate
4021,Uma_4021,Junior Associate
4022,Victor_4022,Junior Associate
4023,Wendy_4023,Junior Associate
4024,Xander_4024,Junior Associate
4025,Yara_4025,Junior Associate
4026,Zack_4026,Junior Associate
4027,Ava_4027,Junior Associate
4028,Ben_4028,Junior Associate
4029,Chloe_4029,Junior Associate
4030,Dylan_4030,Junior Associate
4031,Ella_4031,Junior Associate
4032,Finn_4032,Junior Associate
4033,Alice_4033,Junior Associate
4034,Bob_4034,Junior Associate
4035,Carol_4035,Junior Associate
4036,Dave_4036,Junior Associate
4037,Eve_4037,Junior Associate
4038,Frank_4038,Junior Associate
4039,Grace_4039,Junior Associate
4040,Hank_4040,Junior Associate
4041,Iris_4041,Junior Associate
4042,Jack_4042,Junior Associate
4043,Karen_4043,Junior Associate
4044,Leo_4044,Junior Associate
4045,Maya_4045,Junior Associate
4046,Nate_4046,Junior Associate
4047,Olivia_4047,Junior Associate
4048,Paul_4048,Junior Associate
4049,Quinn_4049,Junior Associate
4050,Rose_4050,Junior Associate
4051,Sam_4051,Junior Associate
4052,Tina_4052,Junior Associate
4053,Uma_4053,Junior Associate
4054,Victor_4054,Junior Associate
4055,Wendy_4055,Junior Associate
4056,Xander_4056,Junior Associate
4057,Yara_4057,Junior Associate
4058,Zack_4058,Junior Associate
4059,Ava_4059,Junior Associate
4060,Ben_4060,Junior Associate
4061,Chloe_4061,Junior Associate
4062,Dylan_4062,Junior Associate
4063,Ella_4063,Junior Associate
4064,Finn_4064,Junior Associate
4065,Alice_4065,Junior Associate
4066,Bob_4066,Junior Associate
4067,Carol_4067,Junior Associate
4068,Dave_4068,Junior Associate
4069,Eve_4069,Junior Associate
4070,Frank_4070,Junior Associate
4071,Grace_4071,Junior Associate
4072,Hank_4072,Junior Associate
4073,Iris_4073,Junior Associate
4074,Jack_4074,Junior Associate
4075,Karen_4075,Junior Associate
4076,Leo_4076,Junior Associate
4077,Maya_4077,Junior Associate
4078,Nate_4078,Junior Associate
4079,Olivia_4079,Junior Associate
4080,Paul_4080,Junior Associate
4081,Quinn_4081,Junior Associate
4082,Rose_4082,Junior Associate
4083,Sam_4083,Junior Associate
4084,Tina_4084,Junior Associate
4085,Uma_4085,Junior Associate
4086,Victor_4086,Junior Associate
4087,Wendy_4087,Junior Associate
4088,Xander_4088,Junior Associate
4089,Yara_4089,Junior Associate
4090,Zack_4090,Junior Associate
4091,Ava_4091,Junior Associate
4092,Ben_4092,Junior Associate
4093,Chloe_4093,Junior Associate
4094,Dylan_4094,Junior Associate
4095,Ella_4095,Junior Associate
4096,Finn_4096,Junior Associate
4097,Alice_4097,Junior Associate
4098,Bob_4098,Junior Associate
4099,Carol_4099,Junior Associate
4100,Dave_4100,Junior Associate
4101,Eve_4101,Junior Associate
4102,Frank_4102,Junior Associate
4103,Grace_4103,Junior Associate
4104,Hank_4104,Junior Associate
4105,Iris_4105,Junior Associate
4106,Jack_4106,Junior Associate
4107,Karen_4107,Junior Associate
4108,Leo_4108,Junior Associate
4109,Maya_4109,Junior Associate
4110,Nate_4110,Junior Associate
4111,Olivia_4111,Junior Associate
4112,Paul_4112,Junior Associate
4113,Quinn_4113,Junior Associate
4114,Rose_4114,Junior Associate
4115,Sam_4115,Junior Associate
4116,Tina_4116,Junior Associate
4117,Uma_4117,Junior Associate
4118,Victor_4118,Junior Associate
4119,Wendy_4119,Junior Associate
4120,Xander_4120,Junior Associate
4121,Yara_4121,Junior Associate
4122,Zack_4122,Junior Associate
4123,Ava_4123,Junior Associate
4124,Ben_4124,Junior Associate
4125,Chloe_4125,Junior Associate
4126,Dylan_4126,Junior Associate
4127,Ella_4127,Junior Associate
4128,Finn_4128,Junior Associate
4129,Alice_4129,Junior Associate
4130,Bob_4130,Junior Associate
4131,Carol_4131,Junior Associate
4132,Dave_4132,Junior Associate
4133,Eve_4133,Junior Associate
4134,Frank_4134,Junior Associate
4135,Grace_4135,Junior Associate
4136,Hank_4136,Junior Associate
4137,Iris_4137,Junior Associate
4138,Jack_4138,Junior Associate
4139,Karen_4139,Junior Associate
4140,Leo_4140,Junior Associate
4141,Maya_4141,Junior Associate
4142,Nate_4142,Junior Associate
4143,Olivia_4143,Junior Associate
4144,Paul_4144,Junior Associate
4145,Quinn_4145,Junior Associate
4146,Rose_4146,Junior Associate
4147,Sam_4147,Junior Associate
4148,Tina_4148,Junior Associate
4149,Uma_4149,Junior Associate
4150,Victor_4150,Junior Associate
4151,Wendy_4151,Junior Associate
4152,Xander_4152,Junior Associate
4153,Yara_4153,Junior Associate
4154,Zack_4154,Junior Associate
4155,Ava_4155,Junior Associate
4156,Ben_4156,Junior Associate
4157,Chloe_4157,Junior Associate
4158,Dylan_4158,Junior Associate
4159,Ella_4159,Junior Associate
4160,Finn_4160,Junior Associate
4161,Alice_4161,Junior Associate
4162,Bob_4162,Junior Associate
4163,Carol_4163,Junior Associate
4164,Dave_4164,Junior Associate
4165,Eve_4165,Junior Associate
4166,Frank_4166,Junior Associate
4167,Grace_4167,Junior Associate
4168,Hank_4168,Junior Associate
4169,Iris_4169,Junior Associate
4170,Jack_4170,Junior Associate
4171,Karen_4171,Junior Associate
4172,Leo_4172,Junior Associate
4173,Maya_4173,Junior Associate
4174,Nate_4174,Junior Associate
4175,Olivia_4175,Junior Associate
4176,Paul_4176,Junior Associate
4177,Quinn_4177,Junior Associate
4178,Rose_4178,Junior Associate
4179,Sam_4179,Junior Associate
4180,Tina_4180,Junior Associate
4181,Uma_4181,Junior Associate
4182,Victor_4182,Junior Associate
4183,Wendy_4183,Junior Associate
4184,Xander_4184,Junior Associate
4185,Yara_4185,Junior Associate
4186,Zack_4186,Junior Associate
4187,Ava_4187,Junior Associate
4188,Ben_4188,Junior Associate
4189,Chloe_4189,Junior Associate
4190,Dylan_4190,Junior Associate
4191,Ella_4191,Junior Associate
4192,Finn_4192,Junior Associate
4193,Alice_4193,Junior Associate
4194,Bob_4194,Junior Associate
4195,Carol_4195,Junior Associate
4196,Dave_4196,Junior Associate
4197,Eve_4197,Junior Associate
4198,Frank_4198,Junior Associate
4199,Grace_4199,Junior Associate
4200,Hank_4200,Junior Associate
4201,Iris_4201,Junior Associate
4202,Jack_4202,Junior Associate
4203,Karen_4203,Junior Associate
4204,Leo_4204,Junior Associate
4205,Maya_4205,Junior Associate
4206,Nate_4206,Junior Associate
4207,Olivia_4207,Junior Associate
4208,Paul_4208,Junior Associate
4209,Quinn_4209,Junior Associate
4210,Rose_4210,Junior Associate
4211,Sam_4211,Junior Associate
4212,Tina_4212,Junior Associate
4213,Uma_4213,Junior Associate
4214,Victor_4214,Junior Associate
4215,Wendy_4215,Junior Associate
4216,Xander_4216,Junior Associate
4217,Yara_4217,Junior Associate
4218,Zack_4218,Junior Associate
4219,Ava_4219,Junior Associate
4220,Ben_4220,Junior Associate
4221,Chloe_4221,Junior Associate
4222,Dylan_4222,Junior Associate
4223,Ella_4223,Junior Associate
4224,Finn_4224,Junior Associate
4225,Alice_4225,Junior Associate
4226,Bob_4226,Junior Associate
4227,Carol_4227,Junior Associate
4228,Dave_4228,Junior Associate
4229,Eve_4229,Junior Associate
4230,Frank_4230,Junior Associate
4231,Grace_4231,Junior Associate
4232,Hank_4232,Junior Associate
4233,Iris_4233,Junior Associate
4234,Jack_4234,Junior Associate
4235,Karen_4235,Junior Associate
4236,Leo_4236,Junior Associate
4237,Maya_4237,Junior Associate
4238,Nate_4238,Junior Associate
4239,Olivia_4239,Junior Associate
4240,Paul_4240,Junior Associate
4241,Quinn_4241,Junior Associate
4242,Rose_4242,Junior Associate
4243,Sam_4243,Junior Associate
4244,Tina_4244,Junior Associate
4245,Uma_4245,Junior Associate
4246,Victor_4246,Junior Associate
4247,Wendy_4247,Junior Associate
4248,Xander_4248,Junior Associate
4249,Yara_4249,Junior Associate
4250,Zack_4250,Junior Associate
4251,Ava_4251,Junior Associate
4252,Ben_4252,Junior Associate
4253,Chloe_4253,Junior Associate
4254,Dylan_4254,Junior Associate
4255,Ella_4255,Junior Associate
4256,Finn_4256,Junior Associate
4257,Alice_4257,Junior Associate
4258,Bob_4258,Junior Associate
4259,Carol_4259,Junior Associate
4260,Dave_4260,Junior Associate
4261,Eve_4261,Junior Associate
4262,Frank_4262,Junior Associate
4263,Grace_4263,Junior Associate
4264,Hank_4264,Junior Associate
4265,Iris_4265,Junior Associate
4266,Jack_4266,Junior Associate
4267,Karen_4267,Junior Associate
4268,Leo_4268,Junior Associate
4269,Maya_4269,Junior Associate
4270,Nate_4270,Junior Associate
4271,Olivia_4271,Junior Associate
4272,Paul_4272,Junior Associate
4273,Quinn_4273,Junior Associate
4274,Rose_4274,Junior Associate
4275,Sam_4275,Junior Associate
4276,Tina_4276,Junior Associate
4277,Uma_4277,Junior Associate
4278,Victor_4278,Junior Associate
4279,Wendy_4279,Junior Associate
4280,Xander_4280,Junior Associate
4281,Yara_4281,Junior Associate
4282,Zack_4282,Junior Associate
4283,Ava_4283,Junior Associate
4284,Ben_4284,Junior Associate
4285,Chloe_4285,Junior Associate
4286,Dylan_4286,Junior Associate
4287,Ella_4287,Junior Associate
4288,Finn_4288,Junior Associate
4289,Alice_4289,Junior Associate
4290,Bob_4290,Junior Associate
4291,Carol_4291,Junior Associate
4292,Dave_4292,Junior Associate
4293,Eve_4293,Junior Associate
4294,Frank_4294,Junior Associate
4295,Grace_4295,Junior Associate
4296,Hank_4296,Junior Associate
4297,Iris_4297,Junior Associate
4298,Jack_4298,Junior Associate
4299,Karen_4299,Junior Associate
4300,Leo_4300,Junior Associate
4301,Maya_4301,Junior Associate
4302,Nate_4302,Junior Associate
4303,Olivia_4303,Junior Associate
4304,Paul_4304,Junior Associate
4305,Quinn_4305,Junior Associate
4306,Rose_4306,Junior Associate
4307,Sam_4307,Junior Associate
4308,Tina_4308,Junior Associate
4309,Uma_4309,Junior Associate
4310,Victor_4310,Junior Associate
4311,Wendy_4311,Junior Associate
4312,Xander_4312,Junior Associate
4313,Yara_4313,Junior Associate
4314,Zack_4314,Junior Associate
4315,Ava_4315,Junior Associate
4316,Ben_4316,Junior Associate
4317,Chloe_4317,Junior Associate
4318,Dylan_4318,Junior Associate
4319,Ella_4319,Junior Associate
4320,Finn_4320,Junior Associate
4321,Alice_4321,Junior Associate
4322,Bob_4322,Junior Associate
4323,Carol_4323,Junior Associate
4324,Dave_4324,Junior Associate
4325,Eve_4325,Junior Associate
4326,Frank_4326,Junior Associate
4327,Grace_4327,Junior Associate
4328,Hank_4328,Junior Associate
4329,Iris_4329,Junior Associate
4330,Jack_4330,Junior Associate
4331,Karen_4331,Junior Associate
4332,Leo_4332,Junior Associate
4333,Maya_4333,Junior Associate
4334,Nate_4334,Junior Associate
4335,Olivia_4335,Junior Associate
4336,Paul_4336,Junior Associate
4337,Quinn_4337,Junior Associate
4338,Rose_4338,Junior Associate
4339,Sam_4339,Junior Associate
4340,Tina_4340,Junior Associate
4341,Uma_4341,Junior Associate
4342,Victor_4342,Junior Associate
4343,Wendy_4343,Junior Associate
4344,Xander_4344,Junior Associate
4345,Yara_4345,Junior Associate
4346,Zack_4346,Junior Associate
4347,Ava_4347,Junior Associate
4348,Ben_4348,Junior Associate
4349,Chloe_4349,Junior Associate
4350,Dylan_4350,Junior Associate
4351,Ella_4351,Junior Associate
4352,Finn_4352,Junior Associate
4353,Alice_4353,Junior Associate
4354,Bob_4354,Junior Associate
4355,Carol_4355,Junior Associate
4356,Dave_4356,Junior Associate
4357,Eve_4357,Junior Associate
4358,Frank_4358,Junior Associate
4359,Grace_4359,Junior Associate
4360,Hank_4360,Junior Associate
4361,Iris_4361,Junior Associate
4362,Jack_4362,Junior Associate
4363,Karen_4363,Junior Associate
4364,Leo_4364,Junior Associate
4365,Maya_4365,Junior Associate
4366,Nate_4366,Junior Associate
4367,Olivia_4367,Junior Associate
4368,Paul_4368,Junior Associate
4369,Quinn_4369,Junior Associate
4370,Rose_4370,Junior Associate
4371,Sam_4371,Junior Associate
4372,Tina_4372,Junior Associate
4373,Uma_4373,Junior Associate
4374,Victor_4374,Junior Associate
4375,Wendy_4375,Junior Associate
4376,Xander_4376,Junior Associate
4377,Yara_4377,Junior Associate
4378,Zack_4378,Junior Associate
4379,Ava_4379,Junior Associate
4380,Ben_4380,Junior Associate
4381,Chloe_4381,Junior Associate
4382,Dylan_4382,Junior Associate
4383,Ella_4383,Junior Associate
4384,Finn_4384,Junior Associate
4385,Alice_4385,Junior Associate
4386,Bob_4386,Junior Associate
4387,Carol_4387,Junior Associate
4388,Dave_4388,Junior Associate
4389,Eve_4389,Junior Associate
4390,Frank_4390,Junior Associate
4391,Grace_4391,Junior Associate
4392,Hank_4392,Junior Associate
4393,Iris_4393,Junior Associate
4394,Jack_4394,Junior Associate
4395,Karen_4395,Junior Associate
4396,Leo_4396,Junior Associate
4397,Maya_4397,Junior Associate
4398,Nate_4398,Junior Associate
4399,Olivia_4399,Junior Associate
4400,Paul_4400,Junior Associate
4401,Quinn_4401,Junior Associate
4402,Rose_4402,Junior Associate
4403,Sam_4403,Junior Associate
4404,Tina_4404,Junior Associate
4405,Uma_4405,Junior Associate
4406,Victor_4406,Junior Associate
4407,Wendy_4407,Junior Associate
4408,Xander_4408,Junior Associate
4409,Yara_4409,Junior Associate
4410,Zack_4410,Junior Associate
4411,Ava_4411,Junior Associate
4412,Ben_4412,Junior Associate
4413,Chloe_4413,Junior Associate
4414,Dylan_4414,Junior Associate
4415,Ella_4415,Junior Associate
4416,Finn_4416,Junior Associate
4417,Alice_4417,Junior Associate
4418,Bob_4418,Junior Associate
4419,Carol_4419,Junior Associate
4420,Dave_4420,Junior Associate
4421,Eve_4421,Junior Associate
4422,Frank_4422,Junior Associate
4423,Grace_4423,Junior Associate
4424,Hank_4424,Junior Associate
4425,Iris_4425,Junior Associate
4426,Jack_4426,Junior Associate
4427,Karen_4427,Junior Associate
4428,Leo_4428,Junior Associate
4429,Maya_4429,Junior Associate
4430,Nate_4430,Junior Associate
4431,Olivia_4431,Junior Associate
4432,Paul_4432,Junior Associate
4433,Quinn_4433,Junior Associate
4434,Rose_4434,Junior Associate
4435,Sam_4435,Junior Associate
4436,Tina_4436,Junior Associate
4437,Uma_4437,Junior Associate
4438,Victor_4438,Junior Associate
4439,Wendy_4439,Junior Associate
4440,Xander_4440,Junior Associate
4441,Yara_4441,Junior Associate
4442,Zack_4442,Junior Associate
4443,Ava_4443,Junior Associate
4444,Ben_4444,Junior Associate
4445,Chloe_4445,Junior Associate
4446,Dylan_4446,Junior Associate
4447,Ella_4447,Junior Associate
4448,Finn_4448,Junior Associate
4449,Alice_4449,Junior Associate
4450,Bob_4450,Junior Associate
4451,Carol_4451,Junior Associate
4452,Dave_4452,Junior Associate
4453,Eve_4453,Junior Associate
4454,Frank_4454,Junior Associate
4455,Grace_4455,Junior Associate
4456,Hank_4456,Junior Associate
4457,Iris_4457,Junior Associate
4458,Jack_4458,Junior Associate
4459,Karen_4459,Junior Associate
4460,Leo_4460,Junior Associate
4461,Maya_4461,Junior Associate
4462,Nate_4462,Junior Associate
4463,Olivia_4463,Junior Associate
4464,Paul_4464,Junior Associate
4465,Quinn_4465,Junior Associate
4466,Rose_4466,Junior Associate
4467,Sam_4467,Junior Associate
4468,Tina_4468,Junior Associate
4469,Uma_4469,Junior Associate
4470,Victor_4470,Junior Associate
4471,Wendy_4471,Junior Associate
4472,Xander_4472,Junior Associate
4473,Yara_4473,Junior Associate
4474,Zack_4474,Junior Associate
4475,Ava_4475,Junior Associate
4476,Ben_4476,Junior Associate
4477,Chloe_4477,Junior Associate
4478,Dylan_4478,Junior Associate
4479,Ella_4479,Junior Associate
4480,Finn_4480,Junior Associate
4481,Alice_4481,Junior Associate
4482,Bob_4482,Junior Associate
4483,Carol_4483,Junior Associate
4484,Dave_4484,Junior Associate
4485,Eve_4485,Junior Associate
4486,Frank_4486,Junior Associate
4487,Grace_4487,Junior Associate
4488,Hank_4488,Junior Associate
4489,Iris_4489,Junior Associate
4490,Jack_4490,Junior Associate
4491,Karen_4491,Junior Associate
4492,Leo_4492,Junior Associate
4493,Maya_4493,Junior Associate
4494,Nate_4494,Junior Associate
4495,Olivia_4495,Junior Associate
4496,Paul_4496,Junior Associate
4497,Quinn_4497,Junior Associate
4498,Rose_4498,Junior Associate
4499,Sam_4499,Junior Associate
4500,Tina_4500,Junior Associate
4501,Uma_4501,Junior Associate
4502,Victor_4502,Junior Associate
4503,Wendy_4503,Junior Associate
4504,Xander_4504,Junior Associate
4505,Yara_4505,Junior Associate
4506,Zack_4506,Junior Associate
4507,Ava_4507,Junior Associate
4508,Ben_4508,Junior Associate
4509,Chloe_4509,Junior Associate
4510,Dylan_4510,Junior Associate
4511,Ella_4511,Junior Associate
4512,Finn_4512,Junior Associate
4513,Alice_4513,Junior Associate
4514,Bob_4514,Junior Associate
4515,Carol_4515,Junior Associate
4516,Dave_4516,Junior Associate
4517,Eve_4517,Junior Associate
4518,Frank_4518,Junior Associate
4519,Grace_4519,Junior Associate
4520,Hank_4520,Junior Associate
4521,Iris_4521,Junior Associate
4522,Jack_4522,Junior Associate
4523,Karen_4523,Junior Associate
4524,Leo_4524,Junior Associate
4525,Maya_4525,Junior Associate
4526,Nate_4526,Junior Associate
4527,Olivia_4527,Junior Associate
4528,Paul_4528,Junior Associate
4529,Quinn_4529,Junior Associate
4530,Rose_4530,Junior Associate
4531,Sam_4531,Junior Associate
4532,Tina_4532,Junior Associate
4533,Uma_4533,Junior Associate
4534,Victor_4534,Junior Associate
4535,Wendy_4535,Junior Associate
4536,Xander_4536,Junior Associate
4537,Yara_4537,Junior Associate
4538,Zack_4538,Junior Associate
4539,Ava_4539,Junior Associate
4540,Ben_4540,Junior Associate
4541,Chloe_4541,Junior Associate
4542,Dylan_4542,Junior Associate
4543,Ella_4543,Junior Associate
4544,Finn_4544,Junior Associate
4545,Alice_4545,Junior Associate
4546,Bob_4546,Junior Associate
4547,Carol_4547,Junior Associate
4548,Dave_4548,Junior Associate
4549,Eve_4549,Junior Associate
4550,Frank_4550,Junior Associate
4551,Grace_4551,Junior Associate
4552,Hank_4552,Junior Associate
4553,Iris_4553,Junior Associate
4554,Jack_4554,Junior Associate
4555,Karen_4555,Junior Associate
4556,Leo_4556,Junior Associate
4557,Maya_4557,Junior Associate
4558,Nate_4558,Junior Associate
4559,Olivia_4559,Junior Associate
4560,Paul_4560,Junior Associate
4561,Quinn_4561,Junior Associate
4562,Rose_4562,Junior Associate
4563,Sam_4563,Junior Associate
4564,Tina_4564,Junior Associate
4565,Uma_4565,Junior Associate
4566,Victor_4566,Junior Associate
4567,Wendy_4567,Junior Associate
4568,Xander_4568,Junior Associate
4569,Yara_4569,Junior Associate
4570,Zack_4570,Junior Associate
4571,Ava_4571,Junior Associate
4572,Ben_4572,Junior Associate
4573,Chloe_4573,Junior Associate
4574,Dylan_4574,Junior Associate
4575,Ella_4575,Junior Associate
4576,Finn_4576,Junior Associate
4577,Alice_4577,Junior Associate
4578,Bob_4578,Junior Associate
4579,Carol_4579,Junior Associate
4580,Dave_4580,Junior Associate
4581,Eve_4581,Junior Associate
4582,Frank_4582,Junior Associate
4583,Grace_4583,Junior Associate
4584,Hank_4584,Junior Associate
4585,Iris_4585,Junior Associate
4586,Jack_4586,Junior Associate
4587,Karen_4587,Junior Associate
4588,Leo_4588,Junior Associate
4589,Maya_4589,Junior Associate
4590,Nate_4590,Junior Associate
4591,Olivia_4591,Junior Associate
4592,Paul_4592,Junior Associate
4593,Quinn_4593,Junior Associate
4594,Rose_4594,Junior Associate
4595,Sam_4595,Junior Associate
4596,Tina_4596,Junior Associate
4597,Uma_4597,Junior Associate
4598,Victor_4598,Junior Associate
4599,Wendy_4599,Junior Associate
4600,Xander_4600,Junior Associate
4601,Yara_4601,Junior Associate
4602,Zack_4602,Junior Associate
4603,Ava_4603,Junior Associate
4604,Ben_4604,Junior Associate
4605,Chloe_4605,Junior Associate
4606,Dylan_4606,Junior Associate
4607,Ella_4607,Junior Associate
4608,Finn_4608,Junior Associate
4609,Alice_4609,Junior Associate
4610,Bob_4610,Junior Associate
4611,Carol_4611,Junior Associate
4612,Dave_4612,Junior Associate
4613,Eve_4613,Junior Associate
4614,Frank_4614,Junior Associate
4615,Grace_4615,Junior Associate
4616,Hank_4616,Junior Associate
4617,Iris_4617,Junior Associate
4618,Jack_4618,Junior Associate
4619,Karen_4619,Junior Associate
4620,Leo_4620,Junior Associate
4621,Maya_4621,Junior Associate
4622,Nate_4622,Junior Associate
4623,Olivia_4623,Junior Associate
4624,Paul_4624,Junior Associate
4625,Quinn_4625,Junior Associate
4626,Rose_4626,Junior Associate
4627,Sam_4627,Junior Associate
4628,Tina_4628,Junior Associate
4629,Uma_4629,Junior Associate
4630,Victor_4630,Junior Associate
4631,Wendy_4631,Junior Associate
4632,Xander_4632,Junior Associate
4633,Yara_4633,Junior Associate
4634,Zack_4634,Junior Associate
4635,Ava_4635,Junior Associate
4636,Ben_4636,Junior Associate
4637,Chloe_4637,Junior Associate
4638,Dylan_4638,Junior Associate
4639,Ella_4639,Junior Associate
4640,Finn_4640,Junior Associate
4641,Alice_4641,Junior Associate
4642,Bob_4642,Junior Associate
4643,Carol_4643,Junior Associate
4644,Dave_4644,Junior Associate
4645,Eve_4645,Junior Associate
4646,Frank_4646,Junior Associate
4647,Grace_4647,Junior Associate
4648,Hank_4648,Junior Associate
4649,Iris_4649,Junior Associate
4650,Jack_4650,Junior Associate
4651,Karen_4651,Junior Associate
4652,Leo_4652,Junior Associate
4653,Maya_4653,Junior Associate
4654,Nate_4654,Junior Associate
4655,Olivia_4655,Junior Associate
4656,Paul_4656,Junior Associate
4657,Quinn_4657,Junior Associate
4658,Rose_4658,Junior Associate
4659,Sam_4659,Junior Associate
4660,Tina_4660,Junior Associate
4661,Uma_4661,Junior Associate
4662,Victor_4662,Junior Associate
4663,Wendy_4663,Junior Associate
4664,Xander_4664,Junior Associate
4665,Yara_4665,Junior Associate
4666,Zack_4666,Junior Associate
4667,Ava_4667,Junior Associate
4668,Ben_4668,Junior Associate
4669,Chloe_4669,Junior Associate
4670,Dylan_4670,Junior Associate
4671,Ella_4671,Junior Associate
4672,Finn_4672,Junior Associate
4673,Alice_4673,Junior Associate
4674,Bob_4674,Junior Associate
4675,Carol_4675,Junior Associate
4676,Dave_4676,Junior Associate
4677,Eve_4677,Junior Associate
4678,Frank_4678,Junior Associate
4679,Grace_4679,Junior Associate
4680,Hank_4680,Junior Associate
4681,Iris_4681,Junior Associate
4682,Jack_4682,Junior Associate
4683,Karen_4683,Junior Associate
4684,Leo_4684,Junior Associate
4685,Maya_4685,Junior Associate
4686,Nate_4686,Junior Associate
4687,Olivia_4687,Junior Associate
4688,Paul_4688,Junior Associate
4689,Quinn_4689,Junior Associate
4690,Rose_4690,Junior Associate
4691,Sam_4691,Junior Associate
4692,Tina_4692,Junior Associate
4693,Uma_4693,Junior Associate
4694,Victor_4694,Junior Associate
4695,Wendy_4695,Junior Associate
4696,Xander_4696,Junior Associate
4697,Yara_4697,Junior Associate
4698,Zack_4698,Junior Associate
4699,Ava_4699,Junior Associate
4700,Ben_4700,Junior Associate
4701,Chloe_4701,Junior Associate
4702,Dylan_4702,Junior Associate
4703,Ella_4703,Junior Associate
4704,Finn_4704,Junior Associate
4705,Alice_4705,Junior Associate
4706,Bob_4706,Junior Associate
4707,Carol_4707,Junior Associate
4708,Dave_4708,Junior Associate
4709,Eve_4709,Junior Associate
4710,Frank_4710,Junior Associate
4711,Grace_4711,Junior Associate
4712,Hank_4712,Junior Associate
4713,Iris_4713,Junior Associate
4714,Jack_4714,Junior Associate
4715,Karen_4715,Junior Associate
4716,Leo_4716,Junior Associate
4717,Maya_4717,Junior Associate
4718,Nate_4718,Junior Associate
4719,Olivia_4719,Junior Associate
4720,Paul_4720,Junior Associate
4721,Quinn_4721,Junior Associate
4722,Rose_4722,Junior Associate
4723,Sam_4723,Junior Associate
4724,Tina_4724,Junior Associate
4725,Uma_4725,Junior Associate
4726,Victor_4726,Junior Associate
4727,Wendy_4727,Junior Associate
4728,Xander_4728,Junior Associate
4729,Yara_4729,Junior Associate
4730,Zack_4730,Junior Associate
4731,Ava_4731,Junior Associate
4732,Ben_4732,Junior Associate
4733,Chloe_4733,Junior Associate
4734,Dylan_4734,Junior Associate
4735,Ella_4735,Junior Associate
4736,Finn_4736,Junior Associate
4737,Alice_4737,Junior Associate
4738,Bob_4738,Junior Associate
4739,Carol_4739,Junior Associate
4740,Dave_4740,Junior Associate
4741,Eve_4741,Junior Associate
4742,Frank_4742,Junior Associate
4743,Grace_4743,Junior Associate
4744,Hank_4744,Junior Associate
4745,Iris_4745,Junior Associate
4746,Jack_4746,Junior Associate
4747,Karen_4747,Junior Associate
4748,Leo_4748,Junior Associate
4749,Maya_4749,Junior Associate
4750,Nate_4750,Junior Associate
4751,Olivia_4751,Junior Associate
4752,Paul_4752,Junior Associate
4753,Quinn_4753,Junior Associate
4754,Rose_4754,Junior Associate
4755,Sam_4755,Junior Associate
4756,Tina_4756,Junior Associate
4757,Uma_4757,Junior Associate
4758,Victor_4758,Junior Associate
4759,Wendy_4759,Junior Associate
4760,Xander_4760,Junior Associate
4761,Yara_4761,Junior Associate
4762,Zack_4762,Junior Associate
4763,Ava_4763,Junior Associate
4764,Ben_4764,Junior Associate
4765,Chloe_4765,Junior Associate
4766,Dylan_4766,Junior Associate
4767,Ella_4767,Junior Associate
4768,Finn_4768,Junior Associate
4769,Alice_4769,Junior Associate
4770,Bob_4770,Junior Associate
4771,Carol_4771,Junior Associate
4772,Dave_4772,Junior Associate
4773,Eve_4773,Junior Associate
4774,Frank_4774,Junior Associate
4775,Grace_4775,Junior Associate
4776,Hank_4776,Junior Associate
4777,Iris_4777,Junior Associate
4778,Jack_4778,Junior Associate
4779,Karen_4779,Junior Associate
4780,Leo_4780,Junior Associate
4781,Maya_4781,Junior Associate
4782,Nate_4782,Junior Associate
4783,Olivia_4783,Junior Associate
4784,Paul_4784,Junior Associate
4785,Quinn_4785,Junior Associate
4786,Rose_4786,Junior Associate
4787,Sam_4787,Junior Associate
4788,Tina_4788,Junior Associate
4789,Uma_4789,Junior Associate
4790,Victor_4790,Junior Associate
4791,Wendy_4791,Junior Associate
4792,Xander_4792,Junior Associate
4793,Yara_4793,Junior Associate
4794,Zack_4794,Junior Associate
4795,Ava_4795,Junior Associate
4796,Ben_4796,Junior Associate
4797,Chloe_4797,Junior Associate
4798,Dylan_4798,Junior Associate
4799,Ella_4799,Junior Associate
4800,Finn_4800,Junior Associate
4801,Alice_4801,Junior Associate
4802,Bob_4802,Junior Associate
4803,Carol_4803,Junior Associate
4804,Dave_4804,Junior Associate
4805,Eve_4805,Junior Associate
4806,Frank_4806,Junior Associate
4807,Grace_4807,Junior Associate
4808,Hank_4808,Junior Associate
4809,Iris_4809,Junior Associate
4810,Jack_4810,Junior Associate
4811,Karen_4811,Junior Associate
4812,Leo_4812,Junior Associate
4813,Maya_4813,Junior Associate
4814,Nate_4814,Junior Associate
4815,Olivia_4815,Junior Associate
4816,Paul_4816,Junior Associate
4817,Quinn_4817,Junior Associate
4818,Rose_4818,Junior Associate
4819,Sam_4819,Junior Associate
4820,Tina_4820,Junior Associate
4821,Uma_4821,Junior Associate
4822,Victor_4822,Junior Associate
4823,Wendy_4823,Junior Associate
4824,Xander_4824,Junior Associate
4825,Yara_4825,Junior Associate
4826,Zack_4826,Junior Associate
4827,Ava_4827,Junior Associate
4828,Ben_4828,Junior Associate
4829,Chloe_4829,Junior Associate
4830,Dylan_4830,Junior Associate
4831,Ella_4831,Junior Associate
4832,Finn_4832,Junior Associate
4833,Alice_4833,Junior Associate
4834,Bob_4834,Junior Associate
4835,Carol_4835,Junior Associate
4836,Dave_4836,Junior Associate
4837,Eve_4837,Junior Associate
4838,Frank_4838,Junior Associate
4839,Grace_4839,Junior Associate
4840,Hank_4840,Junior Associate
4841,Iris_4841,Junior Associate
4842,Jack_4842,Junior Associate
4843,Karen_4843,Junior Associate
4844,Leo_4844,Junior Associate
4845,Maya_4845,Junior Associate
4846,Nate_4846,Junior Associate
4847,Olivia_4847,Junior Associate
4848,Paul_4848,Junior Associate
4849,Quinn_4849,Junior Associate
4850,Rose_4850,Junior Associate
4851,Sam_4851,Junior Associate
4852,Tina_4852,Junior Associate
4853,Uma_4853,Junior Associate
4854,Victor_4854,Junior Associate
4855,Wendy_4855,Junior Associate
4856,Xander_4856,Junior Associate
4857,Yara_4857,Junior Associate
4858,Zack_4858,Junior Associate
4859,Ava_4859,Junior Associate
4860,Ben_4860,Junior Associate
4861,Chloe_4861,Junior Associate
4862,Dylan_4862,Junior Associate
4863,Ella_4863,Junior Associate
4864,Finn_4864,Junior Associate
4865,Alice_4865,Junior Associate
4866,Bob_4866,Junior Associate
4867,Carol_4867,Junior Associate
4868,Dave_4868,Junior Associate
4869,Eve_4869,Junior Associate
4870,Frank_4870,Junior Associate
4871,Grace_4871,Junior Associate
4872,Hank_4872,Junior Associate
4873,Iris_4873,Junior Associate
4874,Jack_4874,Junior Associate
4875,Karen_4875,Junior Associate
4876,Leo_4876,Junior Associate
4877,Maya_4877,Junior Associate
4878,Nate_4878,Junior Associate
4879,Olivia_4879,Junior Associate
4880,Paul_4880,Junior Associate
4881,Quinn_4881,Junior Associate
4882,Rose_4882,Junior Associate
4883,Sam_4883,Junior Associate
4884,Tina_4884,Junior Associate
4885,Uma_4885,Junior Associate
4886,Victor_4886,Junior Associate
4887,Wendy_4887,Junior Associate
4888,Xander_4888,Junior Associate
4889,Yara_4889,Junior Associate
4890,Zack_4890,Junior Associate
4891,Ava_4891,Junior Associate
4892,Ben_4892,Junior Associate
4893,Chloe_4893,Junior Associate
4894,Dylan_4894,Junior Associate
4895,Ella_4895,Junior Associate
4896,Finn_4896,Junior Associate
4897,Alice_4897,Junior Associate
4898,Bob_4898,Junior Associate
4899,Carol_4899,Junior Associate
4900,Dave_4900,Junior Associate
4901,Eve_4901,Junior Associate
4902,Frank_4902,Junior Associate
4903,Grace_4903,Junior Associate
4904,Hank_4904,Junior Associate
4905,Iris_4905,Junior Associate
4906,Jack_4906,Junior Associate
4907,Karen_4907,Junior Associate
4908,Leo_4908,Junior Associate
4909,Maya_4909,Junior Associate
4910,Nate_4910,Junior Associate
4911,Olivia_4911,Junior Associate
4912,Paul_4912,Junior Associate
4913,Quinn_4913,Junior Associate
4914,Rose_4914,Junior Associate
4915,Sam_4915,Junior Associate
4916,Tina_4916,Junior Associate
4917,Uma_4917,Junior Associate
4918,Victor_4918,Junior Associate
4919,Wendy_4919,Junior Associate
4920,Xander_4920,Junior Associate
4921,Yara_4921,Junior Associate
4922,Zack_4922,Junior Associate
4923,Ava_4923,Junior Associate
4924,Ben_4924,Junior Associate
4925,Chloe_4925,Junior Associate
4926,Dylan_4926,Junior Associate
4927,Ella_4927,Junior Associate
4928,Finn_4928,Junior Associate
4929,Alice_4929,Junior Associate
4930,Bob_4930,Junior Associate
4931,Carol_4931,Junior Associate
4932,Dave_4932,Junior Associate
4933,Eve_4933,Junior Associate
4934,Frank_4934,Junior Associate
4935,Grace_4935,Junior Associate
4936,Hank_4936,Junior Associate
4937,Iris_4937,Junior Associate
4938,Jack_4938,Junior Associate
4939,Karen_4939,Junior Associate
4940,Leo_4940,Junior Associate
4941,Maya_4941,Junior Associate
4942,Nate_4942,Junior Associate
4943,Olivia_4943,Junior Associate
4944,Paul_4944,Junior Associate
4945,Quinn_4945,Junior Associate
4946,Rose_4946,Junior Associate
4947,Sam_4947,Junior Associate
4948,Tina_4948,Junior Associate
4949,Uma_4949,Junior Associate
4950,Victor_4950,Junior Associate
4951,Wendy_4951,Junior Associate
4952,Xander_4952,Junior Associate
4953,Yara_4953,Junior Associate
4954,Zack_4954,Junior Associate
4955,Ava_4955,Junior Associate
4956,Ben_4956,Junior Associate
4957,Chloe_4957,Junior Associate
4958,Dylan_4958,Junior Associate
4959,Ella_4959,Junior Associate
4960,Finn_4960,Junior Associate
4961,Alice_4961,Junior Associate
4962,Bob_4962,Junior Associate
4963,Carol_4963,Junior Associate
4964,Dave_4964,Junior Associate
4965,Eve_4965,Junior Associate
4966,Frank_4966,Junior Associate
4967,Grace_4967,Junior Associate
4968,Hank_4968,Junior Associate
4969,Iris_4969,Junior Associate
4970,Jack_4970,Junior Associate
4971,Karen_4971,Junior Associate
4972,Leo_4972,Junior Associate
4973,Maya_4973,Junior Associate
4974,Nate_4974,Junior Associate
4975,Olivia_4975,Junior Associate
4976,Paul_4976,Junior Associate
4977,Quinn_4977,Junior Associate
4978,Rose_4978,Junior Associate
4979,Sam_4979,Junior Associate
4980,Tina_4980,Junior Associate
4981,Uma_4981,Junior Associate
4982,Victor_4982,Junior Associate
4983,Wendy_4983,Junior Associate
4984,Xander_4984,Junior Associate
4985,Yara_4985,Junior Associate
4986,Zack_4986,Junior Associate
4987,Ava_4987,Junior Associate
4988,Ben_4988,Junior Associate
4989,Chloe_4989,Junior Associate
4990,Dylan_4990,Junior Associate
4991,Ella_4991,Junior Associate
4992,Finn_4992,Junior Associate
4993,Alice_4993,Junior Associate
4994,Bob_4994,Junior Associate
4995,Carol_4995,Junior Associate
4996,Dave_4996,Junior Associate
4997,Eve_4997,Junior Associate
4998,Frank_4998,Junior Associate
4999,Grace_4999,Junior Associate
5000,Hank_5000,Junior Associate
5001,Iris_5001,Junior Associate
5002,Jack_5002,Junior Associate
5003,Karen_5003,Junior Associate
5004,Leo_5004,Junior Associate
5005,Maya_5005,Junior Associate
5006,Nate_5006,Junior Associate
5007,Olivia_5007,Junior Associate
5008,Paul_5008,Junior Associate
5009,Quinn_5009,Junior Associate
5010,Rose_5010,Junior Associate
5011,Sam_5011,Junior Associate
5012,Tina_5012,Junior Associate
5013,Uma_5013,Junior Associate
5014,Victor_5014,Junior Associate
5015,Wendy_5015,Junior Associate
5016,Xander_5016,Junior Associate
5017,Yara_5017,Junior Associate
5018,Zack_5018,Junior Associate
5019,Ava_5019,Junior Associate
5020,Ben_5020,Junior Associate
5021,Chloe_5021,Junior Associate
5022,Dylan_5022,Junior Associate
5023,Ella_5023,Junior Associate
5024,Finn_5024,Junior Associate
5025,Alice_5025,Junior Associate
5026,Bob_5026,Junior Associate
5027,Carol_5027,Junior Associate
5028,Dave_5028,Junior Associate
5029,Eve_5029,Junior Associate
5030,Frank_5030,Junior Associate
5031,Grace_5031,Junior Associate
5032,Hank_5032,Junior Associate
5033,Iris_5033,Junior Associate
5034,Jack_5034,Junior Associate
5035,Karen_5035,Junior Associate
5036,Leo_5036,Junior Associate
5037,Maya_5037,Junior Associate
5038,Nate_5038,Junior Associate
5039,Olivia_5039,Junior Associate
5040,Paul_5040,Junior Associate
5041,Quinn_5041,Junior Associate
5042,Rose_5042,Junior Associate
5043,Sam_5043,Junior Associate
5044,Tina_5044,Junior Associate
5045,Uma_5045,Junior Associate
5046,Victor_5046,Junior Associate
5047,Wendy_5047,Junior Associate
5048,Xander_5048,Junior Associate
5049,Yara_5049,Junior Associate
5050,Zack_5050,Junior Associate
5051,Ava_5051,Junior Associate
5052,Ben_5052,Junior Associate
5053,Chloe_5053,Junior Associate
5054,Dylan_5054,Junior Associate
5055,Ella_5055,Junior Associate
5056,Finn_5056,Junior Associate
5057,Alice_5057,Junior Associate
5058,Bob_5058,Junior Associate
5059,Carol_5059,Junior Associate
5060,Dave_5060,Junior Associate
5061,Eve_5061,Junior Associate
5062,Frank_5062,Junior Associate
5063,Grace_5063,Junior Associate
5064,Hank_5064,Junior Associate
5065,Iris_5065,Junior Associate
5066,Jack_5066,Junior Associate
5067,Karen_5067,Junior Associate
5068,Leo_5068,Junior Associate
5069,Maya_5069,Junior Associate
5070,Nate_5070,Junior Associate
5071,Olivia_5071,Junior Associate
5072,Paul_5072,Junior Associate
5073,Quinn_5073,Junior Associate
5074,Rose_5074,Junior Associate
5075,Sam_5075,Junior Associate
5076,Tina_5076,Junior Associate
5077,Uma_5077,Junior Associate
5078,Victor_5078,Junior Associate
5079,Wendy_5079,Junior Associate
5080,Xander_5080,Junior Associate
5081,Yara_5081,Junior Associate
5082,Zack_5082,Junior Associate
5083,Ava_5083,Junior Associate
5084,Ben_5084,Junior Associate
5085,Chloe_5085,Junior Associate
5086,Dylan_5086,Junior Associate
5087,Ella_5087,Junior Associate
5088,Finn_5088,Junior Associate
5089,Alice_5089,Junior Associate
5090,Bob_5090,Junior Associate
5091,Carol_5091,Junior Associate
5092,Dave_5092,Junior Associate
5093,Eve_5093,Junior Associate
5094,Frank_5094,Junior Associate
5095,Grace_5095,Junior Associate
5096,Hank_5096,Junior Associate
5097,Iris_5097,Junior Associate
5098,Jack_5098,Junior Associate
5099,Karen_5099,Junior Associate
5100,Leo_5100,Junior Associate
5101,Maya_5101,Junior Associate
5102,Nate_5102,Junior Associate
5103,Olivia_5103,Junior Associate
5104,Paul_5104,Junior Associate
5105,Quinn_5105,Junior Associate
5106,Rose_5106,Junior Associate
5107,Sam_5107,Junior Associate
5108,Tina_5108,Junior Associate
5109,Uma_5109,Junior Associate
5110,Victor_5110,Junior Associate
5111,Wendy_5111,Junior Associate
5112,Xander_5112,Junior Associate
5113,Yara_5113,Junior Associate
5114,Zack_5114,Junior Associate
5115,Ava_5115,Junior Associate
5116,Ben_5116,Junior Associate
5117,Chloe_5117,Junior Associate
5118,Dylan_5118,Junior Associate
5119,Ella_5119,Junior Associate
5120,Finn_5120,Junior Associate
5121,Alice_5121,Junior Associate
5122,Bob_5122,Junior Associate
5123,Carol_5123,Junior Associate
5124,Dave_5124,Junior Associate
5125,Eve_5125,Junior Associate
5126,Frank_5126,Junior Associate
5127,Grace_5127,Junior Associate
5128,Hank_5128,Junior Associate
5129,Iris_5129,Junior Associate
5130,Jack_5130,Junior Associate
5131,Karen_5131,Junior Associate
5132,Leo_5132,Junior Associate
5133,Maya_5133,Junior Associate
5134,Nate_5134,Junior Associate
5135,Olivia_5135,Junior Associate
5136,Paul_5136,Junior Associate
5137,Quinn_5137,Junior Associate
5138,Rose_5138,Junior Associate
5139,Sam_5139,Junior Associate
5140,Tina_5140,Junior Associate
5141,Uma_5141,Junior Associate
5142,Victor_5142,Junior Associate
5143,Wendy_5143,Junior Associate
5144,Xander_5144,Junior Associate
5145,Yara_5145,Junior Associate
5146,Zack_5146,Junior Associate
5147,Ava_5147,Junior Associate
5148,Ben_5148,Junior Associate
5149,Chloe_5149,Junior Associate
5150,Dylan_5150,Junior Associate
5151,Ella_5151,Junior Associate
5152,Finn_5152,Junior Associate
5153,Alice_5153,Junior Associate
5154,Bob_5154,Junior Associate
5155,Carol_5155,Junior Associate
5156,Dave_5156,Junior Associate
5157,Eve_5157,Junior Associate
5158,Frank_5158,Junior Associate
5159,Grace_5159,Junior Associate
5160,Hank_5160,Junior Associate
5161,Iris_5161,Junior Associate
5162,Jack_5162,Junior Associate
5163,Karen_5163,Junior Associate
5164,Leo_5164,Junior Associate
5165,Maya_5165,Junior Associate
5166,Nate_5166,Junior Associate
5167,Olivia_5167,Junior Associate
5168,Paul_5168,Junior Associate
5169,Quinn_5169,Junior Associate
5170,Rose_5170,Junior Associate
5171,Sam_5171,Junior Associate
5172,Tina_5172,Junior Associate
5173,Uma_5173,Junior Associate
5174,Victor_5174,Junior Associate
5175,Wendy_5175,Junior Associate
5176,Xander_5176,Junior Associate
5177,Yara_5177,Junior Associate
5178,Zack_5178,Junior Associate
5179,Ava_5179,Junior Associate
5180,Ben_5180,Junior Associate
5181,Chloe_5181,Junior Associate
5182,Dylan_5182,Junior Associate
5183,Ella_5183,Junior Associate
5184,Finn_5184,Junior Associate
5185,Alice_5185,Junior Associate
5186,Bob_5186,Junior Associate
5187,Carol_5187,Junior Associate
5188,Dave_5188,Junior Associate
5189,Eve_5189,Junior Associate
5190,Frank_5190,Junior Associate
5191,Grace_5191,Junior Associate
5192,Hank_5192,Junior Associate
5193,Iris_5193,Junior Associate
5194,Jack_5194,Junior Associate
5195,Karen_5195,Junior Associate
5196,Leo_5196,Junior Associate
5197,Maya_5197,Junior Associate
5198,Nate_5198,Junior Associate
5199,Olivia_5199,Junior Associate
5200,Paul_5200,Junior Associate
5201,Quinn_5201,Junior Associate
5202,Rose_5202,Junior Associate
5203,Sam_5203,Junior Associate
5204,Tina_5204,Junior Associate
5205,Uma_5205,Junior Associate
5206,Victor_5206,Junior Associate
5207,Wendy_5207,Junior Associate
5208,Xander_5208,Junior Associate
5209,Yara_5209,Junior Associate
5210,Zack_5210,Junior Associate
5211,Ava_5211,Junior Associate
5212,Ben_5212,Junior Associate
5213,Chloe_5213,Junior Associate
5214,Dylan_5214,Junior Associate
5215,Ella_5215,Junior Associate
5216,Finn_5216,Junior Associate
5217,Alice_5217,Junior Associate
5218,Bob_5218,Junior Associate
5219,Carol_5219,Junior Associate
5220,Dave_5220,Junior Associate
5221,Eve_5221,Junior Associate
5222,Frank_5222,Junior Associate
5223,Grace_5223,Junior Associate
5224,Hank_5224,Junior Associate
5225,Iris_5225,Junior Associate
5226,Jack_5226,Junior Associate
5227,Karen_5227,Junior Associate
5228,Leo_5228,Junior Associate
5229,Maya_5229,Junior Associate
5230,Nate_5230,Junior Associate
5231,Olivia_5231,Junior Associate
5232,Paul_5232,Junior Associate
5233,Quinn_5233,Junior Associate
5234,Rose_5234,Junior Associate
5235,Sam_5235,Junior Associate
5236,Tina_5236,Junior Associate
5237,Uma_5237,Junior Associate
5238,Victor_5238,Junior Associate
5239,Wendy_5239,Junior Associate
5240,Xander_5240,Junior Associate
5241,Yara_5241,Junior Associate
5242,Zack_5242,Junior Associate
5243,Ava_5243,Junior Associate
5244,Ben_5244,Junior Associate
5245,Chloe_5245,Junior Associate
5246,Dylan_5246,Junior Associate
5247,Ella_5247,Junior Associate
5248,Finn_5248,Junior Associate
5249,Alice_5249,Junior Associate
5250,Bob_5250,Junior Associate
5251,Carol_5251,Junior Associate
5252,Dave_5252,Junior Associate
5253,Eve_5253,Junior Associate
5254,Frank_5254,Junior Associate
5255,Grace_5255,Junior Associate
5256,Hank_5256,Junior Associate
5257,Iris_5257,Junior Associate
5258,Jack_5258,Junior Associate
5259,Karen_5259,Junior Associate
5260,Leo_5260,Junior Associate
5261,Maya_5261,Junior Associate
5262,Nate_5262,Junior Associate
5263,Olivia_5263,Junior Associate
5264,Paul_5264,Junior Associate
5265,Quinn_5265,Junior Associate
5266,Rose_5266,Junior Associate
5267,Sam_5267,Junior Associate
5268,Tina_5268,Junior Associate
5269,Uma_5269,Junior Associate
5270,Victor_5270,Junior Associate
5271,Wendy_5271,Junior Associate
5272,Xander_5272,Junior Associate
5273,Yara_5273,Junior Associate
5274,Zack_5274,Junior Associate
5275,Ava_5275,Junior Associate
5276,Ben_5276,Junior Associate
5277,Chloe_5277,Junior Associate
5278,Dylan_5278,Junior Associate
5279,Ella_5279,Junior Associate
5280,Finn_5280,Junior Associate
5281,Alice_5281,Junior Associate
5282,Bob_5282,Junior Associate
5283,Carol_5283,Junior Associate
5284,Dave_5284,Junior Associate
5285,Eve_5285,Junior Associate
5286,Frank_5286,Junior Associate
5287,Grace_5287,Junior Associate
5288,Hank_5288,Junior Associate
5289,Iris_5289,Junior Associate
5290,Jack_5290,Junior Associate
5291,Karen_5291,Junior Associate
5292,Leo_5292,Junior Associate
5293,Maya_5293,Junior Associate
5294,Nate_5294,Junior Associate
5295,Olivia_5295,Junior Associate
5296,Paul_5296,Junior Associate
5297,Quinn_5297,Junior Associate
5298,Rose_5298,Junior Associate
5299,Sam_5299,Junior Associate
5300,Tina_5300,Junior Associate
5301,Uma_5301,Junior Associate
5302,Victor_5302,Junior Associate
5303,Wendy_5303,Junior Associate
5304,Xander_5304,Junior Associate
5305,Yara_5305,Junior Associate
5306,Zack_5306,Junior Associate
5307,Ava_5307,Junior Associate
5308,Ben_5308,Junior Associate
5309,Chloe_5309,Junior Associate
5310,Dylan_5310,Junior Associate
5311,Ella_5311,Junior Associate
5312,Finn_5312,Junior Associate
5313,Alice_5313,Junior Associate
5314,Bob_5314,Junior Associate
5315,Carol_5315,Junior Associate
5316,Dave_5316,Junior Associate
5317,Eve_5317,Junior Associate
5318,Frank_5318,Junior Associate
5319,Grace_5319,Junior Associate
5320,Hank_5320,Junior Associate
5321,Iris_5321,Junior Associate
5322,Jack_5322,Junior Associate
5323,Karen_5323,Junior Associate
5324,Leo_5324,Junior Associate
5325,Maya_5325,Junior Associate
5326,Nate_5326,Junior Associate
5327,Olivia_5327,Junior Associate
5328,Paul_5328,Junior Associate
5329,Quinn_5329,Junior Associate
5330,Rose_5330,Junior Associate
5331,Sam_5331,Junior Associate
5332,Tina_5332,Junior Associate
5333,Uma_5333,Junior Associate
5334,Victor_5334,Junior Associate
5335,Wendy_5335,Junior Associate
5336,Xander_5336,Junior Associate
5337,Yara_5337,Junior Associate
5338,Zack_5338,Junior Associate
5339,Ava_5339,Junior Associate
5340,Ben_5340,Junior Associate
5341,Chloe_5341,Junior Associate
5342,Dylan_5342,Junior Associate
5343,Ella_5343,Junior Associate
5344,Finn_5344,Junior Associate
5345,Alice_5345,Junior Associate
5346,Bob_5346,Junior Associate
5347,Carol_5347,Junior Associate
5348,Dave_5348,Junior Associate
5349,Eve_5349,Junior Associate
5350,Frank_5350,Junior Associate
5351,Grace_5351,Junior Associate
5352,Hank_5352,Junior Associate
5353,Iris_5353,Junior Associate
5354,Jack_5354,Junior Associate
5355,Karen_5355,Junior Associate
5356,Leo_5356,Junior Associate
5357,Maya_5357,Junior Associate
5358,Nate_5358,Junior Associate
5359,Olivia_5359,Junior Associate
5360,Paul_5360,Junior Associate
5361,Quinn_5361,Junior Associate
5362,Rose_5362,Junior Associate
5363,Sam_5363,Junior Associate
5364,Tina_5364,Junior Associate
5365,Uma_5365,Junior Associate
5366,Victor_5366,Junior Associate
5367,Wendy_5367,Junior Associate
5368,Xander_5368,Junior Associate
5369,Yara_5369,Junior Associate
5370,Zack_5370,Junior Associate
5371,Ava_5371,Junior Associate
5372,Ben_5372,Junior Associate
5373,Chloe_5373,Junior Associate
5374,Dylan_5374,Junior Associate
5375,Ella_5375,Junior Associate
5376,Finn_5376,Junior Associate
5377,Alice_5377,Junior Associate
5378,Bob_5378,Junior Associate
5379,Carol_5379,Junior Associate
5380,Dave_5380,Junior Associate
5381,Eve_5381,Junior Associate
5382,Frank_5382,Junior Associate
5383,Grace_5383,Junior Associate
5384,Hank_5384,Junior Associate
5385,Iris_5385,Junior Associate
5386,Jack_5386,Junior Associate
5387,Karen_5387,Junior Associate
5388,Leo_5388,Junior Associate
5389,Maya_5389,Junior Associate
5390,Nate_5390,Junior Associate
5391,Olivia_5391,Junior Associate
5392,Paul_5392,Junior Associate
5393,Quinn_5393,Junior Associate
5394,Rose_5394,Junior Associate
5395,Sam_5395,Junior Associate
5396,Tina_5396,Junior Associate
5397,Uma_5397,Junior Associate
5398,Victor_5398,Junior Associate
5399,Wendy_5399,Junior Associate
5400,Xander_5400,Junior Associate
5401,Yara_5401,Junior Associate
5402,Zack_5402,Junior Associate
5403,Ava_5403,Junior Associate
5404,Ben_5404,Junior Associate
5405,Chloe_5405,Junior Associate
5406,Dylan_5406,Junior Associate
5407,Ella_5407,Junior Associate
5408,Finn_5408,Junior Associate
5409,Alice_5409,Junior Associate
5410,Bob_5410,Junior Associate
5411,Carol_5411,Junior Associate
5412,Dave_5412,Junior Associate
5413,Eve_5413,Junior Associate
5414,Frank_5414,Junior Associate
5415,Grace_5415,Junior Associate
5416,Hank_5416,Junior Associate
5417,Iris_5417,Junior Associate
5418,Jack_5418,Junior Associate
5419,Karen_5419,Junior Associate
5420,Leo_5420,Junior Associate
5421,Maya_5421,Junior Associate
5422,Nate_5422,Junior Associate
5423,Olivia_5423,Junior Associate
5424,Paul_5424,Junior Associate
5425,Quinn_5425,Junior Associate
5426,Rose_5426,Junior Associate
5427,Sam_5427,Junior Associate
5428,Tina_5428,Junior Associate
5429,Uma_5429,Junior Associate
5430,Victor_5430,Junior Associate
5431,Wendy_5431,Junior Associate
5432,Xander_5432,Junior Associate
5433,Yara_5433,Junior Associate
5434,Zack_5434,Junior Associate
5435,Ava_5435,Junior Associate
5436,Ben_5436,Junior Associate
5437,Chloe_5437,Junior Associate
5438,Dylan_5438,Junior Associate
5439,Ella_5439,Junior Associate
5440,Finn_5440,Junior Associate
5441,Alice_5441,Junior Associate
5442,Bob_5442,Junior Associate
5443,Carol_5443,Junior Associate
5444,Dave_5444,Junior Associate
5445,Eve_5445,Junior Associate
5446,Frank_5446,Junior Associate
5447,Grace_5447,Junior Associate
5448,Hank_5448,Junior Associate
5449,Iris_5449,Junior Associate
5450,Jack_5450,Junior Associate
5451,Karen_5451,Junior Associate
5452,Leo_5452,Junior Associate
5453,Maya_5453,Junior Associate
5454,Nate_5454,Junior Associate
5455,Olivia_5455,Junior Associate
5456,Paul_5456,Junior Associate
5457,Quinn_5457,Junior Associate
5458,Rose_5458,Junior Associate
5459,Sam_5459,Junior Associate
5460,Tina_5460,Junior Associate
5461,Uma_5461,Junior Associate
5462,Victor_5462,Junior Associate
5463,Wendy_5463,Junior Associate
5464,Xander_5464,Junior Associate
5465,Yara_5465,Junior Associate
5466,Zack_5466,Junior Associate
5467,Ava_5467,Junior Associate
5468,Ben_5468,Junior Associate
5469,Chloe_5469,Junior Associate
5470,Dylan_5470,Junior Associate
5471,Ella_5471,Junior Associate
5472,Finn_5472,Junior Associate
5473,Alice_5473,Junior Associate
5474,Bob_5474,Junior Associate
5475,Carol_5475,Junior Associate
5476,Dave_5476,Junior Associate
5477,Eve_5477,Junior Associate
5478,Frank_5478,Junior Associate
5479,Grace_5479,Junior Associate
5480,Hank_5480,Junior Associate
5481,Iris_5481,Junior Associate
5482,Jack_5482,Junior Associate
5483,Karen_5483,Junior Associate
5484,Leo_5484,Junior Associate
5485,Maya_5485,Junior Associate
5486,Nate_5486,Junior Associate
5487,Olivia_5487,Junior Associate
5488,Paul_5488,Junior Associate
5489,Quinn_5489,Junior Associate
5490,Rose_5490,Junior Associate
5491,Sam_5491,Junior Associate
5492,Tina_5492,Junior Associate
5493,Uma_5493,Junior Associate
5494,Victor_5494,Junior Associate
5495,Wendy_5495,Junior Associate
5496,Xander_5496,Junior Associate
5497,Yara_5497,Junior Associate
5498,Zack_5498,Junior Associate
5499,Ava_5499,Junior Associate
5500,Ben_5500,Junior Associate
5501,Chloe_5501,Junior Associate
5502,Dylan_5502,Junior Associate
5503,Ella_5503,Junior Associate
5504,Finn_5504,Junior Associate
5505,Alice_5505,Junior Associate
5506,Bob_5506,Junior Associate
5507,Carol_5507,Junior Associate
5508,Dave_5508,Junior Associate
5509,Eve_5509,Junior Associate
5510,Frank_5510,Junior Associate
5511,Grace_5511,Junior Associate
5512,Hank_5512,Junior Associate
5513,Iris_5513,Junior Associate
5514,Jack_5514,Junior Associate
5515,Karen_5515,Junior Associate
5516,Leo_5516,Junior Associate
5517,Maya_5517,Junior Associate
5518,Nate_5518,Junior Associate
5519,Olivia_5519,Junior Associate
5520,Paul_5520,Junior Associate
5521,Quinn_5521,Junior Associate
5522,Rose_5522,Junior Associate
5523,Sam_5523,Junior Associate
5524,Tina_5524,Junior Associate
5525,Uma_5525,Junior Associate
5526,Victor_5526,Junior Associate
5527,Wendy_5527,Junior Associate
5528,Xander_5528,Junior Associate
5529,Yara_5529,Junior Associate
5530,Zack_5530,Junior Associate
5531,Ava_5531,Junior Associate
5532,Ben_5532,Junior Associate
5533,Chloe_5533,Junior Associate
5534,Dylan_5534,Junior Associate
5535,Ella_5535,Junior Associate
5536,Finn_5536,Junior Associate
5537,Alice_5537,Junior Associate
5538,Bob_5538,Junior Associate
5539,Carol_5539,Junior Associate
5540,Dave_5540,Junior Associate
5541,Eve_5541,Junior Associate
5542,Frank_5542,Junior Associate
5543,Grace_5543,Junior Associate
5544,Hank_5544,Junior Associate
5545,Iris_5545,Junior Associate
5546,Jack_5546,Junior Associate
5547,Karen_5547,Junior Associate
5548,Leo_5548,Junior Associate
5549,Maya_5549,Junior Associate
5550,Nate_5550,Junior Associate
5551,Olivia_5551,Junior Associate
5552,Paul_5552,Junior Associate
5553,Quinn_5553,Junior Associate
5554,Rose_5554,Junior Associate
5555,Sam_5555,Junior Associate
5556,Tina_5556,Junior Associate
5557,Uma_5557,Junior Associate
5558,Victor_5558,Junior Associate
5559,Wendy_5559,Junior Associate
5560,Xander_5560,Junior Associate
5561,Yara_5561,Junior Associate
5562,Zack_5562,Junior Associate
5563,Ava_5563,Junior Associate
5564,Ben_5564,Junior Associate
5565,Chloe_5565,Junior Associate
5566,Dylan_5566,Junior Associate
5567,Ella_5567,Junior Associate
5568,Finn_5568,Junior Associate
5569,Alice_5569,Junior Associate
5570,Bob_5570,Junior Associate
5571,Carol_5571,Junior Associate
5572,Dave_5572,Junior Associate
5573,Eve_5573,Junior Associate
5574,Frank_5574,Junior Associate
5575,Grace_5575,Junior Associate
5576,Hank_5576,Junior Associate
5577,Iris_5577,Junior Associate
5578,Jack_5578,Junior Associate
5579,Karen_5579,Junior Associate
5580,Leo_5580,Junior Associate
5581,Maya_5581,Junior Associate
5582,Nate_5582,Junior Associate
5583,Olivia_5583,Junior Associate
5584,Paul_5584,Junior Associate
5585,Quinn_5585,Junior Associate
5586,Rose_5586,Junior Associate
5587,Sam_5587,Junior Associate
5588,Tina_5588,Junior Associate
5589,Uma_5589,Junior Associate
5590,Victor_5590,Junior Associate
5591,Wendy_5591,Junior Associate
5592,Xander_5592,Junior Associate
5593,Yara_5593,Junior Associate
5594,Zack_5594,Junior Associate
5595,Ava_5595,Junior Associate
5596,Ben_5596,Junior Associate
5597,Chloe_5597,Junior Associate
5598,Dylan_5598,Junior Associate
5599,Ella_5599,Junior Associate
5600,Finn_5600,Junior Associate
5601,Alice_5601,Junior Associate
5602,Bob_5602,Junior Associate
5603,Carol_5603,Junior Associate
5604,Dave_5604,Junior Associate
5605,Eve_5605,Junior Associate
5606,Frank_5606,Junior Associate
5607,Grace_5607,Junior Associate
5608,Hank_5608,Junior Associate
5609,Iris_5609,Junior Associate
5610,Jack_5610,Junior Associate
5611,Karen_5611,Junior Associate
5612,Leo_5612,Junior Associate
5613,Maya_5613,Junior Associate
5614,Nate_5614,Junior Associate
5615,Olivia_5615,Junior Associate
5616,Paul_5616,Junior Associate
5617,Quinn_5617,Junior Associate
5618,Rose_5618,Junior Associate
5619,Sam_5619,Junior Associate
5620,Tina_5620,Junior Associate
5621,Uma_5621,Junior Associate
5622,Victor_5622,Junior Associate
5623,Wendy_5623,Junior Associate
5624,Xander_5624,Junior Associate
5625,Yara_5625,Junior Associate
5626,Zack_5626,Junior Associate
5627,Ava_5627,Junior Associate
5628,Ben_5628,Junior Associate
5629,Chloe_5629,Junior Associate
5630,Dylan_5630,Junior Associate
5631,Ella_5631,Junior Associate
5632,Finn_5632,Junior Associate
5633,Alice_5633,Junior Associate
5634,Bob_5634,Junior Associate
5635,Carol_5635,Junior Associate
5636,Dave_5636,Junior Associate
5637,Eve_5637,Junior Associate
5638,Frank_5638,Junior Associate
5639,Grace_5639,Junior Associate
5640,Hank_5640,Junior Associate
5641,Iris_5641,Junior Associate
5642,Jack_5642,Junior Associate
5643,Karen_5643,Junior Associate
5644,Leo_5644,Junior Associate
5645,Maya_5645,Junior Associate
5646,Nate_5646,Junior Associate
5647,Olivia_5647,Junior Associate
5648,Paul_5648,Junior Associate
5649,Quinn_5649,Junior Associate
5650,Rose_5650,Junior Associate
5651,Sam_5651,Junior Associate
5652,Tina_5652,Junior Associate
5653,Uma_5653,Junior Associate
5654,Victor_5654,Junior Associate
5655,Wendy_5655,Junior Associate
5656,Xander_5656,Junior Associate
5657,Yara_5657,Junior Associate
5658,Zack_5658,Junior Associate
5659,Ava_5659,Junior Associate
5660,Ben_5660,Junior Associate
5661,Chloe_5661,Junior Associate
5662,Dylan_5662,Junior Associate
5663,Ella_5663,Junior Associate
5664,Finn_5664,Junior Associate
5665,Alice_5665,Junior Associate
5666,Bob_5666,Junior Associate
5667,Carol_5667,Junior Associate
5668,Dave_5668,Junior Associate
5669,Eve_5669,Junior Associate
5670,Frank_5670,Junior Associate
5671,Grace_5671,Junior Associate
5672,Hank_5672,Junior Associate
5673,Iris_5673,Junior Associate
5674,Jack_5674,Junior Associate
5675,Karen_5675,Junior Associate
5676,Leo_5676,Junior Associate
5677,Maya_5677,Junior Associate
5678,Nate_5678,Junior Associate
5679,Olivia_5679,Junior Associate
5680,Paul_5680,Junior Associate
5681,Quinn_5681,Junior Associate
5682,Rose_5682,Junior Associate
5683,Sam_5683,Junior Associate
5684,Tina_5684,Junior Associate
5685,Uma_5685,Junior Associate
5686,Victor_5686,Junior Associate
5687,Wendy_5687,Junior Associate
5688,Xander_5688,Junior Associate
5689,Yara_5689,Junior Associate
5690,Zack_5690,Junior Associate
5691,Ava_5691,Junior Associate
5692,Ben_5692,Junior Associate
5693,Chloe_5693,Junior Associate
5694,Dylan_5694,Junior Associate
5695,Ella_5695,Junior Associate
5696,Finn_5696,Junior Associate
5697,Alice_5697,Junior Associate
5698,Bob_5698,Junior Associate
5699,Carol_5699,Junior Associate
5700,Dave_5700,Junior Associate
5701,Eve_5701,Junior Associate
5702,Frank_5702,Junior Associate
5703,Grace_5703,Junior Associate
5704,Hank_5704,Junior Associate
5705,Iris_5705,Junior Associate
5706,Jack_5706,Junior Associate
5707,Karen_5707,Junior Associate
5708,Leo_5708,Junior Associate
5709,Maya_5709,Junior Associate
5710,Nate_5710,Junior Associate
5711,Olivia_5711,Junior Associate
5712,Paul_5712,Junior Associate
5713,Quinn_5713,Junior Associate
5714,Rose_5714,Junior Associate
5715,Sam_5715,Junior Associate
5716,Tina_5716,Junior Associate
5717,Uma_5717,Junior Associate
5718,Victor_5718,Junior Associate
5719,Wendy_5719,Junior Associate
5720,Xander_5720,Junior Associate
5721,Yara_5721,Junior Associate
5722,Zack_5722,Junior Associate
5723,Ava_5723,Junior Associate
5724,Ben_5724,Junior Associate
5725,Chloe_5725,Junior Associate
5726,Dylan_5726,Junior Associate
5727,Ella_5727,Junior Associate
5728,Finn_5728,Junior Associate
5729,Alice_5729,Junior Associate
5730,Bob_5730,Junior Associate
5731,Carol_5731,Junior Associate
5732,Dave_5732,Junior Associate
5733,Eve_5733,Junior Associate
5734,Frank_5734,Junior Associate
5735,Grace_5735,Junior Associate
5736,Hank_5736,Junior Associate
5737,Iris_5737,Junior Associate
5738,Jack_5738,Junior Associate
5739,Karen_5739,Junior Associate
5740,Leo_5740,Junior Associate
5741,Maya_5741,Junior Associate
5742,Nate_5742,Junior Associate
5743,Olivia_5743,Junior Associate
5744,Paul_5744,Junior Associate
5745,Quinn_5745,Junior Associate
5746,Rose_5746,Junior Associate
5747,Sam_5747,Junior Associate
5748,Tina_5748,Junior Associate
5749,Uma_5749,Junior Associate
5750,Victor_5750,Junior Associate
5751,Wendy_5751,Junior Associate
5752,Xander_5752,Junior Associate
5753,Yara_5753,Junior Associate
5754,Zack_5754,Junior Associate
5755,Ava_5755,Junior Associate
5756,Ben_5756,Junior Associate
5757,Chloe_5757,Junior Associate
5758,Dylan_5758,Junior Associate
5759,Ella_5759,Junior Associate
5760,Finn_5760,Junior Associate
5761,Alice_5761,Junior Associate
5762,Bob_5762,Junior Associate
5763,Carol_5763,Junior Associate
5764,Dave_5764,Junior Associate
5765,Eve_5765,Junior Associate
5766,Frank_5766,Junior Associate
5767,Grace_5767,Junior Associate
5768,Hank_5768,Junior Associate
5769,Iris_5769,Junior Associate
5770,Jack_5770,Junior Associate
5771,Karen_5771,Junior Associate
5772,Leo_5772,Junior Associate
5773,Maya_5773,Junior Associate
5774,Nate_5774,Junior Associate
5775,Olivia_5775,Junior Associate
5776,Paul_5776,Junior Associate
5777,Quinn_5777,Junior Associate
5778,Rose_5778,Junior Associate
5779,Sam_5779,Junior Associate
5780,Tina_5780,Junior Associate
5781,Uma_5781,Junior Associate
5782,Victor_5782,Junior Associate
5783,Wendy_5783,Junior Associate
5784,Xander_5784,Junior Associate
5785,Yara_5785,Junior Associate
5786,Zack_5786,Junior Associate
5787,Ava_5787,Junior Associate
5788,Ben_5788,Junior Associate
5789,Chloe_5789,Junior Associate
5790,Dylan_5790,Junior Associate
5791,Ella_5791,Junior Associate
5792,Finn_5792,Junior Associate
5793,Alice_5793,Junior Associate
5794,Bob_5794,Junior Associate
5795,Carol_5795,Junior Associate
5796,Dave_5796,Junior Associate
5797,Eve_5797,Junior Associate
5798,Frank_5798,Junior Associate
5799,Grace_5799,Junior Associate
5800,Hank_5800,Junior Associate
5801,Iris_5801,Junior Associate
5802,Jack_5802,Junior Associate
5803,Karen_5803,Junior Associate
5804,Leo_5804,Junior Associate
5805,Maya_5805,Junior Associate
5806,Nate_5806,Junior Associate
5807,Olivia_5807,Junior Associate
5808,Paul_5808,Junior Associate
5809,Quinn_5809,Junior Associate
5810,Rose_5810,Junior Associate
5811,Sam_5811,Junior Associate
5812,Tina_5812,Junior Associate
5813,Uma_5813,Junior Associate
5814,Victor_5814,Junior Associate
5815,Wendy_5815,Junior Associate
5816,Xander_5816,Junior Associate
5817,Yara_5817,Junior Associate
5818,Zack_5818,Junior Associate
5819,Ava_5819,Junior Associate
5820,Ben_5820,Junior Associate
5821,Chloe_5821,Junior Associate
5822,Dylan_5822,Junior Associate
5823,Ella_5823,Junior Associate
5824,Finn_5824,Junior Associate
5825,Alice_5825,Junior Associate
5826,Bob_5826,Junior Associate
5827,Carol_5827,Junior Associate
5828,Dave_5828,Junior Associate
5829,Eve_5829,Junior Associate
5830,Frank_5830,Junior Associate
5831,Grace_5831,Junior Associate
5832,Hank_5832,Junior Associate
5833,Iris_5833,Junior Associate
5834,Jack_5834,Junior Associate
5835,Karen_5835,Junior Associate
5836,Leo_5836,Junior Associate
5837,Maya_5837,Junior Associate
5838,Nate_5838,Junior Associate
5839,Olivia_5839,Junior Associate
5840,Paul_5840,Junior Associate
5841,Quinn_5841,Junior Associate
5842,Rose_5842,Junior Associate
5843,Sam_5843,Junior Associate
5844,Tina_5844,Junior Associate
5845,Uma_5845,Junior Associate
5846,Victor_5846,Junior Associate
5847,Wendy_5847,Junior Associate
5848,Xander_5848,Junior Associate
5849,Yara_5849,Junior Associate
5850,Zack_5850,Junior Associate
5851,Ava_5851,Junior Associate
5852,Ben_5852,Junior Associate
5853,Chloe_5853,Junior Associate
5854,Dylan_5854,Junior Associate
5855,Ella_5855,Junior Associate
5856,Finn_5856,Junior Associate
5857,Alice_5857,Junior Associate
5858,Bob_5858,Junior Associate
5859,Carol_5859,Junior Associate
5860,Dave_5860,Junior Associate
5861,Eve_5861,Junior Associate
5862,Frank_5862,Junior Associate
5863,Grace_5863,Junior Associate
5864,Hank_5864,Junior Associate
5865,Iris_5865,Junior Associate
5866,Jack_5866,Junior Associate
5867,Karen_5867,Junior Associate
5868,Leo_5868,Junior Associate
5869,Maya_5869,Junior Associate
5870,Nate_5870,Junior Associate
5871,Olivia_5871,Junior Associate
5872,Paul_5872,Junior Associate
5873,Quinn_5873,Junior Associate
5874,Rose_5874,Junior Associate
5875,Sam_5875,Junior Associate
5876,Tina_5876,Junior Associate
5877,Uma_5877,Junior Associate
5878,Victor_5878,Junior Associate
5879,Wendy_5879,Junior Associate
5880,Xander_5880,Junior Associate
5881,Yara_5881,Junior Associate
5882,Zack_5882,Junior Associate
5883,Ava_5883,Junior Associate
5884,Ben_5884,Junior Associate
5885,Chloe_5885,Junior Associate
5886,Dylan_5886,Junior Associate
5887,Ella_5887,Junior Associate
5888,Finn_5888,Junior Associate
5889,Alice_5889,Junior Associate
5890,Bob_5890,Junior Associate
5891,Carol_5891,Junior Associate
5892,Dave_5892,Junior Associate
5893,Eve_5893,Junior Associate
5894,Frank_5894,Junior Associate
5895,Grace_5895,Junior Associate
5896,Hank_5896,Junior Associate
5897,Iris_5897,Junior Associate
5898,Jack_5898,Junior Associate
5899,Karen_5899,Junior Associate
5900,Leo_5900,Junior Associate
5901,Maya_5901,Junior Associate
5902,Nate_5902,Junior Associate
5903,Olivia_5903,Junior Associate
5904,Paul_5904,Junior Associate
5905,Quinn_5905,Junior Associate
5906,Rose_5906,Junior Associate
5907,Sam_5907,Junior Associate
5908,Tina_5908,Junior Associate
5909,Uma_5909,Junior Associate
5910,Victor_5910,Junior Associate
5911,Wendy_5911,Junior Associate
5912,Xander_5912,Junior Associate
5913,Yara_5913,Junior Associate
5914,Zack_5914,Junior Associate
5915,Ava_5915,Junior Associate
5916,Ben_5916,Junior Associate
5917,Chloe_5917,Junior Associate
5918,Dylan_5918,Junior Associate
5919,Ella_5919,Junior Associate
5920,Finn_5920,Junior Associate
5921,Alice_5921,Junior Associate
5922,Bob_5922,Junior Associate
5923,Carol_5923,Junior Associate
5924,Dave_5924,Junior Associate
5925,Eve_5925,Junior Associate
5926,Frank_5926,Junior Associate
5927,Grace_5927,Junior Associate
5928,Hank_5928,Junior Associate
5929,Iris_5929,Junior Associate
5930,Jack_5930,Junior Associate
5931,Karen_5931,Junior Associate
5932,Leo_5932,Junior Associate
5933,Maya_5933,Junior Associate
5934,Nate_5934,Junior Associate
5935,Olivia_5935,Junior Associate
5936,Paul_5936,Junior Associate
5937,Quinn_5937,Junior Associate
5938,Rose_5938,Junior Associate
5939,Sam_5939,Junior Associate
5940,Tina_5940,Junior Associate
5941,Uma_5941,Junior Associate
5942,Victor_5942,Junior Associate
5943,Wendy_5943,Junior Associate
5944,Xander_5944,Junior Associate
5945,Yara_5945,Junior Associate
5946,Zack_5946,Junior Associate
5947,Ava_5947,Junior Associate
5948,Ben_5948,Junior Associate
5949,Chloe_5949,Junior Associate
5950,Dylan_5950,Junior Associate
5951,Ella_5951,Junior Associate
5952,Finn_5952,Junior Associate
5953,Alice_5953,Junior Associate
5954,Bob_5954,Junior Associate
5955,Carol_5955,Junior Associate
5956,Dave_5956,Junior Associate
5957,Eve_5957,Junior Associate
5958,Frank_5958,Junior Associate
5959,Grace_5959,Junior Associate
5960,Hank_5960,Junior Associate
5961,Iris_5961,Junior Associate
5962,Jack_5962,Junior Associate
5963,Karen_5963,Junior Associate
5964,Leo_5964,Junior Associate
5965,Maya_5965,Junior Associate
5966,Nate_5966,Junior Associate
5967,Olivia_5967,Junior Associate
5968,Paul_5968,Junior Associate
5969,Quinn_5969,Junior Associate
5970,Rose_5970,Junior Associate
5971,Sam_5971,Junior Associate
5972,Tina_5972,Junior Associate
5973,Uma_5973,Junior Associate
5974,Victor_5974,Junior Associate
5975,Wendy_5975,Junior Associate
5976,Xander_5976,Junior Associate
5977,Yara_5977,Junior Associate
5978,Zack_5978,Junior Associate
5979,Ava_5979,Junior Associate
5980,Ben_5980,Junior Associate
5981,Chloe_5981,Junior Associate
5982,Dylan_5982,Junior Associate
5983,Ella_5983,Junior Associate
5984,Finn_5984,Junior Associate
5985,Alice_5985,Junior Associate
5986,Bob_5986,Junior Associate
5987,Carol_5987,Junior Associate
5988,Dave_5988,Junior Associate
5989,Eve_5989,Junior Associate
5990,Frank_5990,Junior Associate
5991,Grace_5991,Junior Associate
5992,Hank_5992,Junior Associate
5993,Iris_5993,Junior Associate
5994,Jack_5994,Junior Associate
5995,Karen_5995,Junior Associate
5996,Leo_5996,Junior Associate
5997,Maya_5997,Junior Associate
5998,Nate_5998,Junior Associate
5999,Olivia_5999,Junior Associate
6000,Paul_6000,Junior Associate
6001,Quinn_6001,Junior Associate
6002,Rose_6002,Junior Associate
6003,Sam_6003,Junior Associate
6004,Tina_6004,Junior Associate
6005,Uma_6005,Junior Associate
6006,Victor_6006,Junior Associate
6007,Wendy_6007,Junior Associate
6008,Xander_6008,Junior Associate
6009,Yara_6009,Junior Associate
6010,Zack_6010,Junior Associate
6011,Ava_6011,Junior Associate
6012,Ben_6012,Junior Associate
6013,Chloe_6013,Junior Associate
6014,Dylan_6014,Junior Associate
6015,Ella_6015,Junior Associate
6016,Finn_6016,Junior Associate
6017,Alice_6017,Junior Associate
6018,Bob_6018,Junior Associate
6019,Carol_6019,Junior Associate
6020,Dave_6020,Junior Associate
6021,Eve_6021,Junior Associate
6022,Frank_6022,Junior Associate
6023,Grace_6023,Junior Associate
6024,Hank_6024,Junior Associate
6025,Iris_6025,Junior Associate
6026,Jack_6026,Junior Associate
6027,Karen_6027,Junior Associate
6028,Leo_6028,Junior Associate
6029,Maya_6029,Junior Associate
6030,Nate_6030,Junior Associate
6031,Olivia_6031,Junior Associate
6032,Paul_6032,Junior Associate
6033,Quinn_6033,Junior Associate
6034,Rose_6034,Junior Associate
6035,Sam_6035,Junior Associate
6036,Tina_6036,Junior Associate
6037,Uma_6037,Junior Associate
6038,Victor_6038,Junior Associate
6039,Wendy_6039,Junior Associate
6040,Xander_6040,Junior Associate
6041,Yara_6041,Junior Associate
6042,Zack_6042,Junior Associate
6043,Ava_6043,Junior Associate
6044,Ben_6044,Junior Associate
6045,Chloe_6045,Junior Associate
6046,Dylan_6046,Junior Associate
6047,Ella_6047,Junior Associate
6048,Finn_6048,Junior Associate
6049,Alice_6049,Junior Associate
6050,Bob_6050,Junior Associate
6051,Carol_6051,Junior Associate
6052,Dave_6052,Junior Associate
6053,Eve_6053,Junior Associate
6054,Frank_6054,Junior Associate
6055,Grace_6055,Junior Associate
6056,Hank_6056,Junior Associate
6057,Iris_6057,Junior Associate
6058,Jack_6058,Junior Associate
6059,Karen_6059,Junior Associate
6060,Leo_6060,Junior Associate
6061,Maya_6061,Junior Associate
6062,Nate_6062,Junior Associate
6063,Olivia_6063,Junior Associate
6064,Paul_6064,Junior Associate
6065,Quinn_6065,Junior Associate
6066,Rose_6066,Junior Associate
6067,Sam_6067,Junior Associate
6068,Tina_6068,Junior Associate
6069,Uma_6069,Junior Associate
6070,Victor_6070,Junior Associate
6071,Wendy_6071,Junior Associate
6072,Xander_6072,Junior Associate
6073,Yara_6073,Junior Associate
6074,Zack_6074,Junior Associate
6075,Ava_6075,Junior Associate
6076,Ben_6076,Junior Associate
6077,Chloe_6077,Junior Associate
6078,Dylan_6078,Junior Associate
6079,Ella_6079,Junior Associate
6080,Finn_6080,Junior Associate
6081,Alice_6081,Junior Associate
6082,Bob_6082,Junior Associate
6083,Carol_6083,Junior Associate
6084,Dave_6084,Junior Associate
6085,Eve_6085,Junior Associate
6086,Frank_6086,Junior Associate
6087,Grace_6087,Junior Associate
6088,Hank_6088,Junior Associate
6089,Iris_6089,Junior Associate
6090,Jack_6090,Junior Associate
6091,Karen_6091,Junior Associate
6092,Leo_6092,Junior Associate
6093,Maya_6093,Junior Associate
6094,Nate_6094,Junior Associate
6095,Olivia_6095,Junior Associate
6096,Paul_6096,Junior Associate
6097,Quinn_6097,Junior Associate
6098,Rose_6098,Junior Associate
6099,Sam_6099,Junior Associate
6100,Tina_6100,Junior Associate
6101,Uma_6101,Junior Associate
6102,Victor_6102,Junior Associate
6103,Wendy_6103,Junior Associate
6104,Xander_6104,Junior Associate
6105,Yara_6105,Junior Associate
6106,Zack_6106,Junior Associate
6107,Ava_6107,Junior Associate
6108,Ben_6108,Junior Associate
6109,Chloe_6109,Junior Associate
6110,Dylan_6110,Junior Associate
6111,Ella_6111,Junior Associate
6112,Finn_6112,Junior Associate
6113,Alice_6113,Junior Associate
6114,Bob_6114,Junior Associate
6115,Carol_6115,Junior Associate
6116,Dave_6116,Junior Associate
6117,Eve_6117,Junior Associate
6118,Frank_6118,Junior Associate
6119,Grace_6119,Junior Associate
6120,Hank_6120,Junior Associate
6121,Iris_6121,Junior Associate
6122,Jack_6122,Junior Associate
6123,Karen_6123,Junior Associate
6124,Leo_6124,Junior Associate
6125,Maya_6125,Junior Associate
6126,Nate_6126,Junior Associate
6127,Olivia_6127,Junior Associate
6128,Paul_6128,Junior Associate
6129,Quinn_6129,Junior Associate
6130,Rose_6130,Junior Associate
6131,Sam_6131,Junior Associate
6132,Tina_6132,Junior Associate
6133,Uma_6133,Junior Associate
6134,Victor_6134,Junior Associate
6135,Wendy_6135,Junior Associate
6136,Xander_6136,Junior Associate
6137,Yara_6137,Junior Associate
6138,Zack_6138,Junior Associate
6139,Ava_6139,Junior Associate
6140,Ben_6140,Junior Associate
6141,Chloe_6141,Junior Associate
6142,Dylan_6142,Junior Associate
6143,Ella_6143,Junior Associate
6144,Finn_6144,Junior Associate
6145,Alice_6145,Junior Associate
6146,Bob_6146,Junior Associate
6147,Carol_6147,Junior Associate
6148,Dave_6148,Junior Associate
6149,Eve_6149,Junior Associate
6150,Frank_6150,Junior Associate
6151,Grace_6151,Junior Associate
6152,Hank_6152,Junior Associate
6153,Iris_6153,Junior Associate
6154,Jack_6154,Junior Associate
6155,Karen_6155,Junior Associate
6156,Leo_6156,Junior Associate
6157,Maya_6157,Junior Associate
6158,Nate_6158,Junior Associate
6159,Olivia_6159,Junior Associate
6160,Paul_6160,Junior Associate
6161,Quinn_6161,Junior Associate
6162,Rose_6162,Junior Associate
6163,Sam_6163,Junior Associate
6164,Tina_6164,Junior Associate
6165,Uma_6165,Junior Associate
6166,Victor_6166,Junior Associate
6167,Wendy_6167,Junior Associate
6168,Xander_6168,Junior Associate
6169,Yara_6169,Junior Associate
6170,Zack_6170,Junior Associate
6171,Ava_6171,Junior Associate
6172,Ben_6172,Junior Associate
6173,Chloe_6173,Junior Associate
6174,Dylan_6174,Junior Associate
6175,Ella_6175,Junior Associate
6176,Finn_6176,Junior Associate
6177,Alice_6177,Junior Associate
6178,Bob_6178,Junior Associate
6179,Carol_6179,Junior Associate
6180,Dave_6180,Junior Associate
6181,Eve_6181,Junior Associate
6182,Frank_6182,Junior Associate
6183,Grace_6183,Junior Associate
6184,Hank_6184,Junior Associate
6185,Iris_6185,Junior Associate
6186,Jack_6186,Junior Associate
6187,Karen_6187,Junior Associate
6188,Leo_6188,Junior Associate
6189,Maya_6189,Junior Associate
6190,Nate_6190,Junior Associate
6191,Olivia_6191,Junior Associate
6192,Paul_6192,Junior Associate
6193,Quinn_6193,Junior Associate
6194,Rose_6194,Junior Associate
6195,Sam_6195,Junior Associate
6196,Tina_6196,Junior Associate
6197,Uma_6197,Junior Associate
6198,Victor_6198,Junior Associate
6199,Wendy_6199,Junior Associate
6200,Xander_6200,Junior Associate
6201,Yara_6201,Junior Associate
6202,Zack_6202,Junior Associate
6203,Ava_6203,Junior Associate
6204,Ben_6204,Junior Associate
6205,Chloe_6205,Junior Associate
6206,Dylan_6206,Junior Associate
6207,Ella_6207,Junior Associate
6208,Finn_6208,Junior Associate
6209,Alice_6209,Junior Associate
6210,Bob_6210,Junior Associate
6211,Carol_6211,Junior Associate
6212,Dave_6212,Junior Associate
6213,Eve_6213,Junior Associate
6214,Frank_6214,Junior Associate
6215,Grace_6215,Junior Associate
6216,Hank_6216,Junior Associate
6217,Iris_6217,Junior Associate
6218,Jack_6218,Junior Associate
6219,Karen_6219,Junior Associate
6220,Leo_6220,Junior Associate
6221,Maya_6221,Junior Associate
6222,Nate_6222,Junior Associate
6223,Olivia_6223,Junior Associate
6224,Paul_6224,Junior Associate
6225,Quinn_6225,Junior Associate
6226,Rose_6226,Junior Associate
6227,Sam_6227,Junior Associate
6228,Tina_6228,Junior Associate
6229,Uma_6229,Junior Associate
6230,Victor_6230,Junior Associate
6231,Wendy_6231,Junior Associate
6232,Xander_6232,Junior Associate
6233,Yara_6233,Junior Associate
6234,Zack_6234,Junior Associate
6235,Ava_6235,Junior Associate
6236,Ben_6236,Junior Associate
6237,Chloe_6237,Junior Associate
6238,Dylan_6238,Junior Associate
6239,Ella_6239,Junior Associate
6240,Finn_6240,Junior Associate
6241,Alice_6241,Junior Associate
6242,Bob_6242,Junior Associate
6243,Carol_6243,Junior Associate
6244,Dave_6244,Junior Associate
6245,Eve_6245,Junior Associate
6246,Frank_6246,Junior Associate
6247,Grace_6247,Junior Associate
6248,Hank_6248,Junior Associate
6249,Iris_6249,Junior Associate
6250,Jack_6250,Junior Associate
6251,Karen_6251,Junior Associate
6252,Leo_6252,Junior Associate
6253,Maya_6253,Junior Associate
6254,Nate_6254,Junior Associate
6255,Olivia_6255,Junior Associate
6256,Paul_6256,Junior Associate
6257,Quinn_6257,Junior Associate
6258,Rose_6258,Junior Associate
6259,Sam_6259,Junior Associate
6260,Tina_6260,Junior Associate
6261,Uma_6261,Junior Associate
6262,Victor_6262,Junior Associate
6263,Wendy_6263,Junior Associate
6264,Xander_6264,Junior Associate
6265,Yara_6265,Junior Associate
6266,Zack_6266,Junior Associate
6267,Ava_6267,Junior Associate
6268,Ben_6268,Junior Associate
6269,Chloe_6269,Junior Associate
6270,Dylan_6270,Junior Associate
6271,Ella_6271,Junior Associate
6272,Finn_6272,Junior Associate
6273,Alice_6273,Junior Associate
6274,Bob_6274,Junior Associate
6275,Carol_6275,Junior Associate
6276,Dave_6276,Junior Associate
6277,Eve_6277,Junior Associate
6278,Frank_6278,Junior Associate
6279,Grace_6279,Junior Associate
6280,Hank_6280,Junior Associate
6281,Iris_6281,Junior Associate
6282,Jack_6282,Junior Associate
6283,Karen_6283,Junior Associate
6284,Leo_6284,Junior Associate
6285,Maya_6285,Junior Associate
6286,Nate_6286,Junior Associate
6287,Olivia_6287,Junior Associate
6288,Paul_6288,Junior Associate
6289,Quinn_6289,Junior Associate
6290,Rose_6290,Junior Associate
6291,Sam_6291,Junior Associate
6292,Tina_6292,Junior Associate
6293,Uma_6293,Junior Associate
6294,Victor_6294,Junior Associate
6295,Wendy_6295,Junior Associate
6296,Xander_6296,Junior Associate
6297,Yara_6297,Junior Associate
6298,Zack_6298,Junior Associate
6299,Ava_6299,Junior Associate
6300,Ben_6300,Junior Associate
6301,Chloe_6301,Junior Associate
6302,Dylan_6302,Junior Associate
6303,Ella_6303,Junior Associate
6304,Finn_6304,Junior Associate
6305,Alice_6305,Junior Associate
6306,Bob_6306,Junior Associate
6307,Carol_6307,Junior Associate
6308,Dave_6308,Junior Associate
6309,Eve_6309,Junior Associate
6310,Frank_6310,Junior Associate
6311,Grace_6311,Junior Associate
6312,Hank_6312,Junior Associate
6313,Iris_6313,Junior Associate
6314,Jack_6314,Junior Associate
6315,Karen_6315,Junior Associate
6316,Leo_6316,Junior Associate
6317,Maya_6317,Junior Associate
6318,Nate_6318,Junior Associate
6319,Olivia_6319,Junior Associate
6320,Paul_6320,Junior Associate
6321,Quinn_6321,Junior Associate
6322,Rose_6322,Junior Associate
6323,Sam_6323,Junior Associate
6324,Tina_6324,Junior Associate
6325,Uma_6325,Junior Associate
6326,Victor_6326,Junior Associate
6327,Wendy_6327,Junior Associate
6328,Xander_6328,Junior Associate
6329,Yara_6329,Junior Associate
6330,Zack_6330,Junior Associate
6331,Ava_6331,Junior Associate
6332,Ben_6332,Junior Associate
6333,Chloe_6333,Junior Associate
6334,Dylan_6334,Junior Associate
6335,Ella_6335,Junior Associate
6336,Finn_6336,Junior Associate
6337,Alice_6337,Junior Associate
6338,Bob_6338,Junior Associate
6339,Carol_6339,Junior Associate
6340,Dave_6340,Junior Associate
6341,Eve_6341,Junior Associate
6342,Frank_6342,Junior Associate
6343,Grace_6343,Junior Associate
6344,Hank_6344,Junior Associate
6345,Iris_6345,Junior Associate
6346,Jack_6346,Junior Associate
6347,Karen_6347,Junior Associate
6348,Leo_6348,Junior Associate
6349,Maya_6349,Junior Associate
6350,Nate_6350,Junior Associate
6351,Olivia_6351,Junior Associate
6352,Paul_6352,Junior Associate
6353,Quinn_6353,Junior Associate
6354,Rose_6354,Junior Associate
6355,Sam_6355,Junior Associate
6356,Tina_6356,Junior Associate
6357,Uma_6357,Junior Associate
6358,Victor_6358,Junior Associate
6359,Wendy_6359,Junior Associate
6360,Xander_6360,Junior Associate
6361,Yara_6361,Junior Associate
6362,Zack_6362,Junior Associate
6363,Ava_6363,Junior Associate
6364,Ben_6364,Junior Associate
6365,Chloe_6365,Junior Associate
6366,Dylan_6366,Junior Associate
6367,Ella_6367,Junior Associate
6368,Finn_6368,Junior Associate
6369,Alice_6369,Junior Associate
6370,Bob_6370,Junior Associate
6371,Carol_6371,Junior Associate
6372,Dave_6372,Junior Associate
6373,Eve_6373,Junior Associate
6374,Frank_6374,Junior Associate
6375,Grace_6375,Junior Associate
6376,Hank_6376,Junior Associate
6377,Iris_6377,Junior Associate
6378,Jack_6378,Junior Associate
6379,Karen_6379,Junior Associate
6380,Leo_6380,Junior Associate
6381,Maya_6381,Junior Associate
6382,Nate_6382,Junior Associate
6383,Olivia_6383,Junior Associate
6384,Paul_6384,Junior Associate
6385,Quinn_6385,Junior Associate
6386,Rose_6386,Junior Associate
6387,Sam_6387,Junior Associate
6388,Tina_6388,Junior Associate
6389,Uma_6389,Junior Associate
6390,Victor_6390,Junior Associate
6391,Wendy_6391,Junior Associate
6392,Xander_6392,Junior Associate
6393,Yara_6393,Junior Associate
6394,Zack_6394,Junior Associate
6395,Ava_6395,Junior Associate
6396,Ben_6396,Junior Associate
6397,Chloe_6397,Junior Associate
6398,Dylan_6398,Junior Associate
6399,Ella_6399,Junior Associate
6400,Finn_6400,Junior Associate
6401,Alice_6401,Junior Associate
6402,Bob_6402,Junior Associate
6403,Carol_6403,Junior Associate
6404,Dave_6404,Junior Associate
6405,Eve_6405,Junior Associate
6406,Frank_6406,Junior Associate
6407,Grace_6407,Junior Associate
6408,Hank_6408,Junior Associate
6409,Iris_6409,Junior Associate
6410,Jack_6410,Junior Associate
6411,Karen_6411,Junior Associate
6412,Leo_6412,Junior Associate
6413,Maya_6413,Junior Associate
6414,Nate_6414,Junior Associate
6415,Olivia_6415,Junior Associate
6416,Paul_6416,Junior Associate
6417,Quinn_6417,Junior Associate
6418,Rose_6418,Junior Associate
6419,Sam_6419,Junior Associate
6420,Tina_6420,Junior Associate
6421,Uma_6421,Junior Associate
6422,Victor_6422,Junior Associate
6423,Wendy_6423,Junior Associate
6424,Xander_6424,Junior Associate
6425,Yara_6425,Junior Associate
6426,Zack_6426,Junior Associate
6427,Ava_6427,Junior Associate
6428,Ben_6428,Junior Associate
6429,Chloe_6429,Junior Associate
6430,Dylan_6430,Junior Associate
6431,Ella_6431,Junior Associate
6432,Finn_6432,Junior Associate
6433,Alice_6433,Junior Associate
6434,Bob_6434,Junior Associate
6435,Carol_6435,Junior Associate
6436,Dave_6436,Junior Associate
6437,Eve_6437,Junior Associate
6438,Frank_6438,Junior Associate
6439,Grace_6439,Junior Associate
6440,Hank_6440,Junior Associate
6441,Iris_6441,Junior Associate
6442,Jack_6442,Junior Associate
6443,Karen_6443,Junior Associate
6444,Leo_6444,Junior Associate
6445,Maya_6445,Junior Associate
6446,Nate_6446,Junior Associate
6447,Olivia_6447,Junior Associate
6448,Paul_6448,Junior Associate
6449,Quinn_6449,Junior Associate
6450,Rose_6450,Junior Associate
6451,Sam_6451,Junior Associate
6452,Tina_6452,Junior Associate
6453,Uma_6453,Junior Associate
6454,Victor_6454,Junior Associate
6455,Wendy_6455,Junior Associate
6456,Xander_6456,Junior Associate
6457,Yara_6457,Junior Associate
6458,Zack_6458,Junior Associate
6459,Ava_6459,Junior Associate
6460,Ben_6460,Junior Associate
6461,Chloe_6461,Junior Associate
6462,Dylan_6462,Junior Associate
6463,Ella_6463,Junior Associate
6464,Finn_6464,Junior Associate
6465,Alice_6465,Junior Associate
6466,Bob_6466,Junior Associate
6467,Carol_6467,Junior Associate
6468,Dave_6468,Junior Associate
6469,Eve_6469,Junior Associate
6470,Frank_6470,Junior Associate
6471,Grace_6471,Junior Associate
6472,Hank_6472,Junior Associate
6473,Iris_6473,Junior Associate
6474,Jack_6474,Junior Associate
6475,Karen_6475,Junior Associate
6476,Leo_6476,Junior Associate
6477,Maya_6477,Junior Associate
6478,Nate_6478,Junior Associate
6479,Olivia_6479,Junior Associate
6480,Paul_6480,Junior Associate
6481,Quinn_6481,Junior Associate
6482,Rose_6482,Junior Associate
6483,Sam_6483,Junior Associate
6484,Tina_6484,Junior Associate
6485,Uma_6485,Junior Associate
6486,Victor_6486,Junior Associate
6487,Wendy_6487,Junior Associate
6488,Xander_6488,Junior Associate
6489,Yara_6489,Junior Associate
6490,Zack_6490,Junior Associate
6491,Ava_6491,Junior Associate
6492,Ben_6492,Junior Associate
6493,Chloe_6493,Junior Associate
6494,Dylan_6494,Junior Associate
6495,Ella_6495,Junior Associate
6496,Finn_6496,Junior Associate
6497,Alice_6497,Junior Associate
6498,Bob_6498,Junior Associate
6499,Carol_6499,Junior Associate
6500,Dave_6500,Junior Associate
6501,Eve_6501,Junior Associate
6502,Frank_6502,Junior Associate
6503,Grace_6503,Junior Associate
6504,Hank_6504,Junior Associate
6505,Iris_6505,Junior Associate
6506,Jack_6506,Junior Associate
6507,Karen_6507,Junior Associate
6508,Leo_6508,Junior Associate
6509,Maya_6509,Junior Associate
6510,Nate_6510,Junior Associate
6511,Olivia_6511,Junior Associate
6512,Paul_6512,Junior Associate
6513,Quinn_6513,Junior Associate
6514,Rose_6514,Junior Associate
6515,Sam_6515,Junior Associate
6516,Tina_6516,Junior Associate
6517,Uma_6517,Junior Associate
6518,Victor_6518,Junior Associate
6519,Wendy_6519,Junior Associate
6520,Xander_6520,Junior Associate
6521,Yara_6521,Junior Associate
6522,Zack_6522,Junior Associate
6523,Ava_6523,Junior Associate
6524,Ben_6524,Junior Associate
6525,Chloe_6525,Junior Associate
6526,Dylan_6526,Junior Associate
6527,Ella_6527,Junior Associate
6528,Finn_6528,Junior Associate
6529,Alice_6529,Junior Associate
6530,Bob_6530,Junior Associate
6531,Carol_6531,Junior Associate
6532,Dave_6532,Junior Associate
6533,Eve_6533,Junior Associate
6534,Frank_6534,Junior Associate
6535,Grace_6535,Junior Associate
6536,Hank_6536,Junior Associate
6537,Iris_6537,Junior Associate
6538,Jack_6538,Junior Associate
6539,Karen_6539,Junior Associate
6540,Leo_6540,Junior Associate
6541,Maya_6541,Junior Associate
6542,Nate_6542,Junior Associate
6543,Olivia_6543,Junior Associate
6544,Paul_6544,Junior Associate
6545,Quinn_6545,Junior Associate
6546,Rose_6546,Junior Associate
6547,Sam_6547,Junior Associate
6548,Tina_6548,Junior Associate
6549,Uma_6549,Junior Associate
6550,Victor_6550,Junior Associate
6551,Wendy_6551,Junior Associate
6552,Xander_6552,Junior Associate
6553,Yara_6553,Junior Associate
6554,Zack_6554,Junior Associate
6555,Ava_6555,Junior Associate
6556,Ben_6556,Junior Associate
6557,Chloe_6557,Junior Associate
6558,Dylan_6558,Junior Associate
6559,Ella_6559,Junior Associate
6560,Finn_6560,Junior Associate
6561,Alice_6561,Junior Associate
6562,Bob_6562,Junior Associate
6563,Carol_6563,Junior Associate
6564,Dave_6564,Junior Associate
6565,Eve_6565,Junior Associate
6566,Frank_6566,Junior Associate
6567,Grace_6567,Junior Associate
6568,Hank_6568,Junior Associate
6569,Iris_6569,Junior Associate
6570,Jack_6570,Junior Associate
6571,Karen_6571,Junior Associate
6572,Leo_6572,Junior Associate
6573,Maya_6573,Junior Associate
6574,Nate_6574,Junior Associate
6575,Olivia_6575,Junior Associate
6576,Paul_6576,Junior Associate
6577,Quinn_6577,Junior Associate
6578,Rose_6578,Junior Associate
6579,Sam_6579,Junior Associate
6580,Tina_6580,Junior Associate
6581,Uma_6581,Junior Associate
6582,Victor_6582,Junior Associate
6583,Wendy_6583,Junior Associate
6584,Xander_6584,Junior Associate
6585,Yara_6585,Junior Associate
6586,Zack_6586,Junior Associate
6587,Ava_6587,Junior Associate
6588,Ben_6588,Junior Associate
6589,Chloe_6589,Junior Associate
6590,Dylan_6590,Junior Associate
6591,Ella_6591,Junior Associate
6592,Finn_6592,Junior Associate
6593,Alice_6593,Junior Associate
6594,Bob_6594,Junior Associate
6595,Carol_6595,Junior Associate
6596,Dave_6596,Junior Associate
6597,Eve_6597,Junior Associate
6598,Frank_6598,Junior Associate
6599,Grace_6599,Junior Associate
6600,Hank_6600,Junior Associate
6601,Iris_6601,Junior Associate
6602,Jack_6602,Junior Associate
6603,Karen_6603,Junior Associate
6604,Leo_6604,Junior Associate
6605,Maya_6605,Junior Associate
6606,Nate_6606,Junior Associate
6607,Olivia_6607,Junior Associate
6608,Paul_6608,Junior Associate
6609,Quinn_6609,Junior Associate
6610,Rose_6610,Junior Associate
6611,Sam_6611,Junior Associate
6612,Tina_6612,Junior Associate
6613,Uma_6613,Junior Associate
6614,Victor_6614,Junior Associate
6615,Wendy_6615,Junior Associate
6616,Xander_6616,Junior Associate
6617,Yara_6617,Junior Associate
6618,Zack_6618,Junior Associate
6619,Ava_6619,Junior Associate
6620,Ben_6620,Junior Associate
6621,Chloe_6621,Junior Associate
6622,Dylan_6622,Junior Associate
6623,Ella_6623,Junior Associate
6624,Finn_6624,Junior Associate
6625,Alice_6625,Junior Associate
6626,Bob_6626,Junior Associate
6627,Carol_6627,Junior Associate
6628,Dave_6628,Junior Associate
6629,Eve_6629,Junior Associate
6630,Frank_6630,Junior Associate
6631,Grace_6631,Junior Associate
6632,Hank_6632,Junior Associate
6633,Iris_6633,Junior Associate
6634,Jack_6634,Junior Associate
6635,Karen_6635,Junior Associate
6636,Leo_6636,Junior Associate
6637,Maya_6637,Junior Associate
6638,Nate_6638,Junior Associate
6639,Olivia_6639,Junior Associate
6640,Paul_6640,Junior Associate
6641,Quinn_6641,Junior Associate
6642,Rose_6642,Junior Associate
6643,Sam_6643,Junior Associate
6644,Tina_6644,Junior Associate
6645,Uma_6645,Junior Associate
6646,Victor_6646,Junior Associate
6647,Wendy_6647,Junior Associate
6648,Xander_6648,Junior Associate
6649,Yara_6649,Junior Associate
6650,Zack_6650,Junior Associate
6651,Ava_6651,Junior Associate
6652,Ben_6652,Junior Associate
6653,Chloe_6653,Junior Associate
6654,Dylan_6654,Junior Associate
6655,Ella_6655,Junior Associate
6656,Finn_6656,Junior Associate
6657,Alice_6657,Junior Associate
6658,Bob_6658,Junior Associate
6659,Carol_6659,Junior Associate
6660,Dave_6660,Junior Associate
6661,Eve_6661,Junior Associate
6662,Frank_6662,Junior Associate
6663,Grace_6663,Junior Associate
6664,Hank_6664,Junior Associate
6665,Iris_6665,Junior Associate
6666,Jack_6666,Junior Associate
6667,Karen_6667,Junior Associate
6668,Leo_6668,Junior Associate
6669,Maya_6669,Junior Associate
6670,Nate_6670,Junior Associate
6671,Olivia_6671,Junior Associate
6672,Paul_6672,Junior Associate
6673,Quinn_6673,Junior Associate
6674,Rose_6674,Junior Associate
6675,Sam_6675,Junior Associate
6676,Tina_6676,Junior Associate
6677,Uma_6677,Junior Associate
6678,Victor_6678,Junior Associate
6679,Wendy_6679,Junior Associate
6680,Xander_6680,Junior Associate
6681,Yara_6681,Junior Associate
6682,Zack_6682,Junior Associate
6683,Ava_6683,Junior Associate
6684,Ben_6684,Junior Associate
6685,Chloe_6685,Junior Associate
6686,Dylan_6686,Junior Associate
6687,Ella_6687,Junior Associate
6688,Finn_6688,Junior Associate
6689,Alice_6689,Junior Associate
6690,Bob_6690,Junior Associate
6691,Carol_6691,Junior Associate
6692,Dave_6692,Junior Associate
6693,Eve_6693,Junior Associate
6694,Frank_6694,Junior Associate
6695,Grace_6695,Junior Associate
6696,Hank_6696,Junior Associate
6697,Iris_6697,Junior Associate
6698,Jack_6698,Junior Associate
6699,Karen_6699,Junior Associate
6700,Leo_6700,Junior Associate
6701,Maya_6701,Junior Associate
6702,Nate_6702,Junior Associate
6703,Olivia_6703,Junior Associate
6704,Paul_6704,Junior Associate
6705,Quinn_6705,Junior Associate
6706,Rose_6706,Junior Associate
6707,Sam_6707,Junior Associate
6708,Tina_6708,Junior Associate
6709,Uma_6709,Junior Associate
6710,Victor_6710,Junior Associate
6711,Wendy_6711,Junior Associate
6712,Xander_6712,Junior Associate
6713,Yara_6713,Junior Associate
6714,Zack_6714,Junior Associate
6715,Ava_6715,Junior Associate
6716,Ben_6716,Junior Associate
6717,Chloe_6717,Junior Associate
6718,Dylan_6718,Junior Associate
6719,Ella_6719,Junior Associate
6720,Finn_6720,Junior Associate
6721,Alice_6721,Junior Associate
6722,Bob_6722,Junior Associate
6723,Carol_6723,Junior Associate
6724,Dave_6724,Junior Associate
6725,Eve_6725,Junior Associate
6726,Frank_6726,Junior Associate
6727,Grace_6727,Junior Associate
6728,Hank_6728,Junior Associate
6729,Iris_6729,Junior Associate
6730,Jack_6730,Junior Associate
6731,Karen_6731,Junior Associate
6732,Leo_6732,Junior Associate
6733,Maya_6733,Junior Associate
6734,Nate_6734,Junior Associate
6735,Olivia_6735,Junior Associate
6736,Paul_6736,Junior Associate
6737,Quinn_6737,Junior Associate
6738,Rose_6738,Junior Associate
6739,Sam_6739,Junior Associate
6740,Tina_6740,Junior Associate
6741,Uma_6741,Junior Associate
6742,Victor_6742,Junior Associate
6743,Wendy_6743,Junior Associate
6744,Xander_6744,Junior Associate
6745,Yara_6745,Junior Associate
6746,Zack_6746,Junior Associate
6747,Ava_6747,Junior Associate
6748,Ben_6748,Junior Associate
6749,Chloe_6749,Junior Associate
6750,Dylan_6750,Junior Associate
6751,Ella_6751,Junior Associate
6752,Finn_6752,Junior Associate
6753,Alice_6753,Junior Associate
6754,Bob_6754,Junior Associate
6755,Carol_6755,Junior Associate
6756,Dave_6756,Junior Associate
6757,Eve_6757,Junior Associate
6758,Frank_6758,Junior Associate
6759,Grace_6759,Junior Associate
6760,Hank_6760,Junior Associate
6761,Iris_6761,Junior Associate
6762,Jack_6762,Junior Associate
6763,Karen_6763,Junior Associate
6764,Leo_6764,Junior Associate
6765,Maya_6765,Junior Associate
6766,Nate_6766,Junior Associate
6767,Olivia_6767,Junior Associate
6768,Paul_6768,Junior Associate
6769,Quinn_6769,Junior Associate
6770,Rose_6770,Junior Associate
6771,Sam_6771,Junior Associate
6772,Tina_6772,Junior Associate
6773,Uma_6773,Junior Associate
6774,Victor_6774,Junior Associate
6775,Wendy_6775,Junior Associate
6776,Xander_6776,Junior Associate
6777,Yara_6777,Junior Associate
6778,Zack_6778,Junior Associate
6779,Ava_6779,Junior Associate
6780,Ben_6780,Junior Associate
6781,Chloe_6781,Junior Associate
6782,Dylan_6782,Junior Associate
6783,Ella_6783,Junior Associate
6784,Finn_6784,Junior Associate
6785,Alice_6785,Junior Associate
6786,Bob_6786,Junior Associate
6787,Carol_6787,Junior Associate
6788,Dave_6788,Junior Associate
6789,Eve_6789,Junior Associate
6790,Frank_6790,Junior Associate
6791,Grace_6791,Junior Associate
6792,Hank_6792,Junior Associate
6793,Iris_6793,Junior Associate
6794,Jack_6794,Junior Associate
6795,Karen_6795,Junior Associate
6796,Leo_6796,Junior Associate
6797,Maya_6797,Junior Associate
6798,Nate_6798,Junior Associate
6799,Olivia_6799,Junior Associate
6800,Paul_6800,Junior Associate
6801,Quinn_6801,Junior Associate
6802,Rose_6802,Junior Associate
6803,Sam_6803,Junior Associate
6804,Tina_6804,Junior Associate
6805,Uma_6805,Junior Associate
6806,Victor_6806,Junior Associate
6807,Wendy_6807,Junior Associate
6808,Xander_6808,Junior Associate
6809,Yara_6809,Junior Associate
6810,Zack_6810,Junior Associate
6811,Ava_6811,Junior Associate
6812,Ben_6812,Junior Associate
6813,Chloe_6813,Junior Associate
6814,Dylan_6814,Junior Associate
6815,Ella_6815,Junior Associate
6816,Finn_6816,Junior Associate
6817,Alice_6817,Junior Associate
6818,Bob_6818,Junior Associate
6819,Carol_6819,Junior Associate
6820,Dave_6820,Junior Associate
6821,Eve_6821,Junior Associate
6822,Frank_6822,Junior Associate
6823,Grace_6823,Junior Associate
6824,Hank_6824,Junior Associate
6825,Iris_6825,Junior Associate
6826,Jack_6826,Junior Associate
6827,Karen_6827,Junior Associate
6828,Leo_6828,Junior Associate
6829,Maya_6829,Junior Associate
6830,Nate_6830,Junior Associate
6831,Olivia_6831,Junior Associate
6832,Paul_6832,Junior Associate
6833,Quinn_6833,Junior Associate
6834,Rose_6834,Junior Associate
6835,Sam_6835,Junior Associate
6836,Tina_6836,Junior Associate
6837,Uma_6837,Junior Associate
6838,Victor_6838,Junior Associate
6839,Wendy_6839,Junior Associate
6840,Xander_6840,Junior Associate
6841,Yara_6841,Junior Associate
6842,Zack_6842,Junior Associate
6843,Ava_6843,Junior Associate
6844,Ben_6844,Junior Associate
6845,Chloe_6845,Junior Associate
6846,Dylan_6846,Junior Associate
6847,Ella_6847,Junior Associate
6848,Finn_6848,Junior Associate
6849,Alice_6849,Junior Associate
6850,Bob_6850,Junior Associate
6851,Carol_6851,Junior Associate
6852,Dave_6852,Junior Associate
6853,Eve_6853,Junior Associate
6854,Frank_6854,Junior Associate
6855,Grace_6855,Junior Associate
6856,Hank_6856,Junior Associate
6857,Iris_6857,Junior Associate
6858,Jack_6858,Junior Associate
6859,Karen_6859,Junior Associate
6860,Leo_6860,Junior Associate
6861,Maya_6861,Junior Associate
6862,Nate_6862,Junior Associate
6863,Olivia_6863,Junior Associate
6864,Paul_6864,Junior Associate
6865,Quinn_6865,Junior Associate
6866,Rose_6866,Junior Associate
6867,Sam_6867,Junior Associate
6868,Tina_6868,Junior Associate
6869,Uma_6869,Junior Associate
6870,Victor_6870,Junior Associate
6871,Wendy_6871,Junior Associate
6872,Xander_6872,Junior Associate
6873,Yara_6873,Junior Associate
6874,Zack_6874,Junior Associate
6875,Ava_6875,Junior Associate
6876,Ben_6876,Junior Associate
6877,Chloe_6877,Junior Associate
6878,Dylan_6878,Junior Associate
6879,Ella_6879,Junior Associate
6880,Finn_6880,Junior Associate
6881,Alice_6881,Junior Associate
6882,Bob_6882,Junior Associate
6883,Carol_6883,Junior Associate
6884,Dave_6884,Junior Associate
6885,Eve_6885,Junior Associate
6886,Frank_6886,Junior Associate
6887,Grace_6887,Junior Associate
6888,Hank_6888,Junior Associate
6889,Iris_6889,Junior Associate
6890,Jack_6890,Junior Associate
6891,Karen_6891,Junior Associate
6892,Leo_6892,Junior Associate
6893,Maya_6893,Junior Associate
6894,Nate_6894,Junior Associate
6895,Olivia_6895,Junior Associate
6896,Paul_6896,Junior Associate
6897,Quinn_6897,Junior Associate
6898,Rose_6898,Junior Associate
6899,Sam_6899,Junior Associate
6900,Tina_6900,Junior Associate
6901,Uma_6901,Junior Associate
6902,Victor_6902,Junior Associate
6903,Wendy_6903,Junior Associate
6904,Xander_6904,Junior Associate
6905,Yara_6905,Junior Associate
6906,Zack_6906,Junior Associate
6907,Ava_6907,Junior Associate
6908,Ben_6908,Junior Associate
6909,Chloe_6909,Junior Associate
6910,Dylan_6910,Junior Associate
6911,Ella_6911,Junior Associate
6912,Finn_6912,Junior Associate
6913,Alice_6913,Junior Associate
6914,Bob_6914,Junior Associate
6915,Carol_6915,Junior Associate
6916,Dave_6916,Junior Associate
6917,Eve_6917,Junior Associate
6918,Frank_6918,Junior Associate
6919,Grace_6919,Junior Associate
6920,Hank_6920,Junior Associate
6921,Iris_6921,Junior Associate
6922,Jack_6922,Junior Associate
6923,Karen_6923,Junior Associate
6924,Leo_6924,Junior Associate
6925,Maya_6925,Junior Associate
6926,Nate_6926,Junior Associate
6927,Olivia_6927,Junior Associate
6928,Paul_6928,Junior Associate
6929,Quinn_6929,Junior Associate
6930,Rose_6930,Junior Associate
6931,Sam_6931,Junior Associate
6932,Tina_6932,Junior Associate
6933,Uma_6933,Junior Associate
6934,Victor_6934,Junior Associate
6935,Wendy_6935,Junior Associate
6936,Xander_6936,Junior Associate
6937,Yara_6937,Junior Associate
6938,Zack_6938,Junior Associate
6939,Ava_6939,Junior Associate
6940,Ben_6940,Junior Associate
6941,Chloe_6941,Junior Associate
6942,Dylan_6942,Junior Associate
6943,Ella_6943,Junior Associate
6944,Finn_6944,Junior Associate
6945,Alice_6945,Junior Associate
6946,Bob_6946,Junior Associate
6947,Carol_6947,Junior Associate
6948,Dave_6948,Junior Associate
6949,Eve_6949,Junior Associate
6950,Frank_6950,Junior Associate
6951,Grace_6951,Junior Associate
6952,Hank_6952,Junior Associate
6953,Iris_6953,Junior Associate
6954,Jack_6954,Junior Associate
6955,Karen_6955,Junior Associate
6956,Leo_6956,Junior Associate
6957,Maya_6957,Junior Associate
6958,Nate_6958,Junior Associate
6959,Olivia_6959,Junior Associate
6960,Paul_6960,Junior Associate
6961,Quinn_6961,Junior Associate
6962,Rose_6962,Junior Associate
6963,Sam_6963,Junior Associate
6964,Tina_6964,Junior Associate
6965,Uma_6965,Junior Associate
6966,Victor_6966,Junior Associate
6967,Wendy_6967,Junior Associate
6968,Xander_6968,Junior Associate
6969,Yara_6969,Junior Associate
6970,Zack_6970,Junior Associate
6971,Ava_6971,Junior Associate
6972,Ben_6972,Junior Associate
6973,Chloe_6973,Junior Associate
6974,Dylan_6974,Junior Associate
6975,Ella_6975,Junior Associate
6976,Finn_6976,Junior Associate
6977,Alice_6977,Junior Associate
6978,Bob_6978,Junior Associate
6979,Carol_6979,Junior Associate
6980,Dave_6980,Junior Associate
6981,Eve_6981,Junior Associate
6982,Frank_6982,Junior Associate
6983,Grace_6983,Junior Associate
6984,Hank_6984,Junior Associate
6985,Iris_6985,Junior Associate
6986,Jack_6986,Junior Associate
6987,Karen_6987,Junior Associate
6988,Leo_6988,Junior Associate
6989,Maya_6989,Junior Associate
6990,Nate_6990,Junior Associate
6991,Olivia_6991,Junior Associate
6992,Paul_6992,Junior Associate
6993,Quinn_6993,Junior Associate
6994,Rose_6994,Junior Associate
6995,Sam_6995,Junior Associate
6996,Tina_6996,Junior Associate
6997,Uma_6997,Junior Associate
6998,Victor_6998,Junior Associate
6999,Wendy_6999,Junior Associate
7000,Xander_7000,Junior Associate
7001,Yara_7001,Junior Associate
7002,Zack_7002,Junior Associate
7003,Ava_7003,Junior Associate
7004,Ben_7004,Junior Associate
7005,Chloe_7005,Junior Associate
7006,Dylan_7006,Junior Associate
7007,Ella_7007,Junior Associate
7008,Finn_7008,Junior Associate
7009,Alice_7009,Junior Associate
7010,Bob_7010,Junior Associate
7011,Carol_7011,Junior Associate
7012,Dave_7012,Junior Associate
7013,Eve_7013,Junior Associate
7014,Frank_7014,Junior Associate
7015,Grace_7015,Junior Associate
7016,Hank_7016,Junior Associate
7017,Iris_7017,Junior Associate
7018,Jack_7018,Junior Associate
7019,Karen_7019,Junior Associate
7020,Leo_7020,Junior Associate
7021,Maya_7021,Junior Associate
7022,Nate_7022,Junior Associate
7023,Olivia_7023,Junior Associate
7024,Paul_7024,Junior Associate
7025,Quinn_7025,Junior Associate
7026,Rose_7026,Junior Associate
7027,Sam_7027,Junior Associate
7028,Tina_7028,Junior Associate
7029,Uma_7029,Junior Associate
7030,Victor_7030,Junior Associate
7031,Wendy_7031,Junior Associate
7032,Xander_7032,Junior Associate
7033,Yara_7033,Junior Associate
7034,Zack_7034,Junior Associate
7035,Ava_7035,Junior Associate
7036,Ben_7036,Junior Associate
7037,Chloe_7037,Junior Associate
7038,Dylan_7038,Junior Associate
7039,Ella_7039,Junior Associate
7040,Finn_7040,Junior Associate
7041,Alice_7041,Junior Associate
7042,Bob_7042,Junior Associate
7043,Carol_7043,Junior Associate
7044,Dave_7044,Junior Associate
7045,Eve_7045,Junior Associate
7046,Frank_7046,Junior Associate
7047,Grace_7047,Junior Associate
7048,Hank_7048,Junior Associate
7049,Iris_7049,Junior Associate
7050,Jack_7050,Junior Associate
7051,Karen_7051,Junior Associate
7052,Leo_7052,Junior Associate
7053,Maya_7053,Junior Associate
7054,Nate_7054,Junior Associate
7055,Olivia_7055,Junior Associate
7056,Paul_7056,Junior Associate
7057,Quinn_7057,Junior Associate
7058,Rose_7058,Junior Associate
7059,Sam_7059,Junior Associate
7060,Tina_7060,Junior Associate
7061,Uma_7061,Junior Associate
7062,Victor_7062,Junior Associate
7063,Wendy_7063,Junior Associate
7064,Xander_7064,Junior Associate
7065,Yara_7065,Junior Associate
7066,Zack_7066,Junior Associate
7067,Ava_7067,Junior Associate
7068,Ben_7068,Junior Associate
7069,Chloe_7069,Junior Associate
7070,Dylan_7070,Junior Associate
7071,Ella_7071,Junior Associate
7072,Finn_7072,Junior Associate
7073,Alice_7073,Junior Associate
7074,Bob_7074,Junior Associate
7075,Carol_7075,Junior Associate
7076,Dave_7076,Junior Associate
7077,Eve_7077,Junior Associate
7078,Frank_7078,Junior Associate
7079,Grace_7079,Junior Associate
7080,Hank_7080,Junior Associate
7081,Iris_7081,Junior Associate
7082,Jack_7082,Junior Associate
7083,Karen_7083,Junior Associate
7084,Leo_7084,Junior Associate
7085,Maya_7085,Junior Associate
7086,Nate_7086,Junior Associate
7087,Olivia_7087,Junior Associate
7088,Paul_7088,Junior Associate
7089,Quinn_7089,Junior Associate
7090,Rose_7090,Junior Associate
7091,Sam_7091,Junior Associate
7092,Tina_7092,Junior Associate
7093,Uma_7093,Junior Associate
7094,Victor_7094,Junior Associate
7095,Wendy_7095,Junior Associate
7096,Xander_7096,Junior Associate
7097,Yara_7097,Junior Associate
7098,Zack_7098,Junior Associate
7099,Ava_7099,Junior Associate
7100,Ben_7100,Junior Associate
7101,Chloe_7101,Junior Associate
7102,Dylan_7102,Junior Associate
7103,Ella_7103,Junior Associate
7104,Finn_7104,Junior Associate
7105,Alice_7105,Junior Associate
7106,Bob_7106,Junior Associate
7107,Carol_7107,Junior Associate
7108,Dave_7108,Junior Associate
7109,Eve_7109,Junior Associate
7110,Frank_7110,Junior Associate
7111,Grace_7111,Junior Associate
7112,Hank_7112,Junior Associate
7113,Iris_7113,Junior Associate
7114,Jack_7114,Junior Associate
7115,Karen_7115,Junior Associate
7116,Leo_7116,Junior Associate
7117,Maya_7117,Junior Associate
7118,Nate_7118,Junior Associate
7119,Olivia_7119,Junior Associate
7120,Paul_7120,Junior Associate
7121,Quinn_7121,Junior Associate
7122,Rose_7122,Junior Associate
7123,Sam_7123,Junior Associate
7124,Tina_7124,Junior Associate
7125,Uma_7125,Junior Associate
7126,Victor_7126,Junior Associate
7127,Wendy_7127,Junior Associate
7128,Xander_7128,Junior Associate
7129,Yara_7129,Junior Associate
7130,Zack_7130,Junior Associate
7131,Ava_7131,Junior Associate
7132,Ben_7132,Junior Associate
7133,Chloe_7133,Junior Associate
7134,Dylan_7134,Junior Associate
7135,Ella_7135,Junior Associate
7136,Finn_7136,Junior Associate
7137,Alice_7137,Junior Associate
7138,Bob_7138,Junior Associate
7139,Carol_7139,Junior Associate
7140,Dave_7140,Junior Associate
7141,Eve_7141,Junior Associate
7142,Frank_7142,Junior Associate
7143,Grace_7143,Junior Associate
7144,Hank_7144,Junior Associate
7145,Iris_7145,Junior Associate
7146,Jack_7146,Junior Associate
7147,Karen_7147,Junior Associate
7148,Leo_7148,Junior Associate
7149,Maya_7149,Junior Associate
7150,Nate_7150,Junior Associate
7151,Olivia_7151,Junior Associate
7152,Paul_7152,Junior Associate
7153,Quinn_7153,Junior Associate
7154,Rose_7154,Junior Associate
7155,Sam_7155,Junior Associate
7156,Tina_7156,Junior Associate
7157,Uma_7157,Junior Associate
7158,Victor_7158,Junior Associate
7159,Wendy_7159,Junior Associate
7160,Xander_7160,Junior Associate
7161,Yara_7161,Junior Associate
7162,Zack_7162,Junior Associate
7163,Ava_7163,Junior Associate
7164,Ben_7164,Junior Associate
7165,Chloe_7165,Junior Associate
7166,Dylan_7166,Junior Associate
7167,Ella_7167,Junior Associate
7168,Finn_7168,Junior Associate
7169,Alice_7169,Junior Associate
7170,Bob_7170,Junior Associate
7171,Carol_7171,Junior Associate
7172,Dave_7172,Junior Associate
7173,Eve_7173,Junior Associate
7174,Frank_7174,Junior Associate
7175,Grace_7175,Junior Associate
7176,Hank_7176,Junior Associate
7177,Iris_7177,Junior Associate
7178,Jack_7178,Junior Associate
7179,Karen_7179,Junior Associate
7180,Leo_7180,Junior Associate
7181,Maya_7181,Junior Associate
7182,Nate_7182,Junior Associate
7183,Olivia_7183,Junior Associate
7184,Paul_7184,Junior Associate
7185,Quinn_7185,Junior Associate
7186,Rose_7186,Junior Associate
7187,Sam_7187,Junior Associate
7188,Tina_7188,Junior Associate
7189,Uma_7189,Junior Associate
7190,Victor_7190,Junior Associate
7191,Wendy_7191,Junior Associate
7192,Xander_7192,Junior Associate
7193,Yara_7193,Junior Associate
7194,Zack_7194,Junior Associate
7195,Ava_7195,Junior Associate
7196,Ben_7196,Junior Associate
7197,Chloe_7197,Junior Associate
7198,Dylan_7198,Junior Associate
7199,Ella_7199,Junior Associate
7200,Finn_7200,Junior Associate
7201,Alice_7201,Junior Associate
7202,Bob_7202,Junior Associate
7203,Carol_7203,Junior Associate
7204,Dave_7204,Junior Associate
7205,Eve_7205,Junior Associate
7206,Frank_7206,Junior Associate
7207,Grace_7207,Junior Associate
7208,Hank_7208,Junior Associate
7209,Iris_7209,Junior Associate
7210,Jack_7210,Junior Associate
7211,Karen_7211,Junior Associate
7212,Leo_7212,Junior Associate
7213,Maya_7213,Junior Associate
7214,Nate_7214,Junior Associate
7215,Olivia_7215,Junior Associate
7216,Paul_7216,Junior Associate
7217,Quinn_7217,Junior Associate
7218,Rose_7218,Junior Associate
7219,Sam_7219,Junior Associate
7220,Tina_7220,Junior Associate
7221,Uma_7221,Junior Associate
7222,Victor_7222,Junior Associate
7223,Wendy_7223,Junior Associate
7224,Xander_7224,Junior Associate
7225,Yara_7225,Junior Associate
7226,Zack_7226,Junior Associate
7227,Ava_7227,Junior Associate
7228,Ben_7228,Junior Associate
7229,Chloe_7229,Junior Associate
7230,Dylan_7230,Junior Associate
7231,Ella_7231,Junior Associate
7232,Finn_7232,Junior Associate
7233,Alice_7233,Junior Associate
7234,Bob_7234,Junior Associate
7235,Carol_7235,Junior Associate
7236,Dave_7236,Junior Associate
7237,Eve_7237,Junior Associate
7238,Frank_7238,Junior Associate
7239,Grace_7239,Junior Associate
7240,Hank_7240,Junior Associate
7241,Iris_7241,Junior Associate
7242,Jack_7242,Junior Associate
7243,Karen_7243,Junior Associate
7244,Leo_7244,Junior Associate
7245,Maya_7245,Junior Associate
7246,Nate_7246,Junior Associate
7247,Olivia_7247,Junior Associate
7248,Paul_7248,Junior Associate
7249,Quinn_7249,Junior Associate
7250,Rose_7250,Junior Associate
7251,Sam_7251,Junior Associate
7252,Tina_7252,Junior Associate
7253,Uma_7253,Junior Associate
7254,Victor_7254,Junior Associate
7255,Wendy_7255,Junior Associate
7256,Xander_7256,Junior Associate
7257,Yara_7257,Junior Associate
7258,Zack_7258,Junior Associate
7259,Ava_7259,Junior Associate
7260,Ben_7260,Junior Associate
7261,Chloe_7261,Junior Associate
7262,Dylan_7262,Junior Associate
7263,Ella_7263,Junior Associate
7264,Finn_7264,Junior Associate
7265,Alice_7265,Junior Associate
7266,Bob_7266,Junior Associate
7267,Carol_7267,Junior Associate
7268,Dave_7268,Junior Associate
7269,Eve_7269,Junior Associate
7270,Frank_7270,Junior Associate
7271,Grace_7271,Junior Associate
7272,Hank_7272,Junior Associate
7273,Iris_7273,Junior Associate
7274,Jack_7274,Junior Associate
7275,Karen_7275,Junior Associate
7276,Leo_7276,Junior Associate
7277,Maya_7277,Junior Associate
7278,Nate_7278,Junior Associate
7279,Olivia_7279,Junior Associate
7280,Paul_7280,Junior Associate
7281,Quinn_7281,Junior Associate
7282,Rose_7282,Junior Associate
7283,Sam_7283,Junior Associate
7284,Tina_7284,Junior Associate
7285,Uma_7285,Junior Associate
7286,Victor_7286,Junior Associate
7287,Wendy_7287,Junior Associate
7288,Xander_7288,Junior Associate
7289,Yara_7289,Junior Associate
7290,Zack_7290,Junior Associate
7291,Ava_7291,Junior Associate
7292,Ben_7292,Junior Associate
7293,Chloe_7293,Junior Associate
7294,Dylan_7294,Junior Associate
7295,Ella_7295,Junior Associate
7296,Finn_7296,Junior Associate
7297,Alice_7297,Junior Associate
7298,Bob_7298,Junior Associate
7299,Carol_7299,Junior Associate
7300,Dave_7300,Junior Associate
7301,Eve_7301,Junior Associate
7302,Frank_7302,Junior Associate
7303,Grace_7303,Junior Associate
7304,Hank_7304,Junior Associate
7305,Iris_7305,Junior Associate
7306,Jack_7306,Junior Associate
7307,Karen_7307,Junior Associate
7308,Leo_7308,Junior Associate
7309,Maya_7309,Junior Associate
7310,Nate_7310,Junior Associate
7311,Olivia_7311,Junior Associate
7312,Paul_7312,Junior Associate
7313,Quinn_7313,Junior Associate
7314,Rose_7314,Junior Associate
7315,Sam_7315,Junior Associate
7316,Tina_7316,Junior Associate
7317,Uma_7317,Junior Associate
7318,Victor_7318,Junior Associate
7319,Wendy_7319,Junior Associate
7320,Xander_7320,Junior Associate
7321,Yara_7321,Junior Associate
7322,Zack_7322,Junior Associate
7323,Ava_7323,Junior Associate
7324,Ben_7324,Junior Associate
7325,Chloe_7325,Junior Associate
7326,Dylan_7326,Junior Associate
7327,Ella_7327,Junior Associate
7328,Finn_7328,Junior Associate
7329,Alice_7329,Junior Associate
7330,Bob_7330,Junior Associate
7331,Carol_7331,Junior Associate
7332,Dave_7332,Junior Associate
7333,Eve_7333,Junior Associate
7334,Frank_7334,Junior Associate
7335,Grace_7335,Junior Associate
7336,Hank_7336,Junior Associate
7337,Iris_7337,Junior Associate
7338,Jack_7338,Junior Associate
7339,Karen_7339,Junior Associate
7340,Leo_7340,Junior Associate
7341,Maya_7341,Junior Associate
7342,Nate_7342,Junior Associate
7343,Olivia_7343,Junior Associate
7344,Paul_7344,Junior Associate
7345,Quinn_7345,Junior Associate
7346,Rose_7346,Junior Associate
7347,Sam_7347,Junior Associate
7348,Tina_7348,Junior Associate
7349,Uma_7349,Junior Associate
7350,Victor_7350,Junior Associate
7351,Wendy_7351,Junior Associate
7352,Xander_7352,Junior Associate
7353,Yara_7353,Junior Associate
7354,Zack_7354,Junior Associate
7355,Ava_7355,Junior Associate
7356,Ben_7356,Junior Associate
7357,Chloe_7357,Junior Associate
7358,Dylan_7358,Junior Associate
7359,Ella_7359,Junior Associate
7360,Finn_7360,Junior Associate
7361,Alice_7361,Junior Associate
7362,Bob_7362,Junior Associate
7363,Carol_7363,Junior Associate
7364,Dave_7364,Junior Associate
7365,Eve_7365,Junior Associate
7366,Frank_7366,Junior Associate
7367,Grace_7367,Junior Associate
7368,Hank_7368,Junior Associate
7369,Iris_7369,Junior Associate
7370,Jack_7370,Junior Associate
7371,Karen_7371,Junior Associate
7372,Leo_7372,Junior Associate
7373,Maya_7373,Junior Associate
7374,Nate_7374,Junior Associate
7375,Olivia_7375,Junior Associate
7376,Paul_7376,Junior Associate
7377,Quinn_7377,Junior Associate
7378,Rose_7378,Junior Associate
7379,Sam_7379,Junior Associate
7380,Tina_7380,Junior Associate
7381,Uma_7381,Junior Associate
7382,Victor_7382,Junior Associate
7383,Wendy_7383,Junior Associate
7384,Xander_7384,Junior Associate
7385,Yara_7385,Junior Associate
7386,Zack_7386,Junior Associate
7387,Ava_7387,Junior Associate
7388,Ben_7388,Junior Associate
7389,Chloe_7389,Junior Associate
7390,Dylan_7390,Junior Associate
7391,Ella_7391,Junior Associate
7392,Finn_7392,Junior Associate
7393,Alice_7393,Junior Associate
7394,Bob_7394,Junior Associate
7395,Carol_7395,Junior Associate
7396,Dave_7396,Junior Associate
7397,Eve_7397,Junior Associate
7398,Frank_7398,Junior Associate
7399,Grace_7399,Junior Associate
7400,Hank_7400,Junior Associate
7401,Iris_7401,Junior Associate
7402,Jack_7402,Junior Associate
7403,Karen_7403,Junior Associate
7404,Leo_7404,Junior Associate
7405,Maya_7405,Junior Associate
7406,Nate_7406,Junior Associate
7407,Olivia_7407,Junior Associate
7408,Paul_7408,Junior Associate
7409,Quinn_7409,Junior Associate
7410,Rose_7410,Junior Associate
7411,Sam_7411,Junior Associate
7412,Tina_7412,Junior Associate
7413,Uma_7413,Junior Associate
7414,Victor_7414,Junior Associate
7415,Wendy_7415,Junior Associate
7416,Xander_7416,Junior Associate
7417,Yara_7417,Junior Associate
7418,Zack_7418,Junior Associate
7419,Ava_7419,Junior Associate
7420,Ben_7420,Junior Associate
7421,Chloe_7421,Junior Associate
7422,Dylan_7422,Junior Associate
7423,Ella_7423,Junior Associate
7424,Finn_7424,Junior Associate
7425,Alice_7425,Junior Associate
7426,Bob_7426,Junior Associate
7427,Carol_7427,Junior Associate
7428,Dave_7428,Junior Associate
7429,Eve_7429,Junior Associate
7430,Frank_7430,Junior Associate
7431,Grace_7431,Junior Associate
7432,Hank_7432,Junior Associate
7433,Iris_7433,Junior Associate
7434,Jack_7434,Junior Associate
7435,Karen_7435,Junior Associate
7436,Leo_7436,Junior Associate
7437,Maya_7437,Junior Associate
7438,Nate_7438,Junior Associate
7439,Olivia_7439,Junior Associate
7440,Paul_7440,Junior Associate
7441,Quinn_7441,Junior Associate
7442,Rose_7442,Junior Associate
7443,Sam_7443,Junior Associate
7444,Tina_7444,Junior Associate
7445,Uma_7445,Junior Associate
7446,Victor_7446,Junior Associate
7447,Wendy_7447,Junior Associate
7448,Xander_7448,Junior Associate
7449,Yara_7449,Junior Associate
7450,Zack_7450,Junior Associate
7451,Ava_7451,Junior Associate
7452,Ben_7452,Junior Associate
7453,Chloe_7453,Junior Associate
7454,Dylan_7454,Junior Associate
7455,Ella_7455,Junior Associate
7456,Finn_7456,Junior Associate
7457,Alice_7457,Junior Associate
7458,Bob_7458,Junior Associate
7459,Carol_7459,Junior Associate
7460,Dave_7460,Junior Associate
7461,Eve_7461,Junior Associate
7462,Frank_7462,Junior Associate
7463,Grace_7463,Junior Associate
7464,Hank_7464,Junior Associate
7465,Iris_7465,Junior Associate
7466,Jack_7466,Junior Associate
7467,Karen_7467,Junior Associate
7468,Leo_7468,Junior Associate
7469,Maya_7469,Junior Associate
7470,Nate_7470,Junior Associate
7471,Olivia_7471,Junior Associate
7472,Paul_7472,Junior Associate
7473,Quinn_7473,Junior Associate
7474,Rose_7474,Junior Associate
7475,Sam_7475,Junior Associate
7476,Tina_7476,Junior Associate
7477,Uma_7477,Junior Associate
7478,Victor_7478,Junior Associate
7479,Wendy_7479,Junior Associate
7480,Xander_7480,Junior Associate
7481,Yara_7481,Junior Associate
7482,Zack_7482,Junior Associate
7483,Ava_7483,Junior Associate
7484,Ben_7484,Junior Associate
7485,Chloe_7485,Junior Associate
7486,Dylan_7486,Junior Associate
7487,Ella_7487,Junior Associate
7488,Finn_7488,Junior Associate
7489,Alice_7489,Junior Associate
7490,Bob_7490,Junior Associate
7491,Carol_7491,Junior Associate
7492,Dave_7492,Junior Associate
7493,Eve_7493,Junior Associate
7494,Frank_7494,Junior Associate
7495,Grace_7495,Junior Associate
7496,Hank_7496,Junior Associate
7497,Iris_7497,Junior Associate
7498,Jack_7498,Junior Associate
7499,Karen_7499,Junior Associate
7500,Leo_7500,Junior Associate
7501,Maya_7501,Junior Associate
7502,Nate_7502,Junior Associate
7503,Olivia_7503,Junior Associate
7504,Paul_7504,Junior Associate
7505,Quinn_7505,Junior Associate
7506,Rose_7506,Junior Associate
7507,Sam_7507,Junior Associate
7508,Tina_7508,Junior Associate
7509,Uma_7509,Junior Associate
7510,Victor_7510,Junior Associate
7511,Wendy_7511,Junior Associate
7512,Xander_7512,Junior Associate
7513,Yara_7513,Junior Associate
7514,Zack_7514,Junior Associate
7515,Ava_7515,Junior Associate
7516,Ben_7516,Junior Associate
7517,Chloe_7517,Junior Associate
7518,Dylan_7518,Junior Associate
7519,Ella_7519,Junior Associate
7520,Finn_7520,Junior Associate
7521,Alice_7521,Junior Associate
7522,Bob_7522,Junior Associate
7523,Carol_7523,Junior Associate
7524,Dave_7524,Junior Associate
7525,Eve_7525,Junior Associate
7526,Frank_7526,Junior Associate
7527,Grace_7527,Junior Associate
7528,Hank_7528,Junior Associate
7529,Iris_7529,Junior Associate
7530,Jack_7530,Junior Associate
7531,Karen_7531,Junior Associate
7532,Leo_7532,Junior Associate
7533,Maya_7533,Junior Associate
7534,Nate_7534,Junior Associate
7535,Olivia_7535,Junior Associate
7536,Paul_7536,Junior Associate
7537,Quinn_7537,Junior Associate
7538,Rose_7538,Junior Associate
7539,Sam_7539,Junior Associate
7540,Tina_7540,Junior Associate
7541,Uma_7541,Junior Associate
7542,Victor_7542,Junior Associate
7543,Wendy_7543,Junior Associate
7544,Xander_7544,Junior Associate
7545,Yara_7545,Junior Associate
7546,Zack_7546,Junior Associate
7547,Ava_7547,Junior Associate
7548,Ben_7548,Junior Associate
7549,Chloe_7549,Junior Associate
7550,Dylan_7550,Junior Associate
7551,Ella_7551,Junior Associate
7552,Finn_7552,Junior Associate
7553,Alice_7553,Junior Associate
7554,Bob_7554,Junior Associate
7555,Carol_7555,Junior Associate
7556,Dave_7556,Junior Associate
7557,Eve_7557,Junior Associate
7558,Frank_7558,Junior Associate
7559,Grace_7559,Junior Associate
7560,Hank_7560,Junior Associate
7561,Iris_7561,Junior Associate
7562,Jack_7562,Junior Associate
7563,Karen_7563,Junior Associate
7564,Leo_7564,Junior Associate
7565,Maya_7565,Junior Associate
7566,Nate_7566,Junior Associate
7567,Olivia_7567,Junior Associate
7568,Paul_7568,Junior Associate
7569,Quinn_7569,Junior Associate
7570,Rose_7570,Junior Associate
7571,Sam_7571,Junior Associate
7572,Tina_7572,Junior Associate
7573,Uma_7573,Junior Associate
7574,Victor_7574,Junior Associate
7575,Wendy_7575,Junior Associate
7576,Xander_7576,Junior Associate
7577,Yara_7577,Junior Associate
7578,Zack_7578,Junior Associate
7579,Ava_7579,Junior Associate
7580,Ben_7580,Junior Associate
7581,Chloe_7581,Junior Associate
7582,Dylan_7582,Junior Associate
7583,Ella_7583,Junior Associate
7584,Finn_7584,Junior Associate
7585,Alice_7585,Junior Associate
7586,Bob_7586,Junior Associate
7587,Carol_7587,Junior Associate
7588,Dave_7588,Junior Associate
7589,Eve_7589,Junior Associate
7590,Frank_7590,Junior Associate
7591,Grace_7591,Junior Associate
7592,Hank_7592,Junior Associate
7593,Iris_7593,Junior Associate
7594,Jack_7594,Junior Associate
7595,Karen_7595,Junior Associate
7596,Leo_7596,Junior Associate
7597,Maya_7597,Junior Associate
7598,Nate_7598,Junior Associate
7599,Olivia_7599,Junior Associate
7600,Paul_7600,Junior Associate
7601,Quinn_7601,Junior Associate
7602,Rose_7602,Junior Associate
7603,Sam_7603,Junior Associate
7604,Tina_7604,Junior Associate
7605,Uma_7605,Junior Associate
7606,Victor_7606,Junior Associate
7607,Wendy_7607,Junior Associate
7608,Xander_7608,Junior Associate
7609,Yara_7609,Junior Associate
7610,Zack_7610,Junior Associate
7611,Ava_7611,Junior Associate
7612,Ben_7612,Junior Associate
7613,Chloe_7613,Junior Associate
7614,Dylan_7614,Junior Associate
7615,Ella_7615,Junior Associate
7616,Finn_7616,Junior Associate
7617,Alice_7617,Junior Associate
7618,Bob_7618,Junior Associate
7619,Carol_7619,Junior Associate
7620,Dave_7620,Junior Associate
7621,Eve_7621,Junior Associate
7622,Frank_7622,Junior Associate
7623,Grace_7623,Junior Associate
7624,Hank_7624,Junior Associate
7625,Iris_7625,Junior Associate
7626,Jack_7626,Junior Associate
7627,Karen_7627,Junior Associate
7628,Leo_7628,Junior Associate
7629,Maya_7629,Junior Associate
7630,Nate_7630,Junior Associate
7631,Olivia_7631,Junior Associate
7632,Paul_7632,Junior Associate
7633,Quinn_7633,Junior Associate
7634,Rose_7634,Junior Associate
7635,Sam_7635,Junior Associate
7636,Tina_7636,Junior Associate
7637,Uma_7637,Junior Associate
7638,Victor_7638,Junior Associate
7639,Wendy_7639,Junior Associate
7640,Xander_7640,Junior Associate
7641,Yara_7641,Junior Associate
7642,Zack_7642,Junior Associate
7643,Ava_7643,Junior Associate
7644,Ben_7644,Junior Associate
7645,Chloe_7645,Junior Associate
7646,Dylan_7646,Junior Associate
7647,Ella_7647,Junior Associate
7648,Finn_7648,Junior Associate
7649,Alice_7649,Junior Associate
7650,Bob_7650,Junior Associate
7651,Carol_7651,Junior Associate
7652,Dave_7652,Junior Associate
7653,Eve_7653,Junior Associate
7654,Frank_7654,Junior Associate
7655,Grace_7655,Junior Associate
7656,Hank_7656,Junior Associate
7657,Iris_7657,Junior Associate
7658,Jack_7658,Junior Associate
7659,Karen_7659,Junior Associate
7660,Leo_7660,Junior Associate
7661,Maya_7661,Junior Associate
7662,Nate_7662,Junior Associate
7663,Olivia_7663,Junior Associate
7664,Paul_7664,Junior Associate
7665,Quinn_7665,Junior Associate
7666,Rose_7666,Junior Associate
7667,Sam_7667,Junior Associate
7668,Tina_7668,Junior Associate
7669,Uma_7669,Junior Associate
7670,Victor_7670,Junior Associate
7671,Wendy_7671,Junior Associate
7672,Xander_7672,Junior Associate
7673,Yara_7673,Junior Associate
7674,Zack_7674,Junior Associate
7675,Ava_7675,Junior Associate
7676,Ben_7676,Junior Associate
7677,Chloe_7677,Junior Associate
7678,Dylan_7678,Junior Associate
7679,Ella_7679,Junior Associate
7680,Finn_7680,Junior Associate
7681,Alice_7681,Junior Associate
7682,Bob_7682,Junior Associate
7683,Carol_7683,Junior Associate
7684,Dave_7684,Junior Associate
7685,Eve_7685,Junior Associate
7686,Frank_7686,Junior Associate
7687,Grace_7687,Junior Associate
7688,Hank_7688,Junior Associate
7689,Iris_7689,Junior Associate
7690,Jack_7690,Junior Associate
7691,Karen_7691,Junior Associate
7692,Leo_7692,Junior Associate
7693,Maya_7693,Junior Associate
7694,Nate_7694,Junior Associate
7695,Olivia_7695,Junior Associate
7696,Paul_7696,Junior Associate
7697,Quinn_7697,Junior Associate
7698,Rose_7698,Junior Associate
7699,Sam_7699,Junior Associate
7700,Tina_7700,Junior Associate
7701,Uma_7701,Junior Associate
7702,Victor_7702,Junior Associate
7703,Wendy_7703,Junior Associate
7704,Xander_7704,Junior Associate
7705,Yara_7705,Junior Associate
7706,Zack_7706,Junior Associate
7707,Ava_7707,Junior Associate
7708,Ben_7708,Junior Associate
7709,Chloe_7709,Junior Associate
7710,Dylan_7710,Junior Associate
7711,Ella_7711,Junior Associate
7712,Finn_7712,Junior Associate
7713,Alice_7713,Junior Associate
7714,Bob_7714,Junior Associate
7715,Carol_7715,Junior Associate
7716,Dave_7716,Junior Associate
7717,Eve_7717,Junior Associate
7718,Frank_7718,Junior Associate
7719,Grace_7719,Junior Associate
7720,Hank_7720,Junior Associate
7721,Iris_7721,Junior Associate
7722,Jack_7722,Junior Associate
7723,Karen_7723,Junior Associate
7724,Leo_7724,Junior Associate
7725,Maya_7725,Junior Associate
7726,Nate_7726,Junior Associate
7727,Olivia_7727,Junior Associate
7728,Paul_7728,Junior Associate
7729,Quinn_7729,Junior Associate
7730,Rose_7730,Junior Associate
7731,Sam_7731,Junior Associate
7732,Tina_7732,Junior Associate
7733,Uma_7733,Junior Associate
7734,Victor_7734,Junior Associate
7735,Wendy_7735,Junior Associate
7736,Xander_7736,Junior Associate
7737,Yara_7737,Junior Associate
7738,Zack_7738,Junior Associate
7739,Ava_7739,Junior Associate
7740,Ben_7740,Junior Associate
7741,Chloe_7741,Junior Associate
7742,Dylan_7742,Junior Associate
7743,Ella_7743,Junior Associate
7744,Finn_7744,Junior Associate
7745,Alice_7745,Junior Associate
7746,Bob_7746,Junior Associate
7747,Carol_7747,Junior Associate
7748,Dave_7748,Junior Associate
7749,Eve_7749,Junior Associate
7750,Frank_7750,Junior Associate
7751,Grace_7751,Junior Associate
7752,Hank_7752,Junior Associate
7753,Iris_7753,Junior Associate
7754,Jack_7754,Junior Associate
7755,Karen_7755,Junior Associate
7756,Leo_7756,Junior Associate
7757,Maya_7757,Junior Associate
7758,Nate_7758,Junior Associate
7759,Olivia_7759,Junior Associate
7760,Paul_7760,Junior Associate
7761,Quinn_7761,Junior Associate
7762,Rose_7762,Junior Associate
7763,Sam_7763,Junior Associate
7764,Tina_7764,Junior Associate
7765,Uma_7765,Junior Associate
7766,Victor_7766,Junior Associate
7767,Wendy_7767,Junior Associate
7768,Xander_7768,Junior Associate
7769,Yara_7769,Junior Associate
7770,Zack_7770,Junior Associate
7771,Ava_7771,Junior Associate
7772,Ben_7772,Junior Associate
7773,Chloe_7773,Junior Associate
7774,Dylan_7774,Junior Associate
7775,Ella_7775,Junior Associate
7776,Finn_7776,Junior Associate
7777,Alice_7777,Junior Associate
7778,Bob_7778,Junior Associate
7779,Carol_7779,Junior Associate
7780,Dave_7780,Junior Associate
7781,Eve_7781,Junior Associate
7782,Frank_7782,Junior Associate
7783,Grace_7783,Junior Associate
7784,Hank_7784,Junior Associate
7785,Iris_7785,Junior Associate
7786,Jack_7786,Junior Associate
7787,Karen_7787,Junior Associate
7788,Leo_7788,Junior Associate
7789,Maya_7789,Junior Associate
7790,Nate_7790,Junior Associate
7791,Olivia_7791,Junior Associate
7792,Paul_7792,Junior Associate
7793,Quinn_7793,Junior Associate
7794,Rose_7794,Junior Associate
7795,Sam_7795,Junior Associate
7796,Tina_7796,Junior Associate
7797,Uma_7797,Junior Associate
7798,Victor_7798,Junior Associate
7799,Wendy_7799,Junior Associate
7800,Xander_7800,Junior Associate
7801,Yara_7801,Junior Associate
7802,Zack_7802,Junior Associate
7803,Ava_7803,Junior Associate
7804,Ben_7804,Junior Associate
7805,Chloe_7805,Junior Associate
7806,Dylan_7806,Junior Associate
7807,Ella_7807,Junior Associate
7808,Finn_7808,Junior Associate
7809,Alice_7809,Junior Associate
7810,Bob_7810,Junior Associate
7811,Carol_7811,Junior Associate
7812,Dave_7812,Junior Associate
7813,Eve_7813,Junior Associate
7814,Frank_7814,Junior Associate
7815,Grace_7815,Junior Associate
7816,Hank_7816,Junior Associate
7817,Iris_7817,Junior Associate
7818,Jack_7818,Junior Associate
7819,Karen_7819,Junior Associate
7820,Leo_7820,Junior Associate
7821,Maya_7821,Junior Associate
7822,Nate_7822,Junior Associate
7823,Olivia_7823,Junior Associate
7824,Paul_7824,Junior Associate
7825,Quinn_7825,Junior Associate
7826,Rose_7826,Junior Associate
7827,Sam_7827,Junior Associate
7828,Tina_7828,Junior Associate
7829,Uma_7829,Junior Associate
7830,Victor_7830,Junior Associate
7831,Wendy_7831,Junior Associate
7832,Xander_7832,Junior Associate
7833,Yara_7833,Junior Associate
7834,Zack_7834,Junior Associate
7835,Ava_7835,Junior Associate
7836,Ben_7836,Junior Associate
7837,Chloe_7837,Junior Associate
7838,Dylan_7838,Junior Associate
7839,Ella_7839,Junior Associate
7840,Finn_7840,Junior Associate
7841,Alice_7841,Junior Associate
7842,Bob_7842,Junior Associate
7843,Carol_7843,Junior Associate
7844,Dave_7844,Junior Associate
7845,Eve_7845,Junior Associate
7846,Frank_7846,Junior Associate
7847,Grace_7847,Junior Associate
7848,Hank_7848,Junior Associate
7849,Iris_7849,Junior Associate
7850,Jack_7850,Junior Associate
7851,Karen_7851,Junior Associate
7852,Leo_7852,Junior Associate
7853,Maya_7853,Junior Associate
7854,Nate_7854,Junior Associate
7855,Olivia_7855,Junior Associate
7856,Paul_7856,Junior Associate
7857,Quinn_7857,Junior Associate
7858,Rose_7858,Junior Associate
7859,Sam_7859,Junior Associate
7860,Tina_7860,Junior Associate
7861,Uma_7861,Junior Associate
7862,Victor_7862,Junior Associate
7863,Wendy_7863,Junior Associate
7864,Xander_7864,Junior Associate
7865,Yara_7865,Junior Associate
7866,Zack_7866,Junior Associate
7867,Ava_7867,Junior Associate
7868,Ben_7868,Junior Associate
7869,Chloe_7869,Junior Associate
7870,Dylan_7870,Junior Associate
7871,Ella_7871,Junior Associate
7872,Finn_7872,Junior Associate
7873,Alice_7873,Junior Associate
7874,Bob_7874,Junior Associate
7875,Carol_7875,Junior Associate
7876,Dave_7876,Junior Associate
7877,Eve_7877,Junior Associate
7878,Frank_7878,Junior Associate
7879,Grace_7879,Junior Associate
7880,Hank_7880,Junior Associate
7881,Iris_7881,Junior Associate
7882,Jack_7882,Junior Associate
7883,Karen_7883,Junior Associate
7884,Leo_7884,Junior Associate
7885,Maya_7885,Junior Associate
7886,Nate_7886,Junior Associate
7887,Olivia_7887,Junior Associate
7888,Paul_7888,Junior Associate
7889,Quinn_7889,Junior Associate
7890,Rose_7890,Junior Associate
7891,Sam_7891,Junior Associate
7892,Tina_7892,Junior Associate
7893,Uma_7893,Junior Associate
7894,Victor_7894,Junior Associate
7895,Wendy_7895,Junior Associate
7896,Xander_7896,Junior Associate
7897,Yara_7897,Junior Associate
7898,Zack_7898,Junior Associate
7899,Ava_7899,Junior Associate
7900,Ben_7900,Junior Associate
7901,Chloe_7901,Junior Associate
7902,Dylan_7902,Junior Associate
7903,Ella_7903,Junior Associate
7904,Finn_7904,Junior Associate
7905,Alice_7905,Junior Associate
7906,Bob_7906,Junior Associate
7907,Carol_7907,Junior Associate
7908,Dave_7908,Junior Associate
7909,Eve_7909,Junior Associate
7910,Frank_7910,Junior Associate
7911,Grace_7911,Junior Associate
7912,Hank_7912,Junior Associate
7913,Iris_7913,Junior Associate
7914,Jack_7914,Junior Associate
7915,Karen_7915,Junior Associate
7916,Leo_7916,Junior Associate
7917,Maya_7917,Junior Associate
7918,Nate_7918,Junior Associate
7919,Olivia_7919,Junior Associate
7920,Paul_7920,Junior Associate
7921,Quinn_7921,Junior Associate
7922,Rose_7922,Junior Associate
7923,Sam_7923,Junior Associate
7924,Tina_7924,Junior Associate
7925,Uma_7925,Junior Associate
7926,Victor_7926,Junior Associate
7927,Wendy_7927,Junior Associate
7928,Xander_7928,Junior Associate
7929,Yara_7929,Junior Associate
7930,Zack_7930,Junior Associate
7931,Ava_7931,Junior Associate
7932,Ben_7932,Junior Associate
7933,Chloe_7933,Junior Associate
7934,Dylan_7934,Junior Associate
7935,Ella_7935,Junior Associate
7936,Finn_7936,Junior Associate
7937,Alice_7937,Junior Associate
7938,Bob_7938,Junior Associate
7939,Carol_7939,Junior Associate
7940,Dave_7940,Junior Associate
7941,Eve_7941,Junior Associate
7942,Frank_7942,Junior Associate
7943,Grace_7943,Junior Associate
7944,Hank_7944,Junior Associate
7945,Iris_7945,Junior Associate
7946,Jack_7946,Junior Associate
7947,Karen_7947,Junior Associate
7948,Leo_7948,Junior Associate
7949,Maya_7949,Junior Associate
7950,Nate_7950,Junior Associate
7951,Olivia_7951,Junior Associate
7952,Paul_7952,Junior Associate
7953,Quinn_7953,Junior Associate
7954,Rose_7954,Junior Associate
7955,Sam_7955,Junior Associate
7956,Tina_7956,Junior Associate
7957,Uma_7957,Junior Associate
7958,Victor_7958,Junior Associate
7959,Wendy_7959,Junior Associate
7960,Xander_7960,Junior Associate
7961,Yara_7961,Junior Associate
7962,Zack_7962,Junior Associate
7963,Ava_7963,Junior Associate
7964,Ben_7964,Junior Associate
7965,Chloe_7965,Junior Associate
7966,Dylan_7966,Junior Associate
7967,Ella_7967,Junior Associate
7968,Finn_7968,Junior Associate
7969,Alice_7969,Junior Associate
7970,Bob_7970,Junior Associate
7971,Carol_7971,Junior Associate
7972,Dave_7972,Junior Associate
7973,Eve_7973,Junior Associate
7974,Frank_7974,Junior Associate
7975,Grace_7975,Junior Associate
7976,Hank_7976,Junior Associate
7977,Iris_7977,Junior Associate
7978,Jack_7978,Junior Associate
7979,Karen_7979,Junior Associate
7980,Leo_7980,Junior Associate
7981,Maya_7981,Junior Associate
7982,Nate_7982,Junior Associate
7983,Olivia_7983,Junior Associate
7984,Paul_7984,Junior Associate
7985,Quinn_7985,Junior Associate
7986,Rose_7986,Junior Associate
7987,Sam_7987,Junior Associate
7988,Tina_7988,Junior Associate
7989,Uma_7989,Junior Associate
7990,Victor_7990,Junior Associate
7991,Wendy_7991,Junior Associate
7992,Xander_7992,Junior Associate
7993,Yara_7993,Junior Associate
7994,Zack_7994,Junior Associate
7995,Ava_7995,Junior Associate
7996,Ben_7996,Junior Associate
7997,Chloe_7997,Junior Associate
7998,Dylan_7998,Junior Associate
7999,Ella_7999,Junior Associate
8000,Finn_8000,Junior Associate
8001,Alice_8001,Junior Associate
8002,Bob_8002,Junior Associate
8003,Carol_8003,Junior Associate
8004,Dave_8004,Junior Associate
8005,Eve_8005,Junior Associate
8006,Frank_8006,Junior Associate
8007,Grace_8007,Junior Associate
8008,Hank_8008,Junior Associate
8009,Iris_8009,Junior Associate
8010,Jack_8010,Junior Associate
8011,Karen_8011,Junior Associate
8012,Leo_8012,Junior Associate
8013,Maya_8013,Junior Associate
8014,Nate_8014,Junior Associate
8015,Olivia_8015,Junior Associate
8016,Paul_8016,Junior Associate
8017,Quinn_8017,Junior Associate
8018,Rose_8018,Junior Associate
8019,Sam_8019,Junior Associate
8020,Tina_8020,Junior Associate
8021,Uma_8021,Junior Associate
8022,Victor_8022,Junior Associate
8023,Wendy_8023,Junior Associate
8024,Xander_8024,Junior Associate
8025,Yara_8025,Junior Associate
8026,Zack_8026,Junior Associate
8027,Ava_8027,Junior Associate
8028,Ben_8028,Junior Associate
8029,Chloe_8029,Junior Associate
8030,Dylan_8030,Junior Associate
8031,Ella_8031,Junior Associate
8032,Finn_8032,Junior Associate
8033,Alice_8033,Junior Associate
8034,Bob_8034,Junior Associate
8035,Carol_8035,Junior Associate
8036,Dave_8036,Junior Associate
8037,Eve_8037,Junior Associate
8038,Frank_8038,Junior Associate
8039,Grace_8039,Junior Associate
8040,Hank_8040,Junior Associate
8041,Iris_8041,Junior Associate
8042,Jack_8042,Junior Associate
8043,Karen_8043,Junior Associate
8044,Leo_8044,Junior Associate
8045,Maya_8045,Junior Associate
8046,Nate_8046,Junior Associate
8047,Olivia_8047,Junior Associate
8048,Paul_8048,Junior Associate
8049,Quinn_8049,Junior Associate
8050,Rose_8050,Junior Associate
8051,Sam_8051,Junior Associate
8052,Tina_8052,Junior Associate
8053,Uma_8053,Junior Associate
8054,Victor_8054,Junior Associate
8055,Wendy_8055,Junior Associate
8056,Xander_8056,Junior Associate
8057,Yara_8057,Junior Associate
8058,Zack_8058,Junior Associate
8059,Ava_8059,Junior Associate
8060,Ben_8060,Junior Associate
8061,Chloe_8061,Junior Associate
8062,Dylan_8062,Junior Associate
8063,Ella_8063,Junior Associate
8064,Finn_8064,Junior Associate
8065,Alice_8065,Junior Associate
8066,Bob_8066,Junior Associate
8067,Carol_8067,Junior Associate
8068,Dave_8068,Junior Associate
8069,Eve_8069,Junior Associate
8070,Frank_8070,Junior Associate
8071,Grace_8071,Junior Associate
8072,Hank_8072,Junior Associate
8073,Iris_8073,Junior Associate
8074,Jack_8074,Junior Associate
8075,Karen_8075,Junior Associate
8076,Leo_8076,Junior Associate
8077,Maya_8077,Junior Associate
8078,Nate_8078,Junior Associate
8079,Olivia_8079,Junior Associate
8080,Paul_8080,Junior Associate
8081,Quinn_8081,Junior Associate
8082,Rose_8082,Junior Associate
8083,Sam_8083,Junior Associate
8084,Tina_8084,Junior Associate
8085,Uma_8085,Junior Associate
8086,Victor_8086,Junior Associate
8087,Wendy_8087,Junior Associate
8088,Xander_8088,Junior Associate
8089,Yara_8089,Junior Associate
8090,Zack_8090,Junior Associate
8091,Ava_8091,Junior Associate
8092,Ben_8092,Junior Associate
8093,Chloe_8093,Junior Associate
8094,Dylan_8094,Junior Associate
8095,Ella_8095,Junior Associate
8096,Finn_8096,Junior Associate
8097,Alice_8097,Junior Associate
8098,Bob_8098,Junior Associate
8099,Carol_8099,Junior Associate
8100,Dave_8100,Junior Associate
8101,Eve_8101,Junior Associate
8102,Frank_8102,Junior Associate
8103,Grace_8103,Junior Associate
8104,Hank_8104,Junior Associate
8105,Iris_8105,Junior Associate
8106,Jack_8106,Junior Associate
8107,Karen_8107,Junior Associate
8108,Leo_8108,Junior Associate
8109,Maya_8109,Junior Associate
8110,Nate_8110,Junior Associate
8111,Olivia_8111,Junior Associate
8112,Paul_8112,Junior Associate
8113,Quinn_8113,Junior Associate
8114,Rose_8114,Junior Associate
8115,Sam_8115,Junior Associate
8116,Tina_8116,Junior Associate
8117,Uma_8117,Junior Associate
8118,Victor_8118,Junior Associate
8119,Wendy_8119,Junior Associate
8120,Xander_8120,Junior Associate
8121,Yara_8121,Junior Associate
8122,Zack_8122,Junior Associate
8123,Ava_8123,Junior Associate
8124,Ben_8124,Junior Associate
8125,Chloe_8125,Junior Associate
8126,Dylan_8126,Junior Associate
8127,Ella_8127,Junior Associate
8128,Finn_8128,Junior Associate
8129,Alice_8129,Junior Associate
8130,Bob_8130,Junior Associate
8131,Carol_8131,Junior Associate
8132,Dave_8132,Junior Associate
8133,Eve_8133,Junior Associate
8134,Frank_8134,Junior Associate
8135,Grace_8135,Junior Associate
8136,Hank_8136,Junior Associate
8137,Iris_8137,Junior Associate
8138,Jack_8138,Junior Associate
8139,Karen_8139,Junior Associate
8140,Leo_8140,Junior Associate
8141,Maya_8141,Junior Associate
8142,Nate_8142,Junior Associate
8143,Olivia_8143,Junior Associate
8144,Paul_8144,Junior Associate
8145,Quinn_8145,Junior Associate
8146,Rose_8146,Junior Associate
8147,Sam_8147,Junior Associate
8148,Tina_8148,Junior Associate
8149,Uma_8149,Junior Associate
8150,Victor_8150,Junior Associate
8151,Wendy_8151,Junior Associate
8152,Xander_8152,Junior Associate
8153,Yara_8153,Junior Associate
8154,Zack_8154,Junior Associate
8155,Ava_8155,Junior Associate
8156,Ben_8156,Junior Associate
8157,Chloe_8157,Junior Associate
8158,Dylan_8158,Junior Associate
8159,Ella_8159,Junior Associate
8160,Finn_8160,Junior Associate
8161,Alice_8161,Junior Associate
8162,Bob_8162,Junior Associate
8163,Carol_8163,Junior Associate
8164,Dave_8164,Junior Associate
8165,Eve_8165,Junior Associate
8166,Frank_8166,Junior Associate
8167,Grace_8167,Junior Associate
8168,Hank_8168,Junior Associate
8169,Iris_8169,Junior Associate
8170,Jack_8170,Junior Associate
8171,Karen_8171,Junior Associate
8172,Leo_8172,Junior Associate
8173,Maya_8173,Junior Associate
8174,Nate_8174,Junior Associate
8175,Olivia_8175,Junior Associate
8176,Paul_8176,Junior Associate
8177,Quinn_8177,Junior Associate
8178,Rose_8178,Junior Associate
8179,Sam_8179,Junior Associate
8180,Tina_8180,Junior Associate
8181,Uma_8181,Junior Associate
8182,Victor_8182,Junior Associate
8183,Wendy_8183,Junior Associate
8184,Xander_8184,Junior Associate
8185,Yara_8185,Junior Associate
8186,Zack_8186,Junior Associate
8187,Ava_8187,Junior Associate
8188,Ben_8188,Junior Associate
8189,Chloe_8189,Junior Associate
8190,Dylan_8190,Junior Associate
8191,Ella_8191,Junior Associate
8192,Finn_8192,Junior Associate
8193,Alice_8193,Junior Associate
8194,Bob_8194,Junior Associate
8195,Carol_8195,Junior Associate
8196,Dave_8196,Junior Associate
8197,Eve_8197,Junior Associate
8198,Frank_8198,Junior Associate
8199,Grace_8199,Junior Associate
8200,Hank_8200,Junior Associate
8201,Iris_8201,Junior Associate
8202,Jack_8202,Junior Associate
8203,Karen_8203,Junior Associate
8204,Leo_8204,Junior Associate
8205,Maya_8205,Junior Associate
8206,Nate_8206,Junior Associate
8207,Olivia_8207,Junior Associate
8208,Paul_8208,Junior Associate
8209,Quinn_8209,Junior Associate
8210,Rose_8210,Junior Associate
8211,Sam_8211,Junior Associate
8212,Tina_8212,Junior Associate
8213,Uma_8213,Junior Associate
8214,Victor_8214,Junior Associate
8215,Wendy_8215,Junior Associate
8216,Xander_8216,Junior Associate
8217,Yara_8217,Junior Associate
8218,Zack_8218,Junior Associate
8219,Ava_8219,Junior Associate
8220,Ben_8220,Junior Associate
8221,Chloe_8221,Junior Associate
8222,Dylan_8222,Junior Associate
8223,Ella_8223,Junior Associate
8224,Finn_8224,Junior Associate
8225,Alice_8225,Junior Associate
8226,Bob_8226,Junior Associate
8227,Carol_8227,Junior Associate
8228,Dave_8228,Junior Associate
8229,Eve_8229,Junior Associate
8230,Frank_8230,Junior Associate
8231,Grace_8231,Junior Associate
8232,Hank_8232,Junior Associate
8233,Iris_8233,Junior Associate
8234,Jack_8234,Junior Associate
8235,Karen_8235,Junior Associate
8236,Leo_8236,Junior Associate
8237,Maya_8237,Junior Associate
8238,Nate_8238,Junior Associate
8239,Olivia_8239,Junior Associate
8240,Paul_8240,Junior Associate
8241,Quinn_8241,Junior Associate
8242,Rose_8242,Junior Associate
8243,Sam_8243,Junior Associate
8244,Tina_8244,Junior Associate
8245,Uma_8245,Junior Associate
8246,Victor_8246,Junior Associate
8247,Wendy_8247,Junior Associate
8248,Xander_8248,Junior Associate
8249,Yara_8249,Junior Associate
8250,Zack_8250,Junior Associate
8251,Ava_8251,Junior Associate
8252,Ben_8252,Junior Associate
8253,Chloe_8253,Junior Associate
8254,Dylan_8254,Junior Associate
8255,Ella_8255,Junior Associate
8256,Finn_8256,Junior Associate
8257,Alice_8257,Junior Associate
8258,Bob_8258,Junior Associate
8259,Carol_8259,Junior Associate
8260,Dave_8260,Junior Associate
8261,Eve_8261,Junior Associate
8262,Frank_8262,Junior Associate
8263,Grace_8263,Junior Associate
8264,Hank_8264,Junior Associate
8265,Iris_8265,Junior Associate
8266,Jack_8266,Junior Associate
8267,Karen_8267,Junior Associate
8268,Leo_8268,Junior Associate
8269,Maya_8269,Junior Associate
8270,Nate_8270,Junior Associate
8271,Olivia_8271,Junior Associate
8272,Paul_8272,Junior Associate
8273,Quinn_8273,Junior Associate
8274,Rose_8274,Junior Associate
8275,Sam_8275,Junior Associate
8276,Tina_8276,Junior Associate
8277,Uma_8277,Junior Associate
8278,Victor_8278,Junior Associate
8279,Wendy_8279,Junior Associate
8280,Xander_8280,Junior Associate
8281,Yara_8281,Junior Associate
8282,Zack_8282,Junior Associate
8283,Ava_8283,Junior Associate
8284,Ben_8284,Junior Associate
8285,Chloe_8285,Junior Associate
8286,Dylan_8286,Junior Associate
8287,Ella_8287,Junior Associate
8288,Finn_8288,Junior Associate
8289,Alice_8289,Junior Associate
8290,Bob_8290,Junior Associate
8291,Carol_8291,Junior Associate
8292,Dave_8292,Junior Associate
8293,Eve_8293,Junior Associate
8294,Frank_8294,Junior Associate
8295,Grace_8295,Junior Associate
8296,Hank_8296,Junior Associate
8297,Iris_8297,Junior Associate
8298,Jack_8298,Junior Associate
8299,Karen_8299,Junior Associate
8300,Leo_8300,Junior Associate
8301,Maya_8301,Junior Associate
8302,Nate_8302,Junior Associate
8303,Olivia_8303,Junior Associate
8304,Paul_8304,Junior Associate
8305,Quinn_8305,Junior Associate
8306,Rose_8306,Junior Associate
8307,Sam_8307,Junior Associate
8308,Tina_8308,Junior Associate
8309,Uma_8309,Junior Associate
8310,Victor_8310,Junior Associate
8311,Wendy_8311,Junior Associate
8312,Xander_8312,Junior Associate
8313,Yara_8313,Junior Associate
8314,Zack_8314,Junior Associate
8315,Ava_8315,Junior Associate
8316,Ben_8316,Junior Associate
8317,Chloe_8317,Junior Associate
8318,Dylan_8318,Junior Associate
8319,Ella_8319,Junior Associate
8320,Finn_8320,Junior Associate
8321,Alice_8321,Junior Associate
8322,Bob_8322,Junior Associate
8323,Carol_8323,Junior Associate
8324,Dave_8324,Junior Associate
8325,Eve_8325,Junior Associate
8326,Frank_8326,Junior Associate
8327,Grace_8327,Junior Associate
8328,Hank_8328,Junior Associate
8329,Iris_8329,Junior Associate
8330,Jack_8330,Junior Associate
8331,Karen_8331,Junior Associate
8332,Leo_8332,Junior Associate
8333,Maya_8333,Junior Associate
8334,Nate_8334,Junior Associate
8335,Olivia_8335,Junior Associate
8336,Paul_8336,Junior Associate
8337,Quinn_8337,Junior Associate
8338,Rose_8338,Junior Associate
8339,Sam_8339,Junior Associate
8340,Tina_8340,Junior Associate
8341,Uma_8341,Junior Associate
8342,Victor_8342,Junior Associate
8343,Wendy_8343,Junior Associate
8344,Xander_8344,Junior Associate
8345,Yara_8345,Junior Associate
8346,Zack_8346,Junior Associate
8347,Ava_8347,Junior Associate
8348,Ben_8348,Junior Associate
8349,Chloe_8349,Junior Associate
8350,Dylan_8350,Junior Associate
8351,Ella_8351,Junior Associate
8352,Finn_8352,Junior Associate
8353,Alice_8353,Junior Associate
8354,Bob_8354,Junior Associate
8355,Carol_8355,Junior Associate
8356,Dave_8356,Junior Associate
8357,Eve_8357,Junior Associate
8358,Frank_8358,Junior Associate
8359,Grace_8359,Junior Associate
8360,Hank_8360,Junior Associate
8361,Iris_8361,Junior Associate
8362,Jack_8362,Junior Associate
8363,Karen_8363,Junior Associate
8364,Leo_8364,Junior Associate
8365,Maya_8365,Junior Associate
8366,Nate_8366,Junior Associate
8367,Olivia_8367,Junior Associate
8368,Paul_8368,Junior Associate
8369,Quinn_8369,Junior Associate
8370,Rose_8370,Junior Associate
8371,Sam_8371,Junior Associate
8372,Tina_8372,Junior Associate
8373,Uma_8373,Junior Associate
8374,Victor_8374,Junior Associate
8375,Wendy_8375,Junior Associate
8376,Xander_8376,Junior Associate
8377,Yara_8377,Junior Associate
8378,Zack_8378,Junior Associate
8379,Ava_8379,Junior Associate
8380,Ben_8380,Junior Associate
8381,Chloe_8381,Junior Associate
8382,Dylan_8382,Junior Associate
8383,Ella_8383,Junior Associate
8384,Finn_8384,Junior Associate
8385,Alice_8385,Junior Associate
8386,Bob_8386,Junior Associate
8387,Carol_8387,Junior Associate
8388,Dave_8388,Junior Associate
8389,Eve_8389,Junior Associate
8390,Frank_8390,Junior Associate
8391,Grace_8391,Junior Associate
8392,Hank_8392,Junior Associate
8393,Iris_8393,Junior Associate
8394,Jack_8394,Junior Associate
8395,Karen_8395,Junior Associate
8396,Leo_8396,Junior Associate
8397,Maya_8397,Junior Associate
8398,Nate_8398,Junior Associate
8399,Olivia_8399,Junior Associate
8400,Paul_8400,Junior Associate
8401,Quinn_8401,Junior Associate
8402,Rose_8402,Junior Associate
8403,Sam_8403,Junior Associate
8404,Tina_8404,Junior Associate
8405,Uma_8405,Junior Associate
8406,Victor_8406,Junior Associate
8407,Wendy_8407,Junior Associate
8408,Xander_8408,Junior Associate
8409,Yara_8409,Junior Associate
8410,Zack_8410,Junior Associate
8411,Ava_8411,Junior Associate
8412,Ben_8412,Junior Associate
8413,Chloe_8413,Junior Associate
8414,Dylan_8414,Junior Associate
8415,Ella_8415,Junior Associate
8416,Finn_8416,Junior Associate
8417,Alice_8417,Junior Associate
8418,Bob_8418,Junior Associate
8419,Carol_8419,Junior Associate
8420,Dave_8420,Junior Associate
8421,Eve_8421,Junior Associate
8422,Frank_8422,Junior Associate
8423,Grace_8423,Junior Associate
8424,Hank_8424,Junior Associate
8425,Iris_8425,Junior Associate
8426,Jack_8426,Junior Associate
8427,Karen_8427,Junior Associate
8428,Leo_8428,Junior Associate
8429,Maya_8429,Junior Associate
8430,Nate_8430,Junior Associate
8431,Olivia_8431,Junior Associate
8432,Paul_8432,Junior Associate
8433,Quinn_8433,Junior Associate
8434,Rose_8434,Junior Associate
8435,Sam_8435,Junior Associate
8436,Tina_8436,Junior Associate
8437,Uma_8437,Junior Associate
8438,Victor_8438,Junior Associate
8439,Wendy_8439,Junior Associate
8440,Xander_8440,Junior Associate
8441,Yara_8441,Junior Associate
8442,Zack_8442,Junior Associate
8443,Ava_8443,Junior Associate
8444,Ben_8444,Junior Associate
8445,Chloe_8445,Junior Associate
8446,Dylan_8446,Junior Associate
8447,Ella_8447,Junior Associate
8448,Finn_8448,Junior Associate
8449,Alice_8449,Junior Associate
8450,Bob_8450,Junior Associate
8451,Carol_8451,Junior Associate
8452,Dave_8452,Junior Associate
8453,Eve_8453,Junior Associate
8454,Frank_8454,Junior Associate
8455,Grace_8455,Junior Associate
8456,Hank_8456,Junior Associate
8457,Iris_8457,Junior Associate
8458,Jack_8458,Junior Associate
8459,Karen_8459,Junior Associate
8460,Leo_8460,Junior Associate
8461,Maya_8461,Junior Associate
8462,Nate_8462,Junior Associate
8463,Olivia_8463,Junior Associate
8464,Paul_8464,Junior Associate
8465,Quinn_8465,Junior Associate
8466,Rose_8466,Junior Associate
8467,Sam_8467,Junior Associate
8468,Tina_8468,Junior Associate
8469,Uma_8469,Junior Associate
8470,Victor_8470,Junior Associate
8471,Wendy_8471,Junior Associate
8472,Xander_8472,Junior Associate
8473,Yara_8473,Junior Associate
8474,Zack_8474,Junior Associate
8475,Ava_8475,Junior Associate
8476,Ben_8476,Junior Associate
8477,Chloe_8477,Junior Associate
8478,Dylan_8478,Junior Associate
8479,Ella_8479,Junior Associate
8480,Finn_8480,Junior Associate
8481,Alice_8481,Junior Associate
8482,Bob_8482,Junior Associate
8483,Carol_8483,Junior Associate
8484,Dave_8484,Junior Associate
8485,Eve_8485,Junior Associate
8486,Frank_8486,Junior Associate
8487,Grace_8487,Junior Associate
8488,Hank_8488,Junior Associate
8489,Iris_8489,Junior Associate
8490,Jack_8490,Junior Associate
8491,Karen_8491,Junior Associate
8492,Leo_8492,Junior Associate
8493,Maya_8493,Junior Associate
8494,Nate_8494,Junior Associate
8495,Olivia_8495,Junior Associate
8496,Paul_8496,Junior Associate
8497,Quinn_8497,Junior Associate
8498,Rose_8498,Junior Associate
8499,Sam_8499,Junior Associate
8500,Tina_8500,Junior Associate
8501,Uma_8501,Junior Associate
8502,Victor_8502,Junior Associate
8503,Wendy_8503,Junior Associate
8504,Xander_8504,Junior Associate
8505,Yara_8505,Junior Associate
8506,Zack_8506,Junior Associate
8507,Ava_8507,Junior Associate
8508,Ben_8508,Junior Associate
8509,Chloe_8509,Junior Associate
8510,Dylan_8510,Junior Associate
8511,Ella_8511,Junior Associate
8512,Finn_8512,Junior Associate
8513,Alice_8513,Junior Associate
8514,Bob_8514,Junior Associate
8515,Carol_8515,Junior Associate
8516,Dave_8516,Junior Associate
8517,Eve_8517,Junior Associate
8518,Frank_8518,Junior Associate
8519,Grace_8519,Junior Associate
8520,Hank_8520,Junior Associate
8521,Iris_8521,Junior Associate
8522,Jack_8522,Junior Associate
8523,Karen_8523,Junior Associate
8524,Leo_8524,Junior Associate
8525,Maya_8525,Junior Associate
8526,Nate_8526,Junior Associate
8527,Olivia_8527,Junior Associate
8528,Paul_8528,Junior Associate
8529,Quinn_8529,Junior Associate
8530,Rose_8530,Junior Associate
8531,Sam_8531,Junior Associate
8532,Tina_8532,Junior Associate
8533,Uma_8533,Junior Associate
8534,Victor_8534,Junior Associate
8535,Wendy_8535,Junior Associate
8536,Xander_8536,Junior Associate
8537,Yara_8537,Junior Associate
8538,Zack_8538,Junior Associate
8539,Ava_8539,Junior Associate
8540,Ben_8540,Junior Associate
8541,Chloe_8541,Junior Associate
8542,Dylan_8542,Junior Associate
8543,Ella_8543,Junior Associate
8544,Finn_8544,Junior Associate
8545,Alice_8545,Junior Associate
8546,Bob_8546,Junior Associate
8547,Carol_8547,Junior Associate
8548,Dave_8548,Junior Associate
8549,Eve_8549,Junior Associate
8550,Frank_8550,Junior Associate
8551,Grace_8551,Junior Associate
8552,Hank_8552,Junior Associate
8553,Iris_8553,Junior Associate
8554,Jack_8554,Junior Associate
8555,Karen_8555,Junior Associate
8556,Leo_8556,Junior Associate
8557,Maya_8557,Junior Associate
8558,Nate_8558,Junior Associate
8559,Olivia_8559,Junior Associate
8560,Paul_8560,Junior Associate
8561,Quinn_8561,Junior Associate
8562,Rose_8562,Junior Associate
8563,Sam_8563,Junior Associate
8564,Tina_8564,Junior Associate
8565,Uma_8565,Junior Associate
8566,Victor_8566,Junior Associate
8567,Wendy_8567,Junior Associate
8568,Xander_8568,Junior Associate
8569,Yara_8569,Junior Associate
8570,Zack_8570,Junior Associate
8571,Ava_8571,Junior Associate
8572,Ben_8572,Junior Associate
8573,Chloe_8573,Junior Associate
8574,Dylan_8574,Junior Associate
8575,Ella_8575,Junior Associate
8576,Finn_8576,Junior Associate
8577,Alice_8577,Junior Associate
8578,Bob_8578,Junior Associate
8579,Carol_8579,Junior Associate
8580,Dave_8580,Junior Associate
8581,Eve_8581,Junior Associate
8582,Frank_8582,Junior Associate
8583,Grace_8583,Junior Associate
8584,Hank_8584,Junior Associate
8585,Iris_8585,Junior Associate
8586,Jack_8586,Junior Associate
8587,Karen_8587,Junior Associate
8588,Leo_8588,Junior Associate
8589,Maya_8589,Junior Associate
8590,Nate_8590,Junior Associate
8591,Olivia_8591,Junior Associate
8592,Paul_8592,Junior Associate
8593,Quinn_8593,Junior Associate
8594,Rose_8594,Junior Associate
8595,Sam_8595,Junior Associate
8596,Tina_8596,Junior Associate
8597,Uma_8597,Junior Associate
8598,Victor_8598,Junior Associate
8599,Wendy_8599,Junior Associate
8600,Xander_8600,Junior Associate
8601,Yara_8601,Junior Associate
8602,Zack_8602,Junior Associate
8603,Ava_8603,Junior Associate
8604,Ben_8604,Junior Associate
8605,Chloe_8605,Junior Associate
8606,Dylan_8606,Junior Associate
8607,Ella_8607,Junior Associate
8608,Finn_8608,Junior Associate
8609,Alice_8609,Junior Associate
8610,Bob_8610,Junior Associate
8611,Carol_8611,Junior Associate
8612,Dave_8612,Junior Associate
8613,Eve_8613,Junior Associate
8614,Frank_8614,Junior Associate
8615,Grace_8615,Junior Associate
8616,Hank_8616,Junior Associate
8617,Iris_8617,Junior Associate
8618,Jack_8618,Junior Associate
8619,Karen_8619,Junior Associate
8620,Leo_8620,Junior Associate
8621,Maya_8621,Junior Associate
8622,Nate_8622,Junior Associate
8623,Olivia_8623,Junior Associate
8624,Paul_8624,Junior Associate
8625,Quinn_8625,Junior Associate
8626,Rose_8626,Junior Associate
8627,Sam_8627,Junior Associate
8628,Tina_8628,Junior Associate
8629,Uma_8629,Junior Associate
8630,Victor_8630,Junior Associate
8631,Wendy_8631,Junior Associate
8632,Xander_8632,Junior Associate
8633,Yara_8633,Junior Associate
8634,Zack_8634,Junior Associate
8635,Ava_8635,Junior Associate
8636,Ben_8636,Junior Associate
8637,Chloe_8637,Junior Associate
8638,Dylan_8638,Junior Associate
8639,Ella_8639,Junior Associate
8640,Finn_8640,Junior Associate
8641,Alice_8641,Junior Associate
8642,Bob_8642,Junior Associate
8643,Carol_8643,Junior Associate
8644,Dave_8644,Junior Associate
8645,Eve_8645,Junior Associate
8646,Frank_8646,Junior Associate
8647,Grace_8647,Junior Associate
8648,Hank_8648,Junior Associate
8649,Iris_8649,Junior Associate
8650,Jack_8650,Junior Associate
8651,Karen_8651,Junior Associate
8652,Leo_8652,Junior Associate
8653,Maya_8653,Junior Associate
8654,Nate_8654,Junior Associate
8655,Olivia_8655,Junior Associate
8656,Paul_8656,Junior Associate
8657,Quinn_8657,Junior Associate
8658,Rose_8658,Junior Associate
8659,Sam_8659,Junior Associate
8660,Tina_8660,Junior Associate
8661,Uma_8661,Junior Associate
8662,Victor_8662,Junior Associate
8663,Wendy_8663,Junior Associate
8664,Xander_8664,Junior Associate
8665,Yara_8665,Junior Associate
8666,Zack_8666,Junior Associate
8667,Ava_8667,Junior Associate
8668,Ben_8668,Junior Associate
8669,Chloe_8669,Junior Associate
8670,Dylan_8670,Junior Associate
8671,Ella_8671,Junior Associate
8672,Finn_8672,Junior Associate
8673,Alice_8673,Junior Associate
8674,Bob_8674,Junior Associate
8675,Carol_8675,Junior Associate
8676,Dave_8676,Junior Associate
8677,Eve_8677,Junior Associate
8678,Frank_8678,Junior Associate
8679,Grace_8679,Junior Associate
8680,Hank_8680,Junior Associate
8681,Iris_8681,Junior Associate
8682,Jack_8682,Junior Associate
8683,Karen_8683,Junior Associate
8684,Leo_8684,Junior Associate
8685,Maya_8685,Junior Associate
8686,Nate_8686,Junior Associate
8687,Olivia_8687,Junior Associate
8688,Paul_8688,Junior Associate
8689,Quinn_8689,Junior Associate
8690,Rose_8690,Junior Associate
8691,Sam_8691,Junior Associate
8692,Tina_8692,Junior Associate
8693,Uma_8693,Junior Associate
8694,Victor_8694,Junior Associate
8695,Wendy_8695,Junior Associate
8696,Xander_8696,Junior Associate
8697,Yara_8697,Junior Associate
8698,Zack_8698,Junior Associate
8699,Ava_8699,Junior Associate
8700,Ben_8700,Junior Associate
8701,Chloe_8701,Junior Associate
8702,Dylan_8702,Junior Associate
8703,Ella_8703,Junior Associate
8704,Finn_8704,Junior Associate
8705,Alice_8705,Junior Associate
8706,Bob_8706,Junior Associate
8707,Carol_8707,Junior Associate
8708,Dave_8708,Junior Associate
8709,Eve_8709,Junior Associate
8710,Frank_8710,Junior Associate
8711,Grace_8711,Junior Associate
8712,Hank_8712,Junior Associate
8713,Iris_8713,Junior Associate
8714,Jack_8714,Junior Associate
8715,Karen_8715,Junior Associate
8716,Leo_8716,Junior Associate
8717,Maya_8717,Junior Associate
8718,Nate_8718,Junior Associate
8719,Olivia_8719,Junior Associate
8720,Paul_8720,Junior Associate
8721,Quinn_8721,Junior Associate
8722,Rose_8722,Junior Associate
8723,Sam_8723,Junior Associate
8724,Tina_8724,Junior Associate
8725,Uma_8725,Junior Associate
8726,Victor_8726,Junior Associate
8727,Wendy_8727,Junior Associate
8728,Xander_8728,Junior Associate
8729,Yara_8729,Junior Associate
8730,Zack_8730,Junior Associate
8731,Ava_8731,Junior Associate
8732,Ben_8732,Junior Associate
8733,Chloe_8733,Junior Associate
8734,Dylan_8734,Junior Associate
8735,Ella_8735,Junior Associate
8736,Finn_8736,Junior Associate
8737,Alice_8737,Junior Associate
8738,Bob_8738,Junior Associate
8739,Carol_8739,Junior Associate
8740,Dave_8740,Junior Associate
8741,Eve_8741,Junior Associate
8742,Frank_8742,Junior Associate
8743,Grace_8743,Junior Associate
8744,Hank_8744,Junior Associate
8745,Iris_8745,Junior Associate
8746,Jack_8746,Junior Associate
8747,Karen_8747,Junior Associate
8748,Leo_8748,Junior Associate
8749,Maya_8749,Junior Associate
8750,Nate_8750,Junior Associate
8751,Olivia_8751,Junior Associate
8752,Paul_8752,Junior Associate
8753,Quinn_8753,Junior Associate
8754,Rose_8754,Junior Associate
8755,Sam_8755,Junior Associate
8756,Tina_8756,Junior Associate
8757,Uma_8757,Junior Associate
8758,Victor_8758,Junior Associate
8759,Wendy_8759,Junior Associate
8760,Xander_8760,Junior Associate
8761,Yara_8761,Junior Associate
8762,Zack_8762,Junior Associate
8763,Ava_8763,Junior Associate
8764,Ben_8764,Junior Associate
8765,Chloe_8765,Junior Associate
8766,Dylan_8766,Junior Associate
8767,Ella_8767,Junior Associate
8768,Finn_8768,Junior Associate
8769,Alice_8769,Junior Associate
8770,Bob_8770,Junior Associate
8771,Carol_8771,Junior Associate
8772,Dave_8772,Junior Associate
8773,Eve_8773,Junior Associate
8774,Frank_8774,Junior Associate
8775,Grace_8775,Junior Associate
8776,Hank_8776,Junior Associate
8777,Iris_8777,Junior Associate
8778,Jack_8778,Junior Associate
8779,Karen_8779,Junior Associate
8780,Leo_8780,Junior Associate
8781,Maya_8781,Junior Associate
8782,Nate_8782,Junior Associate
8783,Olivia_8783,Junior Associate
8784,Paul_8784,Junior Associate
8785,Quinn_8785,Junior Associate
8786,Rose_8786,Junior Associate
8787,Sam_8787,Junior Associate
8788,Tina_8788,Junior Associate
8789,Uma_8789,Junior Associate
8790,Victor_8790,Junior Associate
8791,Wendy_8791,Junior Associate
8792,Xander_8792,Junior Associate
8793,Yara_8793,Junior Associate
8794,Zack_8794,Junior Associate
8795,Ava_8795,Junior Associate
8796,Ben_8796,Junior Associate
8797,Chloe_8797,Junior Associate
8798,Dylan_8798,Junior Associate
8799,Ella_8799,Junior Associate
8800,Finn_8800,Junior Associate
8801,Alice_8801,Junior Associate
8802,Bob_8802,Junior Associate
8803,Carol_8803,Junior Associate
8804,Dave_8804,Junior Associate
8805,Eve_8805,Junior Associate
8806,Frank_8806,Junior Associate
8807,Grace_8807,Junior Associate
8808,Hank_8808,Junior Associate
8809,Iris_8809,Junior Associate
8810,Jack_8810,Junior Associate
8811,Karen_8811,Junior Associate
8812,Leo_8812,Junior Associate
8813,Maya_8813,Junior Associate
8814,Nate_8814,Junior Associate
8815,Olivia_8815,Junior Associate
8816,Paul_8816,Junior Associate
8817,Quinn_8817,Junior Associate
8818,Rose_8818,Junior Associate
8819,Sam_8819,Junior Associate
8820,Tina_8820,Junior Associate
8821,Uma_8821,Junior Associate
8822,Victor_8822,Junior Associate
8823,Wendy_8823,Junior Associate
8824,Xander_8824,Junior Associate
8825,Yara_8825,Junior Associate
8826,Zack_8826,Junior Associate
8827,Ava_8827,Junior Associate
8828,Ben_8828,Junior Associate
8829,Chloe_8829,Junior Associate
8830,Dylan_8830,Junior Associate
8831,Ella_8831,Junior Associate
8832,Finn_8832,Junior Associate
8833,Alice_8833,Junior Associate
8834,Bob_8834,Junior Associate
8835,Carol_8835,Junior Associate
8836,Dave_8836,Junior Associate
8837,Eve_8837,Junior Associate
8838,Frank_8838,Junior Associate
8839,Grace_8839,Junior Associate
8840,Hank_8840,Junior Associate
8841,Iris_8841,Junior Associate
8842,Jack_8842,Junior Associate
8843,Karen_8843,Junior Associate
8844,Leo_8844,Junior Associate
8845,Maya_8845,Junior Associate
8846,Nate_8846,Junior Associate
8847,Olivia_8847,Junior Associate
8848,Paul_8848,Junior Associate
8849,Quinn_8849,Junior Associate
8850,Rose_8850,Junior Associate
8851,Sam_8851,Junior Associate
8852,Tina_8852,Junior Associate
8853,Uma_8853,Junior Associate
8854,Victor_8854,Junior Associate
8855,Wendy_8855,Junior Associate
8856,Xander_8856,Junior Associate
8857,Yara_8857,Junior Associate
8858,Zack_8858,Junior Associate
8859,Ava_8859,Junior Associate
8860,Ben_8860,Junior Associate
8861,Chloe_8861,Junior Associate
8862,Dylan_8862,Junior Associate
8863,Ella_8863,Junior Associate
8864,Finn_8864,Junior Associate
8865,Alice_8865,Junior Associate
8866,Bob_8866,Junior Associate
8867,Carol_8867,Junior Associate
8868,Dave_8868,Junior Associate
8869,Eve_8869,Junior Associate
8870,Frank_8870,Junior Associate
8871,Grace_8871,Junior Associate
8872,Hank_8872,Junior Associate
8873,Iris_8873,Junior Associate
8874,Jack_8874,Junior Associate
8875,Karen_8875,Junior Associate
8876,Leo_8876,Junior Associate
8877,Maya_8877,Junior Associate
8878,Nate_8878,Junior Associate
8879,Olivia_8879,Junior Associate
8880,Paul_8880,Junior Associate
8881,Quinn_8881,Junior Associate
8882,Rose_8882,Junior Associate
8883,Sam_8883,Junior Associate
8884,Tina_8884,Junior Associate
8885,Uma_8885,Junior Associate
8886,Victor_8886,Junior Associate
8887,Wendy_8887,Junior Associate
8888,Xander_8888,Junior Associate
8889,Yara_8889,Junior Associate
8890,Zack_8890,Junior Associate
8891,Ava_8891,Junior Associate
8892,Ben_8892,Junior Associate
8893,Chloe_8893,Junior Associate
8894,Dylan_8894,Junior Associate
8895,Ella_8895,Junior Associate
8896,Finn_8896,Junior Associate
8897,Alice_8897,Junior Associate
8898,Bob_8898,Junior Associate
8899,Carol_8899,Junior Associate
8900,Dave_8900,Junior Associate
8901,Eve_8901,Junior Associate
8902,Frank_8902,Junior Associate
8903,Grace_8903,Junior Associate
8904,Hank_8904,Junior Associate
8905,Iris_8905,Junior Associate
8906,Jack_8906,Junior Associate
8907,Karen_8907,Junior Associate
8908,Leo_8908,Junior Associate
8909,Maya_8909,Junior Associate
8910,Nate_8910,Junior Associate
8911,Olivia_8911,Junior Associate
8912,Paul_8912,Junior Associate
8913,Quinn_8913,Junior Associate
8914,Rose_8914,Junior Associate
8915,Sam_8915,Junior Associate
8916,Tina_8916,Junior Associate
8917,Uma_8917,Junior Associate
8918,Victor_8918,Junior Associate
8919,Wendy_8919,Junior Associate
8920,Xander_8920,Junior Associate
8921,Yara_8921,Junior Associate
8922,Zack_8922,Junior Associate
8923,Ava_8923,Junior Associate
8924,Ben_8924,Junior Associate
8925,Chloe_8925,Junior Associate
8926,Dylan_8926,Junior Associate
8927,Ella_8927,Junior Associate
8928,Finn_8928,Junior Associate
8929,Alice_8929,Junior Associate
8930,Bob_8930,Junior Associate
8931,Carol_8931,Junior Associate
8932,Dave_8932,Junior Associate
8933,Eve_8933,Junior Associate
8934,Frank_8934,Junior Associate
8935,Grace_8935,Junior Associate
8936,Hank_8936,Junior Associate
8937,Iris_8937,Junior Associate
8938,Jack_8938,Junior Associate
8939,Karen_8939,Junior Associate
8940,Leo_8940,Junior Associate
8941,Maya_8941,Junior Associate
8942,Nate_8942,Junior Associate
8943,Olivia_8943,Junior Associate
8944,Paul_8944,Junior Associate
8945,Quinn_8945,Junior Associate
8946,Rose_8946,Junior Associate
8947,Sam_8947,Junior Associate
8948,Tina_8948,Junior Associate
8949,Uma_8949,Junior Associate
8950,Victor_8950,Junior Associate
8951,Wendy_8951,Junior Associate
8952,Xander_8952,Junior Associate
8953,Yara_8953,Junior Associate
8954,Zack_8954,Junior Associate
8955,Ava_8955,Junior Associate
8956,Ben_8956,Junior Associate
8957,Chloe_8957,Junior Associate
8958,Dylan_8958,Junior Associate
8959,Ella_8959,Junior Associate
8960,Finn_8960,Junior Associate
8961,Alice_8961,Junior Associate
8962,Bob_8962,Junior Associate
8963,Carol_8963,Junior Associate
8964,Dave_8964,Junior Associate
8965,Eve_8965,Junior Associate
8966,Frank_8966,Junior Associate
8967,Grace_8967,Junior Associate
8968,Hank_8968,Junior Associate
8969,Iris_8969,Junior Associate
8970,Jack_8970,Junior Associate
8971,Karen_8971,Junior Associate
8972,Leo_8972,Junior Associate
8973,Maya_8973,Junior Associate
8974,Nate_8974,Junior Associate
8975,Olivia_8975,Junior Associate
8976,Paul_8976,Junior Associate
8977,Quinn_8977,Junior Associate
8978,Rose_8978,Junior Associate
8979,Sam_8979,Junior Associate
8980,Tina_8980,Junior Associate
8981,Uma_8981,Junior Associate
8982,Victor_8982,Junior Associate
8983,Wendy_8983,Junior Associate
8984,Xander_8984,Junior Associate
8985,Yara_8985,Junior Associate
8986,Zack_8986,Junior Associate
8987,Ava_8987,Junior Associate
8988,Ben_8988,Junior Associate
8989,Chloe_8989,Junior Associate
8990,Dylan_8990,Junior Associate
8991,Ella_8991,Junior Associate
8992,Finn_8992,Junior Associate
8993,Alice_8993,Junior Associate
8994,Bob_8994,Junior Associate
8995,Carol_8995,Junior Associate
8996,Dave_8996,Junior Associate
8997,Eve_8997,Junior Associate
8998,Frank_8998,Junior Associate
8999,Grace_8999,Junior Associate
9000,Hank_9000,Junior Associate
9001,Iris_9001,Junior Associate
9002,Jack_9002,Junior Associate
9003,Karen_9003,Junior Associate
9004,Leo_9004,Junior Associate
9005,Maya_9005,Junior Associate
9006,Nate_9006,Junior Associate
9007,Olivia_9007,Junior Associate
9008,Paul_9008,Junior Associate
9009,Quinn_9009,Junior Associate
9010,Rose_9010,Junior Associate
9011,Sam_9011,Junior Associate
9012,Tina_9012,Junior Associate
9013,Uma_9013,Junior Associate
9014,Victor_9014,Junior Associate
9015,Wendy_9015,Junior Associate
9016,Xander_9016,Junior Associate
9017,Yara_9017,Junior Associate
9018,Zack_9018,Junior Associate
9019,Ava_9019,Junior Associate
9020,Ben_9020,Junior Associate
9021,Chloe_9021,Junior Associate
9022,Dylan_9022,Junior Associate
9023,Ella_9023,Junior Associate
9024,Finn_9024,Junior Associate
9025,Alice_9025,Junior Associate
9026,Bob_9026,Junior Associate
9027,Carol_9027,Junior Associate
9028,Dave_9028,Junior Associate
9029,Eve_9029,Junior Associate
9030,Frank_9030,Junior Associate
9031,Grace_9031,Junior Associate
9032,Hank_9032,Junior Associate
9033,Iris_9033,Junior Associate
9034,Jack_9034,Junior Associate
9035,Karen_9035,Junior Associate
9036,Leo_9036,Junior Associate
9037,Maya_9037,Junior Associate
9038,Nate_9038,Junior Associate
9039,Olivia_9039,Junior Associate
9040,Paul_9040,Junior Associate
9041,Quinn_9041,Junior Associate
9042,Rose_9042,Junior Associate
9043,Sam_9043,Junior Associate
9044,Tina_9044,Junior Associate
9045,Uma_9045,Junior Associate
9046,Victor_9046,Junior Associate
9047,Wendy_9047,Junior Associate
9048,Xander_9048,Junior Associate
9049,Yara_9049,Junior Associate
9050,Zack_9050,Junior Associate
9051,Ava_9051,Junior Associate
9052,Ben_9052,Junior Associate
9053,Chloe_9053,Junior Associate
9054,Dylan_9054,Junior Associate
9055,Ella_9055,Junior Associate
9056,Finn_9056,Junior Associate
9057,Alice_9057,Junior Associate
9058,Bob_9058,Junior Associate
9059,Carol_9059,Junior Associate
9060,Dave_9060,Junior Associate
9061,Eve_9061,Junior Associate
9062,Frank_9062,Junior Associate
9063,Grace_9063,Junior Associate
9064,Hank_9064,Junior Associate
9065,Iris_9065,Junior Associate
9066,Jack_9066,Junior Associate
9067,Karen_9067,Junior Associate
9068,Leo_9068,Junior Associate
9069,Maya_9069,Junior Associate
9070,Nate_9070,Junior Associate
9071,Olivia_9071,Junior Associate
9072,Paul_9072,Junior Associate
9073,Quinn_9073,Junior Associate
9074,Rose_9074,Junior Associate
9075,Sam_9075,Junior Associate
9076,Tina_9076,Junior Associate
9077,Uma_9077,Junior Associate
9078,Victor_9078,Junior Associate
9079,Wendy_9079,Junior Associate
9080,Xander_9080,Junior Associate
9081,Yara_9081,Junior Associate
9082,Zack_9082,Junior Associate
9083,Ava_9083,Junior Associate
9084,Ben_9084,Junior Associate
9085,Chloe_9085,Junior Associate
9086,Dylan_9086,Junior Associate
9087,Ella_9087,Junior Associate
9088,Finn_9088,Junior Associate
9089,Alice_9089,Junior Associate
9090,Bob_9090,Junior Associate
9091,Carol_9091,Junior Associate
9092,Dave_9092,Junior Associate
9093,Eve_9093,Junior Associate
9094,Frank_9094,Junior Associate
9095,Grace_9095,Junior Associate
9096,Hank_9096,Junior Associate
9097,Iris_9097,Junior Associate
9098,Jack_9098,Junior Associate
9099,Karen_9099,Junior Associate
9100,Leo_9100,Junior Associate
9101,Maya_9101,Junior Associate
9102,Nate_9102,Junior Associate
9103,Olivia_9103,Junior Associate
9104,Paul_9104,Junior Associate
9105,Quinn_9105,Junior Associate
9106,Rose_9106,Junior Associate
9107,Sam_9107,Junior Associate
9108,Tina_9108,Junior Associate
9109,Uma_9109,Junior Associate
9110,Victor_9110,Junior Associate
9111,Wendy_9111,Junior Associate
9112,Xander_9112,Junior Associate
9113,Yara_9113,Junior Associate
9114,Zack_9114,Junior Associate
9115,Ava_9115,Junior Associate
9116,Ben_9116,Junior Associate
9117,Chloe_9117,Junior Associate
9118,Dylan_9118,Junior Associate
9119,Ella_9119,Junior Associate
9120,Finn_9120,Junior Associate
9121,Alice_9121,Junior Associate
9122,Bob_9122,Junior Associate
9123,Carol_9123,Junior Associate
9124,Dave_9124,Junior Associate
9125,Eve_9125,Junior Associate
9126,Frank_9126,Junior Associate
9127,Grace_9127,Junior Associate
9128,Hank_9128,Junior Associate
9129,Iris_9129,Junior Associate
9130,Jack_9130,Junior Associate
9131,Karen_9131,Junior Associate
9132,Leo_9132,Junior Associate
9133,Maya_9133,Junior Associate
9134,Nate_9134,Junior Associate
9135,Olivia_9135,Junior Associate
9136,Paul_9136,Junior Associate
9137,Quinn_9137,Junior Associate
9138,Rose_9138,Junior Associate
9139,Sam_9139,Junior Associate
9140,Tina_9140,Junior Associate
9141,Uma_9141,Junior Associate
9142,Victor_9142,Junior Associate
9143,Wendy_9143,Junior Associate
9144,Xander_9144,Junior Associate
9145,Yara_9145,Junior Associate
9146,Zack_9146,Junior Associate
9147,Ava_9147,Junior Associate
9148,Ben_9148,Junior Associate
9149,Chloe_9149,Junior Associate
9150,Dylan_9150,Junior Associate
9151,Ella_9151,Junior Associate
9152,Finn_9152,Junior Associate
9153,Alice_9153,Junior Associate
9154,Bob_9154,Junior Associate
9155,Carol_9155,Junior Associate
9156,Dave_9156,Junior Associate
9157,Eve_9157,Junior Associate
9158,Frank_9158,Junior Associate
9159,Grace_9159,Junior Associate
9160,Hank_9160,Junior Associate
9161,Iris_9161,Junior Associate
9162,Jack_9162,Junior Associate
9163,Karen_9163,Junior Associate
9164,Leo_9164,Junior Associate
9165,Maya_9165,Junior Associate
9166,Nate_9166,Junior Associate
9167,Olivia_9167,Junior Associate
9168,Paul_9168,Junior Associate
9169,Quinn_9169,Junior Associate
9170,Rose_9170,Junior Associate
9171,Sam_9171,Junior Associate
9172,Tina_9172,Junior Associate
9173,Uma_9173,Junior Associate
9174,Victor_9174,Junior Associate
9175,Wendy_9175,Junior Associate
9176,Xander_9176,Junior Associate
9177,Yara_9177,Junior Associate
9178,Zack_9178,Junior Associate
9179,Ava_9179,Junior Associate
9180,Ben_9180,Junior Associate
9181,Chloe_9181,Junior Associate
9182,Dylan_9182,Junior Associate
9183,Ella_9183,Junior Associate
9184,Finn_9184,Junior Associate
9185,Alice_9185,Junior Associate
9186,Bob_9186,Junior Associate
9187,Carol_9187,Junior Associate
9188,Dave_9188,Junior Associate
9189,Eve_9189,Junior Associate
9190,Frank_9190,Junior Associate
9191,Grace_9191,Junior Associate
9192,Hank_9192,Junior Associate
9193,Iris_9193,Junior Associate
9194,Jack_9194,Junior Associate
9195,Karen_9195,Junior Associate
9196,Leo_9196,Junior Associate
9197,Maya_9197,Junior Associate
9198,Nate_9198,Junior Associate
9199,Olivia_9199,Junior Associate
9200,Paul_9200,Junior Associate
9201,Quinn_9201,Junior Associate
9202,Rose_9202,Junior Associate
9203,Sam_9203,Junior Associate
9204,Tina_9204,Junior Associate
9205,Uma_9205,Junior Associate
9206,Victor_9206,Junior Associate
9207,Wendy_9207,Junior Associate
9208,Xander_9208,Junior Associate
9209,Yara_9209,Junior Associate
9210,Zack_9210,Junior Associate
9211,Ava_9211,Junior Associate
9212,Ben_9212,Junior Associate
9213,Chloe_9213,Junior Associate
9214,Dylan_9214,Junior Associate
9215,Ella_9215,Junior Associate
9216,Finn_9216,Junior Associate
9217,Alice_9217,Junior Associate
9218,Bob_9218,Junior Associate
9219,Carol_9219,Junior Associate
9220,Dave_9220,Junior Associate
9221,Eve_9221,Junior Associate
9222,Frank_9222,Junior Associate
9223,Grace_9223,Junior Associate
9224,Hank_9224,Junior Associate
9225,Iris_9225,Junior Associate
9226,Jack_9226,Junior Associate
9227,Karen_9227,Junior Associate
9228,Leo_9228,Junior Associate
9229,Maya_9229,Junior Associate
9230,Nate_9230,Junior Associate
9231,Olivia_9231,Junior Associate
9232,Paul_9232,Junior Associate
9233,Quinn_9233,Junior Associate
9234,Rose_9234,Junior Associate
9235,Sam_9235,Junior Associate
9236,Tina_9236,Junior Associate
9237,Uma_9237,Junior Associate
9238,Victor_9238,Junior Associate
9239,Wendy_9239,Junior Associate
9240,Xander_9240,Junior Associate
9241,Yara_9241,Junior Associate
9242,Zack_9242,Junior Associate
9243,Ava_9243,Junior Associate
9244,Ben_9244,Junior Associate
9245,Chloe_9245,Junior Associate
9246,Dylan_9246,Junior Associate
9247,Ella_9247,Junior Associate
9248,Finn_9248,Junior Associate
9249,Alice_9249,Junior Associate
9250,Bob_9250,Junior Associate
9251,Carol_9251,Junior Associate
9252,Dave_9252,Junior Associate
9253,Eve_9253,Junior Associate
9254,Frank_9254,Junior Associate
9255,Grace_9255,Junior Associate
9256,Hank_9256,Junior Associate
9257,Iris_9257,Junior Associate
9258,Jack_9258,Junior Associate
9259,Karen_9259,Junior Associate
9260,Leo_9260,Junior Associate
9261,Maya_9261,Junior Associate
9262,Nate_9262,Junior Associate
9263,Olivia_9263,Junior Associate
9264,Paul_9264,Junior Associate
9265,Quinn_9265,Junior Associate
9266,Rose_9266,Junior Associate
9267,Sam_9267,Junior Associate
9268,Tina_9268,Junior Associate
9269,Uma_9269,Junior Associate
9270,Victor_9270,Junior Associate
9271,Wendy_9271,Junior Associate
9272,Xander_9272,Junior Associate
9273,Yara_9273,Junior Associate
9274,Zack_9274,Junior Associate
9275,Ava_9275,Junior Associate
9276,Ben_9276,Junior Associate
9277,Chloe_9277,Junior Associate
9278,Dylan_9278,Junior Associate
9279,Ella_9279,Junior Associate
9280,Finn_9280,Junior Associate
9281,Alice_9281,Junior Associate
9282,Bob_9282,Junior Associate
9283,Carol_9283,Junior Associate
9284,Dave_9284,Junior Associate
9285,Eve_9285,Junior Associate
9286,Frank_9286,Junior Associate
9287,Grace_9287,Junior Associate
9288,Hank_9288,Junior Associate
9289,Iris_9289,Junior Associate
9290,Jack_9290,Junior Associate
9291,Karen_9291,Junior Associate
9292,Leo_9292,Junior Associate
9293,Maya_9293,Junior Associate
9294,Nate_9294,Junior Associate
9295,Olivia_9295,Junior Associate
9296,Paul_9296,Junior Associate
9297,Quinn_9297,Junior Associate
9298,Rose_9298,Junior Associate
9299,Sam_9299,Junior Associate
9300,Tina_9300,Junior Associate
9301,Uma_9301,Junior Associate
9302,Victor_9302,Junior Associate
9303,Wendy_9303,Junior Associate
9304,Xander_9304,Junior Associate
9305,Yara_9305,Junior Associate
9306,Zack_9306,Junior Associate
9307,Ava_9307,Junior Associate
9308,Ben_9308,Junior Associate
9309,Chloe_9309,Junior Associate
9310,Dylan_9310,Junior Associate
9311,Ella_9311,Junior Associate
9312,Finn_9312,Junior Associate
9313,Alice_9313,Junior Associate
9314,Bob_9314,Junior Associate
9315,Carol_9315,Junior Associate
9316,Dave_9316,Junior Associate
9317,Eve_9317,Junior Associate
9318,Frank_9318,Junior Associate
9319,Grace_9319,Junior Associate
9320,Hank_9320,Junior Associate
9321,Iris_9321,Junior Associate
9322,Jack_9322,Junior Associate
9323,Karen_9323,Junior Associate
9324,Leo_9324,Junior Associate
9325,Maya_9325,Junior Associate
9326,Nate_9326,Junior Associate
9327,Olivia_9327,Junior Associate
9328,Paul_9328,Junior Associate
9329,Quinn_9329,Junior Associate
9330,Rose_9330,Junior Associate
9331,Sam_9331,Junior Associate
9332,Tina_9332,Junior Associate
9333,Uma_9333,Junior Associate
9334,Victor_9334,Junior Associate
9335,Wendy_9335,Junior Associate
9336,Xander_9336,Junior Associate
9337,Yara_9337,Junior Associate
9338,Zack_9338,Junior Associate
9339,Ava_9339,Junior Associate
9340,Ben_9340,Junior Associate
9341,Chloe_9341,Junior Associate
9342,Dylan_9342,Junior Associate
9343,Ella_9343,Junior Associate
9344,Finn_9344,Junior Associate
9345,Alice_9345,Junior Associate
9346,Bob_9346,Junior Associate
9347,Carol_9347,Junior Associate
9348,Dave_9348,Junior Associate
9349,Eve_9349,Junior Associate
9350,Frank_9350,Junior Associate
9351,Grace_9351,Junior Associate
9352,Hank_9352,Junior Associate
9353,Iris_9353,Junior Associate
9354,Jack_9354,Junior Associate
9355,Karen_9355,Junior Associate
9356,Leo_9356,Junior Associate
9357,Maya_9357,Junior Associate
9358,Nate_9358,Junior Associate
9359,Olivia_9359,Junior Associate
9360,Paul_9360,Junior Associate
9361,Quinn_9361,Junior Associate
9362,Rose_9362,Junior Associate
9363,Sam_9363,Junior Associate
9364,Tina_9364,Junior Associate
9365,Uma_9365,Junior Associate
9366,Victor_9366,Junior Associate
9367,Wendy_9367,Junior Associate
9368,Xander_9368,Junior Associate
9369,Yara_9369,Junior Associate
9370,Zack_9370,Junior Associate
9371,Ava_9371,Junior Associate
9372,Ben_9372,Junior Associate
9373,Chloe_9373,Junior Associate
9374,Dylan_9374,Junior Associate
9375,Ella_9375,Junior Associate
9376,Finn_9376,Junior Associate
9377,Alice_9377,Junior Associate
9378,Bob_9378,Junior Associate
9379,Carol_9379,Junior Associate
9380,Dave_9380,Junior Associate
9381,Eve_9381,Junior Associate
9382,Frank_9382,Junior Associate
9383,Grace_9383,Junior Associate
9384,Hank_9384,Junior Associate
9385,Iris_9385,Junior Associate
9386,Jack_9386,Junior Associate
9387,Karen_9387,Junior Associate
9388,Leo_9388,Junior Associate
9389,Maya_9389,Junior Associate
9390,Nate_9390,Junior Associate
9391,Olivia_9391,Junior Associate
9392,Paul_9392,Junior Associate
9393,Quinn_9393,Junior Associate
9394,Rose_9394,Junior Associate
9395,Sam_9395,Junior Associate
9396,Tina_9396,Junior Associate
9397,Uma_9397,Junior Associate
9398,Victor_9398,Junior Associate
9399,Wendy_9399,Junior Associate
9400,Xander_9400,Junior Associate
9401,Yara_9401,Junior Associate
9402,Zack_9402,Junior Associate
9403,Ava_9403,Junior Associate
9404,Ben_9404,Junior Associate
9405,Chloe_9405,Junior Associate
9406,Dylan_9406,Junior Associate
9407,Ella_9407,Junior Associate
9408,Finn_9408,Junior Associate
9409,Alice_9409,Junior Associate
9410,Bob_9410,Junior Associate
9411,Carol_9411,Junior Associate
9412,Dave_9412,Junior Associate
9413,Eve_9413,Junior Associate
9414,Frank_9414,Junior Associate
9415,Grace_9415,Junior Associate
9416,Hank_9416,Junior Associate
9417,Iris_9417,Junior Associate
9418,Jack_9418,Junior Associate
9419,Karen_9419,Junior Associate
9420,Leo_9420,Junior Associate
9421,Maya_9421,Junior Associate
9422,Nate_9422,Junior Associate
9423,Olivia_9423,Junior Associate
9424,Paul_9424,Junior Associate
9425,Quinn_9425,Junior Associate
9426,Rose_9426,Junior Associate
9427,Sam_9427,Junior Associate
9428,Tina_9428,Junior Associate
9429,Uma_9429,Junior Associate
9430,Victor_9430,Junior Associate
9431,Wendy_9431,Junior Associate
9432,Xander_9432,Junior Associate
9433,Yara_9433,Junior Associate
9434,Zack_9434,Junior Associate
9435,Ava_9435,Junior Associate
9436,Ben_9436,Junior Associate
9437,Chloe_9437,Junior Associate
9438,Dylan_9438,Junior Associate
9439,Ella_9439,Junior Associate
9440,Finn_9440,Junior Associate
9441,Alice_9441,Junior Associate
9442,Bob_9442,Junior Associate
9443,Carol_9443,Junior Associate
9444,Dave_9444,Junior Associate
9445,Eve_9445,Junior Associate
9446,Frank_9446,Junior Associate
9447,Grace_9447,Junior Associate
9448,Hank_9448,Junior Associate
9449,Iris_9449,Junior Associate
9450,Jack_9450,Junior Associate
9451,Karen_9451,Junior Associate
9452,Leo_9452,Junior Associate
9453,Maya_9453,Junior Associate
9454,Nate_9454,Junior Associate
9455,Olivia_9455,Junior Associate
9456,Paul_9456,Junior Associate
9457,Quinn_9457,Junior Associate
9458,Rose_9458,Junior Associate
9459,Sam_9459,Junior Associate
9460,Tina_9460,Junior Associate
9461,Uma_9461,Junior Associate
9462,Victor_9462,Junior Associate
9463,Wendy_9463,Junior Associate
9464,Xander_9464,Junior Associate
9465,Yara_9465,Junior Associate
9466,Zack_9466,Junior Associate
9467,Ava_9467,Junior Associate
9468,Ben_9468,Junior Associate
9469,Chloe_9469,Junior Associate
9470,Dylan_9470,Junior Associate
9471,Ella_9471,Junior Associate
9472,Finn_9472,Junior Associate
9473,Alice_9473,Junior Associate
9474,Bob_9474,Junior Associate
9475,Carol_9475,Junior Associate
9476,Dave_9476,Junior Associate
9477,Eve_9477,Junior Associate
9478,Frank_9478,Junior Associate
9479,Grace_9479,Junior Associate
9480,Hank_9480,Junior Associate
9481,Iris_9481,Junior Associate
9482,Jack_9482,Junior Associate
9483,Karen_9483,Junior Associate
9484,Leo_9484,Junior Associate
9485,Maya_9485,Junior Associate
9486,Nate_9486,Junior Associate
9487,Olivia_9487,Junior Associate
9488,Paul_9488,Junior Associate
9489,Quinn_9489,Junior Associate
9490,Rose_9490,Junior Associate
9491,Sam_9491,Junior Associate
9492,Tina_9492,Junior Associate
9493,Uma_9493,Junior Associate
9494,Victor_9494,Junior Associate
9495,Wendy_9495,Junior Associate
9496,Xander_9496,Junior Associate
9497,Yara_9497,Junior Associate
9498,Zack_9498,Junior Associate
9499,Ava_9499,Junior Associate
9500,Ben_9500,Junior Associate
9501,Chloe_9501,Junior Associate
9502,Dylan_9502,Junior Associate
9503,Ella_9503,Junior Associate
9504,Finn_9504,Junior Associate
9505,Alice_9505,Junior Associate
9506,Bob_9506,Junior Associate
9507,Carol_9507,Junior Associate
9508,Dave_9508,Junior Associate
9509,Eve_9509,Junior Associate
9510,Frank_9510,Junior Associate
9511,Grace_9511,Junior Associate
9512,Hank_9512,Junior Associate
9513,Iris_9513,Junior Associate
9514,Jack_9514,Junior Associate
9515,Karen_9515,Junior Associate
9516,Leo_9516,Junior Associate
9517,Maya_9517,Junior Associate
9518,Nate_9518,Junior Associate
9519,Olivia_9519,Junior Associate
9520,Paul_9520,Junior Associate
9521,Quinn_9521,Junior Associate
9522,Rose_9522,Junior Associate
9523,Sam_9523,Junior Associate
9524,Tina_9524,Junior Associate
9525,Uma_9525,Junior Associate
9526,Victor_9526,Junior Associate
9527,Wendy_9527,Junior Associate
9528,Xander_9528,Junior Associate
9529,Yara_9529,Junior Associate
9530,Zack_9530,Junior Associate
9531,Ava_9531,Junior Associate
9532,Ben_9532,Junior Associate
9533,Chloe_9533,Junior Associate
9534,Dylan_9534,Junior Associate
9535,Ella_9535,Junior Associate
9536,Finn_9536,Junior Associate
9537,Alice_9537,Junior Associate
9538,Bob_9538,Junior Associate
9539,Carol_9539,Junior Associate
9540,Dave_9540,Junior Associate
9541,Eve_9541,Junior Associate
9542,Frank_9542,Junior Associate
9543,Grace_9543,Junior Associate
9544,Hank_9544,Junior Associate
9545,Iris_9545,Junior Associate
9546,Jack_9546,Junior Associate
9547,Karen_9547,Junior Associate
9548,Leo_9548,Junior Associate
9549,Maya_9549,Junior Associate
9550,Nate_9550,Junior Associate
9551,Olivia_9551,Junior Associate
9552,Paul_9552,Junior Associate
9553,Quinn_9553,Junior Associate
9554,Rose_9554,Junior Associate
9555,Sam_9555,Junior Associate
9556,Tina_9556,Junior Associate
9557,Uma_9557,Junior Associate
9558,Victor_9558,Junior Associate
9559,Wendy_9559,Junior Associate
9560,Xander_9560,Junior Associate
9561,Yara_9561,Junior Associate
9562,Zack_9562,Junior Associate
9563,Ava_9563,Junior Associate
9564,Ben_9564,Junior Associate
9565,Chloe_9565,Junior Associate
9566,Dylan_9566,Junior Associate
9567,Ella_9567,Junior Associate
9568,Finn_9568,Junior Associate
9569,Alice_9569,Junior Associate
9570,Bob_9570,Junior Associate
9571,Carol_9571,Junior Associate
9572,Dave_9572,Junior Associate
9573,Eve_9573,Junior Associate
9574,Frank_9574,Junior Associate
9575,Grace_9575,Junior Associate
9576,Hank_9576,Junior Associate
9577,Iris_9577,Junior Associate
9578,Jack_9578,Junior Associate
9579,Karen_9579,Junior Associate
9580,Leo_9580,Junior Associate
9581,Maya_9581,Junior Associate
9582,Nate_9582,Junior Associate
9583,Olivia_9583,Junior Associate
9584,Paul_9584,Junior Associate
9585,Quinn_9585,Junior Associate
9586,Rose_9586,Junior Associate
9587,Sam_9587,Junior Associate
9588,Tina_9588,Junior Associate
9589,Uma_9589,Junior Associate
9590,Victor_9590,Junior Associate
9591,Wendy_9591,Junior Associate
9592,Xander_9592,Junior Associate
9593,Yara_9593,Junior Associate
9594,Zack_9594,Junior Associate
9595,Ava_9595,Junior Associate
9596,Ben_9596,Junior Associate
9597,Chloe_9597,Junior Associate
9598,Dylan_9598,Junior Associate
9599,Ella_9599,Junior Associate
9600,Finn_9600,Junior Associate
9601,Alice_9601,Junior Associate
9602,Bob_9602,Junior Associate
9603,Carol_9603,Junior Associate
9604,Dave_9604,Junior Associate
9605,Eve_9605,Junior Associate
9606,Frank_9606,Junior Associate
9607,Grace_9607,Junior Associate
9608,Hank_9608,Junior Associate
9609,Iris_9609,Junior Associate
9610,Jack_9610,Junior Associate
9611,Karen_9611,Junior Associate
9612,Leo_9612,Junior Associate
9613,Maya_9613,Junior Associate
9614,Nate_9614,Junior Associate
9615,Olivia_9615,Junior Associate
9616,Paul_9616,Junior Associate
9617,Quinn_9617,Junior Associate
9618,Rose_9618,Junior Associate
9619,Sam_9619,Junior Associate
9620,Tina_9620,Junior Associate
9621,Uma_9621,Junior Associate
9622,Victor_9622,Junior Associate
9623,Wendy_9623,Junior Associate
9624,Xander_9624,Junior Associate
9625,Yara_9625,Junior Associate
9626,Zack_9626,Junior Associate
9627,Ava_9627,Junior Associate
9628,Ben_9628,Junior Associate
9629,Chloe_9629,Junior Associate
9630,Dylan_9630,Junior Associate
9631,Ella_9631,Junior Associate
9632,Finn_9632,Junior Associate
9633,Alice_9633,Junior Associate
9634,Bob_9634,Junior Associate
9635,Carol_9635,Junior Associate
9636,Dave_9636,Junior Associate
9637,Eve_9637,Junior Associate
9638,Frank_9638,Junior Associate
9639,Grace_9639,Junior Associate
9640,Hank_9640,Junior Associate
9641,Iris_9641,Junior Associate
9642,Jack_9642,Junior Associate
9643,Karen_9643,Junior Associate
9644,Leo_9644,Junior Associate
9645,Maya_9645,Junior Associate
9646,Nate_9646,Junior Associate
9647,Olivia_9647,Junior Associate
9648,Paul_9648,Junior Associate
9649,Quinn_9649,Junior Associate
9650,Rose_9650,Junior Associate
9651,Sam_9651,Junior Associate
9652,Tina_9652,Junior Associate
9653,Uma_9653,Junior Associate
9654,Victor_9654,Junior Associate
9655,Wendy_9655,Junior Associate
9656,Xander_9656,Junior Associate
9657,Yara_9657,Junior Associate
9658,Zack_9658,Junior Associate
9659,Ava_9659,Junior Associate
9660,Ben_9660,Junior Associate
9661,Chloe_9661,Junior Associate
9662,Dylan_9662,Junior Associate
9663,Ella_9663,Junior Associate
9664,Finn_9664,Junior Associate
9665,Alice_9665,Junior Associate
9666,Bob_9666,Junior Associate
9667,Carol_9667,Junior Associate
9668,Dave_9668,Junior Associate
9669,Eve_9669,Junior Associate
9670,Frank_9670,Junior Associate
9671,Grace_9671,Junior Associate
9672,Hank_9672,Junior Associate
9673,Iris_9673,Junior Associate
9674,Jack_9674,Junior Associate
9675,Karen_9675,Junior Associate
9676,Leo_9676,Junior Associate
9677,Maya_9677,Junior Associate
9678,Nate_9678,Junior Associate
9679,Olivia_9679,Junior Associate
9680,Paul_9680,Junior Associate
9681,Quinn_9681,Junior Associate
9682,Rose_9682,Junior Associate
9683,Sam_9683,Junior Associate
9684,Tina_9684,Junior Associate
9685,Uma_9685,Junior Associate
9686,Victor_9686,Junior Associate
9687,Wendy_9687,Junior Associate
9688,Xander_9688,Junior Associate
9689,Yara_9689,Junior Associate
9690,Zack_9690,Junior Associate
9691,Ava_9691,Junior Associate
9692,Ben_9692,Junior Associate
9693,Chloe_9693,Junior Associate
9694,Dylan_9694,Junior Associate
9695,Ella_9695,Junior Associate
9696,Finn_9696,Junior Associate
9697,Alice_9697,Junior Associate
9698,Bob_9698,Junior Associate
9699,Carol_9699,Junior Associate
9700,Dave_9700,Junior Associate
9701,Eve_9701,Junior Associate
9702,Frank_9702,Junior Associate
9703,Grace_9703,Junior Associate
9704,Hank_9704,Junior Associate
9705,Iris_9705,Junior Associate
9706,Jack_9706,Junior Associate
9707,Karen_9707,Junior Associate
9708,Leo_9708,Junior Associate
9709,Maya_9709,Junior Associate
9710,Nate_9710,Junior Associate
9711,Olivia_9711,Junior Associate
9712,Paul_9712,Junior Associate
9713,Quinn_9713,Junior Associate
9714,Rose_9714,Junior Associate
9715,Sam_9715,Junior Associate
9716,Tina_9716,Junior Associate
9717,Uma_9717,Junior Associate
9718,Victor_9718,Junior Associate
9719,Wendy_9719,Junior Associate
9720,Xander_9720,Junior Associate
9721,Yara_9721,Junior Associate
9722,Zack_9722,Junior Associate
9723,Ava_9723,Junior Associate
9724,Ben_9724,Junior Associate
9725,Chloe_9725,Junior Associate
9726,Dylan_9726,Junior Associate
9727,Ella_9727,Junior Associate
9728,Finn_9728,Junior Associate
9729,Alice_9729,Junior Associate
9730,Bob_9730,Junior Associate
9731,Carol_9731,Junior Associate
9732,Dave_9732,Junior Associate
9733,Eve_9733,Junior Associate
9734,Frank_9734,Junior Associate
9735,Grace_9735,Junior Associate
9736,Hank_9736,Junior Associate
9737,Iris_9737,Junior Associate
9738,Jack_9738,Junior Associate
9739,Karen_9739,Junior Associate
9740,Leo_9740,Junior Associate
9741,Maya_9741,Junior Associate
9742,Nate_9742,Junior Associate
9743,Olivia_9743,Junior Associate
9744,Paul_9744,Junior Associate
9745,Quinn_9745,Junior Associate
9746,Rose_9746,Junior Associate
9747,Sam_9747,Junior Associate
9748,Tina_9748,Junior Associate
9749,Uma_9749,Junior Associate
9750,Victor_9750,Junior Associate
9751,Wendy_9751,Junior Associate
9752,Xander_9752,Junior Associate
9753,Yara_9753,Junior Associate
9754,Zack_9754,Junior Associate
9755,Ava_9755,Junior Associate
9756,Ben_9756,Junior Associate
9757,Chloe_9757,Junior Associate
9758,Dylan_9758,Junior Associate
9759,Ella_9759,Junior Associate
9760,Finn_9760,Junior Associate
9761,Alice_9761,Junior Associate
9762,Bob_9762,Junior Associate
9763,Carol_9763,Junior Associate
9764,Dave_9764,Junior Associate
9765,Eve_9765,Junior Associate
9766,Frank_9766,Junior Associate
9767,Grace_9767,Junior Associate
9768,Hank_9768,Junior Associate
9769,Iris_9769,Junior Associate
9770,Jack_9770,Junior Associate
9771,Karen_9771,Junior Associate
9772,Leo_9772,Junior Associate
9773,Maya_9773,Junior Associate
9774,Nate_9774,Junior Associate
9775,Olivia_9775,Junior Associate
9776,Paul_9776,Junior Associate
9777,Quinn_9777,Junior Associate
9778,Rose_9778,Junior Associate
9779,Sam_9779,Junior Associate
9780,Tina_9780,Junior Associate
9781,Uma_9781,Junior Associate
9782,Victor_9782,Junior Associate
9783,Wendy_9783,Junior Associate
9784,Xander_9784,Junior Associate
9785,Yara_9785,Junior Associate
9786,Zack_9786,Junior Associate
9787,Ava_9787,Junior Associate
9788,Ben_9788,Junior Associate
9789,Chloe_9789,Junior Associate
9790,Dylan_9790,Junior Associate
9791,Ella_9791,Junior Associate
9792,Finn_9792,Junior Associate
9793,Alice_9793,Junior Associate
9794,Bob_9794,Junior Associate
9795,Carol_9795,Junior Associate
9796,Dave_9796,Junior Associate
9797,Eve_9797,Junior Associate
9798,Frank_9798,Junior Associate
9799,Grace_9799,Junior Associate
9800,Hank_9800,Junior Associate
9801,Iris_9801,Junior Associate
9802,Jack_9802,Junior Associate
9803,Karen_9803,Junior Associate
9804,Leo_9804,Junior Associate
9805,Maya_9805,Junior Associate
9806,Nate_9806,Junior Associate
9807,Olivia_9807,Junior Associate
9808,Paul_9808,Junior Associate
9809,Quinn_9809,Junior Associate
9810,Rose_9810,Junior Associate
9811,Sam_9811,Junior Associate
9812,Tina_9812,Junior Associate
9813,Uma_9813,Junior Associate
9814,Victor_9814,Junior Associate
9815,Wendy_9815,Junior Associate
9816,Xander_9816,Junior Associate
9817,Yara_9817,Junior Associate
9818,Zack_9818,Junior Associate
9819,Ava_9819,Junior Associate
9820,Ben_9820,Junior Associate
9821,Chloe_9821,Junior Associate
9822,Dylan_9822,Junior Associate
9823,Ella_9823,Junior Associate
9824,Finn_9824,Junior Associate
9825,Alice_9825,Junior Associate
9826,Bob_9826,Junior Associate
9827,Carol_9827,Junior Associate
9828,Dave_9828,Junior Associate
9829,Eve_9829,Junior Associate
9830,Frank_9830,Junior Associate
9831,Grace_9831,Junior Associate
9832,Hank_9832,Junior Associate
9833,Iris_9833,Junior Associate
9834,Jack_9834,Junior Associate
9835,Karen_9835,Junior Associate
9836,Leo_9836,Junior Associate
9837,Maya_9837,Junior Associate
9838,Nate_9838,Junior Associate
9839,Olivia_9839,Junior Associate
9840,Paul_9840,Junior Associate
9841,Quinn_9841,Junior Associate
9842,Rose_9842,Intern
9843,Sam_9843,Intern
9844,Tina_9844,Intern
9845,Uma_9845,Intern
9846,Victor_9846,Intern
9847,Wendy_9847,Intern
9848,Xander_9848,Intern
9849,Yara_9849,Intern
9850,Zack_9850,Intern
9851,Ava_9851,Intern
9852,Ben_9852,Intern
9853,Chloe_9853,Intern
9854,Dylan_9854,Intern
9855,Ella_9855,Intern
9856,Finn_9856,Intern
9857,Alice_9857,Intern
9858,Bob_9858,Intern
9859,Carol_9859,Intern
9860,Dave_9860,Intern
9861,Eve_9861,Intern
9862,Frank_9862,Intern
9863,Grace_9863,Intern
9864,Hank_9864,Intern
9865,Iris_9865,Intern
9866,Jack_9866,Intern
9867,Karen_9867,Intern
9868,Leo_9868,Intern
9869,Maya_9869,Intern
9870,Nate_9870,Intern
9871,Olivia_9871,Intern
9872,Paul_9872,Intern
9873,Quinn_9873,Intern
9874,Rose_9874,Intern
9875,Sam_9875,Intern
9876,Tina_9876,Intern
9877,Uma_9877,Intern
9878,Victor_9878,Intern
9879,Wendy_9879,Intern
9880,Xander_9880,Intern
9881,Yara_9881,Intern
9882,Zack_9882,Intern
9883,Ava_9883,Intern
9884,Ben_9884,Intern
9885,Chloe_9885,Intern
9886,Dylan_9886,Intern
9887,Ella_9887,Intern
9888,Finn_9888,Intern
9889,Alice_9889,Intern
9890,Bob_9890,Intern
9891,Carol_9891,Intern
9892,Dave_9892,Intern
9893,Eve_9893,Intern
9894,Frank_9894,Intern
9895,Grace_9895,Intern
9896,Hank_9896,Intern
9897,Iris_9897,Intern
9898,Jack_9898,Intern
9899,Karen_9899,Intern
9900,Leo_9900,Intern
9901,Maya_9901,Intern
9902,Nate_9902,Intern
9903,Olivia_9903,Intern
9904,Paul_9904,Intern
9905,Quinn_9905,Intern
9906,Rose_9906,Intern
9907,Sam_9907,Intern
9908,Tina_9908,Intern
9909,Uma_9909,Intern
9910,Victor_9910,Intern
9911,Wendy_9911,Intern
9912,Xander_9912,Intern
9913,Yara_9913,Intern
9914,Zack_9914,Intern
9915,Ava_9915,Intern
9916,Ben_9916,Intern
9917,Chloe_9917,Intern
9918,Dylan_9918,Intern
9919,Ella_9919,Intern
9920,Finn_9920,Intern
9921,Alice_9921,Intern
9922,Bob_9922,Intern
9923,Carol_9923,Intern
9924,Dave_9924,Intern
9925,Eve_9925,Intern
9926,Frank_9926,Intern
9927,Grace_9927,Intern
9928,Hank_9928,Intern
9929,Iris_9929,Intern
9930,Jack_9930,Intern
9931,Karen_9931,Intern
9932,Leo_9932,Intern
9933,Maya_9933,Intern
9934,Nate_9934,Intern
9935,Olivia_9935,Intern
9936,Paul_9936,Intern
9937,Quinn_9937,Intern
9938,Rose_9938,Intern
9939,Sam_9939,Intern
9940,Tina_9940,Intern
9941,Uma_9941,Intern
9942,Victor_9942,Intern
9943,Wendy_9943,Intern
9944,Xander_9944,Intern
9945,Yara_9945,Intern
9946,Zack_9946,Intern
9947,Ava_9947,Intern
9948,Ben_9948,Intern
9949,Chloe_9949,Intern
9950,Dylan_9950,Intern
9951,Ella_9951,Intern
9952,Finn_9952,Intern
9953,Alice_9953,Intern
9954,Bob_9954,Intern
9955,Carol_9955,Intern
9956,Dave_9956,Intern
9957,Eve_9957,Intern
9958,Frank_9958,Intern
9959,Grace_9959,Intern
9960,Hank_9960,Intern
9961,Iris_9961,Intern
9962,Jack_9962,Intern
9963,Karen_9963,Intern
9964,Leo_9964,Intern
9965,Maya_9965,Intern
9966,Nate_9966,Intern
9967,Olivia_9967,Intern
9968,Paul_9968,Intern
9969,Quinn_9969,Intern
9970,Rose_9970,Intern
9971,Sam_9971,Intern
9972,Tina_9972,Intern
9973,Uma_9973,Intern
9974,Victor_9974,Intern
9975,Wendy_9975,Intern
9976,Xander_9976,Intern
9977,Yara_9977,Intern
9978,Zack_9978,Intern
9979,Ava_9979,Intern
9980,Ben_9980,Intern
9981,Chloe_9981,Intern
9982,Dylan_9982,Intern
9983,Ella_9983,Intern
9984,Finn_9984,Intern
9985,Alice_9985,Intern
9986,Bob_9986,Intern
9987,Carol_9987,Intern
9988,Dave_9988,Intern
9989,Eve_9989,Intern
9990,Frank_9990,Intern
9991,Grace_9991,Intern
9992,Hank_9992,Intern
9993,Iris_9993,Intern
9994,Jack_9994,Intern
9995,Karen_9995,Intern
9996,Leo_9996,Intern
9997,Maya_9997,Intern
9998,Nate_9998,Intern
9999,Olivia_9999,Intern
10000,Paul_10000,Intern
10001,Quinn_10001,Intern
10002,Rose_10002,Intern
10003,Sam_10003,Intern
10004,Tina_10004,Intern
10005,Uma_10005,Intern
10006,Victor_10006,Intern
10007,Wendy_10007,Intern
10008,Xander_10008,Intern
10009,Yara_10009,Intern
10010,Zack_10010,Intern
10011,Ava_10011,Intern
10012,Ben_10012,Intern
10013,Chloe_10013,Intern
10014,Dylan_10014,Intern
10015,Ella_10015,Intern
10016,Finn_10016,Intern
10017,Alice_10017,Intern
10018,Bob_10018,Intern
10019,Carol_10019,Intern
10020,Dave_10020,Intern
10021,Eve_10021,Intern
10022,Frank_10022,Intern
10023,Grace_10023,Intern
10024,Hank_10024,Intern
10025,Iris_10025,Intern
10026,Jack_10026,Intern
10027,Karen_10027,Intern
10028,Leo_10028,Intern
10029,Maya_10029,Intern
10030,Nate_10030,Intern
10031,Olivia_10031,Intern
10032,Paul_10032,Intern
10033,Quinn_10033,Intern
10034,Rose_10034,Intern
10035,Sam_10035,Intern
10036,Tina_10036,Intern
10037,Uma_10037,Intern
10038,Victor_10038,Intern
10039,Wendy_10039,Intern
10040,Xander_10040,Intern
10041,Yara_10041,Intern
10042,Zack_10042,Intern
10043,Ava_10043,Intern
10044,Ben_10044,Intern
10045,Chloe_10045,Intern
10046,Dylan_10046,Intern
10047,Ella_10047,Intern
10048,Finn_10048,Intern
10049,Alice_10049,Intern
10050,Bob_10050,Intern
10051,Carol_10051,Intern
10052,Dave_10052,Intern
10053,Eve_10053,Intern
10054,Frank_10054,Intern
10055,Grace_10055,Intern
10056,Hank_10056,Intern
10057,Iris_10057,Intern
10058,Jack_10058,Intern
10059,Karen_10059,Intern
10060,Leo_10060,Intern
10061,Maya_10061,Intern
10062,Nate_10062,Intern
10063,Olivia_10063,Intern
10064,Paul_10064,Intern
10065,Quinn_10065,Intern
10066,Rose_10066,Intern
10067,Sam_10067,Intern
10068,Tina_10068,Intern
10069,Uma_10069,Intern
10070,Victor_10070,Intern
10071,Wendy_10071,Intern
10072,Xander_10072,Intern
10073,Yara_10073,Intern
10074,Zack_10074,Intern
10075,Ava_10075,Intern
10076,Ben_10076,Intern
10077,Chloe_10077,Intern
10078,Dylan_10078,Intern
10079,Ella_10079,Intern
10080,Finn_10080,Intern
10081,Alice_10081,Intern
10082,Bob_10082,Intern
10083,Carol_10083,Intern
10084,Dave_10084,Intern
10085,Eve_10085,Intern
10086,Frank_10086,Intern
10087,Grace_10087,Intern
10088,Hank_10088,Intern
10089,Iris_10089,Intern
10090,Jack_10090,Intern
10091,Karen_10091,Intern
10092,Leo_10092,Intern
10093,Maya_10093,Intern
10094,Nate_10094,Intern
10095,Olivia_10095,Intern
10096,Paul_10096,Intern
10097,Quinn_10097,Intern
10098,Rose_10098,Intern
10099,Sam_10099,Intern
10100,Tina_10100,Intern
10101,Uma_10101,Intern
10102,Victor_10102,Intern
10103,Wendy_10103,Intern
10104,Xander_10104,Intern
10105,Yara_10105,Intern
10106,Zack_10106,Intern
10107,Ava_10107,Intern
10108,Ben_10108,Intern
10109,Chloe_10109,Intern
10110,Dylan_10110,Intern
10111,Ella_10111,Intern
10112,Finn_10112,Intern
10113,Alice_10113,Intern
10114,Bob_10114,Intern
10115,Carol_10115,Intern
10116,Dave_10116,Intern
10117,Eve_10117,Intern
10118,Frank_10118,Intern
10119,Grace_10119,Intern
10120,Hank_10120,Intern
10121,Iris_10121,Intern
10122,Jack_10122,Intern
10123,Karen_10123,Intern
10124,Leo_10124,Intern
10125,Maya_10125,Intern
10126,Nate_10126,Intern
10127,Olivia_10127,Intern
10128,Paul_10128,Intern
10129,Quinn_10129,Intern
10130,Rose_10130,Intern
10131,Sam_10131,Intern
10132,Tina_10132,Intern
10133,Uma_10133,Intern
10134,Victor_10134,Intern
10135,Wendy_10135,Intern
10136,Xander_10136,Intern
10137,Yara_10137,Intern
10138,Zack_10138,Intern
10139,Ava_10139,Intern
10140,Ben_10140,Intern
10141,Chloe_10141,Intern
10142,Dylan_10142,Intern
10143,Ella_10143,Intern
10144,Finn_10144,Intern
10145,Alice_10145,Intern
10146,Bob_10146,Intern
10147,Carol_10147,Intern
10148,Dave_10148,Intern
10149,Eve_10149,Intern
10150,Frank_10150,Intern
10151,Grace_10151,Intern
10152,Hank_10152,Intern
10153,Iris_10153,Intern
10154,Jack_10154,Intern
10155,Karen_10155,Intern
10156,Leo_10156,Intern
10157,Maya_10157,Intern
10158,Nate_10158,Intern
10159,Olivia_10159,Intern
10160,Paul_10160,Intern
10161,Quinn_10161,Intern
10162,Rose_10162,Intern
10163,Sam_10163,Intern
10164,Tina_10164,Intern
10165,Uma_10165,Intern
10166,Victor_10166,Intern
10167,Wendy_10167,Intern
10168,Xander_10168,Intern
10169,Yara_10169,Intern
10170,Zack_10170,Intern
10171,Ava_10171,Intern
10172,Ben_10172,Intern
10173,Chloe_10173,Intern
10174,Dylan_10174,Intern
10175,Ella_10175,Intern
10176,Finn_10176,Intern
10177,Alice_10177,Intern
10178,Bob_10178,Intern
10179,Carol_10179,Intern
10180,Dave_10180,Intern
10181,Eve_10181,Intern
10182,Frank_10182,Intern
10183,Grace_10183,Intern
10184,Hank_10184,Intern
10185,Iris_10185,Intern
10186,Jack_10186,Intern
10187,Karen_10187,Intern
10188,Leo_10188,Intern
10189,Maya_10189,Intern
10190,Nate_10190,Intern
10191,Olivia_10191,Intern
10192,Paul_10192,Intern
10193,Quinn_10193,Intern
10194,Rose_10194,Intern
10195,Sam_10195,Intern
10196,Tina_10196,Intern
10197,Uma_10197,Intern
10198,Victor_10198,Intern
10199,Wendy_10199,Intern
10200,Xander_10200,Intern
10201,Yara_10201,Intern
10202,Zack_10202,Intern
10203,Ava_10203,Intern
10204,Ben_10204,Intern
10205,Chloe_10205,Intern
10206,Dylan_10206,Intern
10207,Ella_10207,Intern
10208,Finn_10208,Intern
10209,Alice_10209,Intern
10210,Bob_10210,Intern
10211,Carol_10211,Intern
10212,Dave_10212,Intern
10213,Eve_10213,Intern
10214,Frank_10214,Intern
10215,Grace_10215,Intern
10216,Hank_10216,Intern
10217,Iris_10217,Intern
10218,Jack_10218,Intern
10219,Karen_10219,Intern
10220,Leo_10220,Intern
10221,Maya_10221,Intern
10222,Nate_10222,Intern
10223,Olivia_10223,Intern
10224,Paul_10224,Intern
10225,Quinn_10225,Intern
10226,Rose_10226,Intern
10227,Sam_10227,Intern
10228,Tina_10228,Intern
10229,Uma_10229,Intern
10230,Victor_10230,Intern
10231,Wendy_10231,Intern
10232,Xander_10232,Intern
10233,Yara_10233,Intern
10234,Zack_10234,Intern
10235,Ava_10235,Intern
10236,Ben_10236,Intern
10237,Chloe_10237,Intern
10238,Dylan_10238,Intern
10239,Ella_10239,Intern
10240,Finn_10240,Intern
10241,Alice_10241,Intern
10242,Bob_10242,Intern
10243,Carol_10243,Intern
10244,Dave_10244,Intern
10245,Eve_10245,Intern
10246,Frank_10246,Intern
10247,Grace_10247,Intern
10248,Hank_10248,Intern
10249,Iris_10249,Intern
10250,Jack_10250,Intern
10251,Karen_10251,Intern
10252,Leo_10252,Intern
10253,Maya_10253,Intern
10254,Nate_10254,Intern
10255,Olivia_10255,Intern
10256,Paul_10256,Intern
10257,Quinn_10257,Intern
10258,Rose_10258,Intern
10259,Sam_10259,Intern
10260,Tina_10260,Intern
10261,Uma_10261,Intern
10262,Victor_10262,Intern
10263,Wendy_10263,Intern
10264,Xander_10264,Intern
10265,Yara_10265,Intern
10266,Zack_10266,Intern
10267,Ava_10267,Intern
10268,Ben_10268,Intern
10269,Chloe_10269,Intern
10270,Dylan_10270,Intern
10271,Ella_10271,Intern
10272,Finn_10272,Intern
10273,Alice_10273,Intern
10274,Bob_10274,Intern
10275,Carol_10275,Intern
10276,Dave_10276,Intern
10277,Eve_10277,Intern
10278,Frank_10278,Intern
10279,Grace_10279,Intern
10280,Hank_10280,Intern
10281,Iris_10281,Intern
10282,Jack_10282,Intern
10283,Karen_10283,Intern
10284,Leo_10284,Intern
10285,Maya_10285,Intern
10286,Nate_10286,Intern
10287,Olivia_10287,Intern
10288,Paul_10288,Intern
10289,Quinn_10289,Intern
10290,Rose_10290,Intern
10291,Sam_10291,Intern
10292,Tina_10292,Intern
10293,Uma_10293,Intern
10294,Victor_10294,Intern
10295,Wendy_10295,Intern
10296,Xander_10296,Intern
10297,Yara_10297,Intern
10298,Zack_10298,Intern
10299,Ava_10299,Intern
10300,Ben_10300,Intern
10301,Chloe_10301,Intern
10302,Dylan_10302,Intern
10303,Ella_10303,Intern
10304,Finn_10304,Intern
10305,Alice_10305,Intern
10306,Bob_10306,Intern
10307,Carol_10307,Intern
10308,Dave_10308,Intern
10309,Eve_10309,Intern
10310,Frank_10310,Intern
10311,Grace_10311,Intern
10312,Hank_10312,Intern
10313,Iris_10313,Intern
10314,Jack_10314,Intern
10315,Karen_10315,Intern
10316,Leo_10316,Intern
10317,Maya_10317,Intern
10318,Nate_10318,Intern
10319,Olivia_10319,Intern
10320,Paul_10320,Intern
10321,Quinn_10321,Intern
10322,Rose_10322,Intern
10323,Sam_10323,Intern
10324,Tina_10324,Intern
10325,Uma_10325,Intern
10326,Victor_10326,Intern
10327,Wendy_10327,Intern
10328,Xander_10328,Intern
10329,Yara_10329,Intern
10330,Zack_10330,Intern
10331,Ava_10331,Intern
10332,Ben_10332,Intern
10333,Chloe_10333,Intern
10334,Dylan_10334,Intern
10335,Ella_10335,Intern
10336,Finn_10336,Intern
10337,Alice_10337,Intern
10338,Bob_10338,Intern
10339,Carol_10339,Intern
10340,Dave_10340,Intern
10341,Eve_10341,Intern
10342,Frank_10342,Intern
10343,Grace_10343,Intern
10344,Hank_10344,Intern
10345,Iris_10345,Intern
10346,Jack_10346,Intern
10347,Karen_10347,Intern
10348,Leo_10348,Intern
10349,Maya_10349,Intern
10350,Nate_10350,Intern
10351,Olivia_10351,Intern
10352,Paul_10352,Intern
10353,Quinn_10353,Intern
10354,Rose_10354,Intern
10355,Sam_10355,Intern
10356,Tina_10356,Intern
10357,Uma_10357,Intern
10358,Victor_10358,Intern
10359,Wendy_10359,Intern
10360,Xander_10360,Intern
10361,Yara_10361,Intern
10362,Zack_10362,Intern
10363,Ava_10363,Intern
10364,Ben_10364,Intern
10365,Chloe_10365,Intern
10366,Dylan_10366,Intern
10367,Ella_10367,Intern
10368,Finn_10368,Intern
10369,Alice_10369,Intern
10370,Bob_10370,Intern
10371,Carol_10371,Intern
10372,Dave_10372,Intern
10373,Eve_10373,Intern
10374,Frank_10374,Intern
10375,Grace_10375,Intern
10376,Hank_10376,Intern
10377,Iris_10377,Intern
10378,Jack_10378,Intern
10379,Karen_10379,Intern
10380,Leo_10380,Intern
10381,Maya_10381,Intern
10382,Nate_10382,Intern
10383,Olivia_10383,Intern
10384,Paul_10384,Intern
10385,Quinn_10385,Intern
10386,Rose_10386,Intern
10387,Sam_10387,Intern
10388,Tina_10388,Intern
10389,Uma_10389,Intern
10390,Victor_10390,Intern
10391,Wendy_10391,Intern
10392,Xander_10392,Intern
10393,Yara_10393,Intern
10394,Zack_10394,Intern
10395,Ava_10395,Intern
10396,Ben_10396,Intern
10397,Chloe_10397,Intern
10398,Dylan_10398,Intern
10399,Ella_10399,Intern
10400,Finn_10400,Intern
10401,Alice_10401,Intern
10402,Bob_10402,Intern
10403,Carol_10403,Intern
10404,Dave_10404,Intern
10405,Eve_10405,Intern
10406,Frank_10406,Intern
10407,Grace_10407,Intern
10408,Hank_10408,Intern
10409,Iris_10409,Intern
10410,Jack_10410,Intern
10411,Karen_10411,Intern
10412,Leo_10412,Intern
10413,Maya_10413,Intern
10414,Nate_10414,Intern
10415,Olivia_10415,Intern
10416,Paul_10416,Intern
10417,Quinn_10417,Intern
10418,Rose_10418,Intern
10419,Sam_10419,Intern
10420,Tina_10420,Intern
10421,Uma_10421,Intern
10422,Victor_10422,Intern
10423,Wendy_10423,Intern
10424,Xander_10424,Intern
10425,Yara_10425,Intern
10426,Zack_10426,Intern
10427,Ava_10427,Intern
10428,Ben_10428,Intern
10429,Chloe_10429,Intern
10430,Dylan_10430,Intern
10431,Ella_10431,Intern
10432,Finn_10432,Intern
10433,Alice_10433,Intern
10434,Bob_10434,Intern
10435,Carol_10435,Intern
10436,Dave_10436,Intern
10437,Eve_10437,Intern
10438,Frank_10438,Intern
10439,Grace_10439,Intern
10440,Hank_10440,Intern
10441,Iris_10441,Intern
10442,Jack_10442,Intern
10443,Karen_10443,Intern
10444,Leo_10444,Intern
10445,Maya_10445,Intern
10446,Nate_10446,Intern
10447,Olivia_10447,Intern
10448,Paul_10448,Intern
10449,Quinn_10449,Intern
10450,Rose_10450,Intern
10451,Sam_10451,Intern
10452,Tina_10452,Intern
10453,Uma_10453,Intern
10454,Victor_10454,Intern
10455,Wendy_10455,Intern
10456,Xander_10456,Intern
10457,Yara_10457,Intern
10458,Zack_10458,Intern
10459,Ava_10459,Intern
10460,Ben_10460,Intern
10461,Chloe_10461,Intern
10462,Dylan_10462,Intern
10463,Ella_10463,Intern
10464,Finn_10464,Intern
10465,Alice_10465,Intern
10466,Bob_10466,Intern
10467,Carol_10467,Intern
10468,Dave_10468,Intern
10469,Eve_10469,Intern
10470,Frank_10470,Intern
10471,Grace_10471,Intern
10472,Hank_10472,Intern
10473,Iris_10473,Intern
10474,Jack_10474,Intern
10475,Karen_10475,Intern
10476,Leo_10476,Intern
10477,Maya_10477,Intern
10478,Nate_10478,Intern
10479,Olivia_10479,Intern
10480,Paul_10480,Intern
10481,Quinn_10481,Intern
10482,Rose_10482,Intern
10483,Sam_10483,Intern
10484,Tina_10484,Intern
10485,Uma_10485,Intern
10486,Victor_10486,Intern
10487,Wendy_10487,Intern
10488,Xander_10488,Intern
10489,Yara_10489,Intern
10490,Zack_10490,Intern
10491,Ava_10491,Intern
10492,Ben_10492,Intern
10493,Chloe_10493,Intern
10494,Dylan_10494,Intern
10495,Ella_10495,Intern
10496,Finn_10496,Intern
10497,Alice_10497,Intern
10498,Bob_10498,Intern
10499,Carol_10499,Intern
10500,Dave_10500,Intern
10501,Eve_10501,Intern
10502,Frank_10502,Intern
10503,Grace_10503,Intern
10504,Hank_10504,Intern
10505,Iris_10505,Intern
10506,Jack_10506,Intern
10507,Karen_10507,Intern
10508,Leo_10508,Intern
10509,Maya_10509,Intern
10510,Nate_10510,Intern
10511,Olivia_10511,Intern
10512,Paul_10512,Intern
10513,Quinn_10513,Intern
10514,Rose_10514,Intern
10515,Sam_10515,Intern
10516,Tina_10516,Intern
10517,Uma_10517,Intern
10518,Victor_10518,Intern
10519,Wendy_10519,Intern
10520,Xander_10520,Intern
10521,Yara_10521,Intern
10522,Zack_10522,Intern
10523,Ava_10523,Intern
10524,Ben_10524,Intern
10525,Chloe_10525,Intern
10526,Dylan_10526,Intern
10527,Ella_10527,Intern
10528,Finn_10528,Intern
10529,Alice_10529,Intern
10530,Bob_10530,Intern
10531,Carol_10531,Intern
10532,Dave_10532,Intern
10533,Eve_10533,Intern
10534,Frank_10534,Intern
10535,Grace_10535,Intern
10536,Hank_10536,Intern
10537,Iris_10537,Intern
10538,Jack_10538,Intern
10539,Karen_10539,Intern
10540,Leo_10540,Intern
10541,Maya_10541,Intern
10542,Nate_10542,Intern
10543,Olivia_10543,Intern
10544,Paul_10544,Intern
10545,Quinn_10545,Intern
10546,Rose_10546,Intern
10547,Sam_10547,Intern
10548,Tina_10548,Intern
10549,Uma_10549,Intern
10550,Victor_10550,Intern
10551,Wendy_10551,Intern
10552,Xander_10552,Intern
10553,Yara_10553,Intern
10554,Zack_10554,Intern
10555,Ava_10555,Intern
10556,Ben_10556,Intern
10557,Chloe_10557,Intern
10558,Dylan_10558,Intern
10559,Ella_10559,Intern
10560,Finn_10560,Intern
10561,Alice_10561,Intern
10562,Bob_10562,Intern
10563,Carol_10563,Intern
10564,Dave_10564,Intern
10565,Eve_10565,Intern
10566,Frank_10566,Intern
10567,Grace_10567,Intern
10568,Hank_10568,Intern
10569,Iris_10569,Intern
10570,Jack_10570,Intern
10571,Karen_10571,Intern
10572,Leo_10572,Intern
10573,Maya_10573,Intern
10574,Nate_10574,Intern
10575,Olivia_10575,Intern
10576,Paul_10576,Intern
10577,Quinn_10577,Intern
10578,Rose_10578,Intern
10579,Sam_10579,Intern
10580,Tina_10580,Intern
10581,Uma_10581,Intern
10582,Victor_10582,Intern
10583,Wendy_10583,Intern
10584,Xander_10584,Intern
10585,Yara_10585,Intern
10586,Zack_10586,Intern
10587,Ava_10587,Intern
10588,Ben_10588,Intern
10589,Chloe_10589,Intern
10590,Dylan_10590,Intern
10591,Ella_10591,Intern
10592,Finn_10592,Intern
10593,Alice_10593,Intern
10594,Bob_10594,Intern
10595,Carol_10595,Intern
10596,Dave_10596,Intern
10597,Eve_10597,Intern
10598,Frank_10598,Intern
10599,Grace_10599,Intern
10600,Hank_10600,Intern
10601,Iris_10601,Intern
10602,Jack_10602,Intern
10603,Karen_10603,Intern
10604,Leo_10604,Intern
10605,Maya_10605,Intern
10606,Nate_10606,Intern
10607,Olivia_10607,Intern
10608,Paul_10608,Intern
10609,Quinn_10609,Intern
10610,Rose_10610,Intern
10611,Sam_10611,Intern
10612,Tina_10612,Intern
10613,Uma_10613,Intern
10614,Victor_10614,Intern
10615,Wendy_10615,Intern
10616,Xander_10616,Intern
10617,Yara_10617,Intern
10618,Zack_10618,Intern
10619,Ava_10619,Intern
10620,Ben_10620,Intern
10621,Chloe_10621,Intern
10622,Dylan_10622,Intern
10623,Ella_10623,Intern
10624,Finn_10624,Intern
10625,Alice_10625,Intern
10626,Bob_10626,Intern
10627,Carol_10627,Intern
10628,Dave_10628,Intern
10629,Eve_10629,Intern
10630,Frank_10630,Intern
10631,Grace_10631,Intern
10632,Hank_10632,Intern
10633,Iris_10633,Intern
10634,Jack_10634,Intern
10635,Karen_10635,Intern
10636,Leo_10636,Intern
10637,Maya_10637,Intern
10638,Nate_10638,Intern
10639,Olivia_10639,Intern
10640,Paul_10640,Intern
10641,Quinn_10641,Intern
10642,Rose_10642,Intern
10643,Sam_10643,Intern
10644,Tina_10644,Intern
10645,Uma_10645,Intern
10646,Victor_10646,Intern
10647,Wendy_10647,Intern
10648,Xander_10648,Intern
10649,Yara_10649,Intern
10650,Zack_10650,Intern
10651,Ava_10651,Intern
10652,Ben_10652,Intern
10653,Chloe_10653,Intern
10654,Dylan_10654,Intern
10655,Ella_10655,Intern
10656,Finn_10656,Intern
10657,Alice_10657,Intern
10658,Bob_10658,Intern
10659,Carol_10659,Intern
10660,Dave_10660,Intern
10661,Eve_10661,Intern
10662,Frank_10662,Intern
10663,Grace_10663,Intern
10664,Hank_10664,Intern
10665,Iris_10665,Intern
10666,Jack_10666,Intern
10667,Karen_10667,Intern
10668,Leo_10668,Intern
10669,Maya_10669,Intern
10670,Nate_10670,Intern
10671,Olivia_10671,Intern
10672,Paul_10672,Intern
10673,Quinn_10673,Intern
10674,Rose_10674,Intern
10675,Sam_10675,Intern
10676,Tina_10676,Intern
10677,Uma_10677,Intern
10678,Victor_10678,Intern
10679,Wendy_10679,Intern
10680,Xander_10680,Intern
10681,Yara_10681,Intern
10682,Zack_10682,Intern
10683,Ava_10683,Intern
10684,Ben_10684,Intern
10685,Chloe_10685,Intern
10686,Dylan_10686,Intern
10687,Ella_10687,Intern
10688,Finn_10688,Intern
10689,Alice_10689,Intern
10690,Bob_10690,Intern
10691,Carol_10691,Intern
10692,Dave_10692,Intern
10693,Eve_10693,Intern
10694,Frank_10694,Intern
10695,Grace_10695,Intern
10696,Hank_10696,Intern
10697,Iris_10697,Intern
10698,Jack_10698,Intern
10699,Karen_10699,Intern
10700,Leo_10700,Intern
10701,Maya_10701,Intern
10702,Nate_10702,Intern
10703,Olivia_10703,Intern
10704,Paul_10704,Intern
10705,Quinn_10705,Intern
10706,Rose_10706,Intern
10707,Sam_10707,Intern
10708,Tina_10708,Intern
10709,Uma_10709,Intern
10710,Victor_10710,Intern
10711,Wendy_10711,Intern
10712,Xander_10712,Intern
10713,Yara_10713,Intern
10714,Zack_10714,Intern
10715,Ava_10715,Intern
10716,Ben_10716,Intern
10717,Chloe_10717,Intern
10718,Dylan_10718,Intern
10719,Ella_10719,Intern
10720,Finn_10720,Intern
10721,Alice_10721,Intern
10722,Bob_10722,Intern
10723,Carol_10723,Intern
10724,Dave_10724,Intern
10725,Eve_10725,Intern
10726,Frank_10726,Intern
10727,Grace_10727,Intern
10728,Hank_10728,Intern
10729,Iris_10729,Intern
10730,Jack_10730,Intern
10731,Karen_10731,Intern
10732,Leo_10732,Intern
10733,Maya_10733,Intern
10734,Nate_10734,Intern
10735,Olivia_10735,Intern
10736,Paul_10736,Intern
10737,Quinn_10737,Intern
10738,Rose_10738,Intern
10739,Sam_10739,Intern
10740,Tina_10740,Intern
10741,Uma_10741,Intern
10742,Victor_10742,Intern
10743,Wendy_10743,Intern
10744,Xander_10744,Intern
10745,Yara_10745,Intern
10746,Zack_10746,Intern
10747,Ava_10747,Intern
10748,Ben_10748,Intern
10749,Chloe_10749,Intern
10750,Dylan_10750,Intern
10751,Ella_10751,Intern
10752,Finn_10752,Intern
10753,Alice_10753,Intern
10754,Bob_10754,Intern
10755,Carol_10755,Intern
10756,Dave_10756,Intern
10757,Eve_10757,Intern
10758,Frank_10758,Intern
10759,Grace_10759,Intern
10760,Hank_10760,Intern
10761,Iris_10761,Intern
10762,Jack_10762,Intern
10763,Karen_10763,Intern
10764,Leo_10764,Intern
10765,Maya_10765,Intern
10766,Nate_10766,Intern
10767,Olivia_10767,Intern
10768,Paul_10768,Intern
10769,Quinn_10769,Intern
10770,Rose_10770,Intern
10771,Sam_10771,Intern
10772,Tina_10772,Intern
10773,Uma_10773,Intern
10774,Victor_10774,Intern
10775,Wendy_10775,Intern
10776,Xander_10776,Intern
10777,Yara_10777,Intern
10778,Zack_10778,Intern
10779,Ava_10779,Intern
10780,Ben_10780,Intern
10781,Chloe_10781,Intern
10782,Dylan_10782,Intern
10783,Ella_10783,Intern
10784,Finn_10784,Intern
10785,Alice_10785,Intern
10786,Bob_10786,Intern
10787,Carol_10787,Intern
10788,Dave_10788,Intern
10789,Eve_10789,Intern
10790,Frank_10790,Intern
10791,Grace_10791,Intern
10792,Hank_10792,Intern
10793,Iris_10793,Intern
10794,Jack_10794,Intern
10795,Karen_10795,Intern
10796,Leo_10796,Intern
10797,Maya_10797,Intern
10798,Nate_10798,Intern
10799,Olivia_10799,Intern
10800,Paul_10800,Intern
10801,Quinn_10801,Intern
10802,Rose_10802,Intern
10803,Sam_10803,Intern
10804,Tina_10804,Intern
10805,Uma_10805,Intern
10806,Victor_10806,Intern
10807,Wendy_10807,Intern
10808,Xander_10808,Intern
10809,Yara_10809,Intern
10810,Zack_10810,Intern
10811,Ava_10811,Intern
10812,Ben_10812,Intern
10813,Chloe_10813,Intern
10814,Dylan_10814,Intern
10815,Ella_10815,Intern
10816,Finn_10816,Intern
10817,Alice_10817,Intern
10818,Bob_10818,Intern
10819,Carol_10819,Intern
10820,Dave_10820,Intern
10821,Eve_10821,Intern
10822,Frank_10822,Intern
10823,Grace_10823,Intern
10824,Hank_10824,Intern
10825,Iris_10825,Intern
10826,Jack_10826,Intern
10827,Karen_10827,Intern
10828,Leo_10828,Intern
10829,Maya_10829,Intern
10830,Nate_10830,Intern
10831,Olivia_10831,Intern
10832,Paul_10832,Intern
10833,Quinn_10833,Intern
10834,Rose_10834,Intern
10835,Sam_10835,Intern
10836,Tina_10836,Intern
10837,Uma_10837,Intern
10838,Victor_10838,Intern
10839,Wendy_10839,Intern
10840,Xander_10840,Intern
10841,Yara_10841,Intern
10842,Zack_10842,Intern
10843,Ava_10843,Intern
10844,Ben_10844,Intern
10845,Chloe_10845,Intern
10846,Dylan_10846,Intern
10847,Ella_10847,Intern
10848,Finn_10848,Intern
10849,Alice_10849,Intern
10850,Bob_10850,Intern
10851,Carol_10851,Intern
10852,Dave_10852,Intern
10853,Eve_10853,Intern
10854,Frank_10854,Intern
10855,Grace_10855,Intern
10856,Hank_10856,Intern
10857,Iris_10857,Intern
10858,Jack_10858,Intern
10859,Karen_10859,Intern
10860,Leo_10860,Intern
10861,Maya_10861,Intern
10862,Nate_10862,Intern
10863,Olivia_10863,Intern
10864,Paul_10864,Intern
10865,Quinn_10865,Intern
10866,Rose_10866,Intern
10867,Sam_10867,Intern
10868,Tina_10868,Intern
10869,Uma_10869,Intern
10870,Victor_10870,Intern
10871,Wendy_10871,Intern
10872,Xander_10872,Intern
10873,Yara_10873,Intern
10874,Zack_10874,Intern
10875,Ava_10875,Intern
10876,Ben_10876,Intern
10877,Chloe_10877,Intern
10878,Dylan_10878,Intern
10879,Ella_10879,Intern
10880,Finn_10880,Intern
10881,Alice_10881,Intern
10882,Bob_10882,Intern
10883,Carol_10883,Intern
10884,Dave_10884,Intern
10885,Eve_10885,Intern
10886,Frank_10886,Intern
10887,Grace_10887,Intern
10888,Hank_10888,Intern
10889,Iris_10889,Intern
10890,Jack_10890,Intern
10891,Karen_10891,Intern
10892,Leo_10892,Intern
10893,Maya_10893,Intern
10894,Nate_10894,Intern
10895,Olivia_10895,Intern
10896,Paul_10896,Intern
10897,Quinn_10897,Intern
10898,Rose_10898,Intern
10899,Sam_10899,Intern
10900,Tina_10900,Intern
10901,Uma_10901,Intern
10902,Victor_10902,Intern
10903,Wendy_10903,Intern
10904,Xander_10904,Intern
10905,Yara_10905,Intern
10906,Zack_10906,Intern
10907,Ava_10907,Intern
10908,Ben_10908,Intern
10909,Chloe_10909,Intern
10910,Dylan_10910,Intern
10911,Ella_10911,Intern
10912,Finn_10912,Intern
10913,Alice_10913,Intern
10914,Bob_10914,Intern
10915,Carol_10915,Intern
10916,Dave_10916,Intern
10917,Eve_10917,Intern
10918,Frank_10918,Intern
10919,Grace_10919,Intern
10920,Hank_10920,Intern
10921,Iris_10921,Intern
10922,Jack_10922,Intern
10923,Karen_10923,Intern
10924,Leo_10924,Intern
10925,Maya_10925,Intern
10926,Nate_10926,Intern
10927,Olivia_10927,Intern
10928,Paul_10928,Intern
10929,Quinn_10929,Intern
10930,Rose_10930,Intern
10931,Sam_10931,Intern
10932,Tina_10932,Intern
10933,Uma_10933,Intern
10934,Victor_10934,Intern
10935,Wendy_10935,Intern
10936,Xander_10936,Intern
10937,Yara_10937,Intern
10938,Zack_10938,Intern
10939,Ava_10939,Intern
10940,Ben_10940,Intern
10941,Chloe_10941,Intern
10942,Dylan_10942,Intern
10943,Ella_10943,Intern
10944,Finn_10944,Intern
10945,Alice_10945,Intern
10946,Bob_10946,Intern
10947,Carol_10947,Intern
10948,Dave_10948,Intern
10949,Eve_10949,Intern
10950,Frank_10950,Intern
10951,Grace_10951,Intern
10952,Hank_10952,Intern
10953,Iris_10953,Intern
10954,Jack_10954,Intern
10955,Karen_10955,Intern
10956,Leo_10956,Intern
10957,Maya_10957,Intern
10958,Nate_10958,Intern
10959,Olivia_10959,Intern
10960,Paul_10960,Intern
10961,Quinn_10961,Intern
10962,Rose_10962,Intern
10963,Sam_10963,Intern
10964,Tina_10964,Intern
10965,Uma_10965,Intern
10966,Victor_10966,Intern
10967,Wendy_10967,Intern
10968,Xander_10968,Intern
10969,Yara_10969,Intern
10970,Zack_10970,Intern
10971,Ava_10971,Intern
10972,Ben_10972,Intern
10973,Chloe_10973,Intern
10974,Dylan_10974,Intern
10975,Ella_10975,Intern
10976,Finn_10976,Intern
10977,Alice_10977,Intern
10978,Bob_10978,Intern
10979,Carol_10979,Intern
10980,Dave_10980,Intern
10981,Eve_10981,Intern
10982,Frank_10982,Intern
10983,Grace_10983,Intern
10984,Hank_10984,Intern
10985,Iris_10985,Intern
10986,Jack_10986,Intern
10987,Karen_10987,Intern
10988,Leo_10988,Intern
10989,Maya_10989,Intern
10990,Nate_10990,Intern
10991,Olivia_10991,Intern
10992,Paul_10992,Intern
10993,Quinn_10993,Intern
10994,Rose_10994,Intern
10995,Sam_10995,Intern
10996,Tina_10996,Intern
10997,Uma_10997,Intern
10998,Victor_10998,Intern
10999,Wendy_10999,Intern
11000,Xander_11000,Intern
11001,Yara_11001,Intern
11002,Zack_11002,Intern
11003,Ava_11003,Intern
11004,Ben_11004,Intern
11005,Chloe_11005,Intern
11006,Dylan_11006,Intern
11007,Ella_11007,Intern
11008,Finn_11008,Intern
11009,Alice_11009,Intern
11010,Bob_11010,Intern
11011,Carol_11011,Intern
11012,Dave_11012,Intern
11013,Eve_11013,Intern
11014,Frank_11014,Intern
11015,Grace_11015,Intern
11016,Hank_11016,Intern
11017,Iris_11017,Intern
11018,Jack_11018,Intern
11019,Karen_11019,Intern
11020,Leo_11020,Intern
11021,Maya_11021,Intern
11022,Nate_11022,Intern
11023,Olivia_11023,Intern
11024,Paul_11024,Intern
11025,Quinn_11025,Intern
11026,Rose_11026,Intern
11027,Sam_11027,Intern
11028,Tina_11028,Intern
11029,Uma_11029,Intern
11030,Victor_11030,Intern
11031,Wendy_11031,Intern
11032,Xander_11032,Intern
11033,Yara_11033,Intern
11034,Zack_11034,Intern
11035,Ava_11035,Intern
11036,Ben_11036,Intern
11037,Chloe_11037,Intern
11038,Dylan_11038,Intern
11039,Ella_11039,Intern
11040,Finn_11040,Intern
11041,Alice_11041,Intern
11042,Bob_11042,Intern
11043,Carol_11043,Intern
11044,Dave_11044,Intern
11045,Eve_11045,Intern
11046,Frank_11046,Intern
11047,Grace_11047,Intern
11048,Hank_11048,Intern
11049,Iris_11049,Intern
11050,Jack_11050,Intern
11051,Karen_11051,Intern
11052,Leo_11052,Intern
11053,Maya_11053,Intern
11054,Nate_11054,Intern
11055,Olivia_11055,Intern
11056,Paul_11056,Intern
11057,Quinn_11057,Intern
11058,Rose_11058,Intern
11059,Sam_11059,Intern
11060,Tina_11060,Intern
11061,Uma_11061,Intern
11062,Victor_11062,Intern
11063,Wendy_11063,Intern
11064,Xander_11064,Intern
11065,Yara_11065,Intern
11066,Zack_11066,Intern
11067,Ava_11067,Intern
11068,Ben_11068,Intern
11069,Chloe_11069,Intern
11070,Dylan_11070,Intern
11071,Ella_11071,Intern
11072,Finn_11072,Intern
11073,Alice_11073,Intern
11074,Bob_11074,Intern
11075,Carol_11075,Intern
11076,Dave_11076,Intern
11077,Eve_11077,Intern
11078,Frank_11078,Intern
11079,Grace_11079,Intern
11080,Hank_11080,Intern
11081,Iris_11081,Intern
11082,Jack_11082,Intern
11083,Karen_11083,Intern
11084,Leo_11084,Intern
11085,Maya_11085,Intern
11086,Nate_11086,Intern
11087,Olivia_11087,Intern
11088,Paul_11088,Intern
11089,Quinn_11089,Intern
11090,Rose_11090,Intern
11091,Sam_11091,Intern
11092,Tina_11092,Intern
11093,Uma_11093,Intern
11094,Victor_11094,Intern
11095,Wendy_11095,Intern
11096,Xander_11096,Intern
11097,Yara_11097,Intern
11098,Zack_11098,Intern
11099,Ava_11099,Intern
11100,Ben_11100,Intern
11101,Chloe_11101,Intern
11102,Dylan_11102,Intern
11103,Ella_11103,Intern
11104,Finn_11104,Intern
11105,Alice_11105,Intern
11106,Bob_11106,Intern
11107,Carol_11107,Intern
11108,Dave_11108,Intern
11109,Eve_11109,Intern
11110,Frank_11110,Intern
11111,Grace_11111,Intern
11112,Hank_11112,Intern
11113,Iris_11113,Intern
11114,Jack_11114,Intern
11115,Karen_11115,Intern
11116,Leo_11116,Intern
11117,Maya_11117,Intern
11118,Nate_11118,Intern
11119,Olivia_11119,Intern
11120,Paul_11120,Intern
11121,Quinn_11121,Intern
11122,Rose_11122,Intern
11123,Sam_11123,Intern
11124,Tina_11124,Intern
11125,Uma_11125,Intern
11126,Victor_11126,Intern
11127,Wendy_11127,Intern
11128,Xander_11128,Intern
11129,Yara_11129,Intern
11130,Zack_11130,Intern
11131,Ava_11131,Intern
11132,Ben_11132,Intern
11133,Chloe_11133,Intern
11134,Dylan_11134,Intern
11135,Ella_11135,Intern
11136,Finn_11136,Intern
11137,Alice_11137,Intern
11138,Bob_11138,Intern
11139,Carol_11139,Intern
11140,Dave_11140,Intern
11141,Eve_11141,Intern
11142,Frank_11142,Intern
11143,Grace_11143,Intern
11144,Hank_11144,Intern
11145,Iris_11145,Intern
11146,Jack_11146,Intern
11147,Karen_11147,Intern
11148,Leo_11148,Intern
11149,Maya_11149,Intern
11150,Nate_11150,Intern
11151,Olivia_11151,Intern
11152,Paul_11152,Intern
11153,Quinn_11153,Intern
11154,Rose_11154,Intern
11155,Sam_11155,Intern
11156,Tina_11156,Intern
11157,Uma_11157,Intern
11158,Victor_11158,Intern
11159,Wendy_11159,Intern
11160,Xander_11160,Intern
11161,Yara_11161,Intern
11162,Zack_11162,Intern
11163,Ava_11163,Intern
11164,Ben_11164,Intern
11165,Chloe_11165,Intern
11166,Dylan_11166,Intern
11167,Ella_11167,Intern
11168,Finn_11168,Intern
11169,Alice_11169,Intern
11170,Bob_11170,Intern
11171,Carol_11171,Intern
11172,Dave_11172,Intern
11173,Eve_11173,Intern
11174,Frank_11174,Intern
11175,Grace_11175,Intern
11176,Hank_11176,Intern
11177,Iris_11177,Intern
11178,Jack_11178,Intern
11179,Karen_11179,Intern
11180,Leo_11180,Intern
11181,Maya_11181,Intern
11182,Nate_11182,Intern
11183,Olivia_11183,Intern
11184,Paul_11184,Intern
11185,Quinn_11185,Intern
11186,Rose_11186,Intern
11187,Sam_11187,Intern
11188,Tina_11188,Intern
11189,Uma_11189,Intern
11190,Victor_11190,Intern
11191,Wendy_11191,Intern
11192,Xander_11192,Intern
11193,Yara_11193,Intern
11194,Zack_11194,Intern
11195,Ava_11195,Intern
11196,Ben_11196,Intern
11197,Chloe_11197,Intern
11198,Dylan_11198,Intern
11199,Ella_11199,Intern
11200,Finn_11200,Intern
11201,Alice_11201,Intern
11202,Bob_11202,Intern
11203,Carol_11203,Intern
11204,Dave_11204,Intern
11205,Eve_11205,Intern
11206,Frank_11206,Intern
11207,Grace_11207,Intern
11208,Hank_11208,Intern
11209,Iris_11209,Intern
11210,Jack_11210,Intern
11211,Karen_11211,Intern
11212,Leo_11212,Intern
11213,Maya_11213,Intern
11214,Nate_11214,Intern
11215,Olivia_11215,Intern
11216,Paul_11216,Intern
11217,Quinn_11217,Intern
11218,Rose_11218,Intern
11219,Sam_11219,Intern
11220,Tina_11220,Intern
11221,Uma_11221,Intern
11222,Victor_11222,Intern
11223,Wendy_11223,Intern
11224,Xander_11224,Intern
11225,Yara_11225,Intern
11226,Zack_11226,Intern
11227,Ava_11227,Intern
11228,Ben_11228,Intern
11229,Chloe_11229,Intern
11230,Dylan_11230,Intern
11231,Ella_11231,Intern
11232,Finn_11232,Intern
11233,Alice_11233,Intern
11234,Bob_11234,Intern
11235,Carol_11235,Intern
11236,Dave_11236,Intern
11237,Eve_11237,Intern
11238,Frank_11238,Intern
11239,Grace_11239,Intern
11240,Hank_11240,Intern
11241,Iris_11241,Intern
11242,Jack_11242,Intern
11243,Karen_11243,Intern
11244,Leo_11244,Intern
11245,Maya_11245,Intern
11246,Nate_11246,Intern
11247,Olivia_11247,Intern
11248,Paul_11248,Intern
11249,Quinn_11249,Intern
11250,Rose_11250,Intern
11251,Sam_11251,Intern
11252,Tina_11252,Intern
11253,Uma_11253,Intern
11254,Victor_11254,Intern
11255,Wendy_11255,Intern
11256,Xander_11256,Intern
11257,Yara_11257,Intern
11258,Zack_11258,Intern
11259,Ava_11259,Intern
11260,Ben_11260,Intern
11261,Chloe_11261,Intern
11262,Dylan_11262,Intern
11263,Ella_11263,Intern
11264,Finn_11264,Intern
11265,Alice_11265,Intern
11266,Bob_11266,Intern
11267,Carol_11267,Intern
11268,Dave_11268,Intern
11269,Eve_11269,Intern
11270,Frank_11270,Intern
11271,Grace_11271,Intern
11272,Hank_11272,Intern
11273,Iris_11273,Intern
11274,Jack_11274,Intern
11275,Karen_11275,Intern
11276,Leo_11276,Intern
11277,Maya_11277,Intern
11278,Nate_11278,Intern
11279,Olivia_11279,Intern
11280,Paul_11280,Intern
11281,Quinn_11281,Intern
11282,Rose_11282,Intern
11283,Sam_11283,Intern
11284,Tina_11284,Intern
11285,Uma_11285,Intern
11286,Victor_11286,Intern
11287,Wendy_11287,Intern
11288,Xander_11288,Intern
11289,Yara_11289,Intern
11290,Zack_11290,Intern
11291,Ava_11291,Intern
11292,Ben_11292,Intern
11293,Chloe_11293,Intern
11294,Dylan_11294,Intern
11295,Ella_11295,Intern
11296,Finn_11296,Intern
11297,Alice_11297,Intern
11298,Bob_11298,Intern
11299,Carol_11299,Intern
11300,Dave_11300,Intern
11301,Eve_11301,Intern
11302,Frank_11302,Intern
11303,Grace_11303,Intern
11304,Hank_11304,Intern
11305,Iris_11305,Intern
11306,Jack_11306,Intern
11307,Karen_11307,Intern
11308,Leo_11308,Intern
11309,Maya_11309,Intern
11310,Nate_11310,Intern
11311,Olivia_11311,Intern
11312,Paul_11312,Intern
11313,Quinn_11313,Intern
11314,Rose_11314,Intern
11315,Sam_11315,Intern
11316,Tina_11316,Intern
11317,Uma_11317,Intern
11318,Victor_11318,Intern
11319,Wendy_11319,Intern
11320,Xander_11320,Intern
11321,Yara_11321,Intern
11322,Zack_11322,Intern
11323,Ava_11323,Intern
11324,Ben_11324,Intern
11325,Chloe_11325,Intern
11326,Dylan_11326,Intern
11327,Ella_11327,Intern
11328,Finn_11328,Intern
11329,Alice_11329,Intern
11330,Bob_11330,Intern
11331,Carol_11331,Intern
11332,Dave_11332,Intern
11333,Eve_11333,Intern
11334,Frank_11334,Intern
11335,Grace_11335,Intern
11336,Hank_11336,Intern
11337,Iris_11337,Intern
11338,Jack_11338,Intern
11339,Karen_11339,Intern
11340,Leo_11340,Intern
11341,Maya_11341,Intern
11342,Nate_11342,Intern
11343,Olivia_11343,Intern
11344,Paul_11344,Intern
11345,Quinn_11345,Intern
11346,Rose_11346,Intern
11347,Sam_11347,Intern
11348,Tina_11348,Intern
11349,Uma_11349,Intern
11350,Victor_11350,Intern
11351,Wendy_11351,Intern
11352,Xander_11352,Intern
11353,Yara_11353,Intern
11354,Zack_11354,Intern
11355,Ava_11355,Intern
11356,Ben_11356,Intern
11357,Chloe_11357,Intern
11358,Dylan_11358,Intern
11359,Ella_11359,Intern
11360,Finn_11360,Intern
11361,Alice_11361,Intern
11362,Bob_11362,Intern
11363,Carol_11363,Intern
11364,Dave_11364,Intern
11365,Eve_11365,Intern
11366,Frank_11366,Intern
11367,Grace_11367,Intern
11368,Hank_11368,Intern
11369,Iris_11369,Intern
11370,Jack_11370,Intern
11371,Karen_11371,Intern
11372,Leo_11372,Intern
11373,Maya_11373,Intern
11374,Nate_11374,Intern
11375,Olivia_11375,Intern
11376,Paul_11376,Intern
11377,Quinn_11377,Intern
11378,Rose_11378,Intern
11379,Sam_11379,Intern
11380,Tina_11380,Intern
11381,Uma_11381,Intern
11382,Victor_11382,Intern
11383,Wendy_11383,Intern
11384,Xander_11384,Intern
11385,Yara_11385,Intern
11386,Zack_11386,Intern
11387,Ava_11387,Intern
11388,Ben_11388,Intern
11389,Chloe_11389,Intern
11390,Dylan_11390,Intern
11391,Ella_11391,Intern
11392,Finn_11392,Intern
11393,Alice_11393,Intern
11394,Bob_11394,Intern
11395,Carol_11395,Intern
11396,Dave_11396,Intern
11397,Eve_11397,Intern
11398,Frank_11398,Intern
11399,Grace_11399,Intern
11400,Hank_11400,Intern
11401,Iris_11401,Intern
11402,Jack_11402,Intern
11403,Karen_11403,Intern
11404,Leo_11404,Intern
11405,Maya_11405,Intern
11406,Nate_11406,Intern
11407,Olivia_11407,Intern
11408,Paul_11408,Intern
11409,Quinn_11409,Intern
11410,Rose_11410,Intern
11411,Sam_11411,Intern
11412,Tina_11412,Intern
11413,Uma_11413,Intern
11414,Victor_11414,Intern
11415,Wendy_11415,Intern
11416,Xander_11416,Intern
11417,Yara_11417,Intern
11418,Zack_11418,Intern
11419,Ava_11419,Intern
11420,Ben_11420,Intern
11421,Chloe_11421,Intern
11422,Dylan_11422,Intern
11423,Ella_11423,Intern
11424,Finn_11424,Intern
11425,Alice_11425,Intern
11426,Bob_11426,Intern
11427,Carol_11427,Intern
11428,Dave_11428,Intern
11429,Eve_11429,Intern
11430,Frank_11430,Intern
11431,Grace_11431,Intern
11432,Hank_11432,Intern
11433,Iris_11433,Intern
11434,Jack_11434,Intern
11435,Karen_11435,Intern
11436,Leo_11436,Intern
11437,Maya_11437,Intern
11438,Nate_11438,Intern
11439,Olivia_11439,Intern
11440,Paul_11440,Intern
11441,Quinn_11441,Intern
11442,Rose_11442,Intern
11443,Sam_11443,Intern
11444,Tina_11444,Intern
11445,Uma_11445,Intern
11446,Victor_11446,Intern
11447,Wendy_11447,Intern
11448,Xander_11448,Intern
11449,Yara_11449,Intern
11450,Zack_11450,Intern
11451,Ava_11451,Intern
11452,Ben_11452,Intern
11453,Chloe_11453,Intern
11454,Dylan_11454,Intern
11455,Ella_11455,Intern
11456,Finn_11456,Intern
11457,Alice_11457,Intern
11458,Bob_11458,Intern
11459,Carol_11459,Intern
11460,Dave_11460,Intern
11461,Eve_11461,Intern
11462,Frank_11462,Intern
11463,Grace_11463,Intern
11464,Hank_11464,Intern
11465,Iris_11465,Intern
11466,Jack_11466,Intern
11467,Karen_11467,Intern
11468,Leo_11468,Intern
11469,Maya_11469,Intern
11470,Nate_11470,Intern
11471,Olivia_11471,Intern
11472,Paul_11472,Intern
11473,Quinn_11473,Intern
11474,Rose_11474,Intern
11475,Sam_11475,Intern
11476,Tina_11476,Intern
11477,Uma_11477,Intern
11478,Victor_11478,Intern
11479,Wendy_11479,Intern
11480,Xander_11480,Intern
11481,Yara_11481,Intern
11482,Zack_11482,Intern
11483,Ava_11483,Intern
11484,Ben_11484,Intern
11485,Chloe_11485,Intern
11486,Dylan_11486,Intern
11487,Ella_11487,Intern
11488,Finn_11488,Intern
11489,Alice_11489,Intern
11490,Bob_11490,Intern
11491,Carol_11491,Intern
11492,Dave_11492,Intern
11493,Eve_11493,Intern
11494,Frank_11494,Intern
11495,Grace_11495,Intern
11496,Hank_11496,Intern
11497,Iris_11497,Intern
11498,Jack_11498,Intern
11499,Karen_11499,Intern
11500,Leo_11500,Intern
11501,Maya_11501,Intern
11502,Nate_11502,Intern
11503,Olivia_11503,Intern
11504,Paul_11504,Intern
11505,Quinn_11505,Intern
11506,Rose_11506,Intern
11507,Sam_11507,Intern
11508,Tina_11508,Intern
11509,Uma_11509,Intern
11510,Victor_11510,Intern
11511,Wendy_11511,Intern
11512,Xander_11512,Intern
11513,Yara_11513,Intern
11514,Zack_11514,Intern
11515,Ava_11515,Intern
11516,Ben_11516,Intern
11517,Chloe_11517,Intern
11518,Dylan_11518,Intern
11519,Ella_11519,Intern
11520,Finn_11520,Intern
11521,Alice_11521,Intern
11522,Bob_11522,Intern
11523,Carol_11523,Intern
11524,Dave_11524,Intern
11525,Eve_11525,Intern
11526,Frank_11526,Intern
11527,Grace_11527,Intern
11528,Hank_11528,Intern
11529,Iris_11529,Intern
11530,Jack_11530,Intern
11531,Karen_11531,Intern
11532,Leo_11532,Intern
11533,Maya_11533,Intern
11534,Nate_11534,Intern
11535,Olivia_11535,Intern
11536,Paul_11536,Intern
11537,Quinn_11537,Intern
11538,Rose_11538,Intern
11539,Sam_11539,Intern
11540,Tina_11540,Intern
11541,Uma_11541,Intern
11542,Victor_11542,Intern
11543,Wendy_11543,Intern
11544,Xander_11544,Intern
11545,Yara_11545,Intern
11546,Zack_11546,Intern
11547,Ava_11547,Intern
11548,Ben_11548,Intern
11549,Chloe_11549,Intern
11550,Dylan_11550,Intern
11551,Ella_11551,Intern
11552,Finn_11552,Intern
11553,Alice_11553,Intern
11554,Bob_11554,Intern
11555,Carol_11555,Intern
11556,Dave_11556,Intern
11557,Eve_11557,Intern
11558,Frank_11558,Intern
11559,Grace_11559,Intern
11560,Hank_11560,Intern
11561,Iris_11561,Intern
11562,Jack_11562,Intern
11563,Karen_11563,Intern
11564,Leo_11564,Intern
11565,Maya_11565,Intern
11566,Nate_11566,Intern
11567,Olivia_11567,Intern
11568,Paul_11568,Intern
11569,Quinn_11569,Intern
11570,Rose_11570,Intern
11571,Sam_11571,Intern
11572,Tina_11572,Intern
11573,Uma_11573,Intern
11574,Victor_11574,Intern
11575,Wendy_11575,Intern
11576,Xander_11576,Intern
11577,Yara_11577,Intern
11578,Zack_11578,Intern
11579,Ava_11579,Intern
11580,Ben_11580,Intern
11581,Chloe_11581,Intern
11582,Dylan_11582,Intern
11583,Ella_11583,Intern
11584,Finn_11584,Intern
11585,Alice_11585,Intern
11586,Bob_11586,Intern
11587,Carol_11587,Intern
11588,Dave_11588,Intern
11589,Eve_11589,Intern
11590,Frank_11590,Intern
11591,Grace_11591,Intern
11592,Hank_11592,Intern
11593,Iris_11593,Intern
11594,Jack_11594,Intern
11595,Karen_11595,Intern
11596,Leo_11596,Intern
11597,Maya_11597,Intern
11598,Nate_11598,Intern
11599,Olivia_11599,Intern
11600,Paul_11600,Intern
11601,Quinn_11601,Intern
11602,Rose_11602,Intern
11603,Sam_11603,Intern
11604,Tina_11604,Intern
11605,Uma_11605,Intern
11606,Victor_11606,Intern
11607,Wendy_11607,Intern
11608,Xander_11608,Intern
11609,Yara_11609,Intern
11610,Zack_11610,Intern
11611,Ava_11611,Intern
11612,Ben_11612,Intern
11613,Chloe_11613,Intern
11614,Dylan_11614,Intern
11615,Ella_11615,Intern
11616,Finn_11616,Intern
11617,Alice_11617,Intern
11618,Bob_11618,Intern
11619,Carol_11619,Intern
11620,Dave_11620,Intern
11621,Eve_11621,Intern
11622,Frank_11622,Intern
11623,Grace_11623,Intern
11624,Hank_11624,Intern
11625,Iris_11625,Intern
11626,Jack_11626,Intern
11627,Karen_11627,Intern
11628,Leo_11628,Intern
11629,Maya_11629,Intern
11630,Nate_11630,Intern
11631,Olivia_11631,Intern
11632,Paul_11632,Intern
11633,Quinn_11633,Intern
11634,Rose_11634,Intern
11635,Sam_11635,Intern
11636,Tina_11636,Intern
11637,Uma_11637,Intern
11638,Victor_11638,Intern
11639,Wendy_11639,Intern
11640,Xander_11640,Intern
11641,Yara_11641,Intern
11642,Zack_11642,Intern
11643,Ava_11643,Intern
11644,Ben_11644,Intern
11645,Chloe_11645,Intern
11646,Dylan_11646,Intern
11647,Ella_11647,Intern
11648,Finn_11648,Intern
11649,Alice_11649,Intern
11650,Bob_11650,Intern
11651,Carol_11651,Intern
11652,Dave_11652,Intern
11653,Eve_11653,Intern
11654,Frank_11654,Intern
11655,Grace_11655,Intern
11656,Hank_11656,Intern
11657,Iris_11657,Intern
11658,Jack_11658,Intern
11659,Karen_11659,Intern
11660,Leo_11660,Intern
11661,Maya_11661,Intern
11662,Nate_11662,Intern
11663,Olivia_11663,Intern
11664,Paul_11664,Intern
11665,Quinn_11665,Intern
11666,Rose_11666,Intern
11667,Sam_11667,Intern
11668,Tina_11668,Intern
11669,Uma_11669,Intern
11670,Victor_11670,Intern
11671,Wendy_11671,Intern
11672,Xander_11672,Intern
11673,Yara_11673,Intern
11674,Zack_11674,Intern
11675,Ava_11675,Intern
11676,Ben_11676,Intern
11677,Chloe_11677,Intern
11678,Dylan_11678,Intern
11679,Ella_11679,Intern
11680,Finn_11680,Intern
11681,Alice_11681,Intern
11682,Bob_11682,Intern
11683,Carol_11683,Intern
11684,Dave_11684,Intern
11685,Eve_11685,Intern
11686,Frank_11686,Intern
11687,Grace_11687,Intern
11688,Hank_11688,Intern
11689,Iris_11689,Intern
11690,Jack_11690,Intern
11691,Karen_11691,Intern
11692,Leo_11692,Intern
11693,Maya_11693,Intern
11694,Nate_11694,Intern
11695,Olivia_11695,Intern
11696,Paul_11696,Intern
11697,Quinn_11697,Intern
11698,Rose_11698,Intern
11699,Sam_11699,Intern
11700,Tina_11700,Intern
11701,Uma_11701,Intern
11702,Victor_11702,Intern
11703,Wendy_11703,Intern
11704,Xander_11704,Intern
11705,Yara_11705,Intern
11706,Zack_11706,Intern
11707,Ava_11707,Intern
11708,Ben_11708,Intern
11709,Chloe_11709,Intern
11710,Dylan_11710,Intern
11711,Ella_11711,Intern
11712,Finn_11712,Intern
11713,Alice_11713,Intern
11714,Bob_11714,Intern
11715,Carol_11715,Intern
11716,Dave_11716,Intern
11717,Eve_11717,Intern
11718,Frank_11718,Intern
11719,Grace_11719,Intern
11720,Hank_11720,Intern
11721,Iris_11721,Intern
11722,Jack_11722,Intern
11723,Karen_11723,Intern
11724,Leo_11724,Intern
11725,Maya_11725,Intern
11726,Nate_11726,Intern
11727,Olivia_11727,Intern
11728,Paul_11728,Intern
11729,Quinn_11729,Intern
11730,Rose_11730,Intern
11731,Sam_11731,Intern
11732,Tina_11732,Intern
11733,Uma_11733,Intern
11734,Victor_11734,Intern
11735,Wendy_11735,Intern
11736,Xander_11736,Intern
11737,Yara_11737,Intern
11738,Zack_11738,Intern
11739,Ava_11739,Intern
11740,Ben_11740,Intern
11741,Chloe_11741,Intern
11742,Dylan_11742,Intern
11743,Ella_11743,Intern
11744,Finn_11744,Intern
11745,Alice_11745,Intern
11746,Bob_11746,Intern
11747,Carol_11747,Intern
11748,Dave_11748,Intern
11749,Eve_11749,Intern
11750,Frank_11750,Intern
11751,Grace_11751,Intern
11752,Hank_11752,Intern
11753,Iris_11753,Intern
11754,Jack_11754,Intern
11755,Karen_11755,Intern
11756,Leo_11756,Intern
11757,Maya_11757,Intern
11758,Nate_11758,Intern
11759,Olivia_11759,Intern
11760,Paul_11760,Intern
11761,Quinn_11761,Intern
11762,Rose_11762,Intern
11763,Sam_11763,Intern
11764,Tina_11764,Intern
11765,Uma_11765,Intern
11766,Victor_11766,Intern
11767,Wendy_11767,Intern
11768,Xander_11768,Intern
11769,Yara_11769,Intern
11770,Zack_11770,Intern
11771,Ava_11771,Intern
11772,Ben_11772,Intern
11773,Chloe_11773,Intern
11774,Dylan_11774,Intern
11775,Ella_11775,Intern
11776,Finn_11776,Intern
11777,Alice_11777,Intern
11778,Bob_11778,Intern
11779,Carol_11779,Intern
11780,Dave_11780,Intern
11781,Eve_11781,Intern
11782,Frank_11782,Intern
11783,Grace_11783,Intern
11784,Hank_11784,Intern
11785,Iris_11785,Intern
11786,Jack_11786,Intern
11787,Karen_11787,Intern
11788,Leo_11788,Intern
11789,Maya_11789,Intern
11790,Nate_11790,Intern
11791,Olivia_11791,Intern
11792,Paul_11792,Intern
11793,Quinn_11793,Intern
11794,Rose_11794,Intern
11795,Sam_11795,Intern
11796,Tina_11796,Intern
11797,Uma_11797,Intern
11798,Victor_11798,Intern
11799,Wendy_11799,Intern
11800,Xander_11800,Intern
11801,Yara_11801,Intern
11802,Zack_11802,Intern
11803,Ava_11803,Intern
11804,Ben_11804,Intern
11805,Chloe_11805,Intern
11806,Dylan_11806,Intern
11807,Ella_11807,Intern
11808,Finn_11808,Intern
11809,Alice_11809,Intern
11810,Bob_11810,Intern
11811,Carol_11811,Intern
11812,Dave_11812,Intern
11813,Eve_11813,Intern
11814,Frank_11814,Intern
11815,Grace_11815,Intern
11816,Hank_11816,Intern
11817,Iris_11817,Intern
11818,Jack_11818,Intern
11819,Karen_11819,Intern
11820,Leo_11820,Intern
11821,Maya_11821,Intern
11822,Nate_11822,Intern
11823,Olivia_11823,Intern
11824,Paul_11824,Intern
11825,Quinn_11825,Intern
11826,Rose_11826,Intern
11827,Sam_11827,Intern
11828,Tina_11828,Intern
11829,Uma_11829,Intern
11830,Victor_11830,Intern
11831,Wendy_11831,Intern
11832,Xander_11832,Intern
11833,Yara_11833,Intern
11834,Zack_11834,Intern
11835,Ava_11835,Intern
11836,Ben_11836,Intern
11837,Chloe_11837,Intern
11838,Dylan_11838,Intern
11839,Ella_11839,Intern
11840,Finn_11840,Intern
11841,Alice_11841,Intern
11842,Bob_11842,Intern
11843,Carol_11843,Intern
11844,Dave_11844,Intern
11845,Eve_11845,Intern
11846,Frank_11846,Intern
11847,Grace_11847,Intern
11848,Hank_11848,Intern
11849,Iris_11849,Intern
11850,Jack_11850,Intern
11851,Karen_11851,Intern
11852,Leo_11852,Intern
11853,Maya_11853,Intern
11854,Nate_11854,Intern
11855,Olivia_11855,Intern
11856,Paul_11856,Intern
11857,Quinn_11857,Intern
11858,Rose_11858,Intern
11859,Sam_11859,Intern
11860,Tina_11860,Intern
11861,Uma_11861,Intern
11862,Victor_11862,Intern
11863,Wendy_11863,Intern
11864,Xander_11864,Intern
11865,Yara_11865,Intern
11866,Zack_11866,Intern
11867,Ava_11867,Intern
11868,Ben_11868,Intern
11869,Chloe_11869,Intern
11870,Dylan_11870,Intern
11871,Ella_11871,Intern
11872,Finn_11872,Intern
11873,Alice_11873,Intern
11874,Bob_11874,Intern
11875,Carol_11875,Intern
11876,Dave_11876,Intern
11877,Eve_11877,Intern
11878,Frank_11878,Intern
11879,Grace_11879,Intern
11880,Hank_11880,Intern
11881,Iris_11881,Intern
11882,Jack_11882,Intern
11883,Karen_11883,Intern
11884,Leo_11884,Intern
11885,Maya_11885,Intern
11886,Nate_11886,Intern
11887,Olivia_11887,Intern
11888,Paul_11888,Intern
11889,Quinn_11889,Intern
11890,Rose_11890,Intern
11891,Sam_11891,Intern
11892,Tina_11892,Intern
11893,Uma_11893,Intern
11894,Victor_11894,Intern
11895,Wendy_11895,Intern
11896,Xander_11896,Intern
11897,Yara_11897,Intern
11898,Zack_11898,Intern
11899,Ava_11899,Intern
11900,Ben_11900,Intern
11901,Chloe_11901,Intern
11902,Dylan_11902,Intern
11903,Ella_11903,Intern
11904,Finn_11904,Intern
11905,Alice_11905,Intern
11906,Bob_11906,Intern
11907,Carol_11907,Intern
11908,Dave_11908,Intern
11909,Eve_11909,Intern
11910,Frank_11910,Intern
11911,Grace_11911,Intern
11912,Hank_11912,Intern
11913,Iris_11913,Intern
11914,Jack_11914,Intern
11915,Karen_11915,Intern
11916,Leo_11916,Intern
11917,Maya_11917,Intern
11918,Nate_11918,Intern
11919,Olivia_11919,Intern
11920,Paul_11920,Intern
11921,Quinn_11921,Intern
11922,Rose_11922,Intern
11923,Sam_11923,Intern
11924,Tina_11924,Intern
11925,Uma_11925,Intern
11926,Victor_11926,Intern
11927,Wendy_11927,Intern
11928,Xander_11928,Intern
11929,Yara_11929,Intern
11930,Zack_11930,Intern
11931,Ava_11931,Intern
11932,Ben_11932,Intern
11933,Chloe_11933,Intern
11934,Dylan_11934,Intern
11935,Ella_11935,Intern
11936,Finn_11936,Intern
11937,Alice_11937,Intern
11938,Bob_11938,Intern
11939,Carol_11939,Intern
11940,Dave_11940,Intern
11941,Eve_11941,Intern
11942,Frank_11942,Intern
11943,Grace_11943,Intern
11944,Hank_11944,Intern
11945,Iris_11945,Intern
11946,Jack_11946,Intern
11947,Karen_11947,Intern
11948,Leo_11948,Intern
11949,Maya_11949,Intern
11950,Nate_11950,Intern
11951,Olivia_11951,Intern
11952,Paul_11952,Intern
11953,Quinn_11953,Intern
11954,Rose_11954,Intern
11955,Sam_11955,Intern
11956,Tina_11956,Intern
11957,Uma_11957,Intern
11958,Victor_11958,Intern
11959,Wendy_11959,Intern
11960,Xander_11960,Intern
11961,Yara_11961,Intern
11962,Zack_11962,Intern
11963,Ava_11963,Intern
11964,Ben_11964,Intern
11965,Chloe_11965,Intern
11966,Dylan_11966,Intern
11967,Ella_11967,Intern
11968,Finn_11968,Intern
11969,Alice_11969,Intern
11970,Bob_11970,Intern
11971,Carol_11971,Intern
11972,Dave_11972,Intern
11973,Eve_11973,Intern
11974,Frank_11974,Intern
11975,Grace_11975,Intern
11976,Hank_11976,Intern
11977,Iris_11977,Intern
11978,Jack_11978,Intern
11979,Karen_11979,Intern
11980,Leo_11980,Intern
11981,Maya_11981,Intern
11982,Nate_11982,Intern
11983,Olivia_11983,Intern
11984,Paul_11984,Intern
11985,Quinn_11985,Intern
11986,Rose_11986,Intern
11987,Sam_11987,Intern
11988,Tina_11988,Intern
11989,Uma_11989,Intern
11990,Victor_11990,Intern
11991,Wendy_11991,Intern
11992,Xander_11992,Intern
11993,Yara_11993,Intern
11994,Zack_11994,Intern
11995,Ava_11995,Intern
11996,Ben_11996,Intern
11997,Chloe_11997,Intern
11998,Dylan_11998,Intern
11999,Ella_11999,Intern
12000,Finn_12000,Intern
12001,Alice_12001,Intern
12002,Bob_12002,Intern
12003,Carol_12003,Intern
12004,Dave_12004,Intern
12005,Eve_12005,Intern
12006,Frank_12006,Intern
12007,Grace_12007,Intern
12008,Hank_12008,Intern
12009,Iris_12009,Intern
12010,Jack_12010,Intern
12011,Karen_12011,Intern
12012,Leo_12012,Intern
12013,Maya_12013,Intern
12014,Nate_12014,Intern
12015,Olivia_12015,Intern
12016,Paul_12016,Intern
12017,Quinn_12017,Intern
12018,Rose_12018,Intern
12019,Sam_12019,Intern
12020,Tina_12020,Intern
12021,Uma_12021,Intern
12022,Victor_12022,Intern
12023,Wendy_12023,Intern
12024,Xander_12024,Intern
12025,Yara_12025,Intern
12026,Zack_12026,Intern
12027,Ava_12027,Intern
12028,Ben_12028,Intern
12029,Chloe_12029,Intern
12030,Dylan_12030,Intern
12031,Ella_12031,Intern
12032,Finn_12032,Intern
12033,Alice_12033,Intern
12034,Bob_12034,Intern
12035,Carol_12035,Intern
12036,Dave_12036,Intern
12037,Eve_12037,Intern
12038,Frank_12038,Intern
12039,Grace_12039,Intern
12040,Hank_12040,Intern
12041,Iris_12041,Intern
12042,Jack_12042,Intern
12043,Karen_12043,Intern
12044,Leo_12044,Intern
12045,Maya_12045,Intern
12046,Nate_12046,Intern
12047,Olivia_12047,Intern
12048,Paul_12048,Intern
12049,Quinn_12049,Intern
12050,Rose_12050,Intern
12051,Sam_12051,Intern
12052,Tina_12052,Intern
12053,Uma_12053,Intern
12054,Victor_12054,Intern
12055,Wendy_12055,Intern
12056,Xander_12056,Intern
12057,Yara_12057,Intern
12058,Zack_12058,Intern
12059,Ava_12059,Intern
12060,Ben_12060,Intern
12061,Chloe_12061,Intern
12062,Dylan_12062,Intern
12063,Ella_12063,Intern
12064,Finn_12064,Intern
12065,Alice_12065,Intern
12066,Bob_12066,Intern
12067,Carol_12067,Intern
12068,Dave_12068,Intern
12069,Eve_12069,Intern
12070,Frank_12070,Intern
12071,Grace_12071,Intern
12072,Hank_12072,Intern
12073,Iris_12073,Intern
12074,Jack_12074,Intern
12075,Karen_12075,Intern
12076,Leo_12076,Intern
12077,Maya_12077,Intern
12078,Nate_12078,Intern
12079,Olivia_12079,Intern
12080,Paul_12080,Intern
12081,Quinn_12081,Intern
12082,Rose_12082,Intern
12083,Sam_12083,Intern
12084,Tina_12084,Intern
12085,Uma_12085,Intern
12086,Victor_12086,Intern
12087,Wendy_12087,Intern
12088,Xander_12088,Intern
12089,Yara_12089,Intern
12090,Zack_12090,Intern
12091,Ava_12091,Intern
12092,Ben_12092,Intern
12093,Chloe_12093,Intern
12094,Dylan_12094,Intern
12095,Ella_12095,Intern
12096,Finn_12096,Intern
12097,Alice_12097,Intern
12098,Bob_12098,Intern
12099,Carol_12099,Intern
12100,Dave_12100,Intern
12101,Eve_12101,Intern
12102,Frank_12102,Intern
12103,Grace_12103,Intern
12104,Hank_12104,Intern
12105,Iris_12105,Intern
12106,Jack_12106,Intern
12107,Karen_12107,Intern
12108,Leo_12108,Intern
12109,Maya_12109,Intern
12110,Nate_12110,Intern
12111,Olivia_12111,Intern
12112,Paul_12112,Intern
12113,Quinn_12113,Intern
12114,Rose_12114,Intern
12115,Sam_12115,Intern
12116,Tina_12116,Intern
12117,Uma_12117,Intern
12118,Victor_12118,Intern
12119,Wendy_12119,Intern
12120,Xander_12120,Intern
12121,Yara_12121,Intern
12122,Zack_12122,Intern
12123,Ava_12123,Intern
12124,Ben_12124,Intern
12125,Chloe_12125,Intern
12126,Dylan_12126,Intern
12127,Ella_12127,Intern
12128,Finn_12128,Intern
12129,Alice_12129,Intern
12130,Bob_12130,Intern
12131,Carol_12131,Intern
12132,Dave_12132,Intern
12133,Eve_12133,Intern
12134,Frank_12134,Intern
12135,Grace_12135,Intern
12136,Hank_12136,Intern
12137,Iris_12137,Intern
12138,Jack_12138,Intern
12139,Karen_12139,Intern
12140,Leo_12140,Intern
12141,Maya_12141,Intern
12142,Nate_12142,Intern
12143,Olivia_12143,Intern
12144,Paul_12144,Intern
12145,Quinn_12145,Intern
12146,Rose_12146,Intern
12147,Sam_12147,Intern
12148,Tina_12148,Intern
12149,Uma_12149,Intern
12150,Victor_12150,Intern
12151,Wendy_12151,Intern
12152,Xander_12152,Intern
12153,Yara_12153,Intern
12154,Zack_12154,Intern
12155,Ava_12155,Intern
12156,Ben_12156,Intern
12157,Chloe_12157,Intern
12158,Dylan_12158,Intern
12159,Ella_12159,Intern
12160,Finn_12160,Intern
12161,Alice_12161,Intern
12162,Bob_12162,Intern
12163,Carol_12163,Intern
12164,Dave_12164,Intern
12165,Eve_12165,Intern
12166,Frank_12166,Intern
12167,Grace_12167,Intern
12168,Hank_12168,Intern
12169,Iris_12169,Intern
12170,Jack_12170,Intern
12171,Karen_12171,Intern
12172,Leo_12172,Intern
12173,Maya_12173,Intern
12174,Nate_12174,Intern
12175,Olivia_12175,Intern
12176,Paul_12176,Intern
12177,Quinn_12177,Intern
12178,Rose_12178,Intern
12179,Sam_12179,Intern
12180,Tina_12180,Intern
12181,Uma_12181,Intern
12182,Victor_12182,Intern
12183,Wendy_12183,Intern
12184,Xander_12184,Intern
12185,Yara_12185,Intern
12186,Zack_12186,Intern
12187,Ava_12187,Intern
12188,Ben_12188,Intern
12189,Chloe_12189,Intern
12190,Dylan_12190,Intern
12191,Ella_12191,Intern
12192,Finn_12192,Intern
12193,Alice_12193,Intern
12194,Bob_12194,Intern
12195,Carol_12195,Intern
12196,Dave_12196,Intern
12197,Eve_12197,Intern
12198,Frank_12198,Intern
12199,Grace_12199,Intern
12200,Hank_12200,Intern
12201,Iris_12201,Intern
12202,Jack_12202,Intern
12203,Karen_12203,Intern
12204,Leo_12204,Intern
12205,Maya_12205,Intern
12206,Nate_12206,Intern
12207,Olivia_12207,Intern
12208,Paul_12208,Intern
12209,Quinn_12209,Intern
12210,Rose_12210,Intern
12211,Sam_12211,Intern
12212,Tina_12212,Intern
12213,Uma_12213,Intern
12214,Victor_12214,Intern
12215,Wendy_12215,Intern
12216,Xander_12216,Intern
12217,Yara_12217,Intern
12218,Zack_12218,Intern
12219,Ava_12219,Intern
12220,Ben_12220,Intern
12221,Chloe_12221,Intern
12222,Dylan_12222,Intern
12223,Ella_12223,Intern
12224,Finn_12224,Intern
12225,Alice_12225,Intern
12226,Bob_12226,Intern
12227,Carol_12227,Intern
12228,Dave_12228,Intern
12229,Eve_12229,Intern
12230,Frank_12230,Intern
12231,Grace_12231,Intern
12232,Hank_12232,Intern
12233,Iris_12233,Intern
12234,Jack_12234,Intern
12235,Karen_12235,Intern
12236,Leo_12236,Intern
12237,Maya_12237,Intern
12238,Nate_12238,Intern
12239,Olivia_12239,Intern
12240,Paul_12240,Intern
12241,Quinn_12241,Intern
12242,Rose_12242,Intern
12243,Sam_12243,Intern
12244,Tina_12244,Intern
12245,Uma_12245,Intern
12246,Victor_12246,Intern
12247,Wendy_12247,Intern
12248,Xander_12248,Intern
12249,Yara_12249,Intern
12250,Zack_12250,Intern
12251,Ava_12251,Intern
12252,Ben_12252,Intern
12253,Chloe_12253,Intern
12254,Dylan_12254,Intern
12255,Ella_12255,Intern
12256,Finn_12256,Intern
12257,Alice_12257,Intern
12258,Bob_12258,Intern
12259,Carol_12259,Intern
12260,Dave_12260,Intern
12261,Eve_12261,Intern
12262,Frank_12262,Intern
12263,Grace_12263,Intern
12264,Hank_12264,Intern
12265,Iris_12265,Intern
12266,Jack_12266,Intern
12267,Karen_12267,Intern
12268,Leo_12268,Intern
12269,Maya_12269,Intern
12270,Nate_12270,Intern
12271,Olivia_12271,Intern
12272,Paul_12272,Intern
12273,Quinn_12273,Intern
12274,Rose_12274,Intern
12275,Sam_12275,Intern
12276,Tina_12276,Intern
12277,Uma_12277,Intern
12278,Victor_12278,Intern
12279,Wendy_12279,Intern
12280,Xander_12280,Intern
12281,Yara_12281,Intern
12282,Zack_12282,Intern
12283,Ava_12283,Intern
12284,Ben_12284,Intern
12285,Chloe_12285,Intern
12286,Dylan_12286,Intern
12287,Ella_12287,Intern
12288,Finn_12288,Intern
12289,Alice_12289,Intern
12290,Bob_12290,Intern
12291,Carol_12291,Intern
12292,Dave_12292,Intern
12293,Eve_12293,Intern
12294,Frank_12294,Intern
12295,Grace_12295,Intern
12296,Hank_12296,Intern
12297,Iris_12297,Intern
12298,Jack_12298,Intern
12299,Karen_12299,Intern
12300,Leo_12300,Intern
12301,Maya_12301,Intern
12302,Nate_12302,Intern
12303,Olivia_12303,Intern
12304,Paul_12304,Intern
12305,Quinn_12305,Intern
12306,Rose_12306,Intern
12307,Sam_12307,Intern
12308,Tina_12308,Intern
12309,Uma_12309,Intern
12310,Victor_12310,Intern
12311,Wendy_12311,Intern
12312,Xander_12312,Intern
12313,Yara_12313,Intern
12314,Zack_12314,Intern
12315,Ava_12315,Intern
12316,Ben_12316,Intern
12317,Chloe_12317,Intern
12318,Dylan_12318,Intern
12319,Ella_12319,Intern
12320,Finn_12320,Intern
12321,Alice_12321,Intern
12322,Bob_12322,Intern
12323,Carol_12323,Intern
12324,Dave_12324,Intern
12325,Eve_12325,Intern
12326,Frank_12326,Intern
12327,Grace_12327,Intern
12328,Hank_12328,Intern
12329,Iris_12329,Intern
12330,Jack_12330,Intern
12331,Karen_12331,Intern
12332,Leo_12332,Intern
12333,Maya_12333,Intern
12334,Nate_12334,Intern
12335,Olivia_12335,Intern
12336,Paul_12336,Intern
12337,Quinn_12337,Intern
12338,Rose_12338,Intern
12339,Sam_12339,Intern
12340,Tina_12340,Intern
12341,Uma_12341,Intern
12342,Victor_12342,Intern
12343,Wendy_12343,Intern
12344,Xander_12344,Intern
12345,Yara_12345,Intern
12346,Zack_12346,Intern
12347,Ava_12347,Intern
12348,Ben_12348,Intern
12349,Chloe_12349,Intern
12350,Dylan_12350,Intern
12351,Ella_12351,Intern
12352,Finn_12352,Intern
12353,Alice_12353,Intern
12354,Bob_12354,Intern
12355,Carol_12355,Intern
12356,Dave_12356,Intern
12357,Eve_12357,Intern
12358,Frank_12358,Intern
12359,Grace_12359,Intern
12360,Hank_12360,Intern
12361,Iris_12361,Intern
12362,Jack_12362,Intern
12363,Karen_12363,Intern
12364,Leo_12364,Intern
12365,Maya_12365,Intern
12366,Nate_12366,Intern
12367,Olivia_12367,Intern
12368,Paul_12368,Intern
12369,Quinn_12369,Intern
12370,Rose_12370,Intern
12371,Sam_12371,Intern
12372,Tina_12372,Intern
12373,Uma_12373,Intern
12374,Victor_12374,Intern
12375,Wendy_12375,Intern
12376,Xander_12376,Intern
12377,Yara_12377,Intern
12378,Zack_12378,Intern
12379,Ava_12379,Intern
12380,Ben_12380,Intern
12381,Chloe_12381,Intern
12382,Dylan_12382,Intern
12383,Ella_12383,Intern
12384,Finn_12384,Intern
12385,Alice_12385,Intern
12386,Bob_12386,Intern
12387,Carol_12387,Intern
12388,Dave_12388,Intern
12389,Eve_12389,Intern
12390,Frank_12390,Intern
12391,Grace_12391,Intern
12392,Hank_12392,Intern
12393,Iris_12393,Intern
12394,Jack_12394,Intern
12395,Karen_12395,Intern
12396,Leo_12396,Intern
12397,Maya_12397,Intern
12398,Nate_12398,Intern
12399,Olivia_12399,Intern
12400,Paul_12400,Intern
12401,Quinn_12401,Intern
12402,Rose_12402,Intern
12403,Sam_12403,Intern
12404,Tina_12404,Intern
12405,Uma_12405,Intern
12406,Victor_12406,Intern
12407,Wendy_12407,Intern
12408,Xander_12408,Intern
12409,Yara_12409,Intern
12410,Zack_12410,Intern
12411,Ava_12411,Intern
12412,Ben_12412,Intern
12413,Chloe_12413,Intern
12414,Dylan_12414,Intern
12415,Ella_12415,Intern
12416,Finn_12416,Intern
12417,Alice_12417,Intern
12418,Bob_12418,Intern
12419,Carol_12419,Intern
12420,Dave_12420,Intern
12421,Eve_12421,Intern
12422,Frank_12422,Intern
12423,Grace_12423,Intern
12424,Hank_12424,Intern
12425,Iris_12425,Intern
12426,Jack_12426,Intern
12427,Karen_12427,Intern
12428,Leo_12428,Intern
12429,Maya_12429,Intern
12430,Nate_12430,Intern
12431,Olivia_12431,Intern
12432,Paul_12432,Intern
12433,Quinn_12433,Intern
12434,Rose_12434,Intern
12435,Sam_12435,Intern
12436,Tina_12436,Intern
12437,Uma_12437,Intern
12438,Victor_12438,Intern
12439,Wendy_12439,Intern
12440,Xander_12440,Intern
12441,Yara_12441,Intern
12442,Zack_12442,Intern
12443,Ava_12443,Intern
12444,Ben_12444,Intern
12445,Chloe_12445,Intern
12446,Dylan_12446,Intern
12447,Ella_12447,Intern
12448,Finn_12448,Intern
12449,Alice_12449,Intern
12450,Bob_12450,Intern
12451,Carol_12451,Intern
12452,Dave_12452,Intern
12453,Eve_12453,Intern
12454,Frank_12454,Intern
12455,Grace_12455,Intern
12456,Hank_12456,Intern
12457,Iris_12457,Intern
12458,Jack_12458,Intern
12459,Karen_12459,Intern
12460,Leo_12460,Intern
12461,Maya_12461,Intern
12462,Nate_12462,Intern
12463,Olivia_12463,Intern
12464,Paul_12464,Intern
12465,Quinn_12465,Intern
12466,Rose_12466,Intern
12467,Sam_12467,Intern
12468,Tina_12468,Intern
12469,Uma_12469,Intern
12470,Victor_12470,Intern
12471,Wendy_12471,Intern
12472,Xander_12472,Intern
12473,Yara_12473,Intern
12474,Zack_12474,Intern
12475,Ava_12475,Intern
12476,Ben_12476,Intern
12477,Chloe_12477,Intern
12478,Dylan_12478,Intern
12479,Ella_12479,Intern
12480,Finn_12480,Intern
12481,Alice_12481,Intern
12482,Bob_12482,Intern
12483,Carol_12483,Intern
12484,Dave_12484,Intern
12485,Eve_12485,Intern
12486,Frank_12486,Intern
12487,Grace_12487,Intern
12488,Hank_12488,Intern
12489,Iris_12489,Intern
12490,Jack_12490,Intern
12491,Karen_12491,Intern
12492,Leo_12492,Intern
12493,Maya_12493,Intern
12494,Nate_12494,Intern
12495,Olivia_12495,Intern
12496,Paul_12496,Intern
12497,Quinn_12497,Intern
12498,Rose_12498,Intern
12499,Sam_12499,Intern
12500,Tina_12500,Intern
12501,Uma_12501,Intern
12502,Victor_12502,Intern
12503,Wendy_12503,Intern
12504,Xander_12504,Intern
12505,Yara_12505,Intern
12506,Zack_12506,Intern
12507,Ava_12507,Intern
12508,Ben_12508,Intern
12509,Chloe_12509,Intern
12510,Dylan_12510,Intern
12511,Ella_12511,Intern
12512,Finn_12512,Intern
12513,Alice_12513,Intern
12514,Bob_12514,Intern
12515,Carol_12515,Intern
12516,Dave_12516,Intern
12517,Eve_12517,Intern
12518,Frank_12518,Intern
12519,Grace_12519,Intern
12520,Hank_12520,Intern
12521,Iris_12521,Intern
12522,Jack_12522,Intern
12523,Karen_12523,Intern
12524,Leo_12524,Intern
12525,Maya_12525,Intern
12526,Nate_12526,Intern
12527,Olivia_12527,Intern
12528,Paul_12528,Intern
12529,Quinn_12529,Intern
12530,Rose_12530,Intern
12531,Sam_12531,Intern
12532,Tina_12532,Intern
12533,Uma_12533,Intern
12534,Victor_12534,Intern
12535,Wendy_12535,Intern
12536,Xander_12536,Intern
12537,Yara_12537,Intern
12538,Zack_12538,Intern
12539,Ava_12539,Intern
12540,Ben_12540,Intern
12541,Chloe_12541,Intern
12542,Dylan_12542,Intern
12543,Ella_12543,Intern
12544,Finn_12544,Intern
12545,Alice_12545,Intern
12546,Bob_12546,Intern
12547,Carol_12547,Intern
12548,Dave_12548,Intern
12549,Eve_12549,Intern
12550,Frank_12550,Intern
12551,Grace_12551,Intern
12552,Hank_12552,Intern
12553,Iris_12553,Intern
12554,Jack_12554,Intern
12555,Karen_12555,Intern
12556,Leo_12556,Intern
12557,Maya_12557,Intern
12558,Nate_12558,Intern
12559,Olivia_12559,Intern
12560,Paul_12560,Intern
12561,Quinn_12561,Intern
12562,Rose_12562,Intern
12563,Sam_12563,Intern
12564,Tina_12564,Intern
12565,Uma_12565,Intern
12566,Victor_12566,Intern
12567,Wendy_12567,Intern
12568,Xander_12568,Intern
12569,Yara_12569,Intern
12570,Zack_12570,Intern
12571,Ava_12571,Intern
12572,Ben_12572,Intern
12573,Chloe_12573,Intern
12574,Dylan_12574,Intern
12575,Ella_12575,Intern
12576,Finn_12576,Intern
12577,Alice_12577,Intern
12578,Bob_12578,Intern
12579,Carol_12579,Intern
12580,Dave_12580,Intern
12581,Eve_12581,Intern
12582,Frank_12582,Intern
12583,Grace_12583,Intern
12584,Hank_12584,Intern
12585,Iris_12585,Intern
12586,Jack_12586,Intern
12587,Karen_12587,Intern
12588,Leo_12588,Intern
12589,Maya_12589,Intern
12590,Nate_12590,Intern
12591,Olivia_12591,Intern
12592,Paul_12592,Intern
12593,Quinn_12593,Intern
12594,Rose_12594,Intern
12595,Sam_12595,Intern
12596,Tina_12596,Intern
12597,Uma_12597,Intern
12598,Victor_12598,Intern
12599,Wendy_12599,Intern
12600,Xander_12600,Intern
12601,Yara_12601,Intern
12602,Zack_12602,Intern
12603,Ava_12603,Intern
12604,Ben_12604,Intern
12605,Chloe_12605,Intern
12606,Dylan_12606,Intern
12607,Ella_12607,Intern
12608,Finn_12608,Intern
12609,Alice_12609,Intern
12610,Bob_12610,Intern
12611,Carol_12611,Intern
12612,Dave_12612,Intern
12613,Eve_12613,Intern
12614,Frank_12614,Intern
12615,Grace_12615,Intern
12616,Hank_12616,Intern
12617,Iris_12617,Intern
12618,Jack_12618,Intern
12619,Karen_12619,Intern
12620,Leo_12620,Intern
12621,Maya_12621,Intern
12622,Nate_12622,Intern
12623,Olivia_12623,Intern
12624,Paul_12624,Intern
12625,Quinn_12625,Intern
12626,Rose_12626,Intern
12627,Sam_12627,Intern
12628,Tina_12628,Intern
12629,Uma_12629,Intern
12630,Victor_12630,Intern
12631,Wendy_12631,Intern
12632,Xander_12632,Intern
12633,Yara_12633,Intern
12634,Zack_12634,Intern
12635,Ava_12635,Intern
12636,Ben_12636,Intern
12637,Chloe_12637,Intern
12638,Dylan_12638,Intern
12639,Ella_12639,Intern
12640,Finn_12640,Intern
12641,Alice_12641,Intern
12642,Bob_12642,Intern
12643,Carol_12643,Intern
12644,Dave_12644,Intern
12645,Eve_12645,Intern
12646,Frank_12646,Intern
12647,Grace_12647,Intern
12648,Hank_12648,Intern
12649,Iris_12649,Intern
12650,Jack_12650,Intern
12651,Karen_12651,Intern
12652,Leo_12652,Intern
12653,Maya_12653,Intern
12654,Nate_12654,Intern
12655,Olivia_12655,Intern
12656,Paul_12656,Intern
12657,Quinn_12657,Intern
12658,Rose_12658,Intern
12659,Sam_12659,Intern
12660,Tina_12660,Intern
12661,Uma_12661,Intern
12662,Victor_12662,Intern
12663,Wendy_12663,Intern
12664,Xander_12664,Intern
12665,Yara_12665,Intern
12666,Zack_12666,Intern
12667,Ava_12667,Intern
12668,Ben_12668,Intern
12669,Chloe_12669,Intern
12670,Dylan_12670,Intern
12671,Ella_12671,Intern
12672,Finn_12672,Intern
12673,Alice_12673,Intern
12674,Bob_12674,Intern
12675,Carol_12675,Intern
12676,Dave_12676,Intern
12677,Eve_12677,Intern
12678,Frank_12678,Intern
12679,Grace_12679,Intern
12680,Hank_12680,Intern
12681,Iris_12681,Intern
12682,Jack_12682,Intern
12683,Karen_12683,Intern
12684,Leo_12684,Intern
12685,Maya_12685,Intern
12686,Nate_12686,Intern
12687,Olivia_12687,Intern
12688,Paul_12688,Intern
12689,Quinn_12689,Intern
12690,Rose_12690,Intern
12691,Sam_12691,Intern
12692,Tina_12692,Intern
12693,Uma_12693,Intern
12694,Victor_12694,Intern
12695,Wendy_12695,Intern
12696,Xander_12696,Intern
12697,Yara_12697,Intern
12698,Zack_12698,Intern
12699,Ava_12699,Intern
12700,Ben_12700,Intern
12701,Chloe_12701,Intern
12702,Dylan_12702,Intern
12703,Ella_12703,Intern
12704,Finn_12704,Intern
12705,Alice_12705,Intern
12706,Bob_12706,Intern
12707,Carol_12707,Intern
12708,Dave_12708,Intern
12709,Eve_12709,Intern
12710,Frank_12710,Intern
12711,Grace_12711,Intern
12712,Hank_12712,Intern
12713,Iris_12713,Intern
12714,Jack_12714,Intern
12715,Karen_12715,Intern
12716,Leo_12716,Intern
12717,Maya_12717,Intern
12718,Nate_12718,Intern
12719,Olivia_12719,Intern
12720,Paul_12720,Intern
12721,Quinn_12721,Intern
12722,Rose_12722,Intern
12723,Sam_12723,Intern
12724,Tina_12724,Intern
12725,Uma_12725,Intern
12726,Victor_12726,Intern
12727,Wendy_12727,Intern
12728,Xander_12728,Intern
12729,Yara_12729,Intern
12730,Zack_12730,Intern
12731,Ava_12731,Intern
12732,Ben_12732,Intern
12733,Chloe_12733,Intern
12734,Dylan_12734,Intern
12735,Ella_12735,Intern
12736,Finn_12736,Intern
12737,Alice_12737,Intern
12738,Bob_12738,Intern
12739,Carol_12739,Intern
12740,Dave_12740,Intern
12741,Eve_12741,Intern
12742,Frank_12742,Intern
12743,Grace_12743,Intern
12744,Hank_12744,Intern
12745,Iris_12745,Intern
12746,Jack_12746,Intern
12747,Karen_12747,Intern
12748,Leo_12748,Intern
12749,Maya_12749,Intern
12750,Nate_12750,Intern
12751,Olivia_12751,Intern
12752,Paul_12752,Intern
12753,Quinn_12753,Intern
12754,Rose_12754,Intern
12755,Sam_12755,Intern
12756,Tina_12756,Intern
12757,Uma_12757,Intern
12758,Victor_12758,Intern
12759,Wendy_12759,Intern
12760,Xander_12760,Intern
12761,Yara_12761,Intern
12762,Zack_12762,Intern
12763,Ava_12763,Intern
12764,Ben_12764,Intern
12765,Chloe_12765,Intern
12766,Dylan_12766,Intern
12767,Ella_12767,Intern
12768,Finn_12768,Intern
12769,Alice_12769,Intern
12770,Bob_12770,Intern
12771,Carol_12771,Intern
12772,Dave_12772,Intern
12773,Eve_12773,Intern
12774,Frank_12774,Intern
12775,Grace_12775,Intern
12776,Hank_12776,Intern
12777,Iris_12777,Intern
12778,Jack_12778,Intern
12779,Karen_12779,Intern
12780,Leo_12780,Intern
12781,Maya_12781,Intern
12782,Nate_12782,Intern
12783,Olivia_12783,Intern
12784,Paul_12784,Intern
12785,Quinn_12785,Intern
12786,Rose_12786,Intern
12787,Sam_12787,Intern
12788,Tina_12788,Intern
12789,Uma_12789,Intern
12790,Victor_12790,Intern
12791,Wendy_12791,Intern
12792,Xander_12792,Intern
12793,Yara_12793,Intern
12794,Zack_12794,Intern
12795,Ava_12795,Intern
12796,Ben_12796,Intern
12797,Chloe_12797,Intern
12798,Dylan_12798,Intern
12799,Ella_12799,Intern
12800,Finn_12800,Intern
12801,Alice_12801,Intern
12802,Bob_12802,Intern
12803,Carol_12803,Intern
12804,Dave_12804,Intern
12805,Eve_12805,Intern
12806,Frank_12806,Intern
12807,Grace_12807,Intern
12808,Hank_12808,Intern
12809,Iris_12809,Intern
12810,Jack_12810,Intern
12811,Karen_12811,Intern
12812,Leo_12812,Intern
12813,Maya_12813,Intern
12814,Nate_12814,Intern
12815,Olivia_12815,Intern
12816,Paul_12816,Intern
12817,Quinn_12817,Intern
12818,Rose_12818,Intern
12819,Sam_12819,Intern
12820,Tina_12820,Intern
12821,Uma_12821,Intern
12822,Victor_12822,Intern
12823,Wendy_12823,Intern
12824,Xander_12824,Intern
12825,Yara_12825,Intern
12826,Zack_12826,Intern
12827,Ava_12827,Intern
12828,Ben_12828,Intern
12829,Chloe_12829,Intern
12830,Dylan_12830,Intern
12831,Ella_12831,Intern
12832,Finn_12832,Intern
12833,Alice_12833,Intern
12834,Bob_12834,Intern
12835,Carol_12835,Intern
12836,Dave_12836,Intern
12837,Eve_12837,Intern
12838,Frank_12838,Intern
12839,Grace_12839,Intern
12840,Hank_12840,Intern
12841,Iris_12841,Intern
12842,Jack_12842,Intern
12843,Karen_12843,Intern
12844,Leo_12844,Intern
12845,Maya_12845,Intern
12846,Nate_12846,Intern
12847,Olivia_12847,Intern
12848,Paul_12848,Intern
12849,Quinn_12849,Intern
12850,Rose_12850,Intern
12851,Sam_12851,Intern
12852,Tina_12852,Intern
12853,Uma_12853,Intern
12854,Victor_12854,Intern
12855,Wendy_12855,Intern
12856,Xander_12856,Intern
12857,Yara_12857,Intern
12858,Zack_12858,Intern
12859,Ava_12859,Intern
12860,Ben_12860,Intern
12861,Chloe_12861,Intern
12862,Dylan_12862,Intern
12863,Ella_12863,Intern
12864,Finn_12864,Intern
12865,Alice_12865,Intern
12866,Bob_12866,Intern
12867,Carol_12867,Intern
12868,Dave_12868,Intern
12869,Eve_12869,Intern
12870,Frank_12870,Intern
12871,Grace_12871,Intern
12872,Hank_12872,Intern
12873,Iris_12873,Intern
12874,Jack_12874,Intern
12875,Karen_12875,Intern
12876,Leo_12876,Intern
12877,Maya_12877,Intern
12878,Nate_12878,Intern
12879,Olivia_12879,Intern
12880,Paul_12880,Intern
12881,Quinn_12881,Intern
12882,Rose_12882,Intern
12883,Sam_12883,Intern
12884,Tina_12884,Intern
12885,Uma_12885,Intern
12886,Victor_12886,Intern
12887,Wendy_12887,Intern
12888,Xander_12888,Intern
12889,Yara_12889,Intern
12890,Zack_12890,Intern
12891,Ava_12891,Intern
12892,Ben_12892,Intern
12893,Chloe_12893,Intern
12894,Dylan_12894,Intern
12895,Ella_12895,Intern
12896,Finn_12896,Intern
12897,Alice_12897,Intern
12898,Bob_12898,Intern
12899,Carol_12899,Intern
12900,Dave_12900,Intern
12901,Eve_12901,Intern
12902,Frank_12902,Intern
12903,Grace_12903,Intern
12904,Hank_12904,Intern
12905,Iris_12905,Intern
12906,Jack_12906,Intern
12907,Karen_12907,Intern
12908,Leo_12908,Intern
12909,Maya_12909,Intern
12910,Nate_12910,Intern
12911,Olivia_12911,Intern
12912,Paul_12912,Intern
12913,Quinn_12913,Intern
12914,Rose_12914,Intern
12915,Sam_12915,Intern
12916,Tina_12916,Intern
12917,Uma_12917,Intern
12918,Victor_12918,Intern
12919,Wendy_12919,Intern
12920,Xander_12920,Intern
12921,Yara_12921,Intern
12922,Zack_12922,Intern
12923,Ava_12923,Intern
12924,Ben_12924,Intern
12925,Chloe_12925,Intern
12926,Dylan_12926,Intern
12927,Ella_12927,Intern
12928,Finn_12928,Intern
12929,Alice_12929,Intern
12930,Bob_12930,Intern
12931,Carol_12931,Intern
12932,Dave_12932,Intern
12933,Eve_12933,Intern
12934,Frank_12934,Intern
12935,Grace_12935,Intern
12936,Hank_12936,Intern
12937,Iris_12937,Intern
12938,Jack_12938,Intern
12939,Karen_12939,Intern
12940,Leo_12940,Intern
12941,Maya_12941,Intern
12942,Nate_12942,Intern
12943,Olivia_12943,Intern
12944,Paul_12944,Intern
12945,Quinn_12945,Intern
12946,Rose_12946,Intern
12947,Sam_12947,Intern
12948,Tina_12948,Intern
12949,Uma_12949,Intern
12950,Victor_12950,Intern
12951,Wendy_12951,Intern
12952,Xander_12952,Intern
12953,Yara_12953,Intern
12954,Zack_12954,Intern
12955,Ava_12955,Intern
12956,Ben_12956,Intern
12957,Chloe_12957,Intern
12958,Dylan_12958,Intern
12959,Ella_12959,Intern
12960,Finn_12960,Intern
12961,Alice_12961,Intern
12962,Bob_12962,Intern
12963,Carol_12963,Intern
12964,Dave_12964,Intern
12965,Eve_12965,Intern
12966,Frank_12966,Intern
12967,Grace_12967,Intern
12968,Hank_12968,Intern
12969,Iris_12969,Intern
12970,Jack_12970,Intern
12971,Karen_12971,Intern
12972,Leo_12972,Intern
12973,Maya_12973,Intern
12974,Nate_12974,Intern
12975,Olivia_12975,Intern
12976,Paul_12976,Intern
12977,Quinn_12977,Intern
12978,Rose_12978,Intern
12979,Sam_12979,Intern
12980,Tina_12980,Intern
12981,Uma_12981,Intern
12982,Victor_12982,Intern
12983,Wendy_12983,Intern
12984,Xander_12984,Intern
12985,Yara_12985,Intern
12986,Zack_12986,Intern
12987,Ava_12987,Intern
12988,Ben_12988,Intern
12989,Chloe_12989,Intern
12990,Dylan_12990,Intern
12991,Ella_12991,Intern
12992,Finn_12992,Intern
12993,Alice_12993,Intern
12994,Bob_12994,Intern
12995,Carol_12995,Intern
12996,Dave_12996,Intern
12997,Eve_12997,Intern
12998,Frank_12998,Intern
12999,Grace_12999,Intern
13000,Hank_13000,Intern
13001,Iris_13001,Intern
13002,Jack_13002,Intern
13003,Karen_13003,Intern
13004,Leo_13004,Intern
13005,Maya_13005,Intern
13006,Nate_13006,Intern
13007,Olivia_13007,Intern
13008,Paul_13008,Intern
13009,Quinn_13009,Intern
13010,Rose_13010,Intern
13011,Sam_13011,Intern
13012,Tina_13012,Intern
13013,Uma_13013,Intern
13014,Victor_13014,Intern
13015,Wendy_13015,Intern
13016,Xander_13016,Intern
13017,Yara_13017,Intern
13018,Zack_13018,Intern
13019,Ava_13019,Intern
13020,Ben_13020,Intern
13021,Chloe_13021,Intern
13022,Dylan_13022,Intern
13023,Ella_13023,Intern
13024,Finn_13024,Intern
13025,Alice_13025,Intern
13026,Bob_13026,Intern
13027,Carol_13027,Intern
13028,Dave_13028,Intern
13029,Eve_13029,Intern
13030,Frank_13030,Intern
13031,Grace_13031,Intern
13032,Hank_13032,Intern
13033,Iris_13033,Intern
13034,Jack_13034,Intern
13035,Karen_13035,Intern
13036,Leo_13036,Intern
13037,Maya_13037,Intern
13038,Nate_13038,Intern
13039,Olivia_13039,Intern
13040,Paul_13040,Intern
13041,Quinn_13041,Intern
13042,Rose_13042,Intern
13043,Sam_13043,Intern
13044,Tina_13044,Intern
13045,Uma_13045,Intern
13046,Victor_13046,Intern
13047,Wendy_13047,Intern
13048,Xander_13048,Intern
13049,Yara_13049,Intern
13050,Zack_13050,Intern
13051,Ava_13051,Intern
13052,Ben_13052,Intern
13053,Chloe_13053,Intern
13054,Dylan_13054,Intern
13055,Ella_13055,Intern
13056,Finn_13056,Intern
13057,Alice_13057,Intern
13058,Bob_13058,Intern
13059,Carol_13059,Intern
13060,Dave_13060,Intern
13061,Eve_13061,Intern
13062,Frank_13062,Intern
13063,Grace_13063,Intern
13064,Hank_13064,Intern
13065,Iris_13065,Intern
13066,Jack_13066,Intern
13067,Karen_13067,Intern
13068,Leo_13068,Intern
13069,Maya_13069,Intern
13070,Nate_13070,Intern
13071,Olivia_13071,Intern
13072,Paul_13072,Intern
13073,Quinn_13073,Intern
13074,Rose_13074,Intern
13075,Sam_13075,Intern
13076,Tina_13076,Intern
13077,Uma_13077,Intern
13078,Victor_13078,Intern
13079,Wendy_13079,Intern
13080,Xander_13080,Intern
13081,Yara_13081,Intern
13082,Zack_13082,Intern
13083,Ava_13083,Intern
13084,Ben_13084,Intern
13085,Chloe_13085,Intern
13086,Dylan_13086,Intern
13087,Ella_13087,Intern
13088,Finn_13088,Intern
13089,Alice_13089,Intern
13090,Bob_13090,Intern
13091,Carol_13091,Intern
13092,Dave_13092,Intern
13093,Eve_13093,Intern
13094,Frank_13094,Intern
13095,Grace_13095,Intern
13096,Hank_13096,Intern
13097,Iris_13097,Intern
13098,Jack_13098,Intern
13099,Karen_13099,Intern
13100,Leo_13100,Intern
13101,Maya_13101,Intern
13102,Nate_13102,Intern
13103,Olivia_13103,Intern
13104,Paul_13104,Intern
13105,Quinn_13105,Intern
13106,Rose_13106,Intern
13107,Sam_13107,Intern
13108,Tina_13108,Intern
13109,Uma_13109,Intern
13110,Victor_13110,Intern
13111,Wendy_13111,Intern
13112,Xander_13112,Intern
13113,Yara_13113,Intern
13114,Zack_13114,Intern
13115,Ava_13115,Intern
13116,Ben_13116,Intern
13117,Chloe_13117,Intern
13118,Dylan_13118,Intern
13119,Ella_13119,Intern
13120,Finn_13120,Intern
13121,Alice_13121,Intern
13122,Bob_13122,Intern
13123,Carol_13123,Intern
13124,Dave_13124,Intern
13125,Eve_13125,Intern
13126,Frank_13126,Intern
13127,Grace_13127,Intern
13128,Hank_13128,Intern
13129,Iris_13129,Intern
13130,Jack_13130,Intern
13131,Karen_13131,Intern
13132,Leo_13132,Intern
13133,Maya_13133,Intern
13134,Nate_13134,Intern
13135,Olivia_13135,Intern
13136,Paul_13136,Intern
13137,Quinn_13137,Intern
13138,Rose_13138,Intern
13139,Sam_13139,Intern
13140,Tina_13140,Intern
13141,Uma_13141,Intern
13142,Victor_13142,Intern
13143,Wendy_13143,Intern
13144,Xander_13144,Intern
13145,Yara_13145,Intern
13146,Zack_13146,Intern
13147,Ava_13147,Intern
13148,Ben_13148,Intern
13149,Chloe_13149,Intern
13150,Dylan_13150,Intern
13151,Ella_13151,Intern
13152,Finn_13152,Intern
13153,Alice_13153,Intern
13154,Bob_13154,Intern
13155,Carol_13155,Intern
13156,Dave_13156,Intern
13157,Eve_13157,Intern
13158,Frank_13158,Intern
13159,Grace_13159,Intern
13160,Hank_13160,Intern
13161,Iris_13161,Intern
13162,Jack_13162,Intern
13163,Karen_13163,Intern
13164,Leo_13164,Intern
13165,Maya_13165,Intern
13166,Nate_13166,Intern
13167,Olivia_13167,Intern
13168,Paul_13168,Intern
13169,Quinn_13169,Intern
13170,Rose_13170,Intern
13171,Sam_13171,Intern
13172,Tina_13172,Intern
13173,Uma_13173,Intern
13174,Victor_13174,Intern
13175,Wendy_13175,Intern
13176,Xander_13176,Intern
13177,Yara_13177,Intern
13178,Zack_13178,Intern
13179,Ava_13179,Intern
13180,Ben_13180,Intern
13181,Chloe_13181,Intern
13182,Dylan_13182,Intern
13183,Ella_13183,Intern
13184,Finn_13184,Intern
13185,Alice_13185,Intern
13186,Bob_13186,Intern
13187,Carol_13187,Intern
13188,Dave_13188,Intern
13189,Eve_13189,Intern
13190,Frank_13190,Intern
13191,Grace_13191,Intern
13192,Hank_13192,Intern
13193,Iris_13193,Intern
13194,Jack_13194,Intern
13195,Karen_13195,Intern
13196,Leo_13196,Intern
13197,Maya_13197,Intern
13198,Nate_13198,Intern
13199,Olivia_13199,Intern
13200,Paul_13200,Intern
13201,Quinn_13201,Intern
13202,Rose_13202,Intern
13203,Sam_13203,Intern
13204,Tina_13204,Intern
13205,Uma_13205,Intern
13206,Victor_13206,Intern
13207,Wendy_13207,Intern
13208,Xander_13208,Intern
13209,Yara_13209,Intern
13210,Zack_13210,Intern
13211,Ava_13211,Intern
13212,Ben_13212,Intern
13213,Chloe_13213,Intern
13214,Dylan_13214,Intern
13215,Ella_13215,Intern
13216,Finn_13216,Intern
13217,Alice_13217,Intern
13218,Bob_13218,Intern
13219,Carol_13219,Intern
13220,Dave_13220,Intern
13221,Eve_13221,Intern
13222,Frank_13222,Intern
13223,Grace_13223,Intern
13224,Hank_13224,Intern
13225,Iris_13225,Intern
13226,Jack_13226,Intern
13227,Karen_13227,Intern
13228,Leo_13228,Intern
13229,Maya_13229,Intern
13230,Nate_13230,Intern
13231,Olivia_13231,Intern
13232,Paul_13232,Intern
13233,Quinn_13233,Intern
13234,Rose_13234,Intern
13235,Sam_13235,Intern
13236,Tina_13236,Intern
13237,Uma_13237,Intern
13238,Victor_13238,Intern
13239,Wendy_13239,Intern
13240,Xander_13240,Intern
13241,Yara_13241,Intern
13242,Zack_13242,Intern
13243,Ava_13243,Intern
13244,Ben_13244,Intern
13245,Chloe_13245,Intern
13246,Dylan_13246,Intern
13247,Ella_13247,Intern
13248,Finn_13248,Intern
13249,Alice_13249,Intern
13250,Bob_13250,Intern
13251,Carol_13251,Intern
13252,Dave_13252,Intern
13253,Eve_13253,Intern
13254,Frank_13254,Intern
13255,Grace_13255,Intern
13256,Hank_13256,Intern
13257,Iris_13257,Intern
13258,Jack_13258,Intern
13259,Karen_13259,Intern
13260,Leo_13260,Intern
13261,Maya_13261,Intern
13262,Nate_13262,Intern
13263,Olivia_13263,Intern
13264,Paul_13264,Intern
13265,Quinn_13265,Intern
13266,Rose_13266,Intern
13267,Sam_13267,Intern
13268,Tina_13268,Intern
13269,Uma_13269,Intern
13270,Victor_13270,Intern
13271,Wendy_13271,Intern
13272,Xander_13272,Intern
13273,Yara_13273,Intern
13274,Zack_13274,Intern
13275,Ava_13275,Intern
13276,Ben_13276,Intern
13277,Chloe_13277,Intern
13278,Dylan_13278,Intern
13279,Ella_13279,Intern
13280,Finn_13280,Intern
13281,Alice_13281,Intern
13282,Bob_13282,Intern
13283,Carol_13283,Intern
13284,Dave_13284,Intern
13285,Eve_13285,Intern
13286,Frank_13286,Intern
13287,Grace_13287,Intern
13288,Hank_13288,Intern
13289,Iris_13289,Intern
13290,Jack_13290,Intern
13291,Karen_13291,Intern
13292,Leo_13292,Intern
13293,Maya_13293,Intern
13294,Nate_13294,Intern
13295,Olivia_13295,Intern
13296,Paul_13296,Intern
13297,Quinn_13297,Intern
13298,Rose_13298,Intern
13299,Sam_13299,Intern
13300,Tina_13300,Intern
13301,Uma_13301,Intern
13302,Victor_13302,Intern
13303,Wendy_13303,Intern
13304,Xander_13304,Intern
13305,Yara_13305,Intern
13306,Zack_13306,Intern
13307,Ava_13307,Intern
13308,Ben_13308,Intern
13309,Chloe_13309,Intern
13310,Dylan_13310,Intern
13311,Ella_13311,Intern
13312,Finn_13312,Intern
13313,Alice_13313,Intern
13314,Bob_13314,Intern
13315,Carol_13315,Intern
13316,Dave_13316,Intern
13317,Eve_13317,Intern
13318,Frank_13318,Intern
13319,Grace_13319,Intern
13320,Hank_13320,Intern
13321,Iris_13321,Intern
13322,Jack_13322,Intern
13323,Karen_13323,Intern
13324,Leo_13324,Intern
13325,Maya_13325,Intern
13326,Nate_13326,Intern
13327,Olivia_13327,Intern
13328,Paul_13328,Intern
13329,Quinn_13329,Intern
13330,Rose_13330,Intern
13331,Sam_13331,Intern
13332,Tina_13332,Intern
13333,Uma_13333,Intern
13334,Victor_13334,Intern
13335,Wendy_13335,Intern
13336,Xander_13336,Intern
13337,Yara_13337,Intern
13338,Zack_13338,Intern
13339,Ava_13339,Intern
13340,Ben_13340,Intern
13341,Chloe_13341,Intern
13342,Dylan_13342,Intern
13343,Ella_13343,Intern
13344,Finn_13344,Intern
13345,Alice_13345,Intern
13346,Bob_13346,Intern
13347,Carol_13347,Intern
13348,Dave_13348,Intern
13349,Eve_13349,Intern
13350,Frank_13350,Intern
13351,Grace_13351,Intern
13352,Hank_13352,Intern
13353,Iris_13353,Intern
13354,Jack_13354,Intern
13355,Karen_13355,Intern
13356,Leo_13356,Intern
13357,Maya_13357,Intern
13358,Nate_13358,Intern
13359,Olivia_13359,Intern
13360,Paul_13360,Intern
13361,Quinn_13361,Intern
13362,Rose_13362,Intern
13363,Sam_13363,Intern
13364,Tina_13364,Intern
13365,Uma_13365,Intern
13366,Victor_13366,Intern
13367,Wendy_13367,Intern
13368,Xander_13368,Intern
13369,Yara_13369,Intern
13370,Zack_13370,Intern
13371,Ava_13371,Intern
13372,Ben_13372,Intern
13373,Chloe_13373,Intern
13374,Dylan_13374,Intern
13375,Ella_13375,Intern
13376,Finn_13376,Intern
13377,Alice_13377,Intern
13378,Bob_13378,Intern
13379,Carol_13379,Intern
13380,Dave_13380,Intern
13381,Eve_13381,Intern
13382,Frank_13382,Intern
13383,Grace_13383,Intern
13384,Hank_13384,Intern
13385,Iris_13385,Intern
13386,Jack_13386,Intern
13387,Karen_13387,Intern
13388,Leo_13388,Intern
13389,Maya_13389,Intern
13390,Nate_13390,Intern
13391,Olivia_13391,Intern
13392,Paul_13392,Intern
13393,Quinn_13393,Intern
13394,Rose_13394,Intern
13395,Sam_13395,Intern
13396,Tina_13396,Intern
13397,Uma_13397,Intern
13398,Victor_13398,Intern
13399,Wendy_13399,Intern
13400,Xander_13400,Intern
13401,Yara_13401,Intern
13402,Zack_13402,Intern
13403,Ava_13403,Intern
13404,Ben_13404,Intern
13405,Chloe_13405,Intern
13406,Dylan_13406,Intern
13407,Ella_13407,Intern
13408,Finn_13408,Intern
13409,Alice_13409,Intern
13410,Bob_13410,Intern
13411,Carol_13411,Intern
13412,Dave_13412,Intern
13413,Eve_13413,Intern
13414,Frank_13414,Intern
13415,Grace_13415,Intern
13416,Hank_13416,Intern
13417,Iris_13417,Intern
13418,Jack_13418,Intern
13419,Karen_13419,Intern
13420,Leo_13420,Intern
13421,Maya_13421,Intern
13422,Nate_13422,Intern
13423,Olivia_13423,Intern
13424,Paul_13424,Intern
13425,Quinn_13425,Intern
13426,Rose_13426,Intern
13427,Sam_13427,Intern
13428,Tina_13428,Intern
13429,Uma_13429,Intern
13430,Victor_13430,Intern
13431,Wendy_13431,Intern
13432,Xander_13432,Intern
13433,Yara_13433,Intern
13434,Zack_13434,Intern
13435,Ava_13435,Intern
13436,Ben_13436,Intern
13437,Chloe_13437,Intern
13438,Dylan_13438,Intern
13439,Ella_13439,Intern
13440,Finn_13440,Intern
13441,Alice_13441,Intern
13442,Bob_13442,Intern
13443,Carol_13443,Intern
13444,Dave_13444,Intern
13445,Eve_13445,Intern
13446,Frank_13446,Intern
13447,Grace_13447,Intern
13448,Hank_13448,Intern
13449,Iris_13449,Intern
13450,Jack_13450,Intern
13451,Karen_13451,Intern
13452,Leo_13452,Intern
13453,Maya_13453,Intern
13454,Nate_13454,Intern
13455,Olivia_13455,Intern
13456,Paul_13456,Intern
13457,Quinn_13457,Intern
13458,Rose_13458,Intern
13459,Sam_13459,Intern
13460,Tina_13460,Intern
13461,Uma_13461,Intern
13462,Victor_13462,Intern
13463,Wendy_13463,Intern
13464,Xander_13464,Intern
13465,Yara_13465,Intern
13466,Zack_13466,Intern
13467,Ava_13467,Intern
13468,Ben_13468,Intern
13469,Chloe_13469,Intern
13470,Dylan_13470,Intern
13471,Ella_13471,Intern
13472,Finn_13472,Intern
13473,Alice_13473,Intern
13474,Bob_13474,Intern
13475,Carol_13475,Intern
13476,Dave_13476,Intern
13477,Eve_13477,Intern
13478,Frank_13478,Intern
13479,Grace_13479,Intern
13480,Hank_13480,Intern
13481,Iris_13481,Intern
13482,Jack_13482,Intern
13483,Karen_13483,Intern
13484,Leo_13484,Intern
13485,Maya_13485,Intern
13486,Nate_13486,Intern
13487,Olivia_13487,Intern
13488,Paul_13488,Intern
13489,Quinn_13489,Intern
13490,Rose_13490,Intern
13491,Sam_13491,Intern
13492,Tina_13492,Intern
13493,Uma_13493,Intern
13494,Victor_13494,Intern
13495,Wendy_13495,Intern
13496,Xander_13496,Intern
13497,Yara_13497,Intern
13498,Zack_13498,Intern
13499,Ava_13499,Intern
13500,Ben_13500,Intern
13501,Chloe_13501,Intern
13502,Dylan_13502,Intern
13503,Ella_13503,Intern
13504,Finn_13504,Intern
13505,Alice_13505,Intern
13506,Bob_13506,Intern
13507,Carol_13507,Intern
13508,Dave_13508,Intern
13509,Eve_13509,Intern
13510,Frank_13510,Intern
13511,Grace_13511,Intern
13512,Hank_13512,Intern
13513,Iris_13513,Intern
13514,Jack_13514,Intern
13515,Karen_13515,Intern
13516,Leo_13516,Intern
13517,Maya_13517,Intern
13518,Nate_13518,Intern
13519,Olivia_13519,Intern
13520,Paul_13520,Intern
13521,Quinn_13521,Intern
13522,Rose_13522,Intern
13523,Sam_13523,Intern
13524,Tina_13524,Intern
13525,Uma_13525,Intern
13526,Victor_13526,Intern
13527,Wendy_13527,Intern
13528,Xander_13528,Intern
13529,Yara_13529,Intern
13530,Zack_13530,Intern
13531,Ava_13531,Intern
13532,Ben_13532,Intern
13533,Chloe_13533,Intern
13534,Dylan_13534,Intern
13535,Ella_13535,Intern
13536,Finn_13536,Intern
13537,Alice_13537,Intern
13538,Bob_13538,Intern
13539,Carol_13539,Intern
13540,Dave_13540,Intern
13541,Eve_13541,Intern
13542,Frank_13542,Intern
13543,Grace_13543,Intern
13544,Hank_13544,Intern
13545,Iris_13545,Intern
13546,Jack_13546,Intern
13547,Karen_13547,Intern
13548,Leo_13548,Intern
13549,Maya_13549,Intern
13550,Nate_13550,Intern
13551,Olivia_13551,Intern
13552,Paul_13552,Intern
13553,Quinn_13553,Intern
13554,Rose_13554,Intern
13555,Sam_13555,Intern
13556,Tina_13556,Intern
13557,Uma_13557,Intern
13558,Victor_13558,Intern
13559,Wendy_13559,Intern
13560,Xander_13560,Intern
13561,Yara_13561,Intern
13562,Zack_13562,Intern
13563,Ava_13563,Intern
13564,Ben_13564,Intern
13565,Chloe_13565,Intern
13566,Dylan_13566,Intern
13567,Ella_13567,Intern
13568,Finn_13568,Intern
13569,Alice_13569,Intern
13570,Bob_13570,Intern
13571,Carol_13571,Intern
13572,Dave_13572,Intern
13573,Eve_13573,Intern
13574,Frank_13574,Intern
13575,Grace_13575,Intern
13576,Hank_13576,Intern
13577,Iris_13577,Intern
13578,Jack_13578,Intern
13579,Karen_13579,Intern
13580,Leo_13580,Intern
13581,Maya_13581,Intern
13582,Nate_13582,Intern
13583,Olivia_13583,Intern
13584,Paul_13584,Intern
13585,Quinn_13585,Intern
13586,Rose_13586,Intern
13587,Sam_13587,Intern
13588,Tina_13588,Intern
13589,Uma_13589,Intern
13590,Victor_13590,Intern
13591,Wendy_13591,Intern
13592,Xander_13592,Intern
13593,Yara_13593,Intern
13594,Zack_13594,Intern
13595,Ava_13595,Intern
13596,Ben_13596,Intern
13597,Chloe_13597,Intern
13598,Dylan_13598,Intern
13599,Ella_13599,Intern
13600,Finn_13600,Intern
13601,Alice_13601,Intern
13602,Bob_13602,Intern
13603,Carol_13603,Intern
13604,Dave_13604,Intern
13605,Eve_13605,Intern
13606,Frank_13606,Intern
13607,Grace_13607,Intern
13608,Hank_13608,Intern
13609,Iris_13609,Intern
13610,Jack_13610,Intern
13611,Karen_13611,Intern
13612,Leo_13612,Intern
13613,Maya_13613,Intern
13614,Nate_13614,Intern
13615,Olivia_13615,Intern
13616,Paul_13616,Intern
13617,Quinn_13617,Intern
13618,Rose_13618,Intern
13619,Sam_13619,Intern
13620,Tina_13620,Intern
13621,Uma_13621,Intern
13622,Victor_13622,Intern
13623,Wendy_13623,Intern
13624,Xander_13624,Intern
13625,Yara_13625,Intern
13626,Zack_13626,Intern
13627,Ava_13627,Intern
13628,Ben_13628,Intern
13629,Chloe_13629,Intern
13630,Dylan_13630,Intern
13631,Ella_13631,Intern
13632,Finn_13632,Intern
13633,Alice_13633,Intern
13634,Bob_13634,Intern
13635,Carol_13635,Intern
13636,Dave_13636,Intern
13637,Eve_13637,Intern
13638,Frank_13638,Intern
13639,Grace_13639,Intern
13640,Hank_13640,Intern
13641,Iris_13641,Intern
13642,Jack_13642,Intern
13643,Karen_13643,Intern
13644,Leo_13644,Intern
13645,Maya_13645,Intern
13646,Nate_13646,Intern
13647,Olivia_13647,Intern
13648,Paul_13648,Intern
13649,Quinn_13649,Intern
13650,Rose_13650,Intern
13651,Sam_13651,Intern
13652,Tina_13652,Intern
13653,Uma_13653,Intern
13654,Victor_13654,Intern
13655,Wendy_13655,Intern
13656,Xander_13656,Intern
13657,Yara_13657,Intern
13658,Zack_13658,Intern
13659,Ava_13659,Intern
13660,Ben_13660,Intern
13661,Chloe_13661,Intern
13662,Dylan_13662,Intern
13663,Ella_13663,Intern
13664,Finn_13664,Intern
13665,Alice_13665,Intern
13666,Bob_13666,Intern
13667,Carol_13667,Intern
13668,Dave_13668,Intern
13669,Eve_13669,Intern
13670,Frank_13670,Intern
13671,Grace_13671,Intern
13672,Hank_13672,Intern
13673,Iris_13673,Intern
13674,Jack_13674,Intern
13675,Karen_13675,Intern
13676,Leo_13676,Intern
13677,Maya_13677,Intern
13678,Nate_13678,Intern
13679,Olivia_13679,Intern
13680,Paul_13680,Intern
13681,Quinn_13681,Intern
13682,Rose_13682,Intern
13683,Sam_13683,Intern
13684,Tina_13684,Intern
13685,Uma_13685,Intern
13686,Victor_13686,Intern
13687,Wendy_13687,Intern
13688,Xander_13688,Intern
13689,Yara_13689,Intern
13690,Zack_13690,Intern
13691,Ava_13691,Intern
13692,Ben_13692,Intern
13693,Chloe_13693,Intern
13694,Dylan_13694,Intern
13695,Ella_13695,Intern
13696,Finn_13696,Intern
13697,Alice_13697,Intern
13698,Bob_13698,Intern
13699,Carol_13699,Intern
13700,Dave_13700,Intern
13701,Eve_13701,Intern
13702,Frank_13702,Intern
13703,Grace_13703,Intern
13704,Hank_13704,Intern
13705,Iris_13705,Intern
13706,Jack_13706,Intern
13707,Karen_13707,Intern
13708,Leo_13708,Intern
13709,Maya_13709,Intern
13710,Nate_13710,Intern
13711,Olivia_13711,Intern
13712,Paul_13712,Intern
13713,Quinn_13713,Intern
13714,Rose_13714,Intern
13715,Sam_13715,Intern
13716,Tina_13716,Intern
13717,Uma_13717,Intern
13718,Victor_13718,Intern
13719,Wendy_13719,Intern
13720,Xander_13720,Intern
13721,Yara_13721,Intern
13722,Zack_13722,Intern
13723,Ava_13723,Intern
13724,Ben_13724,Intern
13725,Chloe_13725,Intern
13726,Dylan_13726,Intern
13727,Ella_13727,Intern
13728,Finn_13728,Intern
13729,Alice_13729,Intern
13730,Bob_13730,Intern
13731,Carol_13731,Intern
13732,Dave_13732,Intern
13733,Eve_13733,Intern
13734,Frank_13734,Intern
13735,Grace_13735,Intern
13736,Hank_13736,Intern
13737,Iris_13737,Intern
13738,Jack_13738,Intern
13739,Karen_13739,Intern
13740,Leo_13740,Intern
13741,Maya_13741,Intern
13742,Nate_13742,Intern
13743,Olivia_13743,Intern
13744,Paul_13744,Intern
13745,Quinn_13745,Intern
13746,Rose_13746,Intern
13747,Sam_13747,Intern
13748,Tina_13748,Intern
13749,Uma_13749,Intern
13750,Victor_13750,Intern
13751,Wendy_13751,Intern
13752,Xander_13752,Intern
13753,Yara_13753,Intern
13754,Zack_13754,Intern
13755,Ava_13755,Intern
13756,Ben_13756,Intern
13757,Chloe_13757,Intern
13758,Dylan_13758,Intern
13759,Ella_13759,Intern
13760,Finn_13760,Intern
13761,Alice_13761,Intern
13762,Bob_13762,Intern
13763,Carol_13763,Intern
13764,Dave_13764,Intern
13765,Eve_13765,Intern
13766,Frank_13766,Intern
13767,Grace_13767,Intern
13768,Hank_13768,Intern
13769,Iris_13769,Intern
13770,Jack_13770,Intern
13771,Karen_13771,Intern
13772,Leo_13772,Intern
13773,Maya_13773,Intern
13774,Nate_13774,Intern
13775,Olivia_13775,Intern
13776,Paul_13776,Intern
13777,Quinn_13777,Intern
13778,Rose_13778,Intern
13779,Sam_13779,Intern
13780,Tina_13780,Intern
13781,Uma_13781,Intern
13782,Victor_13782,Intern
13783,Wendy_13783,Intern
13784,Xander_13784,Intern
13785,Yara_13785,Intern
13786,Zack_13786,Intern
13787,Ava_13787,Intern
13788,Ben_13788,Intern
13789,Chloe_13789,Intern
13790,Dylan_13790,Intern
13791,Ella_13791,Intern
13792,Finn_13792,Intern
13793,Alice_13793,Intern
13794,Bob_13794,Intern
13795,Carol_13795,Intern
13796,Dave_13796,Intern
13797,Eve_13797,Intern
13798,Frank_13798,Intern
13799,Grace_13799,Intern
13800,Hank_13800,Intern
13801,Iris_13801,Intern
13802,Jack_13802,Intern
13803,Karen_13803,Intern
13804,Leo_13804,Intern
13805,Maya_13805,Intern
13806,Nate_13806,Intern
13807,Olivia_13807,Intern
13808,Paul_13808,Intern
13809,Quinn_13809,Intern
13810,Rose_13810,Intern
13811,Sam_13811,Intern
13812,Tina_13812,Intern
13813,Uma_13813,Intern
13814,Victor_13814,Intern
13815,Wendy_13815,Intern
13816,Xander_13816,Intern
13817,Yara_13817,Intern
13818,Zack_13818,Intern
13819,Ava_13819,Intern
13820,Ben_13820,Intern
13821,Chloe_13821,Intern
13822,Dylan_13822,Intern
13823,Ella_13823,Intern
13824,Finn_13824,Intern
13825,Alice_13825,Intern
13826,Bob_13826,Intern
13827,Carol_13827,Intern
13828,Dave_13828,Intern
13829,Eve_13829,Intern
13830,Frank_13830,Intern
13831,Grace_13831,Intern
13832,Hank_13832,Intern
13833,Iris_13833,Intern
13834,Jack_13834,Intern
13835,Karen_13835,Intern
13836,Leo_13836,Intern
13837,Maya_13837,Intern
13838,Nate_13838,Intern
13839,Olivia_13839,Intern
13840,Paul_13840,Intern
13841,Quinn_13841,Intern
13842,Rose_13842,Intern
13843,Sam_13843,Intern
13844,Tina_13844,Intern
13845,Uma_13845,Intern
13846,Victor_13846,Intern
13847,Wendy_13847,Intern
13848,Xander_13848,Intern
13849,Yara_13849,Intern
13850,Zack_13850,Intern
13851,Ava_13851,Intern
13852,Ben_13852,Intern
13853,Chloe_13853,Intern
13854,Dylan_13854,Intern
13855,Ella_13855,Intern
13856,Finn_13856,Intern
13857,Alice_13857,Intern
13858,Bob_13858,Intern
13859,Carol_13859,Intern
13860,Dave_13860,Intern
13861,Eve_13861,Intern
13862,Frank_13862,Intern
13863,Grace_13863,Intern
13864,Hank_13864,Intern
13865,Iris_13865,Intern
13866,Jack_13866,Intern
13867,Karen_13867,Intern
13868,Leo_13868,Intern
13869,Maya_13869,Intern
13870,Nate_13870,Intern
13871,Olivia_13871,Intern
13872,Paul_13872,Intern
13873,Quinn_13873,Intern
13874,Rose_13874,Intern
13875,Sam_13875,Intern
13876,Tina_13876,Intern
13877,Uma_13877,Intern
13878,Victor_13878,Intern
13879,Wendy_13879,Intern
13880,Xander_13880,Intern
13881,Yara_13881,Intern
13882,Zack_13882,Intern
13883,Ava_13883,Intern
13884,Ben_13884,Intern
13885,Chloe_13885,Intern
13886,Dylan_13886,Intern
13887,Ella_13887,Intern
13888,Finn_13888,Intern
13889,Alice_13889,Intern
13890,Bob_13890,Intern
13891,Carol_13891,Intern
13892,Dave_13892,Intern
13893,Eve_13893,Intern
13894,Frank_13894,Intern
13895,Grace_13895,Intern
13896,Hank_13896,Intern
13897,Iris_13897,Intern
13898,Jack_13898,Intern
13899,Karen_13899,Intern
13900,Leo_13900,Intern
13901,Maya_13901,Intern
13902,Nate_13902,Intern
13903,Olivia_13903,Intern
13904,Paul_13904,Intern
13905,Quinn_13905,Intern
13906,Rose_13906,Intern
13907,Sam_13907,Intern
13908,Tina_13908,Intern
13909,Uma_13909,Intern
13910,Victor_13910,Intern
13911,Wendy_13911,Intern
13912,Xander_13912,Intern
13913,Yara_13913,Intern
13914,Zack_13914,Intern
13915,Ava_13915,Intern
13916,Ben_13916,Intern
13917,Chloe_13917,Intern
13918,Dylan_13918,Intern
13919,Ella_13919,Intern
13920,Finn_13920,Intern
13921,Alice_13921,Intern
13922,Bob_13922,Intern
13923,Carol_13923,Intern
13924,Dave_13924,Intern
13925,Eve_13925,Intern
13926,Frank_13926,Intern
13927,Grace_13927,Intern
13928,Hank_13928,Intern
13929,Iris_13929,Intern
13930,Jack_13930,Intern
13931,Karen_13931,Intern
13932,Leo_13932,Intern
13933,Maya_13933,Intern
13934,Nate_13934,Intern
13935,Olivia_13935,Intern
13936,Paul_13936,Intern
13937,Quinn_13937,Intern
13938,Rose_13938,Intern
13939,Sam_13939,Intern
13940,Tina_13940,Intern
13941,Uma_13941,Intern
13942,Victor_13942,Intern
13943,Wendy_13943,Intern
13944,Xander_13944,Intern
13945,Yara_13945,Intern
13946,Zack_13946,Intern
13947,Ava_13947,Intern
13948,Ben_13948,Intern
13949,Chloe_13949,Intern
13950,Dylan_13950,Intern
13951,Ella_13951,Intern
13952,Finn_13952,Intern
13953,Alice_13953,Intern
13954,Bob_13954,Intern
13955,Carol_13955,Intern
13956,Dave_13956,Intern
13957,Eve_13957,Intern
13958,Frank_13958,Intern
13959,Grace_13959,Intern
13960,Hank_13960,Intern
13961,Iris_13961,Intern
13962,Jack_13962,Intern
13963,Karen_13963,Intern
13964,Leo_13964,Intern
13965,Maya_13965,Intern
13966,Nate_13966,Intern
13967,Olivia_13967,Intern
13968,Paul_13968,Intern
13969,Quinn_13969,Intern
13970,Rose_13970,Intern
13971,Sam_13971,Intern
13972,Tina_13972,Intern
13973,Uma_13973,Intern
13974,Victor_13974,Intern
13975,Wendy_13975,Intern
13976,Xander_13976,Intern
13977,Yara_13977,Intern
13978,Zack_13978,Intern
13979,Ava_13979,Intern
13980,Ben_13980,Intern
13981,Chloe_13981,Intern
13982,Dylan_13982,Intern
13983,Ella_13983,Intern
13984,Finn_13984,Intern
13985,Alice_13985,Intern
13986,Bob_13986,Intern
13987,Carol_13987,Intern
13988,Dave_13988,Intern
13989,Eve_13989,Intern
13990,Frank_13990,Intern
13991,Grace_13991,Intern
13992,Hank_13992,Intern
13993,Iris_13993,Intern
13994,Jack_13994,Intern
13995,Karen_13995,Intern
13996,Leo_13996,Intern
13997,Maya_13997,Intern
13998,Nate_13998,Intern
13999,Olivia_13999,Intern
14000,Paul_14000,Intern
14001,Quinn_14001,Intern
14002,Rose_14002,Intern
14003,Sam_14003,Intern
14004,Tina_14004,Intern
14005,Uma_14005,Intern
14006,Victor_14006,Intern
14007,Wendy_14007,Intern
14008,Xander_14008,Intern
14009,Yara_14009,Intern
14010,Zack_14010,Intern
14011,Ava_14011,Intern
14012,Ben_14012,Intern
14013,Chloe_14013,Intern
14014,Dylan_14014,Intern
14015,Ella_14015,Intern
14016,Finn_14016,Intern
14017,Alice_14017,Intern
14018,Bob_14018,Intern
14019,Carol_14019,Intern
14020,Dave_14020,Intern
14021,Eve_14021,Intern
14022,Frank_14022,Intern
14023,Grace_14023,Intern
14024,Hank_14024,Intern
14025,Iris_14025,Intern
14026,Jack_14026,Intern
14027,Karen_14027,Intern
14028,Leo_14028,Intern
14029,Maya_14029,Intern
14030,Nate_14030,Intern
14031,Olivia_14031,Intern
14032,Paul_14032,Intern
14033,Quinn_14033,Intern
14034,Rose_14034,Intern
14035,Sam_14035,Intern
14036,Tina_14036,Intern
14037,Uma_14037,Intern
14038,Victor_14038,Intern
14039,Wendy_14039,Intern
14040,Xander_14040,Intern
14041,Yara_14041,Intern
14042,Zack_14042,Intern
14043,Ava_14043,Intern
14044,Ben_14044,Intern
14045,Chloe_14045,Intern
14046,Dylan_14046,Intern
14047,Ella_14047,Intern
14048,Finn_14048,Intern
14049,Alice_14049,Intern
14050,Bob_14050,Intern
14051,Carol_14051,Intern
14052,Dave_14052,Intern
14053,Eve_14053,Intern
14054,Frank_14054,Intern
14055,Grace_14055,Intern
14056,Hank_14056,Intern
14057,Iris_14057,Intern
14058,Jack_14058,Intern
14059,Karen_14059,Intern
14060,Leo_14060,Intern
14061,Maya_14061,Intern
14062,Nate_14062,Intern
14063,Olivia_14063,Intern
14064,Paul_14064,Intern
14065,Quinn_14065,Intern
14066,Rose_14066,Intern
14067,Sam_14067,Intern
14068,Tina_14068,Intern
14069,Uma_14069,Intern
14070,Victor_14070,Intern
14071,Wendy_14071,Intern
14072,Xander_14072,Intern
14073,Yara_14073,Intern
14074,Zack_14074,Intern
14075,Ava_14075,Intern
14076,Ben_14076,Intern
14077,Chloe_14077,Intern
14078,Dylan_14078,Intern
14079,Ella_14079,Intern
14080,Finn_14080,Intern
14081,Alice_14081,Intern
14082,Bob_14082,Intern
14083,Carol_14083,Intern
14084,Dave_14084,Intern
14085,Eve_14085,Intern
14086,Frank_14086,Intern
14087,Grace_14087,Intern
14088,Hank_14088,Intern
14089,Iris_14089,Intern
14090,Jack_14090,Intern
14091,Karen_14091,Intern
14092,Leo_14092,Intern
14093,Maya_14093,Intern
14094,Nate_14094,Intern
14095,Olivia_14095,Intern
14096,Paul_14096,Intern
14097,Quinn_14097,Intern
14098,Rose_14098,Intern
14099,Sam_14099,Intern
14100,Tina_14100,Intern
14101,Uma_14101,Intern
14102,Victor_14102,Intern
14103,Wendy_14103,Intern
14104,Xander_14104,Intern
14105,Yara_14105,Intern
14106,Zack_14106,Intern
14107,Ava_14107,Intern
14108,Ben_14108,Intern
14109,Chloe_14109,Intern
14110,Dylan_14110,Intern
14111,Ella_14111,Intern
14112,Finn_14112,Intern
14113,Alice_14113,Intern
14114,Bob_14114,Intern
14115,Carol_14115,Intern
14116,Dave_14116,Intern
14117,Eve_14117,Intern
14118,Frank_14118,Intern
14119,Grace_14119,Intern
14120,Hank_14120,Intern
14121,Iris_14121,Intern
14122,Jack_14122,Intern
14123,Karen_14123,Intern
14124,Leo_14124,Intern
14125,Maya_14125,Intern
14126,Nate_14126,Intern
14127,Olivia_14127,Intern
14128,Paul_14128,Intern
14129,Quinn_14129,Intern
14130,Rose_14130,Intern
14131,Sam_14131,Intern
14132,Tina_14132,Intern
14133,Uma_14133,Intern
14134,Victor_14134,Intern
14135,Wendy_14135,Intern
14136,Xander_14136,Intern
14137,Yara_14137,Intern
14138,Zack_14138,Intern
14139,Ava_14139,Intern
14140,Ben_14140,Intern
14141,Chloe_14141,Intern
14142,Dylan_14142,Intern
14143,Ella_14143,Intern
14144,Finn_14144,Intern
14145,Alice_14145,Intern
14146,Bob_14146,Intern
14147,Carol_14147,Intern
14148,Dave_14148,Intern
14149,Eve_14149,Intern
14150,Frank_14150,Intern
14151,Grace_14151,Intern
14152,Hank_14152,Intern
14153,Iris_14153,Intern
14154,Jack_14154,Intern
14155,Karen_14155,Intern
14156,Leo_14156,Intern
14157,Maya_14157,Intern
14158,Nate_14158,Intern
14159,Olivia_14159,Intern
14160,Paul_14160,Intern
14161,Quinn_14161,Intern
14162,Rose_14162,Intern
14163,Sam_14163,Intern
14164,Tina_14164,Intern
14165,Uma_14165,Intern
14166,Victor_14166,Intern
14167,Wendy_14167,Intern
14168,Xander_14168,Intern
14169,Yara_14169,Intern
14170,Zack_14170,Intern
14171,Ava_14171,Intern
14172,Ben_14172,Intern
14173,Chloe_14173,Intern
14174,Dylan_14174,Intern
14175,Ella_14175,Intern
14176,Finn_14176,Intern
14177,Alice_14177,Intern
14178,Bob_14178,Intern
14179,Carol_14179,Intern
14180,Dave_14180,Intern
14181,Eve_14181,Intern
14182,Frank_14182,Intern
14183,Grace_14183,Intern
14184,Hank_14184,Intern
14185,Iris_14185,Intern
14186,Jack_14186,Intern
14187,Karen_14187,Intern
14188,Leo_14188,Intern
14189,Maya_14189,Intern
14190,Nate_14190,Intern
14191,Olivia_14191,Intern
14192,Paul_14192,Intern
14193,Quinn_14193,Intern
14194,Rose_14194,Intern
14195,Sam_14195,Intern
14196,Tina_14196,Intern
14197,Uma_14197,Intern
14198,Victor_14198,Intern
14199,Wendy_14199,Intern
14200,Xander_14200,Intern
14201,Yara_14201,Intern
14202,Zack_14202,Intern
14203,Ava_14203,Intern
14204,Ben_14204,Intern
14205,Chloe_14205,Intern
14206,Dylan_14206,Intern
14207,Ella_14207,Intern
14208,Finn_14208,Intern
14209,Alice_14209,Intern
14210,Bob_14210,Intern
14211,Carol_14211,Intern
14212,Dave_14212,Intern
14213,Eve_14213,Intern
14214,Frank_14214,Intern
14215,Grace_14215,Intern
14216,Hank_14216,Intern
14217,Iris_14217,Intern
14218,Jack_14218,Intern
14219,Karen_14219,Intern
14220,Leo_14220,Intern
14221,Maya_14221,Intern
14222,Nate_14222,Intern
14223,Olivia_14223,Intern
14224,Paul_14224,Intern
14225,Quinn_14225,Intern
14226,Rose_14226,Intern
14227,Sam_14227,Intern
14228,Tina_14228,Intern
14229,Uma_14229,Intern
14230,Victor_14230,Intern
14231,Wendy_14231,Intern
14232,Xander_14232,Intern
14233,Yara_14233,Intern
14234,Zack_14234,Intern
14235,Ava_14235,Intern
14236,Ben_14236,Intern
14237,Chloe_14237,Intern
14238,Dylan_14238,Intern
14239,Ella_14239,Intern
14240,Finn_14240,Intern
14241,Alice_14241,Intern
14242,Bob_14242,Intern
14243,Carol_14243,Intern
14244,Dave_14244,Intern
14245,Eve_14245,Intern
14246,Frank_14246,Intern
14247,Grace_14247,Intern
14248,Hank_14248,Intern
14249,Iris_14249,Intern
14250,Jack_14250,Intern
14251,Karen_14251,Intern
14252,Leo_14252,Intern
14253,Maya_14253,Intern
14254,Nate_14254,Intern
14255,Olivia_14255,Intern
14256,Paul_14256,Intern
14257,Quinn_14257,Intern
14258,Rose_14258,Intern
14259,Sam_14259,Intern
14260,Tina_14260,Intern
14261,Uma_14261,Intern
14262,Victor_14262,Intern
14263,Wendy_14263,Intern
14264,Xander_14264,Intern
14265,Yara_14265,Intern
14266,Zack_14266,Intern
14267,Ava_14267,Intern
14268,Ben_14268,Intern
14269,Chloe_14269,Intern
14270,Dylan_14270,Intern
14271,Ella_14271,Intern
14272,Finn_14272,Intern
14273,Alice_14273,Intern
14274,Bob_14274,Intern
14275,Carol_14275,Intern
14276,Dave_14276,Intern
14277,Eve_14277,Intern
14278,Frank_14278,Intern
14279,Grace_14279,Intern
14280,Hank_14280,Intern
14281,Iris_14281,Intern
14282,Jack_14282,Intern
14283,Karen_14283,Intern
14284,Leo_14284,Intern
14285,Maya_14285,Intern
14286,Nate_14286,Intern
14287,Olivia_14287,Intern
14288,Paul_14288,Intern
14289,Quinn_14289,Intern
14290,Rose_14290,Intern
14291,Sam_14291,Intern
14292,Tina_14292,Intern
14293,Uma_14293,Intern
14294,Victor_14294,Intern
14295,Wendy_14295,Intern
14296,Xander_14296,Intern
14297,Yara_14297,Intern
14298,Zack_14298,Intern
14299,Ava_14299,Intern
14300,Ben_14300,Intern
14301,Chloe_14301,Intern
14302,Dylan_14302,Intern
14303,Ella_14303,Intern
14304,Finn_14304,Intern
14305,Alice_14305,Intern
14306,Bob_14306,Intern
14307,Carol_14307,Intern
14308,Dave_14308,Intern
14309,Eve_14309,Intern
14310,Frank_14310,Intern
14311,Grace_14311,Intern
14312,Hank_14312,Intern
14313,Iris_14313,Intern
14314,Jack_14314,Intern
14315,Karen_14315,Intern
14316,Leo_14316,Intern
14317,Maya_14317,Intern
14318,Nate_14318,Intern
14319,Olivia_14319,Intern
14320,Paul_14320,Intern
14321,Quinn_14321,Intern
14322,Rose_14322,Intern
14323,Sam_14323,Intern
14324,Tina_14324,Intern
14325,Uma_14325,Intern
14326,Victor_14326,Intern
14327,Wendy_14327,Intern
14328,Xander_14328,Intern
14329,Yara_14329,Intern
14330,Zack_14330,Intern
14331,Ava_14331,Intern
14332,Ben_14332,Intern
14333,Chloe_14333,Intern
14334,Dylan_14334,Intern
14335,Ella_14335,Intern
14336,Finn_14336,Intern
14337,Alice_14337,Intern
14338,Bob_14338,Intern
14339,Carol_14339,Intern
14340,Dave_14340,Intern
14341,Eve_14341,Intern
14342,Frank_14342,Intern
14343,Grace_14343,Intern
14344,Hank_14344,Intern
14345,Iris_14345,Intern
14346,Jack_14346,Intern
14347,Karen_14347,Intern
14348,Leo_14348,Intern
14349,Maya_14349,Intern
14350,Nate_14350,Intern
14351,Olivia_14351,Intern
14352,Paul_14352,Intern
14353,Quinn_14353,Intern
14354,Rose_14354,Intern
14355,Sam_14355,Intern
14356,Tina_14356,Intern
14357,Uma_14357,Intern
14358,Victor_14358,Intern
14359,Wendy_14359,Intern
14360,Xander_14360,Intern
14361,Yara_14361,Intern
14362,Zack_14362,Intern
14363,Ava_14363,Intern
14364,Ben_14364,Intern
14365,Chloe_14365,Intern
14366,Dylan_14366,Intern
14367,Ella_14367,Intern
14368,Finn_14368,Intern
14369,Alice_14369,Intern
14370,Bob_14370,Intern
14371,Carol_14371,Intern
14372,Dave_14372,Intern
14373,Eve_14373,Intern
14374,Frank_14374,Intern
14375,Grace_14375,Intern
14376,Hank_14376,Intern
14377,Iris_14377,Intern
14378,Jack_14378,Intern
14379,Karen_14379,Intern
14380,Leo_14380,Intern
14381,Maya_14381,Intern
14382,Nate_14382,Intern
14383,Olivia_14383,Intern
14384,Paul_14384,Intern
14385,Quinn_14385,Intern
14386,Rose_14386,Intern
14387,Sam_14387,Intern
14388,Tina_14388,Intern
14389,Uma_14389,Intern
14390,Victor_14390,Intern
14391,Wendy_14391,Intern
14392,Xander_14392,Intern
14393,Yara_14393,Intern
14394,Zack_14394,Intern
14395,Ava_14395,Intern
14396,Ben_14396,Intern
14397,Chloe_14397,Intern
14398,Dylan_14398,Intern
14399,Ella_14399,Intern
14400,Finn_14400,Intern
14401,Alice_14401,Intern
14402,Bob_14402,Intern
14403,Carol_14403,Intern
14404,Dave_14404,Intern
14405,Eve_14405,Intern
14406,Frank_14406,Intern
14407,Grace_14407,Intern
14408,Hank_14408,Intern
14409,Iris_14409,Intern
14410,Jack_14410,Intern
14411,Karen_14411,Intern
14412,Leo_14412,Intern
14413,Maya_14413,Intern
14414,Nate_14414,Intern
14415,Olivia_14415,Intern
14416,Paul_14416,Intern
14417,Quinn_14417,Intern
14418,Rose_14418,Intern
14419,Sam_14419,Intern
14420,Tina_14420,Intern
14421,Uma_14421,Intern
14422,Victor_14422,Intern
14423,Wendy_14423,Intern
14424,Xander_14424,Intern
14425,Yara_14425,Intern
14426,Zack_14426,Intern
14427,Ava_14427,Intern
14428,Ben_14428,Intern
14429,Chloe_14429,Intern
14430,Dylan_14430,Intern
14431,Ella_14431,Intern
14432,Finn_14432,Intern
14433,Alice_14433,Intern
14434,Bob_14434,Intern
14435,Carol_14435,Intern
14436,Dave_14436,Intern
14437,Eve_14437,Intern
14438,Frank_14438,Intern
14439,Grace_14439,Intern
14440,Hank_14440,Intern
14441,Iris_14441,Intern
14442,Jack_14442,Intern
14443,Karen_14443,Intern
14444,Leo_14444,Intern
14445,Maya_14445,Intern
14446,Nate_14446,Intern
14447,Olivia_14447,Intern
14448,Paul_14448,Intern
14449,Quinn_14449,Intern
14450,Rose_14450,Intern
14451,Sam_14451,Intern
14452,Tina_14452,Intern
14453,Uma_14453,Intern
14454,Victor_14454,Intern
14455,Wendy_14455,Intern
14456,Xander_14456,Intern
14457,Yara_14457,Intern
14458,Zack_14458,Intern
14459,Ava_14459,Intern
14460,Ben_14460,Intern
14461,Chloe_14461,Intern
14462,Dylan_14462,Intern
14463,Ella_14463,Intern
14464,Finn_14464,Intern
14465,Alice_14465,Intern
14466,Bob_14466,Intern
14467,Carol_14467,Intern
14468,Dave_14468,Intern
14469,Eve_14469,Intern
14470,Frank_14470,Intern
14471,Grace_14471,Intern
14472,Hank_14472,Intern
14473,Iris_14473,Intern
14474,Jack_14474,Intern
14475,Karen_14475,Intern
14476,Leo_14476,Intern
14477,Maya_14477,Intern
14478,Nate_14478,Intern
14479,Olivia_14479,Intern
14480,Paul_14480,Intern
14481,Quinn_14481,Intern
14482,Rose_14482,Intern
14483,Sam_14483,Intern
14484,Tina_14484,Intern
14485,Uma_14485,Intern
14486,Victor_14486,Intern
14487,Wendy_14487,Intern
14488,Xander_14488,Intern
14489,Yara_14489,Intern
14490,Zack_14490,Intern
14491,Ava_14491,Intern
14492,Ben_14492,Intern
14493,Chloe_14493,Intern
14494,Dylan_14494,Intern
14495,Ella_14495,Intern
14496,Finn_14496,Intern
14497,Alice_14497,Intern
14498,Bob_14498,Intern
14499,Carol_14499,Intern
14500,Dave_14500,Intern
14501,Eve_14501,Intern
14502,Frank_14502,Intern
14503,Grace_14503,Intern
14504,Hank_14504,Intern
14505,Iris_14505,Intern
14506,Jack_14506,Intern
14507,Karen_14507,Intern
14508,Leo_14508,Intern
14509,Maya_14509,Intern
14510,Nate_14510,Intern
14511,Olivia_14511,Intern
14512,Paul_14512,Intern
14513,Quinn_14513,Intern
14514,Rose_14514,Intern
14515,Sam_14515,Intern
14516,Tina_14516,Intern
14517,Uma_14517,Intern
14518,Victor_14518,Intern
14519,Wendy_14519,Intern
14520,Xander_14520,Intern
14521,Yara_14521,Intern
14522,Zack_14522,Intern
14523,Ava_14523,Intern
14524,Ben_14524,Intern
14525,Chloe_14525,Intern
14526,Dylan_14526,Intern
14527,Ella_14527,Intern
14528,Finn_14528,Intern
14529,Alice_14529,Intern
14530,Bob_14530,Intern
14531,Carol_14531,Intern
14532,Dave_14532,Intern
14533,Eve_14533,Intern
14534,Frank_14534,Intern
14535,Grace_14535,Intern
14536,Hank_14536,Intern
14537,Iris_14537,Intern
14538,Jack_14538,Intern
14539,Karen_14539,Intern
14540,Leo_14540,Intern
14541,Maya_14541,Intern
14542,Nate_14542,Intern
14543,Olivia_14543,Intern
14544,Paul_14544,Intern
14545,Quinn_14545,Intern
14546,Rose_14546,Intern
14547,Sam_14547,Intern
14548,Tina_14548,Intern
14549,Uma_14549,Intern
14550,Victor_14550,Intern
14551,Wendy_14551,Intern
14552,Xander_14552,Intern
14553,Yara_14553,Intern
14554,Zack_14554,Intern
14555,Ava_14555,Intern
14556,Ben_14556,Intern
14557,Chloe_14557,Intern
14558,Dylan_14558,Intern
14559,Ella_14559,Intern
14560,Finn_14560,Intern
14561,Alice_14561,Intern
14562,Bob_14562,Intern
14563,Carol_14563,Intern
14564,Dave_14564,Intern
14565,Eve_14565,Intern
14566,Frank_14566,Intern
14567,Grace_14567,Intern
14568,Hank_14568,Intern
14569,Iris_14569,Intern
14570,Jack_14570,Intern
14571,Karen_14571,Intern
14572,Leo_14572,Intern
14573,Maya_14573,Intern
14574,Nate_14574,Intern
14575,Olivia_14575,Intern
14576,Paul_14576,Intern
14577,Quinn_14577,Intern
14578,Rose_14578,Intern
14579,Sam_14579,Intern
14580,Tina_14580,Intern
14581,Uma_14581,Intern
14582,Victor_14582,Intern
14583,Wendy_14583,Intern
14584,Xander_14584,Intern
14585,Yara_14585,Intern
14586,Zack_14586,Intern
14587,Ava_14587,Intern
14588,Ben_14588,Intern
14589,Chloe_14589,Intern
14590,Dylan_14590,Intern
14591,Ella_14591,Intern
14592,Finn_14592,Intern
14593,Alice_14593,Intern
14594,Bob_14594,Intern
14595,Carol_14595,Intern
14596,Dave_14596,Intern
14597,Eve_14597,Intern
14598,Frank_14598,Intern
14599,Grace_14599,Intern
14600,Hank_14600,Intern
14601,Iris_14601,Intern
14602,Jack_14602,Intern
14603,Karen_14603,Intern
14604,Leo_14604,Intern
14605,Maya_14605,Intern
14606,Nate_14606,Intern
14607,Olivia_14607,Intern
14608,Paul_14608,Intern
14609,Quinn_14609,Intern
14610,Rose_14610,Intern
14611,Sam_14611,Intern
14612,Tina_14612,Intern
14613,Uma_14613,Intern
14614,Victor_14614,Intern
14615,Wendy_14615,Intern
14616,Xander_14616,Intern
14617,Yara_14617,Intern
14618,Zack_14618,Intern
14619,Ava_14619,Intern
14620,Ben_14620,Intern
14621,Chloe_14621,Intern
14622,Dylan_14622,Intern
14623,Ella_14623,Intern
14624,Finn_14624,Intern
14625,Alice_14625,Intern
14626,Bob_14626,Intern
14627,Carol_14627,Intern
14628,Dave_14628,Intern
14629,Eve_14629,Intern
14630,Frank_14630,Intern
14631,Grace_14631,Intern
14632,Hank_14632,Intern
14633,Iris_14633,Intern
14634,Jack_14634,Intern
14635,Karen_14635,Intern
14636,Leo_14636,Intern
14637,Maya_14637,Intern
14638,Nate_14638,Intern
14639,Olivia_14639,Intern
14640,Paul_14640,Intern
14641,Quinn_14641,Intern
14642,Rose_14642,Intern
14643,Sam_14643,Intern
14644,Tina_14644,Intern
14645,Uma_14645,Intern
14646,Victor_14646,Intern
14647,Wendy_14647,Intern
14648,Xander_14648,Intern
14649,Yara_14649,Intern
14650,Zack_14650,Intern
14651,Ava_14651,Intern
14652,Ben_14652,Intern
14653,Chloe_14653,Intern
14654,Dylan_14654,Intern
14655,Ella_14655,Intern
14656,Finn_14656,Intern
14657,Alice_14657,Intern
14658,Bob_14658,Intern
14659,Carol_14659,Intern
14660,Dave_14660,Intern
14661,Eve_14661,Intern
14662,Frank_14662,Intern
14663,Grace_14663,Intern
14664,Hank_14664,Intern
14665,Iris_14665,Intern
14666,Jack_14666,Intern
14667,Karen_14667,Intern
14668,Leo_14668,Intern
14669,Maya_14669,Intern
14670,Nate_14670,Intern
14671,Olivia_14671,Intern
14672,Paul_14672,Intern
14673,Quinn_14673,Intern
14674,Rose_14674,Intern
14675,Sam_14675,Intern
14676,Tina_14676,Intern
14677,Uma_14677,Intern
14678,Victor_14678,Intern
14679,Wendy_14679,Intern
14680,Xander_14680,Intern
14681,Yara_14681,Intern
14682,Zack_14682,Intern
14683,Ava_14683,Intern
14684,Ben_14684,Intern
14685,Chloe_14685,Intern
14686,Dylan_14686,Intern
14687,Ella_14687,Intern
14688,Finn_14688,Intern
14689,Alice_14689,Intern
14690,Bob_14690,Intern
14691,Carol_14691,Intern
14692,Dave_14692,Intern
14693,Eve_14693,Intern
14694,Frank_14694,Intern
14695,Grace_14695,Intern
14696,Hank_14696,Intern
14697,Iris_14697,Intern
14698,Jack_14698,Intern
14699,Karen_14699,Intern
14700,Leo_14700,Intern
14701,Maya_14701,Intern
14702,Nate_14702,Intern
14703,Olivia_14703,Intern
14704,Paul_14704,Intern
14705,Quinn_14705,Intern
14706,Rose_14706,Intern
14707,Sam_14707,Intern
14708,Tina_14708,Intern
14709,Uma_14709,Intern
14710,Victor_14710,Intern
14711,Wendy_14711,Intern
14712,Xander_14712,Intern
14713,Yara_14713,Intern
14714,Zack_14714,Intern
14715,Ava_14715,Intern
14716,Ben_14716,Intern
14717,Chloe_14717,Intern
14718,Dylan_14718,Intern
14719,Ella_14719,Intern
14720,Finn_14720,Intern
14721,Alice_14721,Intern
14722,Bob_14722,Intern
14723,Carol_14723,Intern
14724,Dave_14724,Intern
14725,Eve_14725,Intern
14726,Frank_14726,Intern
14727,Grace_14727,Intern
14728,Hank_14728,Intern
14729,Iris_14729,Intern
14730,Jack_14730,Intern
14731,Karen_14731,Intern
14732,Leo_14732,Intern
14733,Maya_14733,Intern
14734,Nate_14734,Intern
14735,Olivia_14735,Intern
14736,Paul_14736,Intern
14737,Quinn_14737,Intern
14738,Rose_14738,Intern
14739,Sam_14739,Intern
14740,Tina_14740,Intern
14741,Uma_14741,Intern
14742,Victor_14742,Intern
14743,Wendy_14743,Intern
14744,Xander_14744,Intern
14745,Yara_14745,Intern
14746,Zack_14746,Intern
14747,Ava_14747,Intern
14748,Ben_14748,Intern
14749,Chloe_14749,Intern
14750,Dylan_14750,Intern
14751,Ella_14751,Intern
14752,Finn_14752,Intern
14753,Alice_14753,Intern
14754,Bob_14754,Intern
14755,Carol_14755,Intern
14756,Dave_14756,Intern
14757,Eve_14757,Intern
14758,Frank_14758,Intern
14759,Grace_14759,Intern
14760,Hank_14760,Intern
14761,Iris_14761,Intern
14762,Jack_14762,Intern
14763,Karen_14763,Intern
14764,Leo_14764,Intern
14765,Maya_14765,Intern
14766,Nate_14766,Intern
14767,Olivia_14767,Intern
14768,Paul_14768,Intern
14769,Quinn_14769,Intern
14770,Rose_14770,Intern
14771,Sam_14771,Intern
14772,Tina_14772,Intern
14773,Uma_14773,Intern
14774,Victor_14774,Intern
14775,Wendy_14775,Intern
14776,Xander_14776,Intern
14777,Yara_14777,Intern
14778,Zack_14778,Intern
14779,Ava_14779,Intern
14780,Ben_14780,Intern
14781,Chloe_14781,Intern
14782,Dylan_14782,Intern
14783,Ella_14783,Intern
14784,Finn_14784,Intern
14785,Alice_14785,Intern
14786,Bob_14786,Intern
14787,Carol_14787,Intern
14788,Dave_14788,Intern
14789,Eve_14789,Intern
14790,Frank_14790,Intern
14791,Grace_14791,Intern
14792,Hank_14792,Intern
14793,Iris_14793,Intern
14794,Jack_14794,Intern
14795,Karen_14795,Intern
14796,Leo_14796,Intern
14797,Maya_14797,Intern
14798,Nate_14798,Intern
14799,Olivia_14799,Intern
14800,Paul_14800,Intern
14801,Quinn_14801,Intern
14802,Rose_14802,Intern
14803,Sam_14803,Intern
14804,Tina_14804,Intern
14805,Uma_14805,Intern
14806,Victor_14806,Intern
14807,Wendy_14807,Intern
14808,Xander_14808,Intern
14809,Yara_14809,Intern
14810,Zack_14810,Intern
14811,Ava_14811,Intern
14812,Ben_14812,Intern
14813,Chloe_14813,Intern
14814,Dylan_14814,Intern
14815,Ella_14815,Intern
14816,Finn_14816,Intern
14817,Alice_14817,Intern
14818,Bob_14818,Intern
14819,Carol_14819,Intern
14820,Dave_14820,Intern
14821,Eve_14821,Intern
14822,Frank_14822,Intern
14823,Grace_14823,Intern
14824,Hank_14824,Intern
14825,Iris_14825,Intern
14826,Jack_14826,Intern
14827,Karen_14827,Intern
14828,Leo_14828,Intern
14829,Maya_14829,Intern
14830,Nate_14830,Intern
14831,Olivia_14831,Intern
14832,Paul_14832,Intern
14833,Quinn_14833,Intern
14834,Rose_14834,Intern
14835,Sam_14835,Intern
14836,Tina_14836,Intern
14837,Uma_14837,Intern
14838,Victor_14838,Intern
14839,Wendy_14839,Intern
14840,Xander_14840,Intern
14841,Yara_14841,Intern
14842,Zack_14842,Intern
14843,Ava_14843,Intern
14844,Ben_14844,Intern
14845,Chloe_14845,Intern
14846,Dylan_14846,Intern
14847,Ella_14847,Intern
14848,Finn_14848,Intern
14849,Alice_14849,Intern
14850,Bob_14850,Intern
14851,Carol_14851,Intern
14852,Dave_14852,Intern
14853,Eve_14853,Intern
14854,Frank_14854,Intern
14855,Grace_14855,Intern
14856,Hank_14856,Intern
14857,Iris_14857,Intern
14858,Jack_14858,Intern
14859,Karen_14859,Intern
14860,Leo_14860,Intern
14861,Maya_14861,Intern
14862,Nate_14862,Intern
14863,Olivia_14863,Intern
14864,Paul_14864,Intern
14865,Quinn_14865,Intern
14866,Rose_14866,Intern
14867,Sam_14867,Intern
14868,Tina_14868,Intern
14869,Uma_14869,Intern
14870,Victor_14870,Intern
14871,Wendy_14871,Intern
14872,Xander_14872,Intern
14873,Yara_14873,Intern
14874,Zack_14874,Intern
14875,Ava_14875,Intern
14876,Ben_14876,Intern
14877,Chloe_14877,Intern
14878,Dylan_14878,Intern
14879,Ella_14879,Intern
14880,Finn_14880,Intern
14881,Alice_14881,Intern
14882,Bob_14882,Intern
14883,Carol_14883,Intern
14884,Dave_14884,Intern
14885,Eve_14885,Intern
14886,Frank_14886,Intern
14887,Grace_14887,Intern
14888,Hank_14888,Intern
14889,Iris_14889,Intern
14890,Jack_14890,Intern
14891,Karen_14891,Intern
14892,Leo_14892,Intern
14893,Maya_14893,Intern
14894,Nate_14894,Intern
14895,Olivia_14895,Intern
14896,Paul_14896,Intern
14897,Quinn_14897,Intern
14898,Rose_14898,Intern
14899,Sam_14899,Intern
14900,Tina_14900,Intern
14901,Uma_14901,Intern
14902,Victor_14902,Intern
14903,Wendy_14903,Intern
14904,Xander_14904,Intern
14905,Yara_14905,Intern
14906,Zack_14906,Intern
14907,Ava_14907,Intern
14908,Ben_14908,Intern
14909,Chloe_14909,Intern
14910,Dylan_14910,Intern
14911,Ella_14911,Intern
14912,Finn_14912,Intern
14913,Alice_14913,Intern
14914,Bob_14914,Intern
14915,Carol_14915,Intern
14916,Dave_14916,Intern
14917,Eve_14917,Intern
14918,Frank_14918,Intern
14919,Grace_14919,Intern
14920,Hank_14920,Intern
14921,Iris_14921,Intern
14922,Jack_14922,Intern
14923,Karen_14923,Intern
14924,Leo_14924,Intern
14925,Maya_14925,Intern
14926,Nate_14926,Intern
14927,Olivia_14927,Intern
14928,Paul_14928,Intern
14929,Quinn_14929,Intern
14930,Rose_14930,Intern
14931,Sam_14931,Intern
14932,Tina_14932,Intern
14933,Uma_14933,Intern
14934,Victor_14934,Intern
14935,Wendy_14935,Intern
14936,Xander_14936,Intern
14937,Yara_14937,Intern
14938,Zack_14938,Intern
14939,Ava_14939,Intern
14940,Ben_14940,Intern
14941,Chloe_14941,Intern
14942,Dylan_14942,Intern
14943,Ella_14943,Intern
14944,Finn_14944,Intern
14945,Alice_14945,Intern
14946,Bob_14946,Intern
14947,Carol_14947,Intern
14948,Dave_14948,Intern
14949,Eve_14949,Intern
14950,Frank_14950,Intern
14951,Grace_14951,Intern
14952,Hank_14952,Intern
14953,Iris_14953,Intern
14954,Jack_14954,Intern
14955,Karen_14955,Intern
14956,Leo_14956,Intern
14957,Maya_14957,Intern
14958,Nate_14958,Intern
14959,Olivia_14959,Intern
14960,Paul_14960,Intern
14961,Quinn_14961,Intern
14962,Rose_14962,Intern
14963,Sam_14963,Intern
14964,Tina_14964,Intern
14965,Uma_14965,Intern
14966,Victor_14966,Intern
14967,Wendy_14967,Intern
14968,Xander_14968,Intern
14969,Yara_14969,Intern
14970,Zack_14970,Intern
14971,Ava_14971,Intern
14972,Ben_14972,Intern
14973,Chloe_14973,Intern
14974,Dylan_14974,Intern
14975,Ella_14975,Intern
14976,Finn_14976,Intern
14977,Alice_14977,Intern
14978,Bob_14978,Intern
14979,Carol_14979,Intern
14980,Dave_14980,Intern
14981,Eve_14981,Intern
14982,Frank_14982,Intern
14983,Grace_14983,Intern
14984,Hank_14984,Intern
14985,Iris_14985,Intern
14986,Jack_14986,Intern
14987,Karen_14987,Intern
14988,Leo_14988,Intern
14989,Maya_14989,Intern
14990,Nate_14990,Intern
14991,Olivia_14991,Intern
14992,Paul_14992,Intern
14993,Quinn_14993,Intern
14994,Rose_14994,Intern
14995,Sam_14995,Intern
14996,Tina_14996,Intern
14997,Uma_14997,Intern
14998,Victor_14998,Intern
14999,Wendy_14999,Intern
15000,Xander_15000,Intern
15001,Yara_15001,Intern
15002,Zack_15002,Intern
15003,Ava_15003,Intern
15004,Ben_15004,Intern
15005,Chloe_15005,Intern
15006,Dylan_15006,Intern
15007,Ella_15007,Intern
15008,Finn_15008,Intern
15009,Alice_15009,Intern
15010,Bob_15010,Intern
15011,Carol_15011,Intern
15012,Dave_15012,Intern
15013,Eve_15013,Intern
15014,Frank_15014,Intern
15015,Grace_15015,Intern
15016,Hank_15016,Intern
15017,Iris_15017,Intern
15018,Jack_15018,Intern
15019,Karen_15019,Intern
15020,Leo_15020,Intern
15021,Maya_15021,Intern
15022,Nate_15022,Intern
15023,Olivia_15023,Intern
15024,Paul_15024,Intern
15025,Quinn_15025,Intern
15026,Rose_15026,Intern
15027,Sam_15027,Intern
15028,Tina_15028,Intern
15029,Uma_15029,Intern
15030,Victor_15030,Intern
15031,Wendy_15031,Intern
15032,Xander_15032,Intern
15033,Yara_15033,Intern
15034,Zack_15034,Intern
15035,Ava_15035,Intern
15036,Ben_15036,Intern
15037,Chloe_15037,Intern
15038,Dylan_15038,Intern
15039,Ella_15039,Intern
15040,Finn_15040,Intern
15041,Alice_15041,Intern
15042,Bob_15042,Intern
15043,Carol_15043,Intern
15044,Dave_15044,Intern
15045,Eve_15045,Intern
15046,Frank_15046,Intern
15047,Grace_15047,Intern
15048,Hank_15048,Intern
15049,Iris_15049,Intern
15050,Jack_15050,Intern
15051,Karen_15051,Intern
15052,Leo_15052,Intern
15053,Maya_15053,Intern
15054,Nate_15054,Intern
15055,Olivia_15055,Intern
15056,Paul_15056,Intern
15057,Quinn_15057,Intern
15058,Rose_15058,Intern
15059,Sam_15059,Intern
15060,Tina_15060,Intern
15061,Uma_15061,Intern
15062,Victor_15062,Intern
15063,Wendy_15063,Intern
15064,Xander_15064,Intern
15065,Yara_15065,Intern
15066,Zack_15066,Intern
15067,Ava_15067,Intern
15068,Ben_15068,Intern
15069,Chloe_15069,Intern
15070,Dylan_15070,Intern
15071,Ella_15071,Intern
15072,Finn_15072,Intern
15073,Alice_15073,Intern
15074,Bob_15074,Intern
15075,Carol_15075,Intern
15076,Dave_15076,Intern
15077,Eve_15077,Intern
15078,Frank_15078,Intern
15079,Grace_15079,Intern
15080,Hank_15080,Intern
15081,Iris_15081,Intern
15082,Jack_15082,Intern
15083,Karen_15083,Intern
15084,Leo_15084,Intern
15085,Maya_15085,Intern
15086,Nate_15086,Intern
15087,Olivia_15087,Intern
15088,Paul_15088,Intern
15089,Quinn_15089,Intern
15090,Rose_15090,Intern
15091,Sam_15091,Intern
15092,Tina_15092,Intern
15093,Uma_15093,Intern
15094,Victor_15094,Intern
15095,Wendy_15095,Intern
15096,Xander_15096,Intern
15097,Yara_15097,Intern
15098,Zack_15098,Intern
15099,Ava_15099,Intern
15100,Ben_15100,Intern
15101,Chloe_15101,Intern
15102,Dylan_15102,Intern
15103,Ella_15103,Intern
15104,Finn_15104,Intern
15105,Alice_15105,Intern
15106,Bob_15106,Intern
15107,Carol_15107,Intern
15108,Dave_15108,Intern
15109,Eve_15109,Intern
15110,Frank_15110,Intern
15111,Grace_15111,Intern
15112,Hank_15112,Intern
15113,Iris_15113,Intern
15114,Jack_15114,Intern
15115,Karen_15115,Intern
15116,Leo_15116,Intern
15117,Maya_15117,Intern
15118,Nate_15118,Intern
15119,Olivia_15119,Intern
15120,Paul_15120,Intern
15121,Quinn_15121,Intern
15122,Rose_15122,Intern
15123,Sam_15123,Intern
15124,Tina_15124,Intern
15125,Uma_15125,Intern
15126,Victor_15126,Intern
15127,Wendy_15127,Intern
15128,Xander_15128,Intern
15129,Yara_15129,Intern
15130,Zack_15130,Intern
15131,Ava_15131,Intern
15132,Ben_15132,Intern
15133,Chloe_15133,Intern
15134,Dylan_15134,Intern
15135,Ella_15135,Intern
15136,Finn_15136,Intern
15137,Alice_15137,Intern
15138,Bob_15138,Intern
15139,Carol_15139,Intern
15140,Dave_15140,Intern
15141,Eve_15141,Intern
15142,Frank_15142,Intern
15143,Grace_15143,Intern
15144,Hank_15144,Intern
15145,Iris_15145,Intern
15146,Jack_15146,Intern
15147,Karen_15147,Intern
15148,Leo_15148,Intern
15149,Maya_15149,Intern
15150,Nate_15150,Intern
15151,Olivia_15151,Intern
15152,Paul_15152,Intern
15153,Quinn_15153,Intern
15154,Rose_15154,Intern
15155,Sam_15155,Intern
15156,Tina_15156,Intern
15157,Uma_15157,Intern
15158,Victor_15158,Intern
15159,Wendy_15159,Intern
15160,Xander_15160,Intern
15161,Yara_15161,Intern
15162,Zack_15162,Intern
15163,Ava_15163,Intern
15164,Ben_15164,Intern
15165,Chloe_15165,Intern
15166,Dylan_15166,Intern
15167,Ella_15167,Intern
15168,Finn_15168,Intern
15169,Alice_15169,Intern
15170,Bob_15170,Intern
15171,Carol_15171,Intern
15172,Dave_15172,Intern
15173,Eve_15173,Intern
15174,Frank_15174,Intern
15175,Grace_15175,Intern
15176,Hank_15176,Intern
15177,Iris_15177,Intern
15178,Jack_15178,Intern
15179,Karen_15179,Intern
15180,Leo_15180,Intern
15181,Maya_15181,Intern
15182,Nate_15182,Intern
15183,Olivia_15183,Intern
15184,Paul_15184,Intern
15185,Quinn_15185,Intern
15186,Rose_15186,Intern
15187,Sam_15187,Intern
15188,Tina_15188,Intern
15189,Uma_15189,Intern
15190,Victor_15190,Intern
15191,Wendy_15191,Intern
15192,Xander_15192,Intern
15193,Yara_15193,Intern
15194,Zack_15194,Intern
15195,Ava_15195,Intern
15196,Ben_15196,Intern
15197,Chloe_15197,Intern
15198,Dylan_15198,Intern
15199,Ella_15199,Intern
15200,Finn_15200,Intern
15201,Alice_15201,Intern
15202,Bob_15202,Intern
15203,Carol_15203,Intern
15204,Dave_15204,Intern
15205,Eve_15205,Intern
15206,Frank_15206,Intern
15207,Grace_15207,Intern
15208,Hank_15208,Intern
15209,Iris_15209,Intern
15210,Jack_15210,Intern
15211,Karen_15211,Intern
15212,Leo_15212,Intern
15213,Maya_15213,Intern
15214,Nate_15214,Intern
15215,Olivia_15215,Intern
15216,Paul_15216,Intern
15217,Quinn_15217,Intern
15218,Rose_15218,Intern
15219,Sam_15219,Intern
15220,Tina_15220,Intern
15221,Uma_15221,Intern
15222,Victor_15222,Intern
15223,Wendy_15223,Intern
15224,Xander_15224,Intern
15225,Yara_15225,Intern
15226,Zack_15226,Intern
15227,Ava_15227,Intern
15228,Ben_15228,Intern
15229,Chloe_15229,Intern
15230,Dylan_15230,Intern
15231,Ella_15231,Intern
15232,Finn_15232,Intern
15233,Alice_15233,Intern
15234,Bob_15234,Intern
15235,Carol_15235,Intern
15236,Dave_15236,Intern
15237,Eve_15237,Intern
15238,Frank_15238,Intern
15239,Grace_15239,Intern
15240,Hank_15240,Intern
15241,Iris_15241,Intern
15242,Jack_15242,Intern
15243,Karen_15243,Intern
15244,Leo_15244,Intern
15245,Maya_15245,Intern
15246,Nate_15246,Intern
15247,Olivia_15247,Intern
15248,Paul_15248,Intern
15249,Quinn_15249,Intern
15250,Rose_15250,Intern
15251,Sam_15251,Intern
15252,Tina_15252,Intern
15253,Uma_15253,Intern
15254,Victor_15254,Intern
15255,Wendy_15255,Intern
15256,Xander_15256,Intern
15257,Yara_15257,Intern
15258,Zack_15258,Intern
15259,Ava_15259,Intern
15260,Ben_15260,Intern
15261,Chloe_15261,Intern
15262,Dylan_15262,Intern
15263,Ella_15263,Intern
15264,Finn_15264,Intern
15265,Alice_15265,Intern
15266,Bob_15266,Intern
15267,Carol_15267,Intern
15268,Dave_15268,Intern
15269,Eve_15269,Intern
15270,Frank_15270,Intern
15271,Grace_15271,Intern
15272,Hank_15272,Intern
15273,Iris_15273,Intern
15274,Jack_15274,Intern
15275,Karen_15275,Intern
15276,Leo_15276,Intern
15277,Maya_15277,Intern
15278,Nate_15278,Intern
15279,Olivia_15279,Intern
15280,Paul_15280,Intern
15281,Quinn_15281,Intern
15282,Rose_15282,Intern
15283,Sam_15283,Intern
15284,Tina_15284,Intern
15285,Uma_15285,Intern
15286,Victor_15286,Intern
15287,Wendy_15287,Intern
15288,Xander_15288,Intern
15289,Yara_15289,Intern
15290,Zack_15290,Intern
15291,Ava_15291,Intern
15292,Ben_15292,Intern
15293,Chloe_15293,Intern
15294,Dylan_15294,Intern
15295,Ella_15295,Intern
15296,Finn_15296,Intern
15297,Alice_15297,Intern
15298,Bob_15298,Intern
15299,Carol_15299,Intern
15300,Dave_15300,Intern
15301,Eve_15301,Intern
15302,Frank_15302,Intern
15303,Grace_15303,Intern
15304,Hank_15304,Intern
15305,Iris_15305,Intern
15306,Jack_15306,Intern
15307,Karen_15307,Intern
15308,Leo_15308,Intern
15309,Maya_15309,Intern
15310,Nate_15310,Intern
15311,Olivia_15311,Intern
15312,Paul_15312,Intern
15313,Quinn_15313,Intern
15314,Rose_15314,Intern
15315,Sam_15315,Intern
15316,Tina_15316,Intern
15317,Uma_15317,Intern
15318,Victor_15318,Intern
15319,Wendy_15319,Intern
15320,Xander_15320,Intern
15321,Yara_15321,Intern
15322,Zack_15322,Intern
15323,Ava_15323,Intern
15324,Ben_15324,Intern
15325,Chloe_15325,Intern
15326,Dylan_15326,Intern
15327,Ella_15327,Intern
15328,Finn_15328,Intern
15329,Alice_15329,Intern
15330,Bob_15330,Intern
15331,Carol_15331,Intern
15332,Dave_15332,Intern
15333,Eve_15333,Intern
15334,Frank_15334,Intern
15335,Grace_15335,Intern
15336,Hank_15336,Intern
15337,Iris_15337,Intern
15338,Jack_15338,Intern
15339,Karen_15339,Intern
15340,Leo_15340,Intern
15341,Maya_15341,Intern
15342,Nate_15342,Intern
15343,Olivia_15343,Intern
15344,Paul_15344,Intern
15345,Quinn_15345,Intern
15346,Rose_15346,Intern
15347,Sam_15347,Intern
15348,Tina_15348,Intern
15349,Uma_15349,Intern
15350,Victor_15350,Intern
15351,Wendy_15351,Intern
15352,Xander_15352,Intern
15353,Yara_15353,Intern
15354,Zack_15354,Intern
15355,Ava_15355,Intern
15356,Ben_15356,Intern
15357,Chloe_15357,Intern
15358,Dylan_15358,Intern
15359,Ella_15359,Intern
15360,Finn_15360,Intern
15361,Alice_15361,Intern
15362,Bob_15362,Intern
15363,Carol_15363,Intern
15364,Dave_15364,Intern
15365,Eve_15365,Intern
15366,Frank_15366,Intern
15367,Grace_15367,Intern
15368,Hank_15368,Intern
15369,Iris_15369,Intern
15370,Jack_15370,Intern
15371,Karen_15371,Intern
15372,Leo_15372,Intern
15373,Maya_15373,Intern
15374,Nate_15374,Intern
15375,Olivia_15375,Intern
15376,Paul_15376,Intern
15377,Quinn_15377,Intern
15378,Rose_15378,Intern
15379,Sam_15379,Intern
15380,Tina_15380,Intern
15381,Uma_15381,Intern
15382,Victor_15382,Intern
15383,Wendy_15383,Intern
15384,Xander_15384,Intern
15385,Yara_15385,Intern
15386,Zack_15386,Intern
15387,Ava_15387,Intern
15388,Ben_15388,Intern
15389,Chloe_15389,Intern
15390,Dylan_15390,Intern
15391,Ella_15391,Intern
15392,Finn_15392,Intern
15393,Alice_15393,Intern
15394,Bob_15394,Intern
15395,Carol_15395,Intern
15396,Dave_15396,Intern
15397,Eve_15397,Intern
15398,Frank_15398,Intern
15399,Grace_15399,Intern
15400,Hank_15400,Intern
15401,Iris_15401,Intern
15402,Jack_15402,Intern
15403,Karen_15403,Intern
15404,Leo_15404,Intern
15405,Maya_15405,Intern
15406,Nate_15406,Intern
15407,Olivia_15407,Intern
15408,Paul_15408,Intern
15409,Quinn_15409,Intern
15410,Rose_15410,Intern
15411,Sam_15411,Intern
15412,Tina_15412,Intern
15413,Uma_15413,Intern
15414,Victor_15414,Intern
15415,Wendy_15415,Intern
15416,Xander_15416,Intern
15417,Yara_15417,Intern
15418,Zack_15418,Intern
15419,Ava_15419,Intern
15420,Ben_15420,Intern
15421,Chloe_15421,Intern
15422,Dylan_15422,Intern
15423,Ella_15423,Intern
15424,Finn_15424,Intern
15425,Alice_15425,Intern
15426,Bob_15426,Intern
15427,Carol_15427,Intern
15428,Dave_15428,Intern
15429,Eve_15429,Intern
15430,Frank_15430,Intern
15431,Grace_15431,Intern
15432,Hank_15432,Intern
15433,Iris_15433,Intern
15434,Jack_15434,Intern
15435,Karen_15435,Intern
15436,Leo_15436,Intern
15437,Maya_15437,Intern
15438,Nate_15438,Intern
15439,Olivia_15439,Intern
15440,Paul_15440,Intern
15441,Quinn_15441,Intern
15442,Rose_15442,Intern
15443,Sam_15443,Intern
15444,Tina_15444,Intern
15445,Uma_15445,Intern
15446,Victor_15446,Intern
15447,Wendy_15447,Intern
15448,Xander_15448,Intern
15449,Yara_15449,Intern
15450,Zack_15450,Intern
15451,Ava_15451,Intern
15452,Ben_15452,Intern
15453,Chloe_15453,Intern
15454,Dylan_15454,Intern
15455,Ella_15455,Intern
15456,Finn_15456,Intern
15457,Alice_15457,Intern
15458,Bob_15458,Intern
15459,Carol_15459,Intern
15460,Dave_15460,Intern
15461,Eve_15461,Intern
15462,Frank_15462,Intern
15463,Grace_15463,Intern
15464,Hank_15464,Intern
15465,Iris_15465,Intern
15466,Jack_15466,Intern
15467,Karen_15467,Intern
15468,Leo_15468,Intern
15469,Maya_15469,Intern
15470,Nate_15470,Intern
15471,Olivia_15471,Intern
15472,Paul_15472,Intern
15473,Quinn_15473,Intern
15474,Rose_15474,Intern
15475,Sam_15475,Intern
15476,Tina_15476,Intern
15477,Uma_15477,Intern
15478,Victor_15478,Intern
15479,Wendy_15479,Intern
15480,Xander_15480,Intern
15481,Yara_15481,Intern
15482,Zack_15482,Intern
15483,Ava_15483,Intern
15484,Ben_15484,Intern
15485,Chloe_15485,Intern
15486,Dylan_15486,Intern
15487,Ella_15487,Intern
15488,Finn_15488,Intern
15489,Alice_15489,Intern
15490,Bob_15490,Intern
15491,Carol_15491,Intern
15492,Dave_15492,Intern
15493,Eve_15493,Intern
15494,Frank_15494,Intern
15495,Grace_15495,Intern
15496,Hank_15496,Intern
15497,Iris_15497,Intern
15498,Jack_15498,Intern
15499,Karen_15499,Intern
15500,Leo_15500,Intern
15501,Maya_15501,Intern
15502,Nate_15502,Intern
15503,Olivia_15503,Intern
15504,Paul_15504,Intern
15505,Quinn_15505,Intern
15506,Rose_15506,Intern
15507,Sam_15507,Intern
15508,Tina_15508,Intern
15509,Uma_15509,Intern
15510,Victor_15510,Intern
15511,Wendy_15511,Intern
15512,Xander_15512,Intern
15513,Yara_15513,Intern
15514,Zack_15514,Intern
15515,Ava_15515,Intern
15516,Ben_15516,Intern
15517,Chloe_15517,Intern
15518,Dylan_15518,Intern
15519,Ella_15519,Intern
15520,Finn_15520,Intern
15521,Alice_15521,Intern
15522,Bob_15522,Intern
15523,Carol_15523,Intern
15524,Dave_15524,Intern
15525,Eve_15525,Intern
15526,Frank_15526,Intern
15527,Grace_15527,Intern
15528,Hank_15528,Intern
15529,Iris_15529,Intern
15530,Jack_15530,Intern
15531,Karen_15531,Intern
15532,Leo_15532,Intern
15533,Maya_15533,Intern
15534,Nate_15534,Intern
15535,Olivia_15535,Intern
15536,Paul_15536,Intern
15537,Quinn_15537,Intern
15538,Rose_15538,Intern
15539,Sam_15539,Intern
15540,Tina_15540,Intern
15541,Uma_15541,Intern
15542,Victor_15542,Intern
15543,Wendy_15543,Intern
15544,Xander_15544,Intern
15545,Yara_15545,Intern
15546,Zack_15546,Intern
15547,Ava_15547,Intern
15548,Ben_15548,Intern
15549,Chloe_15549,Intern
15550,Dylan_15550,Intern
15551,Ella_15551,Intern
15552,Finn_15552,Intern
15553,Alice_15553,Intern
15554,Bob_15554,Intern
15555,Carol_15555,Intern
15556,Dave_15556,Intern
15557,Eve_15557,Intern
15558,Frank_15558,Intern
15559,Grace_15559,Intern
15560,Hank_15560,Intern
15561,Iris_15561,Intern
15562,Jack_15562,Intern
15563,Karen_15563,Intern
15564,Leo_15564,Intern
15565,Maya_15565,Intern
15566,Nate_15566,Intern
15567,Olivia_15567,Intern
15568,Paul_15568,Intern
15569,Quinn_15569,Intern
15570,Rose_15570,Intern
15571,Sam_15571,Intern
15572,Tina_15572,Intern
15573,Uma_15573,Intern
15574,Victor_15574,Intern
15575,Wendy_15575,Intern
15576,Xander_15576,Intern
15577,Yara_15577,Intern
15578,Zack_15578,Intern
15579,Ava_15579,Intern
15580,Ben_15580,Intern
15581,Chloe_15581,Intern
15582,Dylan_15582,Intern
15583,Ella_15583,Intern
15584,Finn_15584,Intern
15585,Alice_15585,Intern
15586,Bob_15586,Intern
15587,Carol_15587,Intern
15588,Dave_15588,Intern
15589,Eve_15589,Intern
15590,Frank_15590,Intern
15591,Grace_15591,Intern
15592,Hank_15592,Intern
15593,Iris_15593,Intern
15594,Jack_15594,Intern
15595,Karen_15595,Intern
15596,Leo_15596,Intern
15597,Maya_15597,Intern
15598,Nate_15598,Intern
15599,Olivia_15599,Intern
15600,Paul_15600,Intern
15601,Quinn_15601,Intern
15602,Rose_15602,Intern
15603,Sam_15603,Intern
15604,Tina_15604,Intern
15605,Uma_15605,Intern
15606,Victor_15606,Intern
15607,Wendy_15607,Intern
15608,Xander_15608,Intern
15609,Yara_15609,Intern
15610,Zack_15610,Intern
15611,Ava_15611,Intern
15612,Ben_15612,Intern
15613,Chloe_15613,Intern
15614,Dylan_15614,Intern
15615,Ella_15615,Intern
15616,Finn_15616,Intern
15617,Alice_15617,Intern
15618,Bob_15618,Intern
15619,Carol_15619,Intern
15620,Dave_15620,Intern
15621,Eve_15621,Intern
15622,Frank_15622,Intern
15623,Grace_15623,Intern
15624,Hank_15624,Intern
15625,Iris_15625,Intern
15626,Jack_15626,Intern
15627,Karen_15627,Intern
15628,Leo_15628,Intern
15629,Maya_15629,Intern
15630,Nate_15630,Intern
15631,Olivia_15631,Intern
15632,Paul_15632,Intern
15633,Quinn_15633,Intern
15634,Rose_15634,Intern
15635,Sam_15635,Intern
15636,Tina_15636,Intern
15637,Uma_15637,Intern
15638,Victor_15638,Intern
15639,Wendy_15639,Intern
15640,Xander_15640,Intern
15641,Yara_15641,Intern
15642,Zack_15642,Intern
15643,Ava_15643,Intern
15644,Ben_15644,Intern
15645,Chloe_15645,Intern
15646,Dylan_15646,Intern
15647,Ella_15647,Intern
15648,Finn_15648,Intern
15649,Alice_15649,Intern
15650,Bob_15650,Intern
15651,Carol_15651,Intern
15652,Dave_15652,Intern
15653,Eve_15653,Intern
15654,Frank_15654,Intern
15655,Grace_15655,Intern
15656,Hank_15656,Intern
15657,Iris_15657,Intern
15658,Jack_15658,Intern
15659,Karen_15659,Intern
15660,Leo_15660,Intern
15661,Maya_15661,Intern
15662,Nate_15662,Intern
15663,Olivia_15663,Intern
15664,Paul_15664,Intern
15665,Quinn_15665,Intern
15666,Rose_15666,Intern
15667,Sam_15667,Intern
15668,Tina_15668,Intern
15669,Uma_15669,Intern
15670,Victor_15670,Intern
15671,Wendy_15671,Intern
15672,Xander_15672,Intern
15673,Yara_15673,Intern
15674,Zack_15674,Intern
15675,Ava_15675,Intern
15676,Ben_15676,Intern
15677,Chloe_15677,Intern
15678,Dylan_15678,Intern
15679,Ella_15679,Intern
15680,Finn_15680,Intern
15681,Alice_15681,Intern
15682,Bob_15682,Intern
15683,Carol_15683,Intern
15684,Dave_15684,Intern
15685,Eve_15685,Intern
15686,Frank_15686,Intern
15687,Grace_15687,Intern
15688,Hank_15688,Intern
15689,Iris_15689,Intern
15690,Jack_15690,Intern
15691,Karen_15691,Intern
15692,Leo_15692,Intern
15693,Maya_15693,Intern
15694,Nate_15694,Intern
15695,Olivia_15695,Intern
15696,Paul_15696,Intern
15697,Quinn_15697,Intern
15698,Rose_15698,Intern
15699,Sam_15699,Intern
15700,Tina_15700,Intern
15701,Uma_15701,Intern
15702,Victor_15702,Intern
15703,Wendy_15703,Intern
15704,Xander_15704,Intern
15705,Yara_15705,Intern
15706,Zack_15706,Intern
15707,Ava_15707,Intern
15708,Ben_15708,Intern
15709,Chloe_15709,Intern
15710,Dylan_15710,Intern
15711,Ella_15711,Intern
15712,Finn_15712,Intern
15713,Alice_15713,Intern
15714,Bob_15714,Intern
15715,Carol_15715,Intern
15716,Dave_15716,Intern
15717,Eve_15717,Intern
15718,Frank_15718,Intern
15719,Grace_15719,Intern
15720,Hank_15720,Intern
15721,Iris_15721,Intern
15722,Jack_15722,Intern
15723,Karen_15723,Intern
15724,Leo_15724,Intern
15725,Maya_15725,Intern
15726,Nate_15726,Intern
15727,Olivia_15727,Intern
15728,Paul_15728,Intern
15729,Quinn_15729,Intern
15730,Rose_15730,Intern
15731,Sam_15731,Intern
15732,Tina_15732,Intern
15733,Uma_15733,Intern
15734,Victor_15734,Intern
15735,Wendy_15735,Intern
15736,Xander_15736,Intern
15737,Yara_15737,Intern
15738,Zack_15738,Intern
15739,Ava_15739,Intern
15740,Ben_15740,Intern
15741,Chloe_15741,Intern
15742,Dylan_15742,Intern
15743,Ella_15743,Intern
15744,Finn_15744,Intern
15745,Alice_15745,Intern
15746,Bob_15746,Intern
15747,Carol_15747,Intern
15748,Dave_15748,Intern
15749,Eve_15749,Intern
15750,Frank_15750,Intern
15751,Grace_15751,Intern
15752,Hank_15752,Intern
15753,Iris_15753,Intern
15754,Jack_15754,Intern
15755,Karen_15755,Intern
15756,Leo_15756,Intern
15757,Maya_15757,Intern
15758,Nate_15758,Intern
15759,Olivia_15759,Intern
15760,Paul_15760,Intern
15761,Quinn_15761,Intern
15762,Rose_15762,Intern
15763,Sam_15763,Intern
15764,Tina_15764,Intern
15765,Uma_15765,Intern
15766,Victor_15766,Intern
15767,Wendy_15767,Intern
15768,Xander_15768,Intern
15769,Yara_15769,Intern
15770,Zack_15770,Intern
15771,Ava_15771,Intern
15772,Ben_15772,Intern
15773,Chloe_15773,Intern
15774,Dylan_15774,Intern
15775,Ella_15775,Intern
15776,Finn_15776,Intern
15777,Alice_15777,Intern
15778,Bob_15778,Intern
15779,Carol_15779,Intern
15780,Dave_15780,Intern
15781,Eve_15781,Intern
15782,Frank_15782,Intern
15783,Grace_15783,Intern
15784,Hank_15784,Intern
15785,Iris_15785,Intern
15786,Jack_15786,Intern
15787,Karen_15787,Intern
15788,Leo_15788,Intern
15789,Maya_15789,Intern
15790,Nate_15790,Intern
15791,Olivia_15791,Intern
15792,Paul_15792,Intern
15793,Quinn_15793,Intern
15794,Rose_15794,Intern
15795,Sam_15795,Intern
15796,Tina_15796,Intern
15797,Uma_15797,Intern
15798,Victor_15798,Intern
15799,Wendy_15799,Intern
15800,Xander_15800,Intern
15801,Yara_15801,Intern
15802,Zack_15802,Intern
15803,Ava_15803,Intern
15804,Ben_15804,Intern
15805,Chloe_15805,Intern
15806,Dylan_15806,Intern
15807,Ella_15807,Intern
15808,Finn_15808,Intern
15809,Alice_15809,Intern
15810,Bob_15810,Intern
15811,Carol_15811,Intern
15812,Dave_15812,Intern
15813,Eve_15813,Intern
15814,Frank_15814,Intern
15815,Grace_15815,Intern
15816,Hank_15816,Intern
15817,Iris_15817,Intern
15818,Jack_15818,Intern
15819,Karen_15819,Intern
15820,Leo_15820,Intern
15821,Maya_15821,Intern
15822,Nate_15822,Intern
15823,Olivia_15823,Intern
15824,Paul_15824,Intern
15825,Quinn_15825,Intern
15826,Rose_15826,Intern
15827,Sam_15827,Intern
15828,Tina_15828,Intern
15829,Uma_15829,Intern
15830,Victor_15830,Intern
15831,Wendy_15831,Intern
15832,Xander_15832,Intern
15833,Yara_15833,Intern
15834,Zack_15834,Intern
15835,Ava_15835,Intern
15836,Ben_15836,Intern
15837,Chloe_15837,Intern
15838,Dylan_15838,Intern
15839,Ella_15839,Intern
15840,Finn_15840,Intern
15841,Alice_15841,Intern
15842,Bob_15842,Intern
15843,Carol_15843,Intern
15844,Dave_15844,Intern
15845,Eve_15845,Intern
15846,Frank_15846,Intern
15847,Grace_15847,Intern
15848,Hank_15848,Intern
15849,Iris_15849,Intern
15850,Jack_15850,Intern
15851,Karen_15851,Intern
15852,Leo_15852,Intern
15853,Maya_15853,Intern
15854,Nate_15854,Intern
15855,Olivia_15855,Intern
15856,Paul_15856,Intern
15857,Quinn_15857,Intern
15858,Rose_15858,Intern
15859,Sam_15859,Intern
15860,Tina_15860,Intern
15861,Uma_15861,Intern
15862,Victor_15862,Intern
15863,Wendy_15863,Intern
15864,Xander_15864,Intern
15865,Yara_15865,Intern
15866,Zack_15866,Intern
15867,Ava_15867,Intern
15868,Ben_15868,Intern
15869,Chloe_15869,Intern
15870,Dylan_15870,Intern
15871,Ella_15871,Intern
15872,Finn_15872,Intern
15873,Alice_15873,Intern
15874,Bob_15874,Intern
15875,Carol_15875,Intern
15876,Dave_15876,Intern
15877,Eve_15877,Intern
15878,Frank_15878,Intern
15879,Grace_15879,Intern
15880,Hank_15880,Intern
15881,Iris_15881,Intern
15882,Jack_15882,Intern
15883,Karen_15883,Intern
15884,Leo_15884,Intern
15885,Maya_15885,Intern
15886,Nate_15886,Intern
15887,Olivia_15887,Intern
15888,Paul_15888,Intern
15889,Quinn_15889,Intern
15890,Rose_15890,Intern
15891,Sam_15891,Intern
15892,Tina_15892,Intern
15893,Uma_15893,Intern
15894,Victor_15894,Intern
15895,Wendy_15895,Intern
15896,Xander_15896,Intern
15897,Yara_15897,Intern
15898,Zack_15898,Intern
15899,Ava_15899,Intern
15900,Ben_15900,Intern
15901,Chloe_15901,Intern
15902,Dylan_15902,Intern
15903,Ella_15903,Intern
15904,Finn_15904,Intern
15905,Alice_15905,Intern
15906,Bob_15906,Intern
15907,Carol_15907,Intern
15908,Dave_15908,Intern
15909,Eve_15909,Intern
15910,Frank_15910,Intern
15911,Grace_15911,Intern
15912,Hank_15912,Intern
15913,Iris_15913,Intern
15914,Jack_15914,Intern
15915,Karen_15915,Intern
15916,Leo_15916,Intern
15917,Maya_15917,Intern
15918,Nate_15918,Intern
15919,Olivia_15919,Intern
15920,Paul_15920,Intern
15921,Quinn_15921,Intern
15922,Rose_15922,Intern
15923,Sam_15923,Intern
15924,Tina_15924,Intern
15925,Uma_15925,Intern
15926,Victor_15926,Intern
15927,Wendy_15927,Intern
15928,Xander_15928,Intern
15929,Yara_15929,Intern
15930,Zack_15930,Intern
15931,Ava_15931,Intern
15932,Ben_15932,Intern
15933,Chloe_15933,Intern
15934,Dylan_15934,Intern
15935,Ella_15935,Intern
15936,Finn_15936,Intern
15937,Alice_15937,Intern
15938,Bob_15938,Intern
15939,Carol_15939,Intern
15940,Dave_15940,Intern
15941,Eve_15941,Intern
15942,Frank_15942,Intern
15943,Grace_15943,Intern
15944,Hank_15944,Intern
15945,Iris_15945,Intern
15946,Jack_15946,Intern
15947,Karen_15947,Intern
15948,Leo_15948,Intern
15949,Maya_15949,Intern
15950,Nate_15950,Intern
15951,Olivia_15951,Intern
15952,Paul_15952,Intern
15953,Quinn_15953,Intern
15954,Rose_15954,Intern
15955,Sam_15955,Intern
15956,Tina_15956,Intern
15957,Uma_15957,Intern
15958,Victor_15958,Intern
15959,Wendy_15959,Intern
15960,Xander_15960,Intern
15961,Yara_15961,Intern
15962,Zack_15962,Intern
15963,Ava_15963,Intern
15964,Ben_15964,Intern
15965,Chloe_15965,Intern
15966,Dylan_15966,Intern
15967,Ella_15967,Intern
15968,Finn_15968,Intern
15969,Alice_15969,Intern
15970,Bob_15970,Intern
15971,Carol_15971,Intern
15972,Dave_15972,Intern
15973,Eve_15973,Intern
15974,Frank_15974,Intern
15975,Grace_15975,Intern
15976,Hank_15976,Intern
15977,Iris_15977,Intern
15978,Jack_15978,Intern
15979,Karen_15979,Intern
15980,Leo_15980,Intern
15981,Maya_15981,Intern
15982,Nate_15982,Intern
15983,Olivia_15983,Intern
15984,Paul_15984,Intern
15985,Quinn_15985,Intern
15986,Rose_15986,Intern
15987,Sam_15987,Intern
15988,Tina_15988,Intern
15989,Uma_15989,Intern
15990,Victor_15990,Intern
15991,Wendy_15991,Intern
15992,Xander_15992,Intern
15993,Yara_15993,Intern
15994,Zack_15994,Intern
15995,Ava_15995,Intern
15996,Ben_15996,Intern
15997,Chloe_15997,Intern
15998,Dylan_15998,Intern
15999,Ella_15999,Intern
16000,Finn_16000,Intern
16001,Alice_16001,Intern
16002,Bob_16002,Intern
16003,Carol_16003,Intern
16004,Dave_16004,Intern
16005,Eve_16005,Intern
16006,Frank_16006,Intern
16007,Grace_16007,Intern
16008,Hank_16008,Intern
16009,Iris_16009,Intern
16010,Jack_16010,Intern
16011,Karen_16011,Intern
16012,Leo_16012,Intern
16013,Maya_16013,Intern
16014,Nate_16014,Intern
16015,Olivia_16015,Intern
16016,Paul_16016,Intern
16017,Quinn_16017,Intern
16018,Rose_16018,Intern
16019,Sam_16019,Intern
16020,Tina_16020,Intern
16021,Uma_16021,Intern
16022,Victor_16022,Intern
16023,Wendy_16023,Intern
16024,Xander_16024,Intern
16025,Yara_16025,Intern
16026,Zack_16026,Intern
16027,Ava_16027,Intern
16028,Ben_16028,Intern
16029,Chloe_16029,Intern
16030,Dylan_16030,Intern
16031,Ella_16031,Intern
16032,Finn_16032,Intern
16033,Alice_16033,Intern
16034,Bob_16034,Intern
16035,Carol_16035,Intern
16036,Dave_16036,Intern
16037,Eve_16037,Intern
16038,Frank_16038,Intern
16039,Grace_16039,Intern
16040,Hank_16040,Intern
16041,Iris_16041,Intern
16042,Jack_16042,Intern
16043,Karen_16043,Intern
16044,Leo_16044,Intern
16045,Maya_16045,Intern
16046,Nate_16046,Intern
16047,Olivia_16047,Intern
16048,Paul_16048,Intern
16049,Quinn_16049,Intern
16050,Rose_16050,Intern
16051,Sam_16051,Intern
16052,Tina_16052,Intern
16053,Uma_16053,Intern
16054,Victor_16054,Intern
16055,Wendy_16055,Intern
16056,Xander_16056,Intern
16057,Yara_16057,Intern
16058,Zack_16058,Intern
16059,Ava_16059,Intern
16060,Ben_16060,Intern
16061,Chloe_16061,Intern
16062,Dylan_16062,Intern
16063,Ella_16063,Intern
16064,Finn_16064,Intern
16065,Alice_16065,Intern
16066,Bob_16066,Intern
16067,Carol_16067,Intern
16068,Dave_16068,Intern
16069,Eve_16069,Intern
16070,Frank_16070,Intern
16071,Grace_16071,Intern
16072,Hank_16072,Intern
16073,Iris_16073,Intern
16074,Jack_16074,Intern
16075,Karen_16075,Intern
16076,Leo_16076,Intern
16077,Maya_16077,Intern
16078,Nate_16078,Intern
16079,Olivia_16079,Intern
16080,Paul_16080,Intern
16081,Quinn_16081,Intern
16082,Rose_16082,Intern
16083,Sam_16083,Intern
16084,Tina_16084,Intern
16085,Uma_16085,Intern
16086,Victor_16086,Intern
16087,Wendy_16087,Intern
16088,Xander_16088,Intern
16089,Yara_16089,Intern
16090,Zack_16090,Intern
16091,Ava_16091,Intern
16092,Ben_16092,Intern
16093,Chloe_16093,Intern
16094,Dylan_16094,Intern
16095,Ella_16095,Intern
16096,Finn_16096,Intern
16097,Alice_16097,Intern
16098,Bob_16098,Intern
16099,Carol_16099,Intern
16100,Dave_16100,Intern
16101,Eve_16101,Intern
16102,Frank_16102,Intern
16103,Grace_16103,Intern
16104,Hank_16104,Intern
16105,Iris_16105,Intern
16106,Jack_16106,Intern
16107,Karen_16107,Intern
16108,Leo_16108,Intern
16109,Maya_16109,Intern
16110,Nate_16110,Intern
16111,Olivia_16111,Intern
16112,Paul_16112,Intern
16113,Quinn_16113,Intern
16114,Rose_16114,Intern
16115,Sam_16115,Intern
16116,Tina_16116,Intern
16117,Uma_16117,Intern
16118,Victor_16118,Intern
16119,Wendy_16119,Intern
16120,Xander_16120,Intern
16121,Yara_16121,Intern
16122,Zack_16122,Intern
16123,Ava_16123,Intern
16124,Ben_16124,Intern
16125,Chloe_16125,Intern
16126,Dylan_16126,Intern
16127,Ella_16127,Intern
16128,Finn_16128,Intern
16129,Alice_16129,Intern
16130,Bob_16130,Intern
16131,Carol_16131,Intern
16132,Dave_16132,Intern
16133,Eve_16133,Intern
16134,Frank_16134,Intern
16135,Grace_16135,Intern
16136,Hank_16136,Intern
16137,Iris_16137,Intern
16138,Jack_16138,Intern
16139,Karen_16139,Intern
16140,Leo_16140,Intern
16141,Maya_16141,Intern
16142,Nate_16142,Intern
16143,Olivia_16143,Intern
16144,Paul_16144,Intern
16145,Quinn_16145,Intern
16146,Rose_16146,Intern
16147,Sam_16147,Intern
16148,Tina_16148,Intern
16149,Uma_16149,Intern
16150,Victor_16150,Intern
16151,Wendy_16151,Intern
16152,Xander_16152,Intern
16153,Yara_16153,Intern
16154,Zack_16154,Intern
16155,Ava_16155,Intern
16156,Ben_16156,Intern
16157,Chloe_16157,Intern
16158,Dylan_16158,Intern
16159,Ella_16159,Intern
16160,Finn_16160,Intern
16161,Alice_16161,Intern
16162,Bob_16162,Intern
16163,Carol_16163,Intern
16164,Dave_16164,Intern
16165,Eve_16165,Intern
16166,Frank_16166,Intern
16167,Grace_16167,Intern
16168,Hank_16168,Intern
16169,Iris_16169,Intern
16170,Jack_16170,Intern
16171,Karen_16171,Intern
16172,Leo_16172,Intern
16173,Maya_16173,Intern
16174,Nate_16174,Intern
16175,Olivia_16175,Intern
16176,Paul_16176,Intern
16177,Quinn_16177,Intern
16178,Rose_16178,Intern
16179,Sam_16179,Intern
16180,Tina_16180,Intern
16181,Uma_16181,Intern
16182,Victor_16182,Intern
16183,Wendy_16183,Intern
16184,Xander_16184,Intern
16185,Yara_16185,Intern
16186,Zack_16186,Intern
16187,Ava_16187,Intern
16188,Ben_16188,Intern
16189,Chloe_16189,Intern
16190,Dylan_16190,Intern
16191,Ella_16191,Intern
16192,Finn_16192,Intern
16193,Alice_16193,Intern
16194,Bob_16194,Intern
16195,Carol_16195,Intern
16196,Dave_16196,Intern
16197,Eve_16197,Intern
16198,Frank_16198,Intern
16199,Grace_16199,Intern
16200,Hank_16200,Intern
16201,Iris_16201,Intern
16202,Jack_16202,Intern
16203,Karen_16203,Intern
16204,Leo_16204,Intern
16205,Maya_16205,Intern
16206,Nate_16206,Intern
16207,Olivia_16207,Intern
16208,Paul_16208,Intern
16209,Quinn_16209,Intern
16210,Rose_16210,Intern
16211,Sam_16211,Intern
16212,Tina_16212,Intern
16213,Uma_16213,Intern
16214,Victor_16214,Intern
16215,Wendy_16215,Intern
16216,Xander_16216,Intern
16217,Yara_16217,Intern
16218,Zack_16218,Intern
16219,Ava_16219,Intern
16220,Ben_16220,Intern
16221,Chloe_16221,Intern
16222,Dylan_16222,Intern
16223,Ella_16223,Intern
16224,Finn_16224,Intern
16225,Alice_16225,Intern
16226,Bob_16226,Intern
16227,Carol_16227,Intern
16228,Dave_16228,Intern
16229,Eve_16229,Intern
16230,Frank_16230,Intern
16231,Grace_16231,Intern
16232,Hank_16232,Intern
16233,Iris_16233,Intern
16234,Jack_16234,Intern
16235,Karen_16235,Intern
16236,Leo_16236,Intern
16237,Maya_16237,Intern
16238,Nate_16238,Intern
16239,Olivia_16239,Intern
16240,Paul_16240,Intern
16241,Quinn_16241,Intern
16242,Rose_16242,Intern
16243,Sam_16243,Intern
16244,Tina_16244,Intern
16245,Uma_16245,Intern
16246,Victor_16246,Intern
16247,Wendy_16247,Intern
16248,Xander_16248,Intern
16249,Yara_16249,Intern
16250,Zack_16250,Intern
16251,Ava_16251,Intern
16252,Ben_16252,Intern
16253,Chloe_16253,Intern
16254,Dylan_16254,Intern
16255,Ella_16255,Intern
16256,Finn_16256,Intern
16257,Alice_16257,Intern
16258,Bob_16258,Intern
16259,Carol_16259,Intern
16260,Dave_16260,Intern
16261,Eve_16261,Intern
16262,Frank_16262,Intern
16263,Grace_16263,Intern
16264,Hank_16264,Intern
16265,Iris_16265,Intern
16266,Jack_16266,Intern
16267,Karen_16267,Intern
16268,Leo_16268,Intern
16269,Maya_16269,Intern
16270,Nate_16270,Intern
16271,Olivia_16271,Intern
16272,Paul_16272,Intern
16273,Quinn_16273,Intern
16274,Rose_16274,Intern
16275,Sam_16275,Intern
16276,Tina_16276,Intern
16277,Uma_16277,Intern
16278,Victor_16278,Intern
16279,Wendy_16279,Intern
16280,Xander_16280,Intern
16281,Yara_16281,Intern
16282,Zack_16282,Intern
16283,Ava_16283,Intern
16284,Ben_16284,Intern
16285,Chloe_16285,Intern
16286,Dylan_16286,Intern
16287,Ella_16287,Intern
16288,Finn_16288,Intern
16289,Alice_16289,Intern
16290,Bob_16290,Intern
16291,Carol_16291,Intern
16292,Dave_16292,Intern
16293,Eve_16293,Intern
16294,Frank_16294,Intern
16295,Grace_16295,Intern
16296,Hank_16296,Intern
16297,Iris_16297,Intern
16298,Jack_16298,Intern
16299,Karen_16299,Intern
16300,Leo_16300,Intern
16301,Maya_16301,Intern
16302,Nate_16302,Intern
16303,Olivia_16303,Intern
16304,Paul_16304,Intern
16305,Quinn_16305,Intern
16306,Rose_16306,Intern
16307,Sam_16307,Intern
16308,Tina_16308,Intern
16309,Uma_16309,Intern
16310,Victor_16310,Intern
16311,Wendy_16311,Intern
16312,Xander_16312,Intern
16313,Yara_16313,Intern
16314,Zack_16314,Intern
16315,Ava_16315,Intern
16316,Ben_16316,Intern
16317,Chloe_16317,Intern
16318,Dylan_16318,Intern
16319,Ella_16319,Intern
16320,Finn_16320,Intern
16321,Alice_16321,Intern
16322,Bob_16322,Intern
16323,Carol_16323,Intern
16324,Dave_16324,Intern
16325,Eve_16325,Intern
16326,Frank_16326,Intern
16327,Grace_16327,Intern
16328,Hank_16328,Intern
16329,Iris_16329,Intern
16330,Jack_16330,Intern
16331,Karen_16331,Intern
16332,Leo_16332,Intern
16333,Maya_16333,Intern
16334,Nate_16334,Intern
16335,Olivia_16335,Intern
16336,Paul_16336,Intern
16337,Quinn_16337,Intern
16338,Rose_16338,Intern
16339,Sam_16339,Intern
16340,Tina_16340,Intern
16341,Uma_16341,Intern
16342,Victor_16342,Intern
16343,Wendy_16343,Intern
16344,Xander_16344,Intern
16345,Yara_16345,Intern
16346,Zack_16346,Intern
16347,Ava_16347,Intern
16348,Ben_16348,Intern
16349,Chloe_16349,Intern
16350,Dylan_16350,Intern
16351,Ella_16351,Intern
16352,Finn_16352,Intern
16353,Alice_16353,Intern
16354,Bob_16354,Intern
16355,Carol_16355,Intern
16356,Dave_16356,Intern
16357,Eve_16357,Intern
16358,Frank_16358,Intern
16359,Grace_16359,Intern
16360,Hank_16360,Intern
16361,Iris_16361,Intern
16362,Jack_16362,Intern
16363,Karen_16363,Intern
16364,Leo_16364,Intern
16365,Maya_16365,Intern
16366,Nate_16366,Intern
16367,Olivia_16367,Intern
16368,Paul_16368,Intern
16369,Quinn_16369,Intern
16370,Rose_16370,Intern
16371,Sam_16371,Intern
16372,Tina_16372,Intern
16373,Uma_16373,Intern
16374,Victor_16374,Intern
16375,Wendy_16375,Intern
16376,Xander_16376,Intern
16377,Yara_16377,Intern
16378,Zack_16378,Intern
16379,Ava_16379,Intern
16380,Ben_16380,Intern
16381,Chloe_16381,Intern
16382,Dylan_16382,Intern
16383,Ella_16383,Intern
16384,Finn_16384,Intern
16385,Alice_16385,Intern
16386,Bob_16386,Intern
16387,Carol_16387,Intern
16388,Dave_16388,Intern
16389,Eve_16389,Intern
16390,Frank_16390,Intern
16391,Grace_16391,Intern
16392,Hank_16392,Intern
16393,Iris_16393,Intern
16394,Jack_16394,Intern
16395,Karen_16395,Intern
16396,Leo_16396,Intern
16397,Maya_16397,Intern
16398,Nate_16398,Intern
16399,Olivia_16399,Intern
16400,Paul_16400,Intern
16401,Quinn_16401,Intern
16402,Rose_16402,Intern
16403,Sam_16403,Intern
16404,Tina_16404,Intern
16405,Uma_16405,Intern
16406,Victor_16406,Intern
16407,Wendy_16407,Intern
16408,Xander_16408,Intern
16409,Yara_16409,Intern
16410,Zack_16410,Intern
16411,Ava_16411,Intern
16412,Ben_16412,Intern
16413,Chloe_16413,Intern
16414,Dylan_16414,Intern
16415,Ella_16415,Intern
16416,Finn_16416,Intern
16417,Alice_16417,Intern
16418,Bob_16418,Intern
16419,Carol_16419,Intern
16420,Dave_16420,Intern
16421,Eve_16421,Intern
16422,Frank_16422,Intern
16423,Grace_16423,Intern
16424,Hank_16424,Intern
16425,Iris_16425,Intern
16426,Jack_16426,Intern
16427,Karen_16427,Intern
16428,Leo_16428,Intern
16429,Maya_16429,Intern
16430,Nate_16430,Intern
16431,Olivia_16431,Intern
16432,Paul_16432,Intern
16433,Quinn_16433,Intern
16434,Rose_16434,Intern
16435,Sam_16435,Intern
16436,Tina_16436,Intern
16437,Uma_16437,Intern
16438,Victor_16438,Intern
16439,Wendy_16439,Intern
16440,Xander_16440,Intern
16441,Yara_16441,Intern
16442,Zack_16442,Intern
16443,Ava_16443,Intern
16444,Ben_16444,Intern
16445,Chloe_16445,Intern
16446,Dylan_16446,Intern
16447,Ella_16447,Intern
16448,Finn_16448,Intern
16449,Alice_16449,Intern
16450,Bob_16450,Intern
16451,Carol_16451,Intern
16452,Dave_16452,Intern
16453,Eve_16453,Intern
16454,Frank_16454,Intern
16455,Grace_16455,Intern
16456,Hank_16456,Intern
16457,Iris_16457,Intern
16458,Jack_16458,Intern
16459,Karen_16459,Intern
16460,Leo_16460,Intern
16461,Maya_16461,Intern
16462,Nate_16462,Intern
16463,Olivia_16463,Intern
16464,Paul_16464,Intern
16465,Quinn_16465,Intern
16466,Rose_16466,Intern
16467,Sam_16467,Intern
16468,Tina_16468,Intern
16469,Uma_16469,Intern
16470,Victor_16470,Intern
16471,Wendy_16471,Intern
16472,Xander_16472,Intern
16473,Yara_16473,Intern
16474,Zack_16474,Intern
16475,Ava_16475,Intern
16476,Ben_16476,Intern
16477,Chloe_16477,Intern
16478,Dylan_16478,Intern
16479,Ella_16479,Intern
16480,Finn_16480,Intern
16481,Alice_16481,Intern
16482,Bob_16482,Intern
16483,Carol_16483,Intern
16484,Dave_16484,Intern
16485,Eve_16485,Intern
16486,Frank_16486,Intern
16487,Grace_16487,Intern
16488,Hank_16488,Intern
16489,Iris_16489,Intern
16490,Jack_16490,Intern
16491,Karen_16491,Intern
16492,Leo_16492,Intern
16493,Maya_16493,Intern
16494,Nate_16494,Intern
16495,Olivia_16495,Intern
16496,Paul_16496,Intern
16497,Quinn_16497,Intern
16498,Rose_16498,Intern
16499,Sam_16499,Intern
16500,Tina_16500,Intern
16501,Uma_16501,Intern
16502,Victor_16502,Intern
16503,Wendy_16503,Intern
16504,Xander_16504,Intern
16505,Yara_16505,Intern
16506,Zack_16506,Intern
16507,Ava_16507,Intern
16508,Ben_16508,Intern
16509,Chloe_16509,Intern
16510,Dylan_16510,Intern
16511,Ella_16511,Intern
16512,Finn_16512,Intern
16513,Alice_16513,Intern
16514,Bob_16514,Intern
16515,Carol_16515,Intern
16516,Dave_16516,Intern
16517,Eve_16517,Intern
16518,Frank_16518,Intern
16519,Grace_16519,Intern
16520,Hank_16520,Intern
16521,Iris_16521,Intern
16522,Jack_16522,Intern
16523,Karen_16523,Intern
16524,Leo_16524,Intern
16525,Maya_16525,Intern
16526,Nate_16526,Intern
16527,Olivia_16527,Intern
16528,Paul_16528,Intern
16529,Quinn_16529,Intern
16530,Rose_16530,Intern
16531,Sam_16531,Intern
16532,Tina_16532,Intern
16533,Uma_16533,Intern
16534,Victor_16534,Intern
16535,Wendy_16535,Intern
16536,Xander_16536,Intern
16537,Yara_16537,Intern
16538,Zack_16538,Intern
16539,Ava_16539,Intern
16540,Ben_16540,Intern
16541,Chloe_16541,Intern
16542,Dylan_16542,Intern
16543,Ella_16543,Intern
16544,Finn_16544,Intern
16545,Alice_16545,Intern
16546,Bob_16546,Intern
16547,Carol_16547,Intern
16548,Dave_16548,Intern
16549,Eve_16549,Intern
16550,Frank_16550,Intern
16551,Grace_16551,Intern
16552,Hank_16552,Intern
16553,Iris_16553,Intern
16554,Jack_16554,Intern
16555,Karen_16555,Intern
16556,Leo_16556,Intern
16557,Maya_16557,Intern
16558,Nate_16558,Intern
16559,Olivia_16559,Intern
16560,Paul_16560,Intern
16561,Quinn_16561,Intern
16562,Rose_16562,Intern
16563,Sam_16563,Intern
16564,Tina_16564,Intern
16565,Uma_16565,Intern
16566,Victor_16566,Intern
16567,Wendy_16567,Intern
16568,Xander_16568,Intern
16569,Yara_16569,Intern
16570,Zack_16570,Intern
16571,Ava_16571,Intern
16572,Ben_16572,Intern
16573,Chloe_16573,Intern
16574,Dylan_16574,Intern
16575,Ella_16575,Intern
16576,Finn_16576,Intern
16577,Alice_16577,Intern
16578,Bob_16578,Intern
16579,Carol_16579,Intern
16580,Dave_16580,Intern
16581,Eve_16581,Intern
16582,Frank_16582,Intern
16583,Grace_16583,Intern
16584,Hank_16584,Intern
16585,Iris_16585,Intern
16586,Jack_16586,Intern
16587,Karen_16587,Intern
16588,Leo_16588,Intern
16589,Maya_16589,Intern
16590,Nate_16590,Intern
16591,Olivia_16591,Intern
16592,Paul_16592,Intern
16593,Quinn_16593,Intern
16594,Rose_16594,Intern
16595,Sam_16595,Intern
16596,Tina_16596,Intern
16597,Uma_16597,Intern
16598,Victor_16598,Intern
16599,Wendy_16599,Intern
16600,Xander_16600,Intern
16601,Yara_16601,Intern
16602,Zack_16602,Intern
16603,Ava_16603,Intern
16604,Ben_16604,Intern
16605,Chloe_16605,Intern
16606,Dylan_16606,Intern
16607,Ella_16607,Intern
16608,Finn_16608,Intern
16609,Alice_16609,Intern
16610,Bob_16610,Intern
16611,Carol_16611,Intern
16612,Dave_16612,Intern
16613,Eve_16613,Intern
16614,Frank_16614,Intern
16615,Grace_16615,Intern
16616,Hank_16616,Intern
16617,Iris_16617,Intern
16618,Jack_16618,Intern
16619,Karen_16619,Intern
16620,Leo_16620,Intern
16621,Maya_16621,Intern
16622,Nate_16622,Intern
16623,Olivia_16623,Intern
16624,Paul_16624,Intern
16625,Quinn_16625,Intern
16626,Rose_16626,Intern
16627,Sam_16627,Intern
16628,Tina_16628,Intern
16629,Uma_16629,Intern
16630,Victor_16630,Intern
16631,Wendy_16631,Intern
16632,Xander_16632,Intern
16633,Yara_16633,Intern
16634,Zack_16634,Intern
16635,Ava_16635,Intern
16636,Ben_16636,Intern
16637,Chloe_16637,Intern
16638,Dylan_16638,Intern
16639,Ella_16639,Intern
16640,Finn_16640,Intern
16641,Alice_16641,Intern
16642,Bob_16642,Intern
16643,Carol_16643,Intern
16644,Dave_16644,Intern
16645,Eve_16645,Intern
16646,Frank_16646,Intern
16647,Grace_16647,Intern
16648,Hank_16648,Intern
16649,Iris_16649,Intern
16650,Jack_16650,Intern
16651,Karen_16651,Intern
16652,Leo_16652,Intern
16653,Maya_16653,Intern
16654,Nate_16654,Intern
16655,Olivia_16655,Intern
16656,Paul_16656,Intern
16657,Quinn_16657,Intern
16658,Rose_16658,Intern
16659,Sam_16659,Intern
16660,Tina_16660,Intern
16661,Uma_16661,Intern
16662,Victor_16662,Intern
16663,Wendy_16663,Intern
16664,Xander_16664,Intern
16665,Yara_16665,Intern
16666,Zack_16666,Intern
16667,Ava_16667,Intern
16668,Ben_16668,Intern
16669,Chloe_16669,Intern
16670,Dylan_16670,Intern
16671,Ella_16671,Intern
16672,Finn_16672,Intern
16673,Alice_16673,Intern
16674,Bob_16674,Intern
16675,Carol_16675,Intern
16676,Dave_16676,Intern
16677,Eve_16677,Intern
16678,Frank_16678,Intern
16679,Grace_16679,Intern
16680,Hank_16680,Intern
16681,Iris_16681,Intern
16682,Jack_16682,Intern
16683,Karen_16683,Intern
16684,Leo_16684,Intern
16685,Maya_16685,Intern
16686,Nate_16686,Intern
16687,Olivia_16687,Intern
16688,Paul_16688,Intern
16689,Quinn_16689,Intern
16690,Rose_16690,Intern
16691,Sam_16691,Intern
16692,Tina_16692,Intern
16693,Uma_16693,Intern
16694,Victor_16694,Intern
16695,Wendy_16695,Intern
16696,Xander_16696,Intern
16697,Yara_16697,Intern
16698,Zack_16698,Intern
16699,Ava_16699,Intern
16700,Ben_16700,Intern
16701,Chloe_16701,Intern
16702,Dylan_16702,Intern
16703,Ella_16703,Intern
16704,Finn_16704,Intern
16705,Alice_16705,Intern
16706,Bob_16706,Intern
16707,Carol_16707,Intern
16708,Dave_16708,Intern
16709,Eve_16709,Intern
16710,Frank_16710,Intern
16711,Grace_16711,Intern
16712,Hank_16712,Intern
16713,Iris_16713,Intern
16714,Jack_16714,Intern
16715,Karen_16715,Intern
16716,Leo_16716,Intern
16717,Maya_16717,Intern
16718,Nate_16718,Intern
16719,Olivia_16719,Intern
16720,Paul_16720,Intern
16721,Quinn_16721,Intern
16722,Rose_16722,Intern
16723,Sam_16723,Intern
16724,Tina_16724,Intern
16725,Uma_16725,Intern
16726,Victor_16726,Intern
16727,Wendy_16727,Intern
16728,Xander_16728,Intern
16729,Yara_16729,Intern
16730,Zack_16730,Intern
16731,Ava_16731,Intern
16732,Ben_16732,Intern
16733,Chloe_16733,Intern
16734,Dylan_16734,Intern
16735,Ella_16735,Intern
16736,Finn_16736,Intern
16737,Alice_16737,Intern
16738,Bob_16738,Intern
16739,Carol_16739,Intern
16740,Dave_16740,Intern
16741,Eve_16741,Intern
16742,Frank_16742,Intern
16743,Grace_16743,Intern
16744,Hank_16744,Intern
16745,Iris_16745,Intern
16746,Jack_16746,Intern
16747,Karen_16747,Intern
16748,Leo_16748,Intern
16749,Maya_16749,Intern
16750,Nate_16750,Intern
16751,Olivia_16751,Intern
16752,Paul_16752,Intern
16753,Quinn_16753,Intern
16754,Rose_16754,Intern
16755,Sam_16755,Intern
16756,Tina_16756,Intern
16757,Uma_16757,Intern
16758,Victor_16758,Intern
16759,Wendy_16759,Intern
16760,Xander_16760,Intern
16761,Yara_16761,Intern
16762,Zack_16762,Intern
16763,Ava_16763,Intern
16764,Ben_16764,Intern
16765,Chloe_16765,Intern
16766,Dylan_16766,Intern
16767,Ella_16767,Intern
16768,Finn_16768,Intern
16769,Alice_16769,Intern
16770,Bob_16770,Intern
16771,Carol_16771,Intern
16772,Dave_16772,Intern
16773,Eve_16773,Intern
16774,Frank_16774,Intern
16775,Grace_16775,Intern
16776,Hank_16776,Intern
16777,Iris_16777,Intern
16778,Jack_16778,Intern
16779,Karen_16779,Intern
16780,Leo_16780,Intern
16781,Maya_16781,Intern
16782,Nate_16782,Intern
16783,Olivia_16783,Intern
16784,Paul_16784,Intern
16785,Quinn_16785,Intern
16786,Rose_16786,Intern
16787,Sam_16787,Intern
16788,Tina_16788,Intern
16789,Uma_16789,Intern
16790,Victor_16790,Intern
16791,Wendy_16791,Intern
16792,Xander_16792,Intern
16793,Yara_16793,Intern
16794,Zack_16794,Intern
16795,Ava_16795,Intern
16796,Ben_16796,Intern
16797,Chloe_16797,Intern
16798,Dylan_16798,Intern
16799,Ella_16799,Intern
16800,Finn_16800,Intern
16801,Alice_16801,Intern
16802,Bob_16802,Intern
16803,Carol_16803,Intern
16804,Dave_16804,Intern
16805,Eve_16805,Intern
16806,Frank_16806,Intern
16807,Grace_16807,Intern
16808,Hank_16808,Intern
16809,Iris_16809,Intern
16810,Jack_16810,Intern
16811,Karen_16811,Intern
16812,Leo_16812,Intern
16813,Maya_16813,Intern
16814,Nate_16814,Intern
16815,Olivia_16815,Intern
16816,Paul_16816,Intern
16817,Quinn_16817,Intern
16818,Rose_16818,Intern
16819,Sam_16819,Intern
16820,Tina_16820,Intern
16821,Uma_16821,Intern
16822,Victor_16822,Intern
16823,Wendy_16823,Intern
16824,Xander_16824,Intern
16825,Yara_16825,Intern
16826,Zack_16826,Intern
16827,Ava_16827,Intern
16828,Ben_16828,Intern
16829,Chloe_16829,Intern
16830,Dylan_16830,Intern
16831,Ella_16831,Intern
16832,Finn_16832,Intern
16833,Alice_16833,Intern
16834,Bob_16834,Intern
16835,Carol_16835,Intern
16836,Dave_16836,Intern
16837,Eve_16837,Intern
16838,Frank_16838,Intern
16839,Grace_16839,Intern
16840,Hank_16840,Intern
16841,Iris_16841,Intern
16842,Jack_16842,Intern
16843,Karen_16843,Intern
16844,Leo_16844,Intern
16845,Maya_16845,Intern
16846,Nate_16846,Intern
16847,Olivia_16847,Intern
16848,Paul_16848,Intern
16849,Quinn_16849,Intern
16850,Rose_16850,Intern
16851,Sam_16851,Intern
16852,Tina_16852,Intern
16853,Uma_16853,Intern
16854,Victor_16854,Intern
16855,Wendy_16855,Intern
16856,Xander_16856,Intern
16857,Yara_16857,Intern
16858,Zack_16858,Intern
16859,Ava_16859,Intern
16860,Ben_16860,Intern
16861,Chloe_16861,Intern
16862,Dylan_16862,Intern
16863,Ella_16863,Intern
16864,Finn_16864,Intern
16865,Alice_16865,Intern
16866,Bob_16866,Intern
16867,Carol_16867,Intern
16868,Dave_16868,Intern
16869,Eve_16869,Intern
16870,Frank_16870,Intern
16871,Grace_16871,Intern
16872,Hank_16872,Intern
16873,Iris_16873,Intern
16874,Jack_16874,Intern
16875,Karen_16875,Intern
16876,Leo_16876,Intern
16877,Maya_16877,Intern
16878,Nate_16878,Intern
16879,Olivia_16879,Intern
16880,Paul_16880,Intern
16881,Quinn_16881,Intern
16882,Rose_16882,Intern
16883,Sam_16883,Intern
16884,Tina_16884,Intern
16885,Uma_16885,Intern
16886,Victor_16886,Intern
16887,Wendy_16887,Intern
16888,Xander_16888,Intern
16889,Yara_16889,Intern
16890,Zack_16890,Intern
16891,Ava_16891,Intern
16892,Ben_16892,Intern
16893,Chloe_16893,Intern
16894,Dylan_16894,Intern
16895,Ella_16895,Intern
16896,Finn_16896,Intern
16897,Alice_16897,Intern
16898,Bob_16898,Intern
16899,Carol_16899,Intern
16900,Dave_16900,Intern
16901,Eve_16901,Intern
16902,Frank_16902,Intern
16903,Grace_16903,Intern
16904,Hank_16904,Intern
16905,Iris_16905,Intern
16906,Jack_16906,Intern
16907,Karen_16907,Intern
16908,Leo_16908,Intern
16909,Maya_16909,Intern
16910,Nate_16910,Intern
16911,Olivia_16911,Intern
16912,Paul_16912,Intern
16913,Quinn_16913,Intern
16914,Rose_16914,Intern
16915,Sam_16915,Intern
16916,Tina_16916,Intern
16917,Uma_16917,Intern
16918,Victor_16918,Intern
16919,Wendy_16919,Intern
16920,Xander_16920,Intern
16921,Yara_16921,Intern
16922,Zack_16922,Intern
16923,Ava_16923,Intern
16924,Ben_16924,Intern
16925,Chloe_16925,Intern
16926,Dylan_16926,Intern
16927,Ella_16927,Intern
16928,Finn_16928,Intern
16929,Alice_16929,Intern
16930,Bob_16930,Intern
16931,Carol_16931,Intern
16932,Dave_16932,Intern
16933,Eve_16933,Intern
16934,Frank_16934,Intern
16935,Grace_16935,Intern
16936,Hank_16936,Intern
16937,Iris_16937,Intern
16938,Jack_16938,Intern
16939,Karen_16939,Intern
16940,Leo_16940,Intern
16941,Maya_16941,Intern
16942,Nate_16942,Intern
16943,Olivia_16943,Intern
16944,Paul_16944,Intern
16945,Quinn_16945,Intern
16946,Rose_16946,Intern
16947,Sam_16947,Intern
16948,Tina_16948,Intern
16949,Uma_16949,Intern
16950,Victor_16950,Intern
16951,Wendy_16951,Intern
16952,Xander_16952,Intern
16953,Yara_16953,Intern
16954,Zack_16954,Intern
16955,Ava_16955,Intern
16956,Ben_16956,Intern
16957,Chloe_16957,Intern
16958,Dylan_16958,Intern
16959,Ella_16959,Intern
16960,Finn_16960,Intern
16961,Alice_16961,Intern
16962,Bob_16962,Intern
16963,Carol_16963,Intern
16964,Dave_16964,Intern
16965,Eve_16965,Intern
16966,Frank_16966,Intern
16967,Grace_16967,Intern
16968,Hank_16968,Intern
16969,Iris_16969,Intern
16970,Jack_16970,Intern
16971,Karen_16971,Intern
16972,Leo_16972,Intern
16973,Maya_16973,Intern
16974,Nate_16974,Intern
16975,Olivia_16975,Intern
16976,Paul_16976,Intern
16977,Quinn_16977,Intern
16978,Rose_16978,Intern
16979,Sam_16979,Intern
16980,Tina_16980,Intern
16981,Uma_16981,Intern
16982,Victor_16982,Intern
16983,Wendy_16983,Intern
16984,Xander_16984,Intern
16985,Yara_16985,Intern
16986,Zack_16986,Intern
16987,Ava_16987,Intern
16988,Ben_16988,Intern
16989,Chloe_16989,Intern
16990,Dylan_16990,Intern
16991,Ella_16991,Intern
16992,Finn_16992,Intern
16993,Alice_16993,Intern
16994,Bob_16994,Intern
16995,Carol_16995,Intern
16996,Dave_16996,Intern
16997,Eve_16997,Intern
16998,Frank_16998,Intern
16999,Grace_16999,Intern
17000,Hank_17000,Intern
17001,Iris_17001,Intern
17002,Jack_17002,Intern
17003,Karen_17003,Intern
17004,Leo_17004,Intern
17005,Maya_17005,Intern
17006,Nate_17006,Intern
17007,Olivia_17007,Intern
17008,Paul_17008,Intern
17009,Quinn_17009,Intern
17010,Rose_17010,Intern
17011,Sam_17011,Intern
17012,Tina_17012,Intern
17013,Uma_17013,Intern
17014,Victor_17014,Intern
17015,Wendy_17015,Intern
17016,Xander_17016,Intern
17017,Yara_17017,Intern
17018,Zack_17018,Intern
17019,Ava_17019,Intern
17020,Ben_17020,Intern
17021,Chloe_17021,Intern
17022,Dylan_17022,Intern
17023,Ella_17023,Intern
17024,Finn_17024,Intern
17025,Alice_17025,Intern
17026,Bob_17026,Intern
17027,Carol_17027,Intern
17028,Dave_17028,Intern
17029,Eve_17029,Intern
17030,Frank_17030,Intern
17031,Grace_17031,Intern
17032,Hank_17032,Intern
17033,Iris_17033,Intern
17034,Jack_17034,Intern
17035,Karen_17035,Intern
17036,Leo_17036,Intern
17037,Maya_17037,Intern
17038,Nate_17038,Intern
17039,Olivia_17039,Intern
17040,Paul_17040,Intern
17041,Quinn_17041,Intern
17042,Rose_17042,Intern
17043,Sam_17043,Intern
17044,Tina_17044,Intern
17045,Uma_17045,Intern
17046,Victor_17046,Intern
17047,Wendy_17047,Intern
17048,Xander_17048,Intern
17049,Yara_17049,Intern
17050,Zack_17050,Intern
17051,Ava_17051,Intern
17052,Ben_17052,Intern
17053,Chloe_17053,Intern
17054,Dylan_17054,Intern
17055,Ella_17055,Intern
17056,Finn_17056,Intern
17057,Alice_17057,Intern
17058,Bob_17058,Intern
17059,Carol_17059,Intern
17060,Dave_17060,Intern
17061,Eve_17061,Intern
17062,Frank_17062,Intern
17063,Grace_17063,Intern
17064,Hank_17064,Intern
17065,Iris_17065,Intern
17066,Jack_17066,Intern
17067,Karen_17067,Intern
17068,Leo_17068,Intern
17069,Maya_17069,Intern
17070,Nate_17070,Intern
17071,Olivia_17071,Intern
17072,Paul_17072,Intern
17073,Quinn_17073,Intern
17074,Rose_17074,Intern
17075,Sam_17075,Intern
17076,Tina_17076,Intern
17077,Uma_17077,Intern
17078,Victor_17078,Intern
17079,Wendy_17079,Intern
17080,Xander_17080,Intern
17081,Yara_17081,Intern
17082,Zack_17082,Intern
17083,Ava_17083,Intern
17084,Ben_17084,Intern
17085,Chloe_17085,Intern
17086,Dylan_17086,Intern
17087,Ella_17087,Intern
17088,Finn_17088,Intern
17089,Alice_17089,Intern
17090,Bob_17090,Intern
17091,Carol_17091,Intern
17092,Dave_17092,Intern
17093,Eve_17093,Intern
17094,Frank_17094,Intern
17095,Grace_17095,Intern
17096,Hank_17096,Intern
17097,Iris_17097,Intern
17098,Jack_17098,Intern
17099,Karen_17099,Intern
17100,Leo_17100,Intern
17101,Maya_17101,Intern
17102,Nate_17102,Intern
17103,Olivia_17103,Intern
17104,Paul_17104,Intern
17105,Quinn_17105,Intern
17106,Rose_17106,Intern
17107,Sam_17107,Intern
17108,Tina_17108,Intern
17109,Uma_17109,Intern
17110,Victor_17110,Intern
17111,Wendy_17111,Intern
17112,Xander_17112,Intern
17113,Yara_17113,Intern
17114,Zack_17114,Intern
17115,Ava_17115,Intern
17116,Ben_17116,Intern
17117,Chloe_17117,Intern
17118,Dylan_17118,Intern
17119,Ella_17119,Intern
17120,Finn_17120,Intern
17121,Alice_17121,Intern
17122,Bob_17122,Intern
17123,Carol_17123,Intern
17124,Dave_17124,Intern
17125,Eve_17125,Intern
17126,Frank_17126,Intern
17127,Grace_17127,Intern
17128,Hank_17128,Intern
17129,Iris_17129,Intern
17130,Jack_17130,Intern
17131,Karen_17131,Intern
17132,Leo_17132,Intern
17133,Maya_17133,Intern
17134,Nate_17134,Intern
17135,Olivia_17135,Intern
17136,Paul_17136,Intern
17137,Quinn_17137,Intern
17138,Rose_17138,Intern
17139,Sam_17139,Intern
17140,Tina_17140,Intern
17141,Uma_17141,Intern
17142,Victor_17142,Intern
17143,Wendy_17143,Intern
17144,Xander_17144,Intern
17145,Yara_17145,Intern
17146,Zack_17146,Intern
17147,Ava_17147,Intern
17148,Ben_17148,Intern
17149,Chloe_17149,Intern
17150,Dylan_17150,Intern
17151,Ella_17151,Intern
17152,Finn_17152,Intern
17153,Alice_17153,Intern
17154,Bob_17154,Intern
17155,Carol_17155,Intern
17156,Dave_17156,Intern
17157,Eve_17157,Intern
17158,Frank_17158,Intern
17159,Grace_17159,Intern
17160,Hank_17160,Intern
17161,Iris_17161,Intern
17162,Jack_17162,Intern
17163,Karen_17163,Intern
17164,Leo_17164,Intern
17165,Maya_17165,Intern
17166,Nate_17166,Intern
17167,Olivia_17167,Intern
17168,Paul_17168,Intern
17169,Quinn_17169,Intern
17170,Rose_17170,Intern
17171,Sam_17171,Intern
17172,Tina_17172,Intern
17173,Uma_17173,Intern
17174,Victor_17174,Intern
17175,Wendy_17175,Intern
17176,Xander_17176,Intern
17177,Yara_17177,Intern
17178,Zack_17178,Intern
17179,Ava_17179,Intern
17180,Ben_17180,Intern
17181,Chloe_17181,Intern
17182,Dylan_17182,Intern
17183,Ella_17183,Intern
17184,Finn_17184,Intern
17185,Alice_17185,Intern
17186,Bob_17186,Intern
17187,Carol_17187,Intern
17188,Dave_17188,Intern
17189,Eve_17189,Intern
17190,Frank_17190,Intern
17191,Grace_17191,Intern
17192,Hank_17192,Intern
17193,Iris_17193,Intern
17194,Jack_17194,Intern
17195,Karen_17195,Intern
17196,Leo_17196,Intern
17197,Maya_17197,Intern
17198,Nate_17198,Intern
17199,Olivia_17199,Intern
17200,Paul_17200,Intern
17201,Quinn_17201,Intern
17202,Rose_17202,Intern
17203,Sam_17203,Intern
17204,Tina_17204,Intern
17205,Uma_17205,Intern
17206,Victor_17206,Intern
17207,Wendy_17207,Intern
17208,Xander_17208,Intern
17209,Yara_17209,Intern
17210,Zack_17210,Intern
17211,Ava_17211,Intern
17212,Ben_17212,Intern
17213,Chloe_17213,Intern
17214,Dylan_17214,Intern
17215,Ella_17215,Intern
17216,Finn_17216,Intern
17217,Alice_17217,Intern
17218,Bob_17218,Intern
17219,Carol_17219,Intern
17220,Dave_17220,Intern
17221,Eve_17221,Intern
17222,Frank_17222,Intern
17223,Grace_17223,Intern
17224,Hank_17224,Intern
17225,Iris_17225,Intern
17226,Jack_17226,Intern
17227,Karen_17227,Intern
17228,Leo_17228,Intern
17229,Maya_17229,Intern
17230,Nate_17230,Intern
17231,Olivia_17231,Intern
17232,Paul_17232,Intern
17233,Quinn_17233,Intern
17234,Rose_17234,Intern
17235,Sam_17235,Intern
17236,Tina_17236,Intern
17237,Uma_17237,Intern
17238,Victor_17238,Intern
17239,Wendy_17239,Intern
17240,Xander_17240,Intern
17241,Yara_17241,Intern
17242,Zack_17242,Intern
17243,Ava_17243,Intern
17244,Ben_17244,Intern
17245,Chloe_17245,Intern
17246,Dylan_17246,Intern
17247,Ella_17247,Intern
17248,Finn_17248,Intern
17249,Alice_17249,Intern
17250,Bob_17250,Intern
17251,Carol_17251,Intern
17252,Dave_17252,Intern
17253,Eve_17253,Intern
17254,Frank_17254,Intern
17255,Grace_17255,Intern
17256,Hank_17256,Intern
17257,Iris_17257,Intern
17258,Jack_17258,Intern
17259,Karen_17259,Intern
17260,Leo_17260,Intern
17261,Maya_17261,Intern
17262,Nate_17262,Intern
17263,Olivia_17263,Intern
17264,Paul_17264,Intern
17265,Quinn_17265,Intern
17266,Rose_17266,Intern
17267,Sam_17267,Intern
17268,Tina_17268,Intern
17269,Uma_17269,Intern
17270,Victor_17270,Intern
17271,Wendy_17271,Intern
17272,Xander_17272,Intern
17273,Yara_17273,Intern
17274,Zack_17274,Intern
17275,Ava_17275,Intern
17276,Ben_17276,Intern
17277,Chloe_17277,Intern
17278,Dylan_17278,Intern
17279,Ella_17279,Intern
17280,Finn_17280,Intern
17281,Alice_17281,Intern
17282,Bob_17282,Intern
17283,Carol_17283,Intern
17284,Dave_17284,Intern
17285,Eve_17285,Intern
17286,Frank_17286,Intern
17287,Grace_17287,Intern
17288,Hank_17288,Intern
17289,Iris_17289,Intern
17290,Jack_17290,Intern
17291,Karen_17291,Intern
17292,Leo_17292,Intern
17293,Maya_17293,Intern
17294,Nate_17294,Intern
17295,Olivia_17295,Intern
17296,Paul_17296,Intern
17297,Quinn_17297,Intern
17298,Rose_17298,Intern
17299,Sam_17299,Intern
17300,Tina_17300,Intern
17301,Uma_17301,Intern
17302,Victor_17302,Intern
17303,Wendy_17303,Intern
17304,Xander_17304,Intern
17305,Yara_17305,Intern
17306,Zack_17306,Intern
17307,Ava_17307,Intern
17308,Ben_17308,Intern
17309,Chloe_17309,Intern
17310,Dylan_17310,Intern
17311,Ella_17311,Intern
17312,Finn_17312,Intern
17313,Alice_17313,Intern
17314,Bob_17314,Intern
17315,Carol_17315,Intern
17316,Dave_17316,Intern
17317,Eve_17317,Intern
17318,Frank_17318,Intern
17319,Grace_17319,Intern
17320,Hank_17320,Intern
17321,Iris_17321,Intern
17322,Jack_17322,Intern
17323,Karen_17323,Intern
17324,Leo_17324,Intern
17325,Maya_17325,Intern
17326,Nate_17326,Intern
17327,Olivia_17327,Intern
17328,Paul_17328,Intern
17329,Quinn_17329,Intern
17330,Rose_17330,Intern
17331,Sam_17331,Intern
17332,Tina_17332,Intern
17333,Uma_17333,Intern
17334,Victor_17334,Intern
17335,Wendy_17335,Intern
17336,Xander_17336,Intern
17337,Yara_17337,Intern
17338,Zack_17338,Intern
17339,Ava_17339,Intern
17340,Ben_17340,Intern
17341,Chloe_17341,Intern
17342,Dylan_17342,Intern
17343,Ella_17343,Intern
17344,Finn_17344,Intern
17345,Alice_17345,Intern
17346,Bob_17346,Intern
17347,Carol_17347,Intern
17348,Dave_17348,Intern
17349,Eve_17349,Intern
17350,Frank_17350,Intern
17351,Grace_17351,Intern
17352,Hank_17352,Intern
17353,Iris_17353,Intern
17354,Jack_17354,Intern
17355,Karen_17355,Intern
17356,Leo_17356,Intern
17357,Maya_17357,Intern
17358,Nate_17358,Intern
17359,Olivia_17359,Intern
17360,Paul_17360,Intern
17361,Quinn_17361,Intern
17362,Rose_17362,Intern
17363,Sam_17363,Intern
17364,Tina_17364,Intern
17365,Uma_17365,Intern
17366,Victor_17366,Intern
17367,Wendy_17367,Intern
17368,Xander_17368,Intern
17369,Yara_17369,Intern
17370,Zack_17370,Intern
17371,Ava_17371,Intern
17372,Ben_17372,Intern
17373,Chloe_17373,Intern
17374,Dylan_17374,Intern
17375,Ella_17375,Intern
17376,Finn_17376,Intern
17377,Alice_17377,Intern
17378,Bob_17378,Intern
17379,Carol_17379,Intern
17380,Dave_17380,Intern
17381,Eve_17381,Intern
17382,Frank_17382,Intern
17383,Grace_17383,Intern
17384,Hank_17384,Intern
17385,Iris_17385,Intern
17386,Jack_17386,Intern
17387,Karen_17387,Intern
17388,Leo_17388,Intern
17389,Maya_17389,Intern
17390,Nate_17390,Intern
17391,Olivia_17391,Intern
17392,Paul_17392,Intern
17393,Quinn_17393,Intern
17394,Rose_17394,Intern
17395,Sam_17395,Intern
17396,Tina_17396,Intern
17397,Uma_17397,Intern
17398,Victor_17398,Intern
17399,Wendy_17399,Intern
17400,Xander_17400,Intern
17401,Yara_17401,Intern
17402,Zack_17402,Intern
17403,Ava_17403,Intern
17404,Ben_17404,Intern
17405,Chloe_17405,Intern
17406,Dylan_17406,Intern
17407,Ella_17407,Intern
17408,Finn_17408,Intern
17409,Alice_17409,Intern
17410,Bob_17410,Intern
17411,Carol_17411,Intern
17412,Dave_17412,Intern
17413,Eve_17413,Intern
17414,Frank_17414,Intern
17415,Grace_17415,Intern
17416,Hank_17416,Intern
17417,Iris_17417,Intern
17418,Jack_17418,Intern
17419,Karen_17419,Intern
17420,Leo_17420,Intern
17421,Maya_17421,Intern
17422,Nate_17422,Intern
17423,Olivia_17423,Intern
17424,Paul_17424,Intern
17425,Quinn_17425,Intern
17426,Rose_17426,Intern
17427,Sam_17427,Intern
17428,Tina_17428,Intern
17429,Uma_17429,Intern
17430,Victor_17430,Intern
17431,Wendy_17431,Intern
17432,Xander_17432,Intern
17433,Yara_17433,Intern
17434,Zack_17434,Intern
17435,Ava_17435,Intern
17436,Ben_17436,Intern
17437,Chloe_17437,Intern
17438,Dylan_17438,Intern
17439,Ella_17439,Intern
17440,Finn_17440,Intern
17441,Alice_17441,Intern
17442,Bob_17442,Intern
17443,Carol_17443,Intern
17444,Dave_17444,Intern
17445,Eve_17445,Intern
17446,Frank_17446,Intern
17447,Grace_17447,Intern
17448,Hank_17448,Intern
17449,Iris_17449,Intern
17450,Jack_17450,Intern
17451,Karen_17451,Intern
17452,Leo_17452,Intern
17453,Maya_17453,Intern
17454,Nate_17454,Intern
17455,Olivia_17455,Intern
17456,Paul_17456,Intern
17457,Quinn_17457,Intern
17458,Rose_17458,Intern
17459,Sam_17459,Intern
17460,Tina_17460,Intern
17461,Uma_17461,Intern
17462,Victor_17462,Intern
17463,Wendy_17463,Intern
17464,Xander_17464,Intern
17465,Yara_17465,Intern
17466,Zack_17466,Intern
17467,Ava_17467,Intern
17468,Ben_17468,Intern
17469,Chloe_17469,Intern
17470,Dylan_17470,Intern
17471,Ella_17471,Intern
17472,Finn_17472,Intern
17473,Alice_17473,Intern
17474,Bob_17474,Intern
17475,Carol_17475,Intern
17476,Dave_17476,Intern
17477,Eve_17477,Intern
17478,Frank_17478,Intern
17479,Grace_17479,Intern
17480,Hank_17480,Intern
17481,Iris_17481,Intern
17482,Jack_17482,Intern
17483,Karen_17483,Intern
17484,Leo_17484,Intern
17485,Maya_17485,Intern
17486,Nate_17486,Intern
17487,Olivia_17487,Intern
17488,Paul_17488,Intern
17489,Quinn_17489,Intern
17490,Rose_17490,Intern
17491,Sam_17491,Intern
17492,Tina_17492,Intern
17493,Uma_17493,Intern
17494,Victor_17494,Intern
17495,Wendy_17495,Intern
17496,Xander_17496,Intern
17497,Yara_17497,Intern
17498,Zack_17498,Intern
17499,Ava_17499,Intern
17500,Ben_17500,Intern
17501,Chloe_17501,Intern
17502,Dylan_17502,Intern
17503,Ella_17503,Intern
17504,Finn_17504,Intern
17505,Alice_17505,Intern
17506,Bob_17506,Intern
17507,Carol_17507,Intern
17508,Dave_17508,Intern
17509,Eve_17509,Intern
17510,Frank_17510,Intern
17511,Grace_17511,Intern
17512,Hank_17512,Intern
17513,Iris_17513,Intern
17514,Jack_17514,Intern
17515,Karen_17515,Intern
17516,Leo_17516,Intern
17517,Maya_17517,Intern
17518,Nate_17518,Intern
17519,Olivia_17519,Intern
17520,Paul_17520,Intern
17521,Quinn_17521,Intern
17522,Rose_17522,Intern
17523,Sam_17523,Intern
17524,Tina_17524,Intern
17525,Uma_17525,Intern
17526,Victor_17526,Intern
17527,Wendy_17527,Intern
17528,Xander_17528,Intern
17529,Yara_17529,Intern
17530,Zack_17530,Intern
17531,Ava_17531,Intern
17532,Ben_17532,Intern
17533,Chloe_17533,Intern
17534,Dylan_17534,Intern
17535,Ella_17535,Intern
17536,Finn_17536,Intern
17537,Alice_17537,Intern
17538,Bob_17538,Intern
17539,Carol_17539,Intern
17540,Dave_17540,Intern
17541,Eve_17541,Intern
17542,Frank_17542,Intern
17543,Grace_17543,Intern
17544,Hank_17544,Intern
17545,Iris_17545,Intern
17546,Jack_17546,Intern
17547,Karen_17547,Intern
17548,Leo_17548,Intern
17549,Maya_17549,Intern
17550,Nate_17550,Intern
17551,Olivia_17551,Intern
17552,Paul_17552,Intern
17553,Quinn_17553,Intern
17554,Rose_17554,Intern
17555,Sam_17555,Intern
17556,Tina_17556,Intern
17557,Uma_17557,Intern
17558,Victor_17558,Intern
17559,Wendy_17559,Intern
17560,Xander_17560,Intern
17561,Yara_17561,Intern
17562,Zack_17562,Intern
17563,Ava_17563,Intern
17564,Ben_17564,Intern
17565,Chloe_17565,Intern
17566,Dylan_17566,Intern
17567,Ella_17567,Intern
17568,Finn_17568,Intern
17569,Alice_17569,Intern
17570,Bob_17570,Intern
17571,Carol_17571,Intern
17572,Dave_17572,Intern
17573,Eve_17573,Intern
17574,Frank_17574,Intern
17575,Grace_17575,Intern
17576,Hank_17576,Intern
17577,Iris_17577,Intern
17578,Jack_17578,Intern
17579,Karen_17579,Intern
17580,Leo_17580,Intern
17581,Maya_17581,Intern
17582,Nate_17582,Intern
17583,Olivia_17583,Intern
17584,Paul_17584,Intern
17585,Quinn_17585,Intern
17586,Rose_17586,Intern
17587,Sam_17587,Intern
17588,Tina_17588,Intern
17589,Uma_17589,Intern
17590,Victor_17590,Intern
17591,Wendy_17591,Intern
17592,Xander_17592,Intern
17593,Yara_17593,Intern
17594,Zack_17594,Intern
17595,Ava_17595,Intern
17596,Ben_17596,Intern
17597,Chloe_17597,Intern
17598,Dylan_17598,Intern
17599,Ella_17599,Intern
17600,Finn_17600,Intern
17601,Alice_17601,Intern
17602,Bob_17602,Intern
17603,Carol_17603,Intern
17604,Dave_17604,Intern
17605,Eve_17605,Intern
17606,Frank_17606,Intern
17607,Grace_17607,Intern
17608,Hank_17608,Intern
17609,Iris_17609,Intern
17610,Jack_17610,Intern
17611,Karen_17611,Intern
17612,Leo_17612,Intern
17613,Maya_17613,Intern
17614,Nate_17614,Intern
17615,Olivia_17615,Intern
17616,Paul_17616,Intern
17617,Quinn_17617,Intern
17618,Rose_17618,Intern
17619,Sam_17619,Intern
17620,Tina_17620,Intern
17621,Uma_17621,Intern
17622,Victor_17622,Intern
17623,Wendy_17623,Intern
17624,Xander_17624,Intern
17625,Yara_17625,Intern
17626,Zack_17626,Intern
17627,Ava_17627,Intern
17628,Ben_17628,Intern
17629,Chloe_17629,Intern
17630,Dylan_17630,Intern
17631,Ella_17631,Intern
17632,Finn_17632,Intern
17633,Alice_17633,Intern
17634,Bob_17634,Intern
17635,Carol_17635,Intern
17636,Dave_17636,Intern
17637,Eve_17637,Intern
17638,Frank_17638,Intern
17639,Grace_17639,Intern
17640,Hank_17640,Intern
17641,Iris_17641,Intern
17642,Jack_17642,Intern
17643,Karen_17643,Intern
17644,Leo_17644,Intern
17645,Maya_17645,Intern
17646,Nate_17646,Intern
17647,Olivia_17647,Intern
17648,Paul_17648,Intern
17649,Quinn_17649,Intern
17650,Rose_17650,Intern
17651,Sam_17651,Intern
17652,Tina_17652,Intern
17653,Uma_17653,Intern
17654,Victor_17654,Intern
17655,Wendy_17655,Intern
17656,Xander_17656,Intern
17657,Yara_17657,Intern
17658,Zack_17658,Intern
17659,Ava_17659,Intern
17660,Ben_17660,Intern
17661,Chloe_17661,Intern
17662,Dylan_17662,Intern
17663,Ella_17663,Intern
17664,Finn_17664,Intern
17665,Alice_17665,Intern
17666,Bob_17666,Intern
17667,Carol_17667,Intern
17668,Dave_17668,Intern
17669,Eve_17669,Intern
17670,Frank_17670,Intern
17671,Grace_17671,Intern
17672,Hank_17672,Intern
17673,Iris_17673,Intern
17674,Jack_17674,Intern
17675,Karen_17675,Intern
17676,Leo_17676,Intern
17677,Maya_17677,Intern
17678,Nate_17678,Intern
17679,Olivia_17679,Intern
17680,Paul_17680,Intern
17681,Quinn_17681,Intern
17682,Rose_17682,Intern
17683,Sam_17683,Intern
17684,Tina_17684,Intern
17685,Uma_17685,Intern
17686,Victor_17686,Intern
17687,Wendy_17687,Intern
17688,Xander_17688,Intern
17689,Yara_17689,Intern
17690,Zack_17690,Intern
17691,Ava_17691,Intern
17692,Ben_17692,Intern
17693,Chloe_17693,Intern
17694,Dylan_17694,Intern
17695,Ella_17695,Intern
17696,Finn_17696,Intern
17697,Alice_17697,Intern
17698,Bob_17698,Intern
17699,Carol_17699,Intern
17700,Dave_17700,Intern
17701,Eve_17701,Intern
17702,Frank_17702,Intern
17703,Grace_17703,Intern
17704,Hank_17704,Intern
17705,Iris_17705,Intern
17706,Jack_17706,Intern
17707,Karen_17707,Intern
17708,Leo_17708,Intern
17709,Maya_17709,Intern
17710,Nate_17710,Intern
17711,Olivia_17711,Intern
17712,Paul_17712,Intern
17713,Quinn_17713,Intern
17714,Rose_17714,Intern
17715,Sam_17715,Intern
17716,Tina_17716,Intern
17717,Uma_17717,Intern
17718,Victor_17718,Intern
17719,Wendy_17719,Intern
17720,Xander_17720,Intern
17721,Yara_17721,Intern
17722,Zack_17722,Intern
17723,Ava_17723,Intern
17724,Ben_17724,Intern
17725,Chloe_17725,Intern
17726,Dylan_17726,Intern
17727,Ella_17727,Intern
17728,Finn_17728,Intern
17729,Alice_17729,Intern
17730,Bob_17730,Intern
17731,Carol_17731,Intern
17732,Dave_17732,Intern
17733,Eve_17733,Intern
17734,Frank_17734,Intern
17735,Grace_17735,Intern
17736,Hank_17736,Intern
17737,Iris_17737,Intern
17738,Jack_17738,Intern
17739,Karen_17739,Intern
17740,Leo_17740,Intern
17741,Maya_17741,Intern
17742,Nate_17742,Intern
17743,Olivia_17743,Intern
17744,Paul_17744,Intern
17745,Quinn_17745,Intern
17746,Rose_17746,Intern
17747,Sam_17747,Intern
17748,Tina_17748,Intern
17749,Uma_17749,Intern
17750,Victor_17750,Intern
17751,Wendy_17751,Intern
17752,Xander_17752,Intern
17753,Yara_17753,Intern
17754,Zack_17754,Intern
17755,Ava_17755,Intern
17756,Ben_17756,Intern
17757,Chloe_17757,Intern
17758,Dylan_17758,Intern
17759,Ella_17759,Intern
17760,Finn_17760,Intern
17761,Alice_17761,Intern
17762,Bob_17762,Intern
17763,Carol_17763,Intern
17764,Dave_17764,Intern
17765,Eve_17765,Intern
17766,Frank_17766,Intern
17767,Grace_17767,Intern
17768,Hank_17768,Intern
17769,Iris_17769,Intern
17770,Jack_17770,Intern
17771,Karen_17771,Intern
17772,Leo_17772,Intern
17773,Maya_17773,Intern
17774,Nate_17774,Intern
17775,Olivia_17775,Intern
17776,Paul_17776,Intern
17777,Quinn_17777,Intern
17778,Rose_17778,Intern
17779,Sam_17779,Intern
17780,Tina_17780,Intern
17781,Uma_17781,Intern
17782,Victor_17782,Intern
17783,Wendy_17783,Intern
17784,Xander_17784,Intern
17785,Yara_17785,Intern
17786,Zack_17786,Intern
17787,Ava_17787,Intern
17788,Ben_17788,Intern
17789,Chloe_17789,Intern
17790,Dylan_17790,Intern
17791,Ella_17791,Intern
17792,Finn_17792,Intern
17793,Alice_17793,Intern
17794,Bob_17794,Intern
17795,Carol_17795,Intern
17796,Dave_17796,Intern
17797,Eve_17797,Intern
17798,Frank_17798,Intern
17799,Grace_17799,Intern
17800,Hank_17800,Intern
17801,Iris_17801,Intern
17802,Jack_17802,Intern
17803,Karen_17803,Intern
17804,Leo_17804,Intern
17805,Maya_17805,Intern
17806,Nate_17806,Intern
17807,Olivia_17807,Intern
17808,Paul_17808,Intern
17809,Quinn_17809,Intern
17810,Rose_17810,Intern
17811,Sam_17811,Intern
17812,Tina_17812,Intern
17813,Uma_17813,Intern
17814,Victor_17814,Intern
17815,Wendy_17815,Intern
17816,Xander_17816,Intern
17817,Yara_17817,Intern
17818,Zack_17818,Intern
17819,Ava_17819,Intern
17820,Ben_17820,Intern
17821,Chloe_17821,Intern
17822,Dylan_17822,Intern
17823,Ella_17823,Intern
17824,Finn_17824,Intern
17825,Alice_17825,Intern
17826,Bob_17826,Intern
17827,Carol_17827,Intern
17828,Dave_17828,Intern
17829,Eve_17829,Intern
17830,Frank_17830,Intern
17831,Grace_17831,Intern
17832,Hank_17832,Intern
17833,Iris_17833,Intern
17834,Jack_17834,Intern
17835,Karen_17835,Intern
17836,Leo_17836,Intern
17837,Maya_17837,Intern
17838,Nate_17838,Intern
17839,Olivia_17839,Intern
17840,Paul_17840,Intern
17841,Quinn_17841,Intern
17842,Rose_17842,Intern
17843,Sam_17843,Intern
17844,Tina_17844,Intern
17845,Uma_17845,Intern
17846,Victor_17846,Intern
17847,Wendy_17847,Intern
17848,Xander_17848,Intern
17849,Yara_17849,Intern
17850,Zack_17850,Intern
17851,Ava_17851,Intern
17852,Ben_17852,Intern
17853,Chloe_17853,Intern
17854,Dylan_17854,Intern
17855,Ella_17855,Intern
17856,Finn_17856,Intern
17857,Alice_17857,Intern
17858,Bob_17858,Intern
17859,Carol_17859,Intern
17860,Dave_17860,Intern
17861,Eve_17861,Intern
17862,Frank_17862,Intern
17863,Grace_17863,Intern
17864,Hank_17864,Intern
17865,Iris_17865,Intern
17866,Jack_17866,Intern
17867,Karen_17867,Intern
17868,Leo_17868,Intern
17869,Maya_17869,Intern
17870,Nate_17870,Intern
17871,Olivia_17871,Intern
17872,Paul_17872,Intern
17873,Quinn_17873,Intern
17874,Rose_17874,Intern
17875,Sam_17875,Intern
17876,Tina_17876,Intern
17877,Uma_17877,Intern
17878,Victor_17878,Intern
17879,Wendy_17879,Intern
17880,Xander_17880,Intern
17881,Yara_17881,Intern
17882,Zack_17882,Intern
17883,Ava_17883,Intern
17884,Ben_17884,Intern
17885,Chloe_17885,Intern
17886,Dylan_17886,Intern
17887,Ella_17887,Intern
17888,Finn_17888,Intern
17889,Alice_17889,Intern
17890,Bob_17890,Intern
17891,Carol_17891,Intern
17892,Dave_17892,Intern
17893,Eve_17893,Intern
17894,Frank_17894,Intern
17895,Grace_17895,Intern
17896,Hank_17896,Intern
17897,Iris_17897,Intern
17898,Jack_17898,Intern
17899,Karen_17899,Intern
17900,Leo_17900,Intern
17901,Maya_17901,Intern
17902,Nate_17902,Intern
17903,Olivia_17903,Intern
17904,Paul_17904,Intern
17905,Quinn_17905,Intern
17906,Rose_17906,Intern
17907,Sam_17907,Intern
17908,Tina_17908,Intern
17909,Uma_17909,Intern
17910,Victor_17910,Intern
17911,Wendy_17911,Intern
17912,Xander_17912,Intern
17913,Yara_17913,Intern
17914,Zack_17914,Intern
17915,Ava_17915,Intern
17916,Ben_17916,Intern
17917,Chloe_17917,Intern
17918,Dylan_17918,Intern
17919,Ella_17919,Intern
17920,Finn_17920,Intern
17921,Alice_17921,Intern
17922,Bob_17922,Intern
17923,Carol_17923,Intern
17924,Dave_17924,Intern
17925,Eve_17925,Intern
17926,Frank_17926,Intern
17927,Grace_17927,Intern
17928,Hank_17928,Intern
17929,Iris_17929,Intern
17930,Jack_17930,Intern
17931,Karen_17931,Intern
17932,Leo_17932,Intern
17933,Maya_17933,Intern
17934,Nate_17934,Intern
17935,Olivia_17935,Intern
17936,Paul_17936,Intern
17937,Quinn_17937,Intern
17938,Rose_17938,Intern
17939,Sam_17939,Intern
17940,Tina_17940,Intern
17941,Uma_17941,Intern
17942,Victor_17942,Intern
17943,Wendy_17943,Intern
17944,Xander_17944,Intern
17945,Yara_17945,Intern
17946,Zack_17946,Intern
17947,Ava_17947,Intern
17948,Ben_17948,Intern
17949,Chloe_17949,Intern
17950,Dylan_17950,Intern
17951,Ella_17951,Intern
17952,Finn_17952,Intern
17953,Alice_17953,Intern
17954,Bob_17954,Intern
17955,Carol_17955,Intern
17956,Dave_17956,Intern
17957,Eve_17957,Intern
17958,Frank_17958,Intern
17959,Grace_17959,Intern
17960,Hank_17960,Intern
17961,Iris_17961,Intern
17962,Jack_17962,Intern
17963,Karen_17963,Intern
17964,Leo_17964,Intern
17965,Maya_17965,Intern
17966,Nate_17966,Intern
17967,Olivia_17967,Intern
17968,Paul_17968,Intern
17969,Quinn_17969,Intern
17970,Rose_17970,Intern
17971,Sam_17971,Intern
17972,Tina_17972,Intern
17973,Uma_17973,Intern
17974,Victor_17974,Intern
17975,Wendy_17975,Intern
17976,Xander_17976,Intern
17977,Yara_17977,Intern
17978,Zack_17978,Intern
17979,Ava_17979,Intern
17980,Ben_17980,Intern
17981,Chloe_17981,Intern
17982,Dylan_17982,Intern
17983,Ella_17983,Intern
17984,Finn_17984,Intern
17985,Alice_17985,Intern
17986,Bob_17986,Intern
17987,Carol_17987,Intern
17988,Dave_17988,Intern
17989,Eve_17989,Intern
17990,Frank_17990,Intern
17991,Grace_17991,Intern
17992,Hank_17992,Intern
17993,Iris_17993,Intern
17994,Jack_17994,Intern
17995,Karen_17995,Intern
17996,Leo_17996,Intern
17997,Maya_17997,Intern
17998,Nate_17998,Intern
17999,Olivia_17999,Intern
18000,Paul_18000,Intern
18001,Quinn_18001,Intern
18002,Rose_18002,Intern
18003,Sam_18003,Intern
18004,Tina_18004,Intern
18005,Uma_18005,Intern
18006,Victor_18006,Intern
18007,Wendy_18007,Intern
18008,Xander_18008,Intern
18009,Yara_18009,Intern
18010,Zack_18010,Intern
18011,Ava_18011,Intern
18012,Ben_18012,Intern
18013,Chloe_18013,Intern
18014,Dylan_18014,Intern
18015,Ella_18015,Intern
18016,Finn_18016,Intern
18017,Alice_18017,Intern
18018,Bob_18018,Intern
18019,Carol_18019,Intern
18020,Dave_18020,Intern
18021,Eve_18021,Intern
18022,Frank_18022,Intern
18023,Grace_18023,Intern
18024,Hank_18024,Intern
18025,Iris_18025,Intern
18026,Jack_18026,Intern
18027,Karen_18027,Intern
18028,Leo_18028,Intern
18029,Maya_18029,Intern
18030,Nate_18030,Intern
18031,Olivia_18031,Intern
18032,Paul_18032,Intern
18033,Quinn_18033,Intern
18034,Rose_18034,Intern
18035,Sam_18035,Intern
18036,Tina_18036,Intern
18037,Uma_18037,Intern
18038,Victor_18038,Intern
18039,Wendy_18039,Intern
18040,Xander_18040,Intern
18041,Yara_18041,Intern
18042,Zack_18042,Intern
18043,Ava_18043,Intern
18044,Ben_18044,Intern
18045,Chloe_18045,Intern
18046,Dylan_18046,Intern
18047,Ella_18047,Intern
18048,Finn_18048,Intern
18049,Alice_18049,Intern
18050,Bob_18050,Intern
18051,Carol_18051,Intern
18052,Dave_18052,Intern
18053,Eve_18053,Intern
18054,Frank_18054,Intern
18055,Grace_18055,Intern
18056,Hank_18056,Intern
18057,Iris_18057,Intern
18058,Jack_18058,Intern
18059,Karen_18059,Intern
18060,Leo_18060,Intern
18061,Maya_18061,Intern
18062,Nate_18062,Intern
18063,Olivia_18063,Intern
18064,Paul_18064,Intern
18065,Quinn_18065,Intern
18066,Rose_18066,Intern
18067,Sam_18067,Intern
18068,Tina_18068,Intern
18069,Uma_18069,Intern
18070,Victor_18070,Intern
18071,Wendy_18071,Intern
18072,Xander_18072,Intern
18073,Yara_18073,Intern
18074,Zack_18074,Intern
18075,Ava_18075,Intern
18076,Ben_18076,Intern
18077,Chloe_18077,Intern
18078,Dylan_18078,Intern
18079,Ella_18079,Intern
18080,Finn_18080,Intern
18081,Alice_18081,Intern
18082,Bob_18082,Intern
18083,Carol_18083,Intern
18084,Dave_18084,Intern
18085,Eve_18085,Intern
18086,Frank_18086,Intern
18087,Grace_18087,Intern
18088,Hank_18088,Intern
18089,Iris_18089,Intern
18090,Jack_18090,Intern
18091,Karen_18091,Intern
18092,Leo_18092,Intern
18093,Maya_18093,Intern
18094,Nate_18094,Intern
18095,Olivia_18095,Intern
18096,Paul_18096,Intern
18097,Quinn_18097,Intern
18098,Rose_18098,Intern
18099,Sam_18099,Intern
18100,Tina_18100,Intern
18101,Uma_18101,Intern
18102,Victor_18102,Intern
18103,Wendy_18103,Intern
18104,Xander_18104,Intern
18105,Yara_18105,Intern
18106,Zack_18106,Intern
18107,Ava_18107,Intern
18108,Ben_18108,Intern
18109,Chloe_18109,Intern
18110,Dylan_18110,Intern
18111,Ella_18111,Intern
18112,Finn_18112,Intern
18113,Alice_18113,Intern
18114,Bob_18114,Intern
18115,Carol_18115,Intern
18116,Dave_18116,Intern
18117,Eve_18117,Intern
18118,Frank_18118,Intern
18119,Grace_18119,Intern
18120,Hank_18120,Intern
18121,Iris_18121,Intern
18122,Jack_18122,Intern
18123,Karen_18123,Intern
18124,Leo_18124,Intern
18125,Maya_18125,Intern
18126,Nate_18126,Intern
18127,Olivia_18127,Intern
18128,Paul_18128,Intern
18129,Quinn_18129,Intern
18130,Rose_18130,Intern
18131,Sam_18131,Intern
18132,Tina_18132,Intern
18133,Uma_18133,Intern
18134,Victor_18134,Intern
18135,Wendy_18135,Intern
18136,Xander_18136,Intern
18137,Yara_18137,Intern
18138,Zack_18138,Intern
18139,Ava_18139,Intern
18140,Ben_18140,Intern
18141,Chloe_18141,Intern
18142,Dylan_18142,Intern
18143,Ella_18143,Intern
18144,Finn_18144,Intern
18145,Alice_18145,Intern
18146,Bob_18146,Intern
18147,Carol_18147,Intern
18148,Dave_18148,Intern
18149,Eve_18149,Intern
18150,Frank_18150,Intern
18151,Grace_18151,Intern
18152,Hank_18152,Intern
18153,Iris_18153,Intern
18154,Jack_18154,Intern
18155,Karen_18155,Intern
18156,Leo_18156,Intern
18157,Maya_18157,Intern
18158,Nate_18158,Intern
18159,Olivia_18159,Intern
18160,Paul_18160,Intern
18161,Quinn_18161,Intern
18162,Rose_18162,Intern
18163,Sam_18163,Intern
18164,Tina_18164,Intern
18165,Uma_18165,Intern
18166,Victor_18166,Intern
18167,Wendy_18167,Intern
18168,Xander_18168,Intern
18169,Yara_18169,Intern
18170,Zack_18170,Intern
18171,Ava_18171,Intern
18172,Ben_18172,Intern
18173,Chloe_18173,Intern
18174,Dylan_18174,Intern
18175,Ella_18175,Intern
18176,Finn_18176,Intern
18177,Alice_18177,Intern
18178,Bob_18178,Intern
18179,Carol_18179,Intern
18180,Dave_18180,Intern
18181,Eve_18181,Intern
18182,Frank_18182,Intern
18183,Grace_18183,Intern
18184,Hank_18184,Intern
18185,Iris_18185,Intern
18186,Jack_18186,Intern
18187,Karen_18187,Intern
18188,Leo_18188,Intern
18189,Maya_18189,Intern
18190,Nate_18190,Intern
18191,Olivia_18191,Intern
18192,Paul_18192,Intern
18193,Quinn_18193,Intern
18194,Rose_18194,Intern
18195,Sam_18195,Intern
18196,Tina_18196,Intern
18197,Uma_18197,Intern
18198,Victor_18198,Intern
18199,Wendy_18199,Intern
18200,Xander_18200,Intern
18201,Yara_18201,Intern
18202,Zack_18202,Intern
18203,Ava_18203,Intern
18204,Ben_18204,Intern
18205,Chloe_18205,Intern
18206,Dylan_18206,Intern
18207,Ella_18207,Intern
18208,Finn_18208,Intern
18209,Alice_18209,Intern
18210,Bob_18210,Intern
18211,Carol_18211,Intern
18212,Dave_18212,Intern
18213,Eve_18213,Intern
18214,Frank_18214,Intern
18215,Grace_18215,Intern
18216,Hank_18216,Intern
18217,Iris_18217,Intern
18218,Jack_18218,Intern
18219,Karen_18219,Intern
18220,Leo_18220,Intern
18221,Maya_18221,Intern
18222,Nate_18222,Intern
18223,Olivia_18223,Intern
18224,Paul_18224,Intern
18225,Quinn_18225,Intern
18226,Rose_18226,Intern
18227,Sam_18227,Intern
18228,Tina_18228,Intern
18229,Uma_18229,Intern
18230,Victor_18230,Intern
18231,Wendy_18231,Intern
18232,Xander_18232,Intern
18233,Yara_18233,Intern
18234,Zack_18234,Intern
18235,Ava_18235,Intern
18236,Ben_18236,Intern
18237,Chloe_18237,Intern
18238,Dylan_18238,Intern
18239,Ella_18239,Intern
18240,Finn_18240,Intern
18241,Alice_18241,Intern
18242,Bob_18242,Intern
18243,Carol_18243,Intern
18244,Dave_18244,Intern
18245,Eve_18245,Intern
18246,Frank_18246,Intern
18247,Grace_18247,Intern
18248,Hank_18248,Intern
18249,Iris_18249,Intern
18250,Jack_18250,Intern
18251,Karen_18251,Intern
18252,Leo_18252,Intern
18253,Maya_18253,Intern
18254,Nate_18254,Intern
18255,Olivia_18255,Intern
18256,Paul_18256,Intern
18257,Quinn_18257,Intern
18258,Rose_18258,Intern
18259,Sam_18259,Intern
18260,Tina_18260,Intern
18261,Uma_18261,Intern
18262,Victor_18262,Intern
18263,Wendy_18263,Intern
18264,Xander_18264,Intern
18265,Yara_18265,Intern
18266,Zack_18266,Intern
18267,Ava_18267,Intern
18268,Ben_18268,Intern
18269,Chloe_18269,Intern
18270,Dylan_18270,Intern
18271,Ella_18271,Intern
18272,Finn_18272,Intern
18273,Alice_18273,Intern
18274,Bob_18274,Intern
18275,Carol_18275,Intern
18276,Dave_18276,Intern
18277,Eve_18277,Intern
18278,Frank_18278,Intern
18279,Grace_18279,Intern
18280,Hank_18280,Intern
18281,Iris_18281,Intern
18282,Jack_18282,Intern
18283,Karen_18283,Intern
18284,Leo_18284,Intern
18285,Maya_18285,Intern
18286,Nate_18286,Intern
18287,Olivia_18287,Intern
18288,Paul_18288,Intern
18289,Quinn_18289,Intern
18290,Rose_18290,Intern
18291,Sam_18291,Intern
18292,Tina_18292,Intern
18293,Uma_18293,Intern
18294,Victor_18294,Intern
18295,Wendy_18295,Intern
18296,Xander_18296,Intern
18297,Yara_18297,Intern
18298,Zack_18298,Intern
18299,Ava_18299,Intern
18300,Ben_18300,Intern
18301,Chloe_18301,Intern
18302,Dylan_18302,Intern
18303,Ella_18303,Intern
18304,Finn_18304,Intern
18305,Alice_18305,Intern
18306,Bob_18306,Intern
18307,Carol_18307,Intern
18308,Dave_18308,Intern
18309,Eve_18309,Intern
18310,Frank_18310,Intern
18311,Grace_18311,Intern
18312,Hank_18312,Intern
18313,Iris_18313,Intern
18314,Jack_18314,Intern
18315,Karen_18315,Intern
18316,Leo_18316,Intern
18317,Maya_18317,Intern
18318,Nate_18318,Intern
18319,Olivia_18319,Intern
18320,Paul_18320,Intern
18321,Quinn_18321,Intern
18322,Rose_18322,Intern
18323,Sam_18323,Intern
18324,Tina_18324,Intern
18325,Uma_18325,Intern
18326,Victor_18326,Intern
18327,Wendy_18327,Intern
18328,Xander_18328,Intern
18329,Yara_18329,Intern
18330,Zack_18330,Intern
18331,Ava_18331,Intern
18332,Ben_18332,Intern
18333,Chloe_18333,Intern
18334,Dylan_18334,Intern
18335,Ella_18335,Intern
18336,Finn_18336,Intern
18337,Alice_18337,Intern
18338,Bob_18338,Intern
18339,Carol_18339,Intern
18340,Dave_18340,Intern
18341,Eve_18341,Intern
18342,Frank_18342,Intern
18343,Grace_18343,Intern
18344,Hank_18344,Intern
18345,Iris_18345,Intern
18346,Jack_18346,Intern
18347,Karen_18347,Intern
18348,Leo_18348,Intern
18349,Maya_18349,Intern
18350,Nate_18350,Intern
18351,Olivia_18351,Intern
18352,Paul_18352,Intern
18353,Quinn_18353,Intern
18354,Rose_18354,Intern
18355,Sam_18355,Intern
18356,Tina_18356,Intern
18357,Uma_18357,Intern
18358,Victor_18358,Intern
18359,Wendy_18359,Intern
18360,Xander_18360,Intern
18361,Yara_18361,Intern
18362,Zack_18362,Intern
18363,Ava_18363,Intern
18364,Ben_18364,Intern
18365,Chloe_18365,Intern
18366,Dylan_18366,Intern
18367,Ella_18367,Intern
18368,Finn_18368,Intern
18369,Alice_18369,Intern
18370,Bob_18370,Intern
18371,Carol_18371,Intern
18372,Dave_18372,Intern
18373,Eve_18373,Intern
18374,Frank_18374,Intern
18375,Grace_18375,Intern
18376,Hank_18376,Intern
18377,Iris_18377,Intern
18378,Jack_18378,Intern
18379,Karen_18379,Intern
18380,Leo_18380,Intern
18381,Maya_18381,Intern
18382,Nate_18382,Intern
18383,Olivia_18383,Intern
18384,Paul_18384,Intern
18385,Quinn_18385,Intern
18386,Rose_18386,Intern
18387,Sam_18387,Intern
18388,Tina_18388,Intern
18389,Uma_18389,Intern
18390,Victor_18390,Intern
18391,Wendy_18391,Intern
18392,Xander_18392,Intern
18393,Yara_18393,Intern
18394,Zack_18394,Intern
18395,Ava_18395,Intern
18396,Ben_18396,Intern
18397,Chloe_18397,Intern
18398,Dylan_18398,Intern
18399,Ella_18399,Intern
18400,Finn_18400,Intern
18401,Alice_18401,Intern
18402,Bob_18402,Intern
18403,Carol_18403,Intern
18404,Dave_18404,Intern
18405,Eve_18405,Intern
18406,Frank_18406,Intern
18407,Grace_18407,Intern
18408,Hank_18408,Intern
18409,Iris_18409,Intern
18410,Jack_18410,Intern
18411,Karen_18411,Intern
18412,Leo_18412,Intern
18413,Maya_18413,Intern
18414,Nate_18414,Intern
18415,Olivia_18415,Intern
18416,Paul_18416,Intern
18417,Quinn_18417,Intern
18418,Rose_18418,Intern
18419,Sam_18419,Intern
18420,Tina_18420,Intern
18421,Uma_18421,Intern
18422,Victor_18422,Intern
18423,Wendy_18423,Intern
18424,Xander_18424,Intern
18425,Yara_18425,Intern
18426,Zack_18426,Intern
18427,Ava_18427,Intern
18428,Ben_18428,Intern
18429,Chloe_18429,Intern
18430,Dylan_18430,Intern
18431,Ella_18431,Intern
18432,Finn_18432,Intern
18433,Alice_18433,Intern
18434,Bob_18434,Intern
18435,Carol_18435,Intern
18436,Dave_18436,Intern
18437,Eve_18437,Intern
18438,Frank_18438,Intern
18439,Grace_18439,Intern
18440,Hank_18440,Intern
18441,Iris_18441,Intern
18442,Jack_18442,Intern
18443,Karen_18443,Intern
18444,Leo_18444,Intern
18445,Maya_18445,Intern
18446,Nate_18446,Intern
18447,Olivia_18447,Intern
18448,Paul_18448,Intern
18449,Quinn_18449,Intern
18450,Rose_18450,Intern
18451,Sam_18451,Intern
18452,Tina_18452,Intern
18453,Uma_18453,Intern
18454,Victor_18454,Intern
18455,Wendy_18455,Intern
18456,Xander_18456,Intern
18457,Yara_18457,Intern
18458,Zack_18458,Intern
18459,Ava_18459,Intern
18460,Ben_18460,Intern
18461,Chloe_18461,Intern
18462,Dylan_18462,Intern
18463,Ella_18463,Intern
18464,Finn_18464,Intern
18465,Alice_18465,Intern
18466,Bob_18466,Intern
18467,Carol_18467,Intern
18468,Dave_18468,Intern
18469,Eve_18469,Intern
18470,Frank_18470,Intern
18471,Grace_18471,Intern
18472,Hank_18472,Intern
18473,Iris_18473,Intern
18474,Jack_18474,Intern
18475,Karen_18475,Intern
18476,Leo_18476,Intern
18477,Maya_18477,Intern
18478,Nate_18478,Intern
18479,Olivia_18479,Intern
18480,Paul_18480,Intern
18481,Quinn_18481,Intern
18482,Rose_18482,Intern
18483,Sam_18483,Intern
18484,Tina_18484,Intern
18485,Uma_18485,Intern
18486,Victor_18486,Intern
18487,Wendy_18487,Intern
18488,Xander_18488,Intern
18489,Yara_18489,Intern
18490,Zack_18490,Intern
18491,Ava_18491,Intern
18492,Ben_18492,Intern
18493,Chloe_18493,Intern
18494,Dylan_18494,Intern
18495,Ella_18495,Intern
18496,Finn_18496,Intern
18497,Alice_18497,Intern
18498,Bob_18498,Intern
18499,Carol_18499,Intern
18500,Dave_18500,Intern
18501,Eve_18501,Intern
18502,Frank_18502,Intern
18503,Grace_18503,Intern
18504,Hank_18504,Intern
18505,Iris_18505,Intern
18506,Jack_18506,Intern
18507,Karen_18507,Intern
18508,Leo_18508,Intern
18509,Maya_18509,Intern
18510,Nate_18510,Intern
18511,Olivia_18511,Intern
18512,Paul_18512,Intern
18513,Quinn_18513,Intern
18514,Rose_18514,Intern
18515,Sam_18515,Intern
18516,Tina_18516,Intern
18517,Uma_18517,Intern
18518,Victor_18518,Intern
18519,Wendy_18519,Intern
18520,Xander_18520,Intern
18521,Yara_18521,Intern
18522,Zack_18522,Intern
18523,Ava_18523,Intern
18524,Ben_18524,Intern
18525,Chloe_18525,Intern
18526,Dylan_18526,Intern
18527,Ella_18527,Intern
18528,Finn_18528,Intern
18529,Alice_18529,Intern
18530,Bob_18530,Intern
18531,Carol_18531,Intern
18532,Dave_18532,Intern
18533,Eve_18533,Intern
18534,Frank_18534,Intern
18535,Grace_18535,Intern
18536,Hank_18536,Intern
18537,Iris_18537,Intern
18538,Jack_18538,Intern
18539,Karen_18539,Intern
18540,Leo_18540,Intern
18541,Maya_18541,Intern
18542,Nate_18542,Intern
18543,Olivia_18543,Intern
18544,Paul_18544,Intern
18545,Quinn_18545,Intern
18546,Rose_18546,Intern
18547,Sam_18547,Intern
18548,Tina_18548,Intern
18549,Uma_18549,Intern
18550,Victor_18550,Intern
18551,Wendy_18551,Intern
18552,Xander_18552,Intern
18553,Yara_18553,Intern
18554,Zack_18554,Intern
18555,Ava_18555,Intern
18556,Ben_18556,Intern
18557,Chloe_18557,Intern
18558,Dylan_18558,Intern
18559,Ella_18559,Intern
18560,Finn_18560,Intern
18561,Alice_18561,Intern
18562,Bob_18562,Intern
18563,Carol_18563,Intern
18564,Dave_18564,Intern
18565,Eve_18565,Intern
18566,Frank_18566,Intern
18567,Grace_18567,Intern
18568,Hank_18568,Intern
18569,Iris_18569,Intern
18570,Jack_18570,Intern
18571,Karen_18571,Intern
18572,Leo_18572,Intern
18573,Maya_18573,Intern
18574,Nate_18574,Intern
18575,Olivia_18575,Intern
18576,Paul_18576,Intern
18577,Quinn_18577,Intern
18578,Rose_18578,Intern
18579,Sam_18579,Intern
18580,Tina_18580,Intern
18581,Uma_18581,Intern
18582,Victor_18582,Intern
18583,Wendy_18583,Intern
18584,Xander_18584,Intern
18585,Yara_18585,Intern
18586,Zack_18586,Intern
18587,Ava_18587,Intern
18588,Ben_18588,Intern
18589,Chloe_18589,Intern
18590,Dylan_18590,Intern
18591,Ella_18591,Intern
18592,Finn_18592,Intern
18593,Alice_18593,Intern
18594,Bob_18594,Intern
18595,Carol_18595,Intern
18596,Dave_18596,Intern
18597,Eve_18597,Intern
18598,Frank_18598,Intern
18599,Grace_18599,Intern
18600,Hank_18600,Intern
18601,Iris_18601,Intern
18602,Jack_18602,Intern
18603,Karen_18603,Intern
18604,Leo_18604,Intern
18605,Maya_18605,Intern
18606,Nate_18606,Intern
18607,Olivia_18607,Intern
18608,Paul_18608,Intern
18609,Quinn_18609,Intern
18610,Rose_18610,Intern
18611,Sam_18611,Intern
18612,Tina_18612,Intern
18613,Uma_18613,Intern
18614,Victor_18614,Intern
18615,Wendy_18615,Intern
18616,Xander_18616,Intern
18617,Yara_18617,Intern
18618,Zack_18618,Intern
18619,Ava_18619,Intern
18620,Ben_18620,Intern
18621,Chloe_18621,Intern
18622,Dylan_18622,Intern
18623,Ella_18623,Intern
18624,Finn_18624,Intern
18625,Alice_18625,Intern
18626,Bob_18626,Intern
18627,Carol_18627,Intern
18628,Dave_18628,Intern
18629,Eve_18629,Intern
18630,Frank_18630,Intern
18631,Grace_18631,Intern
18632,Hank_18632,Intern
18633,Iris_18633,Intern
18634,Jack_18634,Intern
18635,Karen_18635,Intern
18636,Leo_18636,Intern
18637,Maya_18637,Intern
18638,Nate_18638,Intern
18639,Olivia_18639,Intern
18640,Paul_18640,Intern
18641,Quinn_18641,Intern
18642,Rose_18642,Intern
18643,Sam_18643,Intern
18644,Tina_18644,Intern
18645,Uma_18645,Intern
18646,Victor_18646,Intern
18647,Wendy_18647,Intern
18648,Xander_18648,Intern
18649,Yara_18649,Intern
18650,Zack_18650,Intern
18651,Ava_18651,Intern
18652,Ben_18652,Intern
18653,Chloe_18653,Intern
18654,Dylan_18654,Intern
18655,Ella_18655,Intern
18656,Finn_18656,Intern
18657,Alice_18657,Intern
18658,Bob_18658,Intern
18659,Carol_18659,Intern
18660,Dave_18660,Intern
18661,Eve_18661,Intern
18662,Frank_18662,Intern
18663,Grace_18663,Intern
18664,Hank_18664,Intern
18665,Iris_18665,Intern
18666,Jack_18666,Intern
18667,Karen_18667,Intern
18668,Leo_18668,Intern
18669,Maya_18669,Intern
18670,Nate_18670,Intern
18671,Olivia_18671,Intern
18672,Paul_18672,Intern
18673,Quinn_18673,Intern
18674,Rose_18674,Intern
18675,Sam_18675,Intern
18676,Tina_18676,Intern
18677,Uma_18677,Intern
18678,Victor_18678,Intern
18679,Wendy_18679,Intern
18680,Xander_18680,Intern
18681,Yara_18681,Intern
18682,Zack_18682,Intern
18683,Ava_18683,Intern
18684,Ben_18684,Intern
18685,Chloe_18685,Intern
18686,Dylan_18686,Intern
18687,Ella_18687,Intern
18688,Finn_18688,Intern
18689,Alice_18689,Intern
18690,Bob_18690,Intern
18691,Carol_18691,Intern
18692,Dave_18692,Intern
18693,Eve_18693,Intern
18694,Frank_18694,Intern
18695,Grace_18695,Intern
18696,Hank_18696,Intern
18697,Iris_18697,Intern
18698,Jack_18698,Intern
18699,Karen_18699,Intern
18700,Leo_18700,Intern
18701,Maya_18701,Intern
18702,Nate_18702,Intern
18703,Olivia_18703,Intern
18704,Paul_18704,Intern
18705,Quinn_18705,Intern
18706,Rose_18706,Intern
18707,Sam_18707,Intern
18708,Tina_18708,Intern
18709,Uma_18709,Intern
18710,Victor_18710,Intern
18711,Wendy_18711,Intern
18712,Xander_18712,Intern
18713,Yara_18713,Intern
18714,Zack_18714,Intern
18715,Ava_18715,Intern
18716,Ben_18716,Intern
18717,Chloe_18717,Intern
18718,Dylan_18718,Intern
18719,Ella_18719,Intern
18720,Finn_18720,Intern
18721,Alice_18721,Intern
18722,Bob_18722,Intern
18723,Carol_18723,Intern
18724,Dave_18724,Intern
18725,Eve_18725,Intern
18726,Frank_18726,Intern
18727,Grace_18727,Intern
18728,Hank_18728,Intern
18729,Iris_18729,Intern
18730,Jack_18730,Intern
18731,Karen_18731,Intern
18732,Leo_18732,Intern
18733,Maya_18733,Intern
18734,Nate_18734,Intern
18735,Olivia_18735,Intern
18736,Paul_18736,Intern
18737,Quinn_18737,Intern
18738,Rose_18738,Intern
18739,Sam_18739,Intern
18740,Tina_18740,Intern
18741,Uma_18741,Intern
18742,Victor_18742,Intern
18743,Wendy_18743,Intern
18744,Xander_18744,Intern
18745,Yara_18745,Intern
18746,Zack_18746,Intern
18747,Ava_18747,Intern
18748,Ben_18748,Intern
18749,Chloe_18749,Intern
18750,Dylan_18750,Intern
18751,Ella_18751,Intern
18752,Finn_18752,Intern
18753,Alice_18753,Intern
18754,Bob_18754,Intern
18755,Carol_18755,Intern
18756,Dave_18756,Intern
18757,Eve_18757,Intern
18758,Frank_18758,Intern
18759,Grace_18759,Intern
18760,Hank_18760,Intern
18761,Iris_18761,Intern
18762,Jack_18762,Intern
18763,Karen_18763,Intern
18764,Leo_18764,Intern
18765,Maya_18765,Intern
18766,Nate_18766,Intern
18767,Olivia_18767,Intern
18768,Paul_18768,Intern
18769,Quinn_18769,Intern
18770,Rose_18770,Intern
18771,Sam_18771,Intern
18772,Tina_18772,Intern
18773,Uma_18773,Intern
18774,Victor_18774,Intern
18775,Wendy_18775,Intern
18776,Xander_18776,Intern
18777,Yara_18777,Intern
18778,Zack_18778,Intern
18779,Ava_18779,Intern
18780,Ben_18780,Intern
18781,Chloe_18781,Intern
18782,Dylan_18782,Intern
18783,Ella_18783,Intern
18784,Finn_18784,Intern
18785,Alice_18785,Intern
18786,Bob_18786,Intern
18787,Carol_18787,Intern
18788,Dave_18788,Intern
18789,Eve_18789,Intern
18790,Frank_18790,Intern
18791,Grace_18791,Intern
18792,Hank_18792,Intern
18793,Iris_18793,Intern
18794,Jack_18794,Intern
18795,Karen_18795,Intern
18796,Leo_18796,Intern
18797,Maya_18797,Intern
18798,Nate_18798,Intern
18799,Olivia_18799,Intern
18800,Paul_18800,Intern
18801,Quinn_18801,Intern
18802,Rose_18802,Intern
18803,Sam_18803,Intern
18804,Tina_18804,Intern
18805,Uma_18805,Intern
18806,Victor_18806,Intern
18807,Wendy_18807,Intern
18808,Xander_18808,Intern
18809,Yara_18809,Intern
18810,Zack_18810,Intern
18811,Ava_18811,Intern
18812,Ben_18812,Intern
18813,Chloe_18813,Intern
18814,Dylan_18814,Intern
18815,Ella_18815,Intern
18816,Finn_18816,Intern
18817,Alice_18817,Intern
18818,Bob_18818,Intern
18819,Carol_18819,Intern
18820,Dave_18820,Intern
18821,Eve_18821,Intern
18822,Frank_18822,Intern
18823,Grace_18823,Intern
18824,Hank_18824,Intern
18825,Iris_18825,Intern
18826,Jack_18826,Intern
18827,Karen_18827,Intern
18828,Leo_18828,Intern
18829,Maya_18829,Intern
18830,Nate_18830,Intern
18831,Olivia_18831,Intern
18832,Paul_18832,Intern
18833,Quinn_18833,Intern
18834,Rose_18834,Intern
18835,Sam_18835,Intern
18836,Tina_18836,Intern
18837,Uma_18837,Intern
18838,Victor_18838,Intern
18839,Wendy_18839,Intern
18840,Xander_18840,Intern
18841,Yara_18841,Intern
18842,Zack_18842,Intern
18843,Ava_18843,Intern
18844,Ben_18844,Intern
18845,Chloe_18845,Intern
18846,Dylan_18846,Intern
18847,Ella_18847,Intern
18848,Finn_18848,Intern
18849,Alice_18849,Intern
18850,Bob_18850,Intern
18851,Carol_18851,Intern
18852,Dave_18852,Intern
18853,Eve_18853,Intern
18854,Frank_18854,Intern
18855,Grace_18855,Intern
18856,Hank_18856,Intern
18857,Iris_18857,Intern
18858,Jack_18858,Intern
18859,Karen_18859,Intern
18860,Leo_18860,Intern
18861,Maya_18861,Intern
18862,Nate_18862,Intern
18863,Olivia_18863,Intern
18864,Paul_18864,Intern
18865,Quinn_18865,Intern
18866,Rose_18866,Intern
18867,Sam_18867,Intern
18868,Tina_18868,Intern
18869,Uma_18869,Intern
18870,Victor_18870,Intern
18871,Wendy_18871,Intern
18872,Xander_18872,Intern
18873,Yara_18873,Intern
18874,Zack_18874,Intern
18875,Ava_18875,Intern
18876,Ben_18876,Intern
18877,Chloe_18877,Intern
18878,Dylan_18878,Intern
18879,Ella_18879,Intern
18880,Finn_18880,Intern
18881,Alice_18881,Intern
18882,Bob_18882,Intern
18883,Carol_18883,Intern
18884,Dave_18884,Intern
18885,Eve_18885,Intern
18886,Frank_18886,Intern
18887,Grace_18887,Intern
18888,Hank_18888,Intern
18889,Iris_18889,Intern
18890,Jack_18890,Intern
18891,Karen_18891,Intern
18892,Leo_18892,Intern
18893,Maya_18893,Intern
18894,Nate_18894,Intern
18895,Olivia_18895,Intern
18896,Paul_18896,Intern
18897,Quinn_18897,Intern
18898,Rose_18898,Intern
18899,Sam_18899,Intern
18900,Tina_18900,Intern
18901,Uma_18901,Intern
18902,Victor_18902,Intern
18903,Wendy_18903,Intern
18904,Xander_18904,Intern
18905,Yara_18905,Intern
18906,Zack_18906,Intern
18907,Ava_18907,Intern
18908,Ben_18908,Intern
18909,Chloe_18909,Intern
18910,Dylan_18910,Intern
18911,Ella_18911,Intern
18912,Finn_18912,Intern
18913,Alice_18913,Intern
18914,Bob_18914,Intern
18915,Carol_18915,Intern
18916,Dave_18916,Intern
18917,Eve_18917,Intern
18918,Frank_18918,Intern
18919,Grace_18919,Intern
18920,Hank_18920,Intern
18921,Iris_18921,Intern
18922,Jack_18922,Intern
18923,Karen_18923,Intern
18924,Leo_18924,Intern
18925,Maya_18925,Intern
18926,Nate_18926,Intern
18927,Olivia_18927,Intern
18928,Paul_18928,Intern
18929,Quinn_18929,Intern
18930,Rose_18930,Intern
18931,Sam_18931,Intern
18932,Tina_18932,Intern
18933,Uma_18933,Intern
18934,Victor_18934,Intern
18935,Wendy_18935,Intern
18936,Xander_18936,Intern
18937,Yara_18937,Intern
18938,Zack_18938,Intern
18939,Ava_18939,Intern
18940,Ben_18940,Intern
18941,Chloe_18941,Intern
18942,Dylan_18942,Intern
18943,Ella_18943,Intern
18944,Finn_18944,Intern
18945,Alice_18945,Intern
18946,Bob_18946,Intern
18947,Carol_18947,Intern
18948,Dave_18948,Intern
18949,Eve_18949,Intern
18950,Frank_18950,Intern
18951,Grace_18951,Intern
18952,Hank_18952,Intern
18953,Iris_18953,Intern
18954,Jack_18954,Intern
18955,Karen_18955,Intern
18956,Leo_18956,Intern
18957,Maya_18957,Intern
18958,Nate_18958,Intern
18959,Olivia_18959,Intern
18960,Paul_18960,Intern
18961,Quinn_18961,Intern
18962,Rose_18962,Intern
18963,Sam_18963,Intern
18964,Tina_18964,Intern
18965,Uma_18965,Intern
18966,Victor_18966,Intern
18967,Wendy_18967,Intern
18968,Xander_18968,Intern
18969,Yara_18969,Intern
18970,Zack_18970,Intern
18971,Ava_18971,Intern
18972,Ben_18972,Intern
18973,Chloe_18973,Intern
18974,Dylan_18974,Intern
18975,Ella_18975,Intern
18976,Finn_18976,Intern
18977,Alice_18977,Intern
18978,Bob_18978,Intern
18979,Carol_18979,Intern
18980,Dave_18980,Intern
18981,Eve_18981,Intern
18982,Frank_18982,Intern
18983,Grace_18983,Intern
18984,Hank_18984,Intern
18985,Iris_18985,Intern
18986,Jack_18986,Intern
18987,Karen_18987,Intern
18988,Leo_18988,Intern
18989,Maya_18989,Intern
18990,Nate_18990,Intern
18991,Olivia_18991,Intern
18992,Paul_18992,Intern
18993,Quinn_18993,Intern
18994,Rose_18994,Intern
18995,Sam_18995,Intern
18996,Tina_18996,Intern
18997,Uma_18997,Intern
18998,Victor_18998,Intern
18999,Wendy_18999,Intern
19000,Xander_19000,Intern
19001,Yara_19001,Intern
19002,Zack_19002,Intern
19003,Ava_19003,Intern
19004,Ben_19004,Intern
19005,Chloe_19005,Intern
19006,Dylan_19006,Intern
19007,Ella_19007,Intern
19008,Finn_19008,Intern
19009,Alice_19009,Intern
19010,Bob_19010,Intern
19011,Carol_19011,Intern
19012,Dave_19012,Intern
19013,Eve_19013,Intern
19014,Frank_19014,Intern
19015,Grace_19015,Intern
19016,Hank_19016,Intern
19017,Iris_19017,Intern
19018,Jack_19018,Intern
19019,Karen_19019,Intern
19020,Leo_19020,Intern
19021,Maya_19021,Intern
19022,Nate_19022,Intern
19023,Olivia_19023,Intern
19024,Paul_19024,Intern
19025,Quinn_19025,Intern
19026,Rose_19026,Intern
19027,Sam_19027,Intern
19028,Tina_19028,Intern
19029,Uma_19029,Intern
19030,Victor_19030,Intern
19031,Wendy_19031,Intern
19032,Xander_19032,Intern
19033,Yara_19033,Intern
19034,Zack_19034,Intern
19035,Ava_19035,Intern
19036,Ben_19036,Intern
19037,Chloe_19037,Intern
19038,Dylan_19038,Intern
19039,Ella_19039,Intern
19040,Finn_19040,Intern
19041,Alice_19041,Intern
19042,Bob_19042,Intern
19043,Carol_19043,Intern
19044,Dave_19044,Intern
19045,Eve_19045,Intern
19046,Frank_19046,Intern
19047,Grace_19047,Intern
19048,Hank_19048,Intern
19049,Iris_19049,Intern
19050,Jack_19050,Intern
19051,Karen_19051,Intern
19052,Leo_19052,Intern
19053,Maya_19053,Intern
19054,Nate_19054,Intern
19055,Olivia_19055,Intern
19056,Paul_19056,Intern
19057,Quinn_19057,Intern
19058,Rose_19058,Intern
19059,Sam_19059,Intern
19060,Tina_19060,Intern
19061,Uma_19061,Intern
19062,Victor_19062,Intern
19063,Wendy_19063,Intern
19064,Xander_19064,Intern
19065,Yara_19065,Intern
19066,Zack_19066,Intern
19067,Ava_19067,Intern
19068,Ben_19068,Intern
19069,Chloe_19069,Intern
19070,Dylan_19070,Intern
19071,Ella_19071,Intern
19072,Finn_19072,Intern
19073,Alice_19073,Intern
19074,Bob_19074,Intern
19075,Carol_19075,Intern
19076,Dave_19076,Intern
19077,Eve_19077,Intern
19078,Frank_19078,Intern
19079,Grace_19079,Intern
19080,Hank_19080,Intern
19081,Iris_19081,Intern
19082,Jack_19082,Intern
19083,Karen_19083,Intern
19084,Leo_19084,Intern
19085,Maya_19085,Intern
19086,Nate_19086,Intern
19087,Olivia_19087,Intern
19088,Paul_19088,Intern
19089,Quinn_19089,Intern
19090,Rose_19090,Intern
19091,Sam_19091,Intern
19092,Tina_19092,Intern
19093,Uma_19093,Intern
19094,Victor_19094,Intern
19095,Wendy_19095,Intern
19096,Xander_19096,Intern
19097,Yara_19097,Intern
19098,Zack_19098,Intern
19099,Ava_19099,Intern
19100,Ben_19100,Intern
19101,Chloe_19101,Intern
19102,Dylan_19102,Intern
19103,Ella_19103,Intern
19104,Finn_19104,Intern
19105,Alice_19105,Intern
19106,Bob_19106,Intern
19107,Carol_19107,Intern
19108,Dave_19108,Intern
19109,Eve_19109,Intern
19110,Frank_19110,Intern
19111,Grace_19111,Intern
19112,Hank_19112,Intern
19113,Iris_19113,Intern
19114,Jack_19114,Intern
19115,Karen_19115,Intern
19116,Leo_19116,Intern
19117,Maya_19117,Intern
19118,Nate_19118,Intern
19119,Olivia_19119,Intern
19120,Paul_19120,Intern
19121,Quinn_19121,Intern
19122,Rose_19122,Intern
19123,Sam_19123,Intern
19124,Tina_19124,Intern
19125,Uma_19125,Intern
19126,Victor_19126,Intern
19127,Wendy_19127,Intern
19128,Xander_19128,Intern
19129,Yara_19129,Intern
19130,Zack_19130,Intern
19131,Ava_19131,Intern
19132,Ben_19132,Intern
19133,Chloe_19133,Intern
19134,Dylan_19134,Intern
19135,Ella_19135,Intern
19136,Finn_19136,Intern
19137,Alice_19137,Intern
19138,Bob_19138,Intern
19139,Carol_19139,Intern
19140,Dave_19140,Intern
19141,Eve_19141,Intern
19142,Frank_19142,Intern
19143,Grace_19143,Intern
19144,Hank_19144,Intern
19145,Iris_19145,Intern
19146,Jack_19146,Intern
19147,Karen_19147,Intern
19148,Leo_19148,Intern
19149,Maya_19149,Intern
19150,Nate_19150,Intern
19151,Olivia_19151,Intern
19152,Paul_19152,Intern
19153,Quinn_19153,Intern
19154,Rose_19154,Intern
19155,Sam_19155,Intern
19156,Tina_19156,Intern
19157,Uma_19157,Intern
19158,Victor_19158,Intern
19159,Wendy_19159,Intern
19160,Xander_19160,Intern
19161,Yara_19161,Intern
19162,Zack_19162,Intern
19163,Ava_19163,Intern
19164,Ben_19164,Intern
19165,Chloe_19165,Intern
19166,Dylan_19166,Intern
19167,Ella_19167,Intern
19168,Finn_19168,Intern
19169,Alice_19169,Intern
19170,Bob_19170,Intern
19171,Carol_19171,Intern
19172,Dave_19172,Intern
19173,Eve_19173,Intern
19174,Frank_19174,Intern
19175,Grace_19175,Intern
19176,Hank_19176,Intern
19177,Iris_19177,Intern
19178,Jack_19178,Intern
19179,Karen_19179,Intern
19180,Leo_19180,Intern
19181,Maya_19181,Intern
19182,Nate_19182,Intern
19183,Olivia_19183,Intern
19184,Paul_19184,Intern
19185,Quinn_19185,Intern
19186,Rose_19186,Intern
19187,Sam_19187,Intern
19188,Tina_19188,Intern
19189,Uma_19189,Intern
19190,Victor_19190,Intern
19191,Wendy_19191,Intern
19192,Xander_19192,Intern
19193,Yara_19193,Intern
19194,Zack_19194,Intern
19195,Ava_19195,Intern
19196,Ben_19196,Intern
19197,Chloe_19197,Intern
19198,Dylan_19198,Intern
19199,Ella_19199,Intern
19200,Finn_19200,Intern
19201,Alice_19201,Intern
19202,Bob_19202,Intern
19203,Carol_19203,Intern
19204,Dave_19204,Intern
19205,Eve_19205,Intern
19206,Frank_19206,Intern
19207,Grace_19207,Intern
19208,Hank_19208,Intern
19209,Iris_19209,Intern
19210,Jack_19210,Intern
19211,Karen_19211,Intern
19212,Leo_19212,Intern
19213,Maya_19213,Intern
19214,Nate_19214,Intern
19215,Olivia_19215,Intern
19216,Paul_19216,Intern
19217,Quinn_19217,Intern
19218,Rose_19218,Intern
19219,Sam_19219,Intern
19220,Tina_19220,Intern
19221,Uma_19221,Intern
19222,Victor_19222,Intern
19223,Wendy_19223,Intern
19224,Xander_19224,Intern
19225,Yara_19225,Intern
19226,Zack_19226,Intern
19227,Ava_19227,Intern
19228,Ben_19228,Intern
19229,Chloe_19229,Intern
19230,Dylan_19230,Intern
19231,Ella_19231,Intern
19232,Finn_19232,Intern
19233,Alice_19233,Intern
19234,Bob_19234,Intern
19235,Carol_19235,Intern
19236,Dave_19236,Intern
19237,Eve_19237,Intern
19238,Frank_19238,Intern
19239,Grace_19239,Intern
19240,Hank_19240,Intern
19241,Iris_19241,Intern
19242,Jack_19242,Intern
19243,Karen_19243,Intern
19244,Leo_19244,Intern
19245,Maya_19245,Intern
19246,Nate_19246,Intern
19247,Olivia_19247,Intern
19248,Paul_19248,Intern
19249,Quinn_19249,Intern
19250,Rose_19250,Intern
19251,Sam_19251,Intern
19252,Tina_19252,Intern
19253,Uma_19253,Intern
19254,Victor_19254,Intern
19255,Wendy_19255,Intern
19256,Xander_19256,Intern
19257,Yara_19257,Intern
19258,Zack_19258,Intern
19259,Ava_19259,Intern
19260,Ben_19260,Intern
19261,Chloe_19261,Intern
19262,Dylan_19262,Intern
19263,Ella_19263,Intern
19264,Finn_19264,Intern
19265,Alice_19265,Intern
19266,Bob_19266,Intern
19267,Carol_19267,Intern
19268,Dave_19268,Intern
19269,Eve_19269,Intern
19270,Frank_19270,Intern
19271,Grace_19271,Intern
19272,Hank_19272,Intern
19273,Iris_19273,Intern
19274,Jack_19274,Intern
19275,Karen_19275,Intern
19276,Leo_19276,Intern
19277,Maya_19277,Intern
19278,Nate_19278,Intern
19279,Olivia_19279,Intern
19280,Paul_19280,Intern
19281,Quinn_19281,Intern
19282,Rose_19282,Intern
19283,Sam_19283,Intern
19284,Tina_19284,Intern
19285,Uma_19285,Intern
19286,Victor_19286,Intern
19287,Wendy_19287,Intern
19288,Xander_19288,Intern
19289,Yara_19289,Intern
19290,Zack_19290,Intern
19291,Ava_19291,Intern
19292,Ben_19292,Intern
19293,Chloe_19293,Intern
19294,Dylan_19294,Intern
19295,Ella_19295,Intern
19296,Finn_19296,Intern
19297,Alice_19297,Intern
19298,Bob_19298,Intern
19299,Carol_19299,Intern
19300,Dave_19300,Intern
19301,Eve_19301,Intern
19302,Frank_19302,Intern
19303,Grace_19303,Intern
19304,Hank_19304,Intern
19305,Iris_19305,Intern
19306,Jack_19306,Intern
19307,Karen_19307,Intern
19308,Leo_19308,Intern
19309,Maya_19309,Intern
19310,Nate_19310,Intern
19311,Olivia_19311,Intern
19312,Paul_19312,Intern
19313,Quinn_19313,Intern
19314,Rose_19314,Intern
19315,Sam_19315,Intern
19316,Tina_19316,Intern
19317,Uma_19317,Intern
19318,Victor_19318,Intern
19319,Wendy_19319,Intern
19320,Xander_19320,Intern
19321,Yara_19321,Intern
19322,Zack_19322,Intern
19323,Ava_19323,Intern
19324,Ben_19324,Intern
19325,Chloe_19325,Intern
19326,Dylan_19326,Intern
19327,Ella_19327,Intern
19328,Finn_19328,Intern
19329,Alice_19329,Intern
19330,Bob_19330,Intern
19331,Carol_19331,Intern
19332,Dave_19332,Intern
19333,Eve_19333,Intern
19334,Frank_19334,Intern
19335,Grace_19335,Intern
19336,Hank_19336,Intern
19337,Iris_19337,Intern
19338,Jack_19338,Intern
19339,Karen_19339,Intern
19340,Leo_19340,Intern
19341,Maya_19341,Intern
19342,Nate_19342,Intern
19343,Olivia_19343,Intern
19344,Paul_19344,Intern
19345,Quinn_19345,Intern
19346,Rose_19346,Intern
19347,Sam_19347,Intern
19348,Tina_19348,Intern
19349,Uma_19349,Intern
19350,Victor_19350,Intern
19351,Wendy_19351,Intern
19352,Xander_19352,Intern
19353,Yara_19353,Intern
19354,Zack_19354,Intern
19355,Ava_19355,Intern
19356,Ben_19356,Intern
19357,Chloe_19357,Intern
19358,Dylan_19358,Intern
19359,Ella_19359,Intern
19360,Finn_19360,Intern
19361,Alice_19361,Intern
19362,Bob_19362,Intern
19363,Carol_19363,Intern
19364,Dave_19364,Intern
19365,Eve_19365,Intern
19366,Frank_19366,Intern
19367,Grace_19367,Intern
19368,Hank_19368,Intern
19369,Iris_19369,Intern
19370,Jack_19370,Intern
19371,Karen_19371,Intern
19372,Leo_19372,Intern
19373,Maya_19373,Intern
19374,Nate_19374,Intern
19375,Olivia_19375,Intern
19376,Paul_19376,Intern
19377,Quinn_19377,Intern
19378,Rose_19378,Intern
19379,Sam_19379,Intern
19380,Tina_19380,Intern
19381,Uma_19381,Intern
19382,Victor_19382,Intern
19383,Wendy_19383,Intern
19384,Xander_19384,Intern
19385,Yara_19385,Intern
19386,Zack_19386,Intern
19387,Ava_19387,Intern
19388,Ben_19388,Intern
19389,Chloe_19389,Intern
19390,Dylan_19390,Intern
19391,Ella_19391,Intern
19392,Finn_19392,Intern
19393,Alice_19393,Intern
19394,Bob_19394,Intern
19395,Carol_19395,Intern
19396,Dave_19396,Intern
19397,Eve_19397,Intern
19398,Frank_19398,Intern
19399,Grace_19399,Intern
19400,Hank_19400,Intern
19401,Iris_19401,Intern
19402,Jack_19402,Intern
19403,Karen_19403,Intern
19404,Leo_19404,Intern
19405,Maya_19405,Intern
19406,Nate_19406,Intern
19407,Olivia_19407,Intern
19408,Paul_19408,Intern
19409,Quinn_19409,Intern
19410,Rose_19410,Intern
19411,Sam_19411,Intern
19412,Tina_19412,Intern
19413,Uma_19413,Intern
19414,Victor_19414,Intern
19415,Wendy_19415,Intern
19416,Xander_19416,Intern
19417,Yara_19417,Intern
19418,Zack_19418,Intern
19419,Ava_19419,Intern
19420,Ben_19420,Intern
19421,Chloe_19421,Intern
19422,Dylan_19422,Intern
19423,Ella_19423,Intern
19424,Finn_19424,Intern
19425,Alice_19425,Intern
19426,Bob_19426,Intern
19427,Carol_19427,Intern
19428,Dave_19428,Intern
19429,Eve_19429,Intern
19430,Frank_19430,Intern
19431,Grace_19431,Intern
19432,Hank_19432,Intern
19433,Iris_19433,Intern
19434,Jack_19434,Intern
19435,Karen_19435,Intern
19436,Leo_19436,Intern
19437,Maya_19437,Intern
19438,Nate_19438,Intern
19439,Olivia_19439,Intern
19440,Paul_19440,Intern
19441,Quinn_19441,Intern
19442,Rose_19442,Intern
19443,Sam_19443,Intern
19444,Tina_19444,Intern
19445,Uma_19445,Intern
19446,Victor_19446,Intern
19447,Wendy_19447,Intern
19448,Xander_19448,Intern
19449,Yara_19449,Intern
19450,Zack_19450,Intern
19451,Ava_19451,Intern
19452,Ben_19452,Intern
19453,Chloe_19453,Intern
19454,Dylan_19454,Intern
19455,Ella_19455,Intern
19456,Finn_19456,Intern
19457,Alice_19457,Intern
19458,Bob_19458,Intern
19459,Carol_19459,Intern
19460,Dave_19460,Intern
19461,Eve_19461,Intern
19462,Frank_19462,Intern
19463,Grace_19463,Intern
19464,Hank_19464,Intern
19465,Iris_19465,Intern
19466,Jack_19466,Intern
19467,Karen_19467,Intern
19468,Leo_19468,Intern
19469,Maya_19469,Intern
19470,Nate_19470,Intern
19471,Olivia_19471,Intern
19472,Paul_19472,Intern
19473,Quinn_19473,Intern
19474,Rose_19474,Intern
19475,Sam_19475,Intern
19476,Tina_19476,Intern
19477,Uma_19477,Intern
19478,Victor_19478,Intern
19479,Wendy_19479,Intern
19480,Xander_19480,Intern
19481,Yara_19481,Intern
19482,Zack_19482,Intern
19483,Ava_19483,Intern
19484,Ben_19484,Intern
19485,Chloe_19485,Intern
19486,Dylan_19486,Intern
19487,Ella_19487,Intern
19488,Finn_19488,Intern
19489,Alice_19489,Intern
19490,Bob_19490,Intern
19491,Carol_19491,Intern
19492,Dave_19492,Intern
19493,Eve_19493,Intern
19494,Frank_19494,Intern
19495,Grace_19495,Intern
19496,Hank_19496,Intern
19497,Iris_19497,Intern
19498,Jack_19498,Intern
19499,Karen_19499,Intern
19500,Leo_19500,Intern
19501,Maya_19501,Intern
19502,Nate_19502,Intern
19503,Olivia_19503,Intern
19504,Paul_19504,Intern
19505,Quinn_19505,Intern
19506,Rose_19506,Intern
19507,Sam_19507,Intern
19508,Tina_19508,Intern
19509,Uma_19509,Intern
19510,Victor_19510,Intern
19511,Wendy_19511,Intern
19512,Xander_19512,Intern
19513,Yara_19513,Intern
19514,Zack_19514,Intern
19515,Ava_19515,Intern
19516,Ben_19516,Intern
19517,Chloe_19517,Intern
19518,Dylan_19518,Intern
19519,Ella_19519,Intern
19520,Finn_19520,Intern
19521,Alice_19521,Intern
19522,Bob_19522,Intern
19523,Carol_19523,Intern
19524,Dave_19524,Intern
19525,Eve_19525,Intern
19526,Frank_19526,Intern
19527,Grace_19527,Intern
19528,Hank_19528,Intern
19529,Iris_19529,Intern
19530,Jack_19530,Intern
19531,Karen_19531,Intern
19532,Leo_19532,Intern
19533,Maya_19533,Intern
19534,Nate_19534,Intern
19535,Olivia_19535,Intern
19536,Paul_19536,Intern
19537,Quinn_19537,Intern
19538,Rose_19538,Intern
19539,Sam_19539,Intern
19540,Tina_19540,Intern
19541,Uma_19541,Intern
19542,Victor_19542,Intern
19543,Wendy_19543,Intern
19544,Xander_19544,Intern
19545,Yara_19545,Intern
19546,Zack_19546,Intern
19547,Ava_19547,Intern
19548,Ben_19548,Intern
19549,Chloe_19549,Intern
19550,Dylan_19550,Intern
19551,Ella_19551,Intern
19552,Finn_19552,Intern
19553,Alice_19553,Intern
19554,Bob_19554,Intern
19555,Carol_19555,Intern
19556,Dave_19556,Intern
19557,Eve_19557,Intern
19558,Frank_19558,Intern
19559,Grace_19559,Intern
19560,Hank_19560,Intern
19561,Iris_19561,Intern
19562,Jack_19562,Intern
19563,Karen_19563,Intern
19564,Leo_19564,Intern
19565,Maya_19565,Intern
19566,Nate_19566,Intern
19567,Olivia_19567,Intern
19568,Paul_19568,Intern
19569,Quinn_19569,Intern
19570,Rose_19570,Intern
19571,Sam_19571,Intern
19572,Tina_19572,Intern
19573,Uma_19573,Intern
19574,Victor_19574,Intern
19575,Wendy_19575,Intern
19576,Xander_19576,Intern
19577,Yara_19577,Intern
19578,Zack_19578,Intern
19579,Ava_19579,Intern
19580,Ben_19580,Intern
19581,Chloe_19581,Intern
19582,Dylan_19582,Intern
19583,Ella_19583,Intern
19584,Finn_19584,Intern
19585,Alice_19585,Intern
19586,Bob_19586,Intern
19587,Carol_19587,Intern
19588,Dave_19588,Intern
19589,Eve_19589,Intern
19590,Frank_19590,Intern
19591,Grace_19591,Intern
19592,Hank_19592,Intern
19593,Iris_19593,Intern
19594,Jack_19594,Intern
19595,Karen_19595,Intern
19596,Leo_19596,Intern
19597,Maya_19597,Intern
19598,Nate_19598,Intern
19599,Olivia_19599,Intern
19600,Paul_19600,Intern
19601,Quinn_19601,Intern
19602,Rose_19602,Intern
19603,Sam_19603,Intern
19604,Tina_19604,Intern
19605,Uma_19605,Intern
19606,Victor_19606,Intern
19607,Wendy_19607,Intern
19608,Xander_19608,Intern
19609,Yara_19609,Intern
19610,Zack_19610,Intern
19611,Ava_19611,Intern
19612,Ben_19612,Intern
19613,Chloe_19613,Intern
19614,Dylan_19614,Intern
19615,Ella_19615,Intern
19616,Finn_19616,Intern
19617,Alice_19617,Intern
19618,Bob_19618,Intern
19619,Carol_19619,Intern
19620,Dave_19620,Intern
19621,Eve_19621,Intern
19622,Frank_19622,Intern
19623,Grace_19623,Intern
19624,Hank_19624,Intern
19625,Iris_19625,Intern
19626,Jack_19626,Intern
19627,Karen_19627,Intern
19628,Leo_19628,Intern
19629,Maya_19629,Intern
19630,Nate_19630,Intern
19631,Olivia_19631,Intern
19632,Paul_19632,Intern
19633,Quinn_19633,Intern
19634,Rose_19634,Intern
19635,Sam_19635,Intern
19636,Tina_19636,Intern
19637,Uma_19637,Intern
19638,Victor_19638,Intern
19639,Wendy_19639,Intern
19640,Xander_19640,Intern
19641,Yara_19641,Intern
19642,Zack_19642,Intern
19643,Ava_19643,Intern
19644,Ben_19644,Intern
19645,Chloe_19645,Intern
19646,Dylan_19646,Intern
19647,Ella_19647,Intern
19648,Finn_19648,Intern
19649,Alice_19649,Intern
19650,Bob_19650,Intern
19651,Carol_19651,Intern
19652,Dave_19652,Intern
19653,Eve_19653,Intern
19654,Frank_19654,Intern
19655,Grace_19655,Intern
19656,Hank_19656,Intern
19657,Iris_19657,Intern
19658,Jack_19658,Intern
19659,Karen_19659,Intern
19660,Leo_19660,Intern
19661,Maya_19661,Intern
19662,Nate_19662,Intern
19663,Olivia_19663,Intern
19664,Paul_19664,Intern
19665,Quinn_19665,Intern
19666,Rose_19666,Intern
19667,Sam_19667,Intern
19668,Tina_19668,Intern
19669,Uma_19669,Intern
19670,Victor_19670,Intern
19671,Wendy_19671,Intern
19672,Xander_19672,Intern
19673,Yara_19673,Intern
19674,Zack_19674,Intern
19675,Ava_19675,Intern
19676,Ben_19676,Intern
19677,Chloe_19677,Intern
19678,Dylan_19678,Intern
19679,Ella_19679,Intern
19680,Finn_19680,Intern
19681,Alice_19681,Intern
19682,Bob_19682,Intern
19683,Carol_19683,Intern
19684,Dave_19684,Intern
19685,Eve_19685,Intern
19686,Frank_19686,Intern
19687,Grace_19687,Intern
19688,Hank_19688,Intern
19689,Iris_19689,Intern
19690,Jack_19690,Intern
19691,Karen_19691,Intern
19692,Leo_19692,Intern
19693,Maya_19693,Intern
19694,Nate_19694,Intern
19695,Olivia_19695,Intern
19696,Paul_19696,Intern
19697,Quinn_19697,Intern
19698,Rose_19698,Intern
19699,Sam_19699,Intern
19700,Tina_19700,Intern
19701,Uma_19701,Intern
19702,Victor_19702,Intern
19703,Wendy_19703,Intern
19704,Xander_19704,Intern
19705,Yara_19705,Intern
19706,Zack_19706,Intern
19707,Ava_19707,Intern
19708,Ben_19708,Intern
19709,Chloe_19709,Intern
19710,Dylan_19710,Intern
19711,Ella_19711,Intern
19712,Finn_19712,Intern
19713,Alice_19713,Intern
19714,Bob_19714,Intern
19715,Carol_19715,Intern
19716,Dave_19716,Intern
19717,Eve_19717,Intern
19718,Frank_19718,Intern
19719,Grace_19719,Intern
19720,Hank_19720,Intern
19721,Iris_19721,Intern
19722,Jack_19722,Intern
19723,Karen_19723,Intern
19724,Leo_19724,Intern
19725,Maya_19725,Intern
19726,Nate_19726,Intern
19727,Olivia_19727,Intern
19728,Paul_19728,Intern
19729,Quinn_19729,Intern
19730,Rose_19730,Intern
19731,Sam_19731,Intern
19732,Tina_19732,Intern
19733,Uma_19733,Intern
19734,Victor_19734,Intern
19735,Wendy_19735,Intern
19736,Xander_19736,Intern
19737,Yara_19737,Intern
19738,Zack_19738,Intern
19739,Ava_19739,Intern
19740,Ben_19740,Intern
19741,Chloe_19741,Intern
19742,Dylan_19742,Intern
19743,Ella_19743,Intern
19744,Finn_19744,Intern
19745,Alice_19745,Intern
19746,Bob_19746,Intern
19747,Carol_19747,Intern
19748,Dave_19748,Intern
19749,Eve_19749,Intern
19750,Frank_19750,Intern
19751,Grace_19751,Intern
19752,Hank_19752,Intern
19753,Iris_19753,Intern
19754,Jack_19754,Intern
19755,Karen_19755,Intern
19756,Leo_19756,Intern
19757,Maya_19757,Intern
19758,Nate_19758,Intern
19759,Olivia_19759,Intern
19760,Paul_19760,Intern
19761,Quinn_19761,Intern
19762,Rose_19762,Intern
19763,Sam_19763,Intern
19764,Tina_19764,Intern
19765,Uma_19765,Intern
19766,Victor_19766,Intern
19767,Wendy_19767,Intern
19768,Xander_19768,Intern
19769,Yara_19769,Intern
19770,Zack_19770,Intern
19771,Ava_19771,Intern
19772,Ben_19772,Intern
19773,Chloe_19773,Intern
19774,Dylan_19774,Intern
19775,Ella_19775,Intern
19776,Finn_19776,Intern
19777,Alice_19777,Intern
19778,Bob_19778,Intern
19779,Carol_19779,Intern
19780,Dave_19780,Intern
19781,Eve_19781,Intern
19782,Frank_19782,Intern
19783,Grace_19783,Intern
19784,Hank_19784,Intern
19785,Iris_19785,Intern
19786,Jack_19786,Intern
19787,Karen_19787,Intern
19788,Leo_19788,Intern
19789,Maya_19789,Intern
19790,Nate_19790,Intern
19791,Olivia_19791,Intern
19792,Paul_19792,Intern
19793,Quinn_19793,Intern
19794,Rose_19794,Intern
19795,Sam_19795,Intern
19796,Tina_19796,Intern
19797,Uma_19797,Intern
19798,Victor_19798,Intern
19799,Wendy_19799,Intern
19800,Xander_19800,Intern
19801,Yara_19801,Intern
19802,Zack_19802,Intern
19803,Ava_19803,Intern
19804,Ben_19804,Intern
19805,Chloe_19805,Intern
19806,Dylan_19806,Intern
19807,Ella_19807,Intern
19808,Finn_19808,Intern
19809,Alice_19809,Intern
19810,Bob_19810,Intern
19811,Carol_19811,Intern
19812,Dave_19812,Intern
19813,Eve_19813,Intern
19814,Frank_19814,Intern
19815,Grace_19815,Intern
19816,Hank_19816,Intern
19817,Iris_19817,Intern
19818,Jack_19818,Intern
19819,Karen_19819,Intern
19820,Leo_19820,Intern
19821,Maya_19821,Intern
19822,Nate_19822,Intern
19823,Olivia_19823,Intern
19824,Paul_19824,Intern
19825,Quinn_19825,Intern
19826,Rose_19826,Intern
19827,Sam_19827,Intern
19828,Tina_19828,Intern
19829,Uma_19829,Intern
19830,Victor_19830,Intern
19831,Wendy_19831,Intern
19832,Xander_19832,Intern
19833,Yara_19833,Intern
19834,Zack_19834,Intern
19835,Ava_19835,Intern
19836,Ben_19836,Intern
19837,Chloe_19837,Intern
19838,Dylan_19838,Intern
19839,Ella_19839,Intern
19840,Finn_19840,Intern
19841,Alice_19841,Intern
19842,Bob_19842,Intern
19843,Carol_19843,Intern
19844,Dave_19844,Intern
19845,Eve_19845,Intern
19846,Frank_19846,Intern
19847,Grace_19847,Intern
19848,Hank_19848,Intern
19849,Iris_19849,Intern
19850,Jack_19850,Intern
19851,Karen_19851,Intern
19852,Leo_19852,Intern
19853,Maya_19853,Intern
19854,Nate_19854,Intern
19855,Olivia_19855,Intern
19856,Paul_19856,Intern
19857,Quinn_19857,Intern
19858,Rose_19858,Intern
19859,Sam_19859,Intern
19860,Tina_19860,Intern
19861,Uma_19861,Intern
19862,Victor_19862,Intern
19863,Wendy_19863,Intern
19864,Xander_19864,Intern
19865,Yara_19865,Intern
19866,Zack_19866,Intern
19867,Ava_19867,Intern
19868,Ben_19868,Intern
19869,Chloe_19869,Intern
19870,Dylan_19870,Intern
19871,Ella_19871,Intern
19872,Finn_19872,Intern
19873,Alice_19873,Intern
19874,Bob_19874,Intern
19875,Carol_19875,Intern
19876,Dave_19876,Intern
19877,Eve_19877,Intern
19878,Frank_19878,Intern
19879,Grace_19879,Intern
19880,Hank_19880,Intern
19881,Iris_19881,Intern
19882,Jack_19882,Intern
19883,Karen_19883,Intern
19884,Leo_19884,Intern
19885,Maya_19885,Intern
19886,Nate_19886,Intern
19887,Olivia_19887,Intern
19888,Paul_19888,Intern
19889,Quinn_19889,Intern
19890,Rose_19890,Intern
19891,Sam_19891,Intern
19892,Tina_19892,Intern
19893,Uma_19893,Intern
19894,Victor_19894,Intern
19895,Wendy_19895,Intern
19896,Xander_19896,Intern
19897,Yara_19897,Intern
19898,Zack_19898,Intern
19899,Ava_19899,Intern
19900,Ben_19900,Intern
19901,Chloe_19901,Intern
19902,Dylan_19902,Intern
19903,Ella_19903,Intern
19904,Finn_19904,Intern
19905,Alice_19905,Intern
19906,Bob_19906,Intern
19907,Carol_19907,Intern
19908,Dave_19908,Intern
19909,Eve_19909,Intern
19910,Frank_19910,Intern
19911,Grace_19911,Intern
19912,Hank_19912,Intern
19913,Iris_19913,Intern
19914,Jack_19914,Intern
19915,Karen_19915,Intern
19916,Leo_19916,Intern
19917,Maya_19917,Intern
19918,Nate_19918,Intern
19919,Olivia_19919,Intern
19920,Paul_19920,Intern
19921,Quinn_19921,Intern
19922,Rose_19922,Intern
19923,Sam_19923,Intern
19924,Tina_19924,Intern
19925,Uma_19925,Intern
19926,Victor_19926,Intern
19927,Wendy_19927,Intern
19928,Xander_19928,Intern
19929,Yara_19929,Intern
19930,Zack_19930,Intern
19931,Ava_19931,Intern
19932,Ben_19932,Intern
19933,Chloe_19933,Intern
19934,Dylan_19934,Intern
19935,Ella_19935,Intern
19936,Finn_19936,Intern
19937,Alice_19937,Intern
19938,Bob_19938,Intern
19939,Carol_19939,Intern
19940,Dave_19940,Intern
19941,Eve_19941,Intern
19942,Frank_19942,Intern
19943,Grace_19943,Intern
19944,Hank_19944,Intern
19945,Iris_19945,Intern
19946,Jack_19946,Intern
19947,Karen_19947,Intern
19948,Leo_19948,Intern
19949,Maya_19949,Intern
19950,Nate_19950,Intern
19951,Olivia_19951,Intern
19952,Paul_19952,Intern
19953,Quinn_19953,Intern
19954,Rose_19954,Intern
19955,Sam_19955,Intern
19956,Tina_19956,Intern
19957,Uma_19957,Intern
19958,Victor_19958,Intern
19959,Wendy_19959,Intern
19960,Xander_19960,Intern
19961,Yara_19961,Intern
19962,Zack_19962,Intern
19963,Ava_19963,Intern
19964,Ben_19964,Intern
19965,Chloe_19965,Intern
19966,Dylan_19966,Intern
19967,Ella_19967,Intern
19968,Finn_19968,Intern
19969,Alice_19969,Intern
19970,Bob_19970,Intern
19971,Carol_19971,Intern
19972,Dave_19972,Intern
19973,Eve_19973,Intern
19974,Frank_19974,Intern
19975,Grace_19975,Intern
19976,Hank_19976,Intern
19977,Iris_19977,Intern
19978,Jack_19978,Intern
19979,Karen_19979,Intern
19980,Leo_19980,Intern
19981,Maya_19981,Intern
19982,Nate_19982,Intern
19983,Olivia_19983,Intern
19984,Paul_19984,Intern
19985,Quinn_19985,Intern
19986,Rose_19986,Intern
19987,Sam_19987,Intern
19988,Tina_19988,Intern
19989,Uma_19989,Intern
19990,Victor_19990,Intern
19991,Wendy_19991,Intern
19992,Xander_19992,Intern
19993,Yara_19993,Intern
19994,Zack_19994,Intern
19995,Ava_19995,Intern
19996,Ben_19996,Intern
19997,Chloe_19997,Intern
19998,Dylan_19998,Intern
19999,Ella_19999,Intern
20000,Finn_20000,Intern
20001,Alice_20001,Intern
20002,Bob_20002,Intern
20003,Carol_20003,Intern
20004,Dave_20004,Intern
20005,Eve_20005,Intern
20006,Frank_20006,Intern
20007,Grace_20007,Intern
20008,Hank_20008,Intern
20009,Iris_20009,Intern
20010,Jack_20010,Intern
20011,Karen_20011,Intern
20012,Leo_20012,Intern
20013,Maya_20013,Intern
20014,Nate_20014,Intern
20015,Olivia_20015,Intern
20016,Paul_20016,Intern
20017,Quinn_20017,Intern
20018,Rose_20018,Intern
20019,Sam_20019,Intern
20020,Tina_20020,Intern
20021,Uma_20021,Intern
20022,Victor_20022,Intern
20023,Wendy_20023,Intern
20024,Xander_20024,Intern
20025,Yara_20025,Intern
20026,Zack_20026,Intern
20027,Ava_20027,Intern
20028,Ben_20028,Intern
20029,Chloe_20029,Intern
20030,Dylan_20030,Intern
20031,Ella_20031,Intern
20032,Finn_20032,Intern
20033,Alice_20033,Intern
20034,Bob_20034,Intern
20035,Carol_20035,Intern
20036,Dave_20036,Intern
20037,Eve_20037,Intern
20038,Frank_20038,Intern
20039,Grace_20039,Intern
20040,Hank_20040,Intern
20041,Iris_20041,Intern
20042,Jack_20042,Intern
20043,Karen_20043,Intern
20044,Leo_20044,Intern
20045,Maya_20045,Intern
20046,Nate_20046,Intern
20047,Olivia_20047,Intern
20048,Paul_20048,Intern
20049,Quinn_20049,Intern
20050,Rose_20050,Intern
20051,Sam_20051,Intern
20052,Tina_20052,Intern
20053,Uma_20053,Intern
20054,Victor_20054,Intern
20055,Wendy_20055,Intern
20056,Xander_20056,Intern
20057,Yara_20057,Intern
20058,Zack_20058,Intern
20059,Ava_20059,Intern
20060,Ben_20060,Intern
20061,Chloe_20061,Intern
20062,Dylan_20062,Intern
20063,Ella_20063,Intern
20064,Finn_20064,Intern
20065,Alice_20065,Intern
20066,Bob_20066,Intern
20067,Carol_20067,Intern
20068,Dave_20068,Intern
20069,Eve_20069,Intern
20070,Frank_20070,Intern
20071,Grace_20071,Intern
20072,Hank_20072,Intern
20073,Iris_20073,Intern
20074,Jack_20074,Intern
20075,Karen_20075,Intern
20076,Leo_20076,Intern
20077,Maya_20077,Intern
20078,Nate_20078,Intern
20079,Olivia_20079,Intern
20080,Paul_20080,Intern
20081,Quinn_20081,Intern
20082,Rose_20082,Intern
20083,Sam_20083,Intern
20084,Tina_20084,Intern
20085,Uma_20085,Intern
20086,Victor_20086,Intern
20087,Wendy_20087,Intern
20088,Xander_20088,Intern
20089,Yara_20089,Intern
20090,Zack_20090,Intern
20091,Ava_20091,Intern
20092,Ben_20092,Intern
20093,Chloe_20093,Intern
20094,Dylan_20094,Intern
20095,Ella_20095,Intern
20096,Finn_20096,Intern
20097,Alice_20097,Intern
20098,Bob_20098,Intern
20099,Carol_20099,Intern
20100,Dave_20100,Intern
20101,Eve_20101,Intern
20102,Frank_20102,Intern
20103,Grace_20103,Intern
20104,Hank_20104,Intern
20105,Iris_20105,Intern
20106,Jack_20106,Intern
20107,Karen_20107,Intern
20108,Leo_20108,Intern
20109,Maya_20109,Intern
20110,Nate_20110,Intern
20111,Olivia_20111,Intern
20112,Paul_20112,Intern
20113,Quinn_20113,Intern
20114,Rose_20114,Intern
20115,Sam_20115,Intern
20116,Tina_20116,Intern
20117,Uma_20117,Intern
20118,Victor_20118,Intern
20119,Wendy_20119,Intern
20120,Xander_20120,Intern
20121,Yara_20121,Intern
20122,Zack_20122,Intern
20123,Ava_20123,Intern
20124,Ben_20124,Intern
20125,Chloe_20125,Intern
20126,Dylan_20126,Intern
20127,Ella_20127,Intern
20128,Finn_20128,Intern
20129,Alice_20129,Intern
20130,Bob_20130,Intern
20131,Carol_20131,Intern
20132,Dave_20132,Intern
20133,Eve_20133,Intern
20134,Frank_20134,Intern
20135,Grace_20135,Intern
20136,Hank_20136,Intern
20137,Iris_20137,Intern
20138,Jack_20138,Intern
20139,Karen_20139,Intern
20140,Leo_20140,Intern
20141,Maya_20141,Intern
20142,Nate_20142,Intern
20143,Olivia_20143,Intern
20144,Paul_20144,Intern
20145,Quinn_20145,Intern
20146,Rose_20146,Intern
20147,Sam_20147,Intern
20148,Tina_20148,Intern
20149,Uma_20149,Intern
20150,Victor_20150,Intern
20151,Wendy_20151,Intern
20152,Xander_20152,Intern
20153,Yara_20153,Intern
20154,Zack_20154,Intern
20155,Ava_20155,Intern
20156,Ben_20156,Intern
20157,Chloe_20157,Intern
20158,Dylan_20158,Intern
20159,Ella_20159,Intern
20160,Finn_20160,Intern
20161,Alice_20161,Intern
20162,Bob_20162,Intern
20163,Carol_20163,Intern
20164,Dave_20164,Intern
20165,Eve_20165,Intern
20166,Frank_20166,Intern
20167,Grace_20167,Intern
20168,Hank_20168,Intern
20169,Iris_20169,Intern
20170,Jack_20170,Intern
20171,Karen_20171,Intern
20172,Leo_20172,Intern
20173,Maya_20173,Intern
20174,Nate_20174,Intern
20175,Olivia_20175,Intern
20176,Paul_20176,Intern
20177,Quinn_20177,Intern
20178,Rose_20178,Intern
20179,Sam_20179,Intern
20180,Tina_20180,Intern
20181,Uma_20181,Intern
20182,Victor_20182,Intern
20183,Wendy_20183,Intern
20184,Xander_20184,Intern
20185,Yara_20185,Intern
20186,Zack_20186,Intern
20187,Ava_20187,Intern
20188,Ben_20188,Intern
20189,Chloe_20189,Intern
20190,Dylan_20190,Intern
20191,Ella_20191,Intern
20192,Finn_20192,Intern
20193,Alice_20193,Intern
20194,Bob_20194,Intern
20195,Carol_20195,Intern
20196,Dave_20196,Intern
20197,Eve_20197,Intern
20198,Frank_20198,Intern
20199,Grace_20199,Intern
20200,Hank_20200,Intern
20201,Iris_20201,Intern
20202,Jack_20202,Intern
20203,Karen_20203,Intern
20204,Leo_20204,Intern
20205,Maya_20205,Intern
20206,Nate_20206,Intern
20207,Olivia_20207,Intern
20208,Paul_20208,Intern
20209,Quinn_20209,Intern
20210,Rose_20210,Intern
20211,Sam_20211,Intern
20212,Tina_20212,Intern
20213,Uma_20213,Intern
20214,Victor_20214,Intern
20215,Wendy_20215,Intern
20216,Xander_20216,Intern
20217,Yara_20217,Intern
20218,Zack_20218,Intern
20219,Ava_20219,Intern
20220,Ben_20220,Intern
20221,Chloe_20221,Intern
20222,Dylan_20222,Intern
20223,Ella_20223,Intern
20224,Finn_20224,Intern
20225,Alice_20225,Intern
20226,Bob_20226,Intern
20227,Carol_20227,Intern
20228,Dave_20228,Intern
20229,Eve_20229,Intern
20230,Frank_20230,Intern
20231,Grace_20231,Intern
20232,Hank_20232,Intern
20233,Iris_20233,Intern
20234,Jack_20234,Intern
20235,Karen_20235,Intern
20236,Leo_20236,Intern
20237,Maya_20237,Intern
20238,Nate_20238,Intern
20239,Olivia_20239,Intern
20240,Paul_20240,Intern
20241,Quinn_20241,Intern
20242,Rose_20242,Intern
20243,Sam_20243,Intern
20244,Tina_20244,Intern
20245,Uma_20245,Intern
20246,Victor_20246,Intern
20247,Wendy_20247,Intern
20248,Xander_20248,Intern
20249,Yara_20249,Intern
20250,Zack_20250,Intern
20251,Ava_20251,Intern
20252,Ben_20252,Intern
20253,Chloe_20253,Intern
20254,Dylan_20254,Intern
20255,Ella_20255,Intern
20256,Finn_20256,Intern
20257,Alice_20257,Intern
20258,Bob_20258,Intern
20259,Carol_20259,Intern
20260,Dave_20260,Intern
20261,Eve_20261,Intern
20262,Frank_20262,Intern
20263,Grace_20263,Intern
20264,Hank_20264,Intern
20265,Iris_20265,Intern
20266,Jack_20266,Intern
20267,Karen_20267,Intern
20268,Leo_20268,Intern
20269,Maya_20269,Intern
20270,Nate_20270,Intern
20271,Olivia_20271,Intern
20272,Paul_20272,Intern
20273,Quinn_20273,Intern
20274,Rose_20274,Intern
20275,Sam_20275,Intern
20276,Tina_20276,Intern
20277,Uma_20277,Intern
20278,Victor_20278,Intern
20279,Wendy_20279,Intern
20280,Xander_20280,Intern
20281,Yara_20281,Intern
20282,Zack_20282,Intern
20283,Ava_20283,Intern
20284,Ben_20284,Intern
20285,Chloe_20285,Intern
20286,Dylan_20286,Intern
20287,Ella_20287,Intern
20288,Finn_20288,Intern
20289,Alice_20289,Intern
20290,Bob_20290,Intern
20291,Carol_20291,Intern
20292,Dave_20292,Intern
20293,Eve_20293,Intern
20294,Frank_20294,Intern
20295,Grace_20295,Intern
20296,Hank_20296,Intern
20297,Iris_20297,Intern
20298,Jack_20298,Intern
20299,Karen_20299,Intern
20300,Leo_20300,Intern
20301,Maya_20301,Intern
20302,Nate_20302,Intern
20303,Olivia_20303,Intern
20304,Paul_20304,Intern
20305,Quinn_20305,Intern
20306,Rose_20306,Intern
20307,Sam_20307,Intern
20308,Tina_20308,Intern
20309,Uma_20309,Intern
20310,Victor_20310,Intern
20311,Wendy_20311,Intern
20312,Xander_20312,Intern
20313,Yara_20313,Intern
20314,Zack_20314,Intern
20315,Ava_20315,Intern
20316,Ben_20316,Intern
20317,Chloe_20317,Intern
20318,Dylan_20318,Intern
20319,Ella_20319,Intern
20320,Finn_20320,Intern
20321,Alice_20321,Intern
20322,Bob_20322,Intern
20323,Carol_20323,Intern
20324,Dave_20324,Intern
20325,Eve_20325,Intern
20326,Frank_20326,Intern
20327,Grace_20327,Intern
20328,Hank_20328,Intern
20329,Iris_20329,Intern
20330,Jack_20330,Intern
20331,Karen_20331,Intern
20332,Leo_20332,Intern
20333,Maya_20333,Intern
20334,Nate_20334,Intern
20335,Olivia_20335,Intern
20336,Paul_20336,Intern
20337,Quinn_20337,Intern
20338,Rose_20338,Intern
20339,Sam_20339,Intern
20340,Tina_20340,Intern
20341,Uma_20341,Intern
20342,Victor_20342,Intern
20343,Wendy_20343,Intern
20344,Xander_20344,Intern
20345,Yara_20345,Intern
20346,Zack_20346,Intern
20347,Ava_20347,Intern
20348,Ben_20348,Intern
20349,Chloe_20349,Intern
20350,Dylan_20350,Intern
20351,Ella_20351,Intern
20352,Finn_20352,Intern
20353,Alice_20353,Intern
20354,Bob_20354,Intern
20355,Carol_20355,Intern
20356,Dave_20356,Intern
20357,Eve_20357,Intern
20358,Frank_20358,Intern
20359,Grace_20359,Intern
20360,Hank_20360,Intern
20361,Iris_20361,Intern
20362,Jack_20362,Intern
20363,Karen_20363,Intern
20364,Leo_20364,Intern
20365,Maya_20365,Intern
20366,Nate_20366,Intern
20367,Olivia_20367,Intern
20368,Paul_20368,Intern
20369,Quinn_20369,Intern
20370,Rose_20370,Intern
20371,Sam_20371,Intern
20372,Tina_20372,Intern
20373,Uma_20373,Intern
20374,Victor_20374,Intern
20375,Wendy_20375,Intern
20376,Xander_20376,Intern
20377,Yara_20377,Intern
20378,Zack_20378,Intern
20379,Ava_20379,Intern
20380,Ben_20380,Intern
20381,Chloe_20381,Intern
20382,Dylan_20382,Intern
20383,Ella_20383,Intern
20384,Finn_20384,Intern
20385,Alice_20385,Intern
20386,Bob_20386,Intern
20387,Carol_20387,Intern
20388,Dave_20388,Intern
20389,Eve_20389,Intern
20390,Frank_20390,Intern
20391,Grace_20391,Intern
20392,Hank_20392,Intern
20393,Iris_20393,Intern
20394,Jack_20394,Intern
20395,Karen_20395,Intern
20396,Leo_20396,Intern
20397,Maya_20397,Intern
20398,Nate_20398,Intern
20399,Olivia_20399,Intern
20400,Paul_20400,Intern
20401,Quinn_20401,Intern
20402,Rose_20402,Intern
20403,Sam_20403,Intern
20404,Tina_20404,Intern
20405,Uma_20405,Intern
20406,Victor_20406,Intern
20407,Wendy_20407,Intern
20408,Xander_20408,Intern
20409,Yara_20409,Intern
20410,Zack_20410,Intern
20411,Ava_20411,Intern
20412,Ben_20412,Intern
20413,Chloe_20413,Intern
20414,Dylan_20414,Intern
20415,Ella_20415,Intern
20416,Finn_20416,Intern
20417,Alice_20417,Intern
20418,Bob_20418,Intern
20419,Carol_20419,Intern
20420,Dave_20420,Intern
20421,Eve_20421,Intern
20422,Frank_20422,Intern
20423,Grace_20423,Intern
20424,Hank_20424,Intern
20425,Iris_20425,Intern
20426,Jack_20426,Intern
20427,Karen_20427,Intern
20428,Leo_20428,Intern
20429,Maya_20429,Intern
20430,Nate_20430,Intern
20431,Olivia_20431,Intern
20432,Paul_20432,Intern
20433,Quinn_20433,Intern
20434,Rose_20434,Intern
20435,Sam_20435,Intern
20436,Tina_20436,Intern
20437,Uma_20437,Intern
20438,Victor_20438,Intern
20439,Wendy_20439,Intern
20440,Xander_20440,Intern
20441,Yara_20441,Intern
20442,Zack_20442,Intern
20443,Ava_20443,Intern
20444,Ben_20444,Intern
20445,Chloe_20445,Intern
20446,Dylan_20446,Intern
20447,Ella_20447,Intern
20448,Finn_20448,Intern
20449,Alice_20449,Intern
20450,Bob_20450,Intern
20451,Carol_20451,Intern
20452,Dave_20452,Intern
20453,Eve_20453,Intern
20454,Frank_20454,Intern
20455,Grace_20455,Intern
20456,Hank_20456,Intern
20457,Iris_20457,Intern
20458,Jack_20458,Intern
20459,Karen_20459,Intern
20460,Leo_20460,Intern
20461,Maya_20461,Intern
20462,Nate_20462,Intern
20463,Olivia_20463,Intern
20464,Paul_20464,Intern
20465,Quinn_20465,Intern
20466,Rose_20466,Intern
20467,Sam_20467,Intern
20468,Tina_20468,Intern
20469,Uma_20469,Intern
20470,Victor_20470,Intern
20471,Wendy_20471,Intern
20472,Xander_20472,Intern
20473,Yara_20473,Intern
20474,Zack_20474,Intern
20475,Ava_20475,Intern
20476,Ben_20476,Intern
20477,Chloe_20477,Intern
20478,Dylan_20478,Intern
20479,Ella_20479,Intern
20480,Finn_20480,Intern
20481,Alice_20481,Intern
20482,Bob_20482,Intern
20483,Carol_20483,Intern
20484,Dave_20484,Intern
20485,Eve_20485,Intern
20486,Frank_20486,Intern
20487,Grace_20487,Intern
20488,Hank_20488,Intern
20489,Iris_20489,Intern
20490,Jack_20490,Intern
20491,Karen_20491,Intern
20492,Leo_20492,Intern
20493,Maya_20493,Intern
20494,Nate_20494,Intern
20495,Olivia_20495,Intern
20496,Paul_20496,Intern
20497,Quinn_20497,Intern
20498,Rose_20498,Intern
20499,Sam_20499,Intern
20500,Tina_20500,Intern
20501,Uma_20501,Intern
20502,Victor_20502,Intern
20503,Wendy_20503,Intern
20504,Xander_20504,Intern
20505,Yara_20505,Intern
20506,Zack_20506,Intern
20507,Ava_20507,Intern
20508,Ben_20508,Intern
20509,Chloe_20509,Intern
20510,Dylan_20510,Intern
20511,Ella_20511,Intern
20512,Finn_20512,Intern
20513,Alice_20513,Intern
20514,Bob_20514,Intern
20515,Carol_20515,Intern
20516,Dave_20516,Intern
20517,Eve_20517,Intern
20518,Frank_20518,Intern
20519,Grace_20519,Intern
20520,Hank_20520,Intern
20521,Iris_20521,Intern
20522,Jack_20522,Intern
20523,Karen_20523,Intern
20524,Leo_20524,Intern
20525,Maya_20525,Intern
20526,Nate_20526,Intern
20527,Olivia_20527,Intern
20528,Paul_20528,Intern
20529,Quinn_20529,Intern
20530,Rose_20530,Intern
20531,Sam_20531,Intern
20532,Tina_20532,Intern
20533,Uma_20533,Intern
20534,Victor_20534,Intern
20535,Wendy_20535,Intern
20536,Xander_20536,Intern
20537,Yara_20537,Intern
20538,Zack_20538,Intern
20539,Ava_20539,Intern
20540,Ben_20540,Intern
20541,Chloe_20541,Intern
20542,Dylan_20542,Intern
20543,Ella_20543,Intern
20544,Finn_20544,Intern
20545,Alice_20545,Intern
20546,Bob_20546,Intern
20547,Carol_20547,Intern
20548,Dave_20548,Intern
20549,Eve_20549,Intern
20550,Frank_20550,Intern
20551,Grace_20551,Intern
20552,Hank_20552,Intern
20553,Iris_20553,Intern
20554,Jack_20554,Intern
20555,Karen_20555,Intern
20556,Leo_20556,Intern
20557,Maya_20557,Intern
20558,Nate_20558,Intern
20559,Olivia_20559,Intern
20560,Paul_20560,Intern
20561,Quinn_20561,Intern
20562,Rose_20562,Intern
20563,Sam_20563,Intern
20564,Tina_20564,Intern
20565,Uma_20565,Intern
20566,Victor_20566,Intern
20567,Wendy_20567,Intern
20568,Xander_20568,Intern
20569,Yara_20569,Intern
20570,Zack_20570,Intern
20571,Ava_20571,Intern
20572,Ben_20572,Intern
20573,Chloe_20573,Intern
20574,Dylan_20574,Intern
20575,Ella_20575,Intern
20576,Finn_20576,Intern
20577,Alice_20577,Intern
20578,Bob_20578,Intern
20579,Carol_20579,Intern
20580,Dave_20580,Intern
20581,Eve_20581,Intern
20582,Frank_20582,Intern
20583,Grace_20583,Intern
20584,Hank_20584,Intern
20585,Iris_20585,Intern
20586,Jack_20586,Intern
20587,Karen_20587,Intern
20588,Leo_20588,Intern
20589,Maya_20589,Intern
20590,Nate_20590,Intern
20591,Olivia_20591,Intern
20592,Paul_20592,Intern
20593,Quinn_20593,Intern
20594,Rose_20594,Intern
20595,Sam_20595,Intern
20596,Tina_20596,Intern
20597,Uma_20597,Intern
20598,Victor_20598,Intern
20599,Wendy_20599,Intern
20600,Xander_20600,Intern
20601,Yara_20601,Intern
20602,Zack_20602,Intern
20603,Ava_20603,Intern
20604,Ben_20604,Intern
20605,Chloe_20605,Intern
20606,Dylan_20606,Intern
20607,Ella_20607,Intern
20608,Finn_20608,Intern
20609,Alice_20609,Intern
20610,Bob_20610,Intern
20611,Carol_20611,Intern
20612,Dave_20612,Intern
20613,Eve_20613,Intern
20614,Frank_20614,Intern
20615,Grace_20615,Intern
20616,Hank_20616,Intern
20617,Iris_20617,Intern
20618,Jack_20618,Intern
20619,Karen_20619,Intern
20620,Leo_20620,Intern
20621,Maya_20621,Intern
20622,Nate_20622,Intern
20623,Olivia_20623,Intern
20624,Paul_20624,Intern
20625,Quinn_20625,Intern
20626,Rose_20626,Intern
20627,Sam_20627,Intern
20628,Tina_20628,Intern
20629,Uma_20629,Intern
20630,Victor_20630,Intern
20631,Wendy_20631,Intern
20632,Xander_20632,Intern
20633,Yara_20633,Intern
20634,Zack_20634,Intern
20635,Ava_20635,Intern
20636,Ben_20636,Intern
20637,Chloe_20637,Intern
20638,Dylan_20638,Intern
20639,Ella_20639,Intern
20640,Finn_20640,Intern
20641,Alice_20641,Intern
20642,Bob_20642,Intern
20643,Carol_20643,Intern
20644,Dave_20644,Intern
20645,Eve_20645,Intern
20646,Frank_20646,Intern
20647,Grace_20647,Intern
20648,Hank_20648,Intern
20649,Iris_20649,Intern
20650,Jack_20650,Intern
20651,Karen_20651,Intern
20652,Leo_20652,Intern
20653,Maya_20653,Intern
20654,Nate_20654,Intern
20655,Olivia_20655,Intern
20656,Paul_20656,Intern
20657,Quinn_20657,Intern
20658,Rose_20658,Intern
20659,Sam_20659,Intern
20660,Tina_20660,Intern
20661,Uma_20661,Intern
20662,Victor_20662,Intern
20663,Wendy_20663,Intern
20664,Xander_20664,Intern
20665,Yara_20665,Intern
20666,Zack_20666,Intern
20667,Ava_20667,Intern
20668,Ben_20668,Intern
20669,Chloe_20669,Intern
20670,Dylan_20670,Intern
20671,Ella_20671,Intern
20672,Finn_20672,Intern
20673,Alice_20673,Intern
20674,Bob_20674,Intern
20675,Carol_20675,Intern
20676,Dave_20676,Intern
20677,Eve_20677,Intern
20678,Frank_20678,Intern
20679,Grace_20679,Intern
20680,Hank_20680,Intern
20681,Iris_20681,Intern
20682,Jack_20682,Intern
20683,Karen_20683,Intern
20684,Leo_20684,Intern
20685,Maya_20685,Intern
20686,Nate_20686,Intern
20687,Olivia_20687,Intern
20688,Paul_20688,Intern
20689,Quinn_20689,Intern
20690,Rose_20690,Intern
20691,Sam_20691,Intern
20692,Tina_20692,Intern
20693,Uma_20693,Intern
20694,Victor_20694,Intern
20695,Wendy_20695,Intern
20696,Xander_20696,Intern
20697,Yara_20697,Intern
20698,Zack_20698,Intern
20699,Ava_20699,Intern
20700,Ben_20700,Intern
20701,Chloe_20701,Intern
20702,Dylan_20702,Intern
20703,Ella_20703,Intern
20704,Finn_20704,Intern
20705,Alice_20705,Intern
20706,Bob_20706,Intern
20707,Carol_20707,Intern
20708,Dave_20708,Intern
20709,Eve_20709,Intern
20710,Frank_20710,Intern
20711,Grace_20711,Intern
20712,Hank_20712,Intern
20713,Iris_20713,Intern
20714,Jack_20714,Intern
20715,Karen_20715,Intern
20716,Leo_20716,Intern
20717,Maya_20717,Intern
20718,Nate_20718,Intern
20719,Olivia_20719,Intern
20720,Paul_20720,Intern
20721,Quinn_20721,Intern
20722,Rose_20722,Intern
20723,Sam_20723,Intern
20724,Tina_20724,Intern
20725,Uma_20725,Intern
20726,Victor_20726,Intern
20727,Wendy_20727,Intern
20728,Xander_20728,Intern
20729,Yara_20729,Intern
20730,Zack_20730,Intern
20731,Ava_20731,Intern
20732,Ben_20732,Intern
20733,Chloe_20733,Intern
20734,Dylan_20734,Intern
20735,Ella_20735,Intern
20736,Finn_20736,Intern
20737,Alice_20737,Intern
20738,Bob_20738,Intern
20739,Carol_20739,Intern
20740,Dave_20740,Intern
20741,Eve_20741,Intern
20742,Frank_20742,Intern
20743,Grace_20743,Intern
20744,Hank_20744,Intern
20745,Iris_20745,Intern
20746,Jack_20746,Intern
20747,Karen_20747,Intern
20748,Leo_20748,Intern
20749,Maya_20749,Intern
20750,Nate_20750,Intern
20751,Olivia_20751,Intern
20752,Paul_20752,Intern
20753,Quinn_20753,Intern
20754,Rose_20754,Intern
20755,Sam_20755,Intern
20756,Tina_20756,Intern
20757,Uma_20757,Intern
20758,Victor_20758,Intern
20759,Wendy_20759,Intern
20760,Xander_20760,Intern
20761,Yara_20761,Intern
20762,Zack_20762,Intern
20763,Ava_20763,Intern
20764,Ben_20764,Intern
20765,Chloe_20765,Intern
20766,Dylan_20766,Intern
20767,Ella_20767,Intern
20768,Finn_20768,Intern
20769,Alice_20769,Intern
20770,Bob_20770,Intern
20771,Carol_20771,Intern
20772,Dave_20772,Intern
20773,Eve_20773,Intern
20774,Frank_20774,Intern
20775,Grace_20775,Intern
20776,Hank_20776,Intern
20777,Iris_20777,Intern
20778,Jack_20778,Intern
20779,Karen_20779,Intern
20780,Leo_20780,Intern
20781,Maya_20781,Intern
20782,Nate_20782,Intern
20783,Olivia_20783,Intern
20784,Paul_20784,Intern
20785,Quinn_20785,Intern
20786,Rose_20786,Intern
20787,Sam_20787,Intern
20788,Tina_20788,Intern
20789,Uma_20789,Intern
20790,Victor_20790,Intern
20791,Wendy_20791,Intern
20792,Xander_20792,Intern
20793,Yara_20793,Intern
20794,Zack_20794,Intern
20795,Ava_20795,Intern
20796,Ben_20796,Intern
20797,Chloe_20797,Intern
20798,Dylan_20798,Intern
20799,Ella_20799,Intern
20800,Finn_20800,Intern
20801,Alice_20801,Intern
20802,Bob_20802,Intern
20803,Carol_20803,Intern
20804,Dave_20804,Intern
20805,Eve_20805,Intern
20806,Frank_20806,Intern
20807,Grace_20807,Intern
20808,Hank_20808,Intern
20809,Iris_20809,Intern
20810,Jack_20810,Intern
20811,Karen_20811,Intern
20812,Leo_20812,Intern
20813,Maya_20813,Intern
20814,Nate_20814,Intern
20815,Olivia_20815,Intern
20816,Paul_20816,Intern
20817,Quinn_20817,Intern
20818,Rose_20818,Intern
20819,Sam_20819,Intern
20820,Tina_20820,Intern
20821,Uma_20821,Intern
20822,Victor_20822,Intern
20823,Wendy_20823,Intern
20824,Xander_20824,Intern
20825,Yara_20825,Intern
20826,Zack_20826,Intern
20827,Ava_20827,Intern
20828,Ben_20828,Intern
20829,Chloe_20829,Intern
20830,Dylan_20830,Intern
20831,Ella_20831,Intern
20832,Finn_20832,Intern
20833,Alice_20833,Intern
20834,Bob_20834,Intern
20835,Carol_20835,Intern
20836,Dave_20836,Intern
20837,Eve_20837,Intern
20838,Frank_20838,Intern
20839,Grace_20839,Intern
20840,Hank_20840,Intern
20841,Iris_20841,Intern
20842,Jack_20842,Intern
20843,Karen_20843,Intern
20844,Leo_20844,Intern
20845,Maya_20845,Intern
20846,Nate_20846,Intern
20847,Olivia_20847,Intern
20848,Paul_20848,Intern
20849,Quinn_20849,Intern
20850,Rose_20850,Intern
20851,Sam_20851,Intern
20852,Tina_20852,Intern
20853,Uma_20853,Intern
20854,Victor_20854,Intern
20855,Wendy_20855,Intern
20856,Xander_20856,Intern
20857,Yara_20857,Intern
20858,Zack_20858,Intern
20859,Ava_20859,Intern
20860,Ben_20860,Intern
20861,Chloe_20861,Intern
20862,Dylan_20862,Intern
20863,Ella_20863,Intern
20864,Finn_20864,Intern
20865,Alice_20865,Intern
20866,Bob_20866,Intern
20867,Carol_20867,Intern
20868,Dave_20868,Intern
20869,Eve_20869,Intern
20870,Frank_20870,Intern
20871,Grace_20871,Intern
20872,Hank_20872,Intern
20873,Iris_20873,Intern
20874,Jack_20874,Intern
20875,Karen_20875,Intern
20876,Leo_20876,Intern
20877,Maya_20877,Intern
20878,Nate_20878,Intern
20879,Olivia_20879,Intern
20880,Paul_20880,Intern
20881,Quinn_20881,Intern
20882,Rose_20882,Intern
20883,Sam_20883,Intern
20884,Tina_20884,Intern
20885,Uma_20885,Intern
20886,Victor_20886,Intern
20887,Wendy_20887,Intern
20888,Xander_20888,Intern
20889,Yara_20889,Intern
20890,Zack_20890,Intern
20891,Ava_20891,Intern
20892,Ben_20892,Intern
20893,Chloe_20893,Intern
20894,Dylan_20894,Intern
20895,Ella_20895,Intern
20896,Finn_20896,Intern
20897,Alice_20897,Intern
20898,Bob_20898,Intern
20899,Carol_20899,Intern
20900,Dave_20900,Intern
20901,Eve_20901,Intern
20902,Frank_20902,Intern
20903,Grace_20903,Intern
20904,Hank_20904,Intern
20905,Iris_20905,Intern
20906,Jack_20906,Intern
20907,Karen_20907,Intern
20908,Leo_20908,Intern
20909,Maya_20909,Intern
20910,Nate_20910,Intern
20911,Olivia_20911,Intern
20912,Paul_20912,Intern
20913,Quinn_20913,Intern
20914,Rose_20914,Intern
20915,Sam_20915,Intern
20916,Tina_20916,Intern
20917,Uma_20917,Intern
20918,Victor_20918,Intern
20919,Wendy_20919,Intern
20920,Xander_20920,Intern
20921,Yara_20921,Intern
20922,Zack_20922,Intern
20923,Ava_20923,Intern
20924,Ben_20924,Intern
20925,Chloe_20925,Intern
20926,Dylan_20926,Intern
20927,Ella_20927,Intern
20928,Finn_20928,Intern
20929,Alice_20929,Intern
20930,Bob_20930,Intern
20931,Carol_20931,Intern
20932,Dave_20932,Intern
20933,Eve_20933,Intern
20934,Frank_20934,Intern
20935,Grace_20935,Intern
20936,Hank_20936,Intern
20937,Iris_20937,Intern
20938,Jack_20938,Intern
20939,Karen_20939,Intern
20940,Leo_20940,Intern
20941,Maya_20941,Intern
20942,Nate_20942,Intern
20943,Olivia_20943,Intern
20944,Paul_20944,Intern
20945,Quinn_20945,Intern
20946,Rose_20946,Intern
20947,Sam_20947,Intern
20948,Tina_20948,Intern
20949,Uma_20949,Intern
20950,Victor_20950,Intern
20951,Wendy_20951,Intern
20952,Xander_20952,Intern
20953,Yara_20953,Intern
20954,Zack_20954,Intern
20955,Ava_20955,Intern
20956,Ben_20956,Intern
20957,Chloe_20957,Intern
20958,Dylan_20958,Intern
20959,Ella_20959,Intern
20960,Finn_20960,Intern
20961,Alice_20961,Intern
20962,Bob_20962,Intern
20963,Carol_20963,Intern
20964,Dave_20964,Intern
20965,Eve_20965,Intern
20966,Frank_20966,Intern
20967,Grace_20967,Intern
20968,Hank_20968,Intern
20969,Iris_20969,Intern
20970,Jack_20970,Intern
20971,Karen_20971,Intern
20972,Leo_20972,Intern
20973,Maya_20973,Intern
20974,Nate_20974,Intern
20975,Olivia_20975,Intern
20976,Paul_20976,Intern
20977,Quinn_20977,Intern
20978,Rose_20978,Intern
20979,Sam_20979,Intern
20980,Tina_20980,Intern
20981,Uma_20981,Intern
20982,Victor_20982,Intern
20983,Wendy_20983,Intern
20984,Xander_20984,Intern
20985,Yara_20985,Intern
20986,Zack_20986,Intern
20987,Ava_20987,Intern
20988,Ben_20988,Intern
20989,Chloe_20989,Intern
20990,Dylan_20990,Intern
20991,Ella_20991,Intern
20992,Finn_20992,Intern
20993,Alice_20993,Intern
20994,Bob_20994,Intern
20995,Carol_20995,Intern
20996,Dave_20996,Intern
20997,Eve_20997,Intern
20998,Frank_20998,Intern
20999,Grace_20999,Intern
21000,Hank_21000,Intern
21001,Iris_21001,Intern
21002,Jack_21002,Intern
21003,Karen_21003,Intern
21004,Leo_21004,Intern
21005,Maya_21005,Intern
21006,Nate_21006,Intern
21007,Olivia_21007,Intern
21008,Paul_21008,Intern
21009,Quinn_21009,Intern
21010,Rose_21010,Intern
21011,Sam_21011,Intern
21012,Tina_21012,Intern
21013,Uma_21013,Intern
21014,Victor_21014,Intern
21015,Wendy_21015,Intern
21016,Xander_21016,Intern
21017,Yara_21017,Intern
21018,Zack_21018,Intern
21019,Ava_21019,Intern
21020,Ben_21020,Intern
21021,Chloe_21021,Intern
21022,Dylan_21022,Intern
21023,Ella_21023,Intern
21024,Finn_21024,Intern
21025,Alice_21025,Intern
21026,Bob_21026,Intern
21027,Carol_21027,Intern
21028,Dave_21028,Intern
21029,Eve_21029,Intern
21030,Frank_21030,Intern
21031,Grace_21031,Intern
21032,Hank_21032,Intern
21033,Iris_21033,Intern
21034,Jack_21034,Intern
21035,Karen_21035,Intern
21036,Leo_21036,Intern
21037,Maya_21037,Intern
21038,Nate_21038,Intern
21039,Olivia_21039,Intern
21040,Paul_21040,Intern
21041,Quinn_21041,Intern
21042,Rose_21042,Intern
21043,Sam_21043,Intern
21044,Tina_21044,Intern
21045,Uma_21045,Intern
21046,Victor_21046,Intern
21047,Wendy_21047,Intern
21048,Xander_21048,Intern
21049,Yara_21049,Intern
21050,Zack_21050,Intern
21051,Ava_21051,Intern
21052,Ben_21052,Intern
21053,Chloe_21053,Intern
21054,Dylan_21054,Intern
21055,Ella_21055,Intern
21056,Finn_21056,Intern
21057,Alice_21057,Intern
21058,Bob_21058,Intern
21059,Carol_21059,Intern
21060,Dave_21060,Intern
21061,Eve_21061,Intern
21062,Frank_21062,Intern
21063,Grace_21063,Intern
21064,Hank_21064,Intern
21065,Iris_21065,Intern
21066,Jack_21066,Intern
21067,Karen_21067,Intern
21068,Leo_21068,Intern
21069,Maya_21069,Intern
21070,Nate_21070,Intern
21071,Olivia_21071,Intern
21072,Paul_21072,Intern
21073,Quinn_21073,Intern
21074,Rose_21074,Intern
21075,Sam_21075,Intern
21076,Tina_21076,Intern
21077,Uma_21077,Intern
21078,Victor_21078,Intern
21079,Wendy_21079,Intern
21080,Xander_21080,Intern
21081,Yara_21081,Intern
21082,Zack_21082,Intern
21083,Ava_21083,Intern
21084,Ben_21084,Intern
21085,Chloe_21085,Intern
21086,Dylan_21086,Intern
21087,Ella_21087,Intern
21088,Finn_21088,Intern
21089,Alice_21089,Intern
21090,Bob_21090,Intern
21091,Carol_21091,Intern
21092,Dave_21092,Intern
21093,Eve_21093,Intern
21094,Frank_21094,Intern
21095,Grace_21095,Intern
21096,Hank_21096,Intern
21097,Iris_21097,Intern
21098,Jack_21098,Intern
21099,Karen_21099,Intern
21100,Leo_21100,Intern
21101,Maya_21101,Intern
21102,Nate_21102,Intern
21103,Olivia_21103,Intern
21104,Paul_21104,Intern
21105,Quinn_21105,Intern
21106,Rose_21106,Intern
21107,Sam_21107,Intern
21108,Tina_21108,Intern
21109,Uma_21109,Intern
21110,Victor_21110,Intern
21111,Wendy_21111,Intern
21112,Xander_21112,Intern
21113,Yara_21113,Intern
21114,Zack_21114,Intern
21115,Ava_21115,Intern
21116,Ben_21116,Intern
21117,Chloe_21117,Intern
21118,Dylan_21118,Intern
21119,Ella_21119,Intern
21120,Finn_21120,Intern
21121,Alice_21121,Intern
21122,Bob_21122,Intern
21123,Carol_21123,Intern
21124,Dave_21124,Intern
21125,Eve_21125,Intern
21126,Frank_21126,Intern
21127,Grace_21127,Intern
21128,Hank_21128,Intern
21129,Iris_21129,Intern
21130,Jack_21130,Intern
21131,Karen_21131,Intern
21132,Leo_21132,Intern
21133,Maya_21133,Intern
21134,Nate_21134,Intern
21135,Olivia_21135,Intern
21136,Paul_21136,Intern
21137,Quinn_21137,Intern
21138,Rose_21138,Intern
21139,Sam_21139,Intern
21140,Tina_21140,Intern
21141,Uma_21141,Intern
21142,Victor_21142,Intern
21143,Wendy_21143,Intern
21144,Xander_21144,Intern
21145,Yara_21145,Intern
21146,Zack_21146,Intern
21147,Ava_21147,Intern
21148,Ben_21148,Intern
21149,Chloe_21149,Intern
21150,Dylan_21150,Intern
21151,Ella_21151,Intern
21152,Finn_21152,Intern
21153,Alice_21153,Intern
21154,Bob_21154,Intern
21155,Carol_21155,Intern
21156,Dave_21156,Intern
21157,Eve_21157,Intern
21158,Frank_21158,Intern
21159,Grace_21159,Intern
21160,Hank_21160,Intern
21161,Iris_21161,Intern
21162,Jack_21162,Intern
21163,Karen_21163,Intern
21164,Leo_21164,Intern
21165,Maya_21165,Intern
21166,Nate_21166,Intern
21167,Olivia_21167,Intern
21168,Paul_21168,Intern
21169,Quinn_21169,Intern
21170,Rose_21170,Intern
21171,Sam_21171,Intern
21172,Tina_21172,Intern
21173,Uma_21173,Intern
21174,Victor_21174,Intern
21175,Wendy_21175,Intern
21176,Xander_21176,Intern
21177,Yara_21177,Intern
21178,Zack_21178,Intern
21179,Ava_21179,Intern
21180,Ben_21180,Intern
21181,Chloe_21181,Intern
21182,Dylan_21182,Intern
21183,Ella_21183,Intern
21184,Finn_21184,Intern
21185,Alice_21185,Intern
21186,Bob_21186,Intern
21187,Carol_21187,Intern
21188,Dave_21188,Intern
21189,Eve_21189,Intern
21190,Frank_21190,Intern
21191,Grace_21191,Intern
21192,Hank_21192,Intern
21193,Iris_21193,Intern
21194,Jack_21194,Intern
21195,Karen_21195,Intern
21196,Leo_21196,Intern
21197,Maya_21197,Intern
21198,Nate_21198,Intern
21199,Olivia_21199,Intern
21200,Paul_21200,Intern
21201,Quinn_21201,Intern
21202,Rose_21202,Intern
21203,Sam_21203,Intern
21204,Tina_21204,Intern
21205,Uma_21205,Intern
21206,Victor_21206,Intern
21207,Wendy_21207,Intern
21208,Xander_21208,Intern
21209,Yara_21209,Intern
21210,Zack_21210,Intern
21211,Ava_21211,Intern
21212,Ben_21212,Intern
21213,Chloe_21213,Intern
21214,Dylan_21214,Intern
21215,Ella_21215,Intern
21216,Finn_21216,Intern
21217,Alice_21217,Intern
21218,Bob_21218,Intern
21219,Carol_21219,Intern
21220,Dave_21220,Intern
21221,Eve_21221,Intern
21222,Frank_21222,Intern
21223,Grace_21223,Intern
21224,Hank_21224,Intern
21225,Iris_21225,Intern
21226,Jack_21226,Intern
21227,Karen_21227,Intern
21228,Leo_21228,Intern
21229,Maya_21229,Intern
21230,Nate_21230,Intern
21231,Olivia_21231,Intern
21232,Paul_21232,Intern
21233,Quinn_21233,Intern
21234,Rose_21234,Intern
21235,Sam_21235,Intern
21236,Tina_21236,Intern
21237,Uma_21237,Intern
21238,Victor_21238,Intern
21239,Wendy_21239,Intern
21240,Xander_21240,Intern
21241,Yara_21241,Intern
21242,Zack_21242,Intern
21243,Ava_21243,Intern
21244,Ben_21244,Intern
21245,Chloe_21245,Intern
21246,Dylan_21246,Intern
21247,Ella_21247,Intern
21248,Finn_21248,Intern
21249,Alice_21249,Intern
21250,Bob_21250,Intern
21251,Carol_21251,Intern
21252,Dave_21252,Intern
21253,Eve_21253,Intern
21254,Frank_21254,Intern
21255,Grace_21255,Intern
21256,Hank_21256,Intern
21257,Iris_21257,Intern
21258,Jack_21258,Intern
21259,Karen_21259,Intern
21260,Leo_21260,Intern
21261,Maya_21261,Intern
21262,Nate_21262,Intern
21263,Olivia_21263,Intern
21264,Paul_21264,Intern
21265,Quinn_21265,Intern
21266,Rose_21266,Intern
21267,Sam_21267,Intern
21268,Tina_21268,Intern
21269,Uma_21269,Intern
21270,Victor_21270,Intern
21271,Wendy_21271,Intern
21272,Xander_21272,Intern
21273,Yara_21273,Intern
21274,Zack_21274,Intern
21275,Ava_21275,Intern
21276,Ben_21276,Intern
21277,Chloe_21277,Intern
21278,Dylan_21278,Intern
21279,Ella_21279,Intern
21280,Finn_21280,Intern
21281,Alice_21281,Intern
21282,Bob_21282,Intern
21283,Carol_21283,Intern
21284,Dave_21284,Intern
21285,Eve_21285,Intern
21286,Frank_21286,Intern
21287,Grace_21287,Intern
21288,Hank_21288,Intern
21289,Iris_21289,Intern
21290,Jack_21290,Intern
21291,Karen_21291,Intern
21292,Leo_21292,Intern
21293,Maya_21293,Intern
21294,Nate_21294,Intern
21295,Olivia_21295,Intern
21296,Paul_21296,Intern
21297,Quinn_21297,Intern
21298,Rose_21298,Intern
21299,Sam_21299,Intern
21300,Tina_21300,Intern
21301,Uma_21301,Intern
21302,Victor_21302,Intern
21303,Wendy_21303,Intern
21304,Xander_21304,Intern
21305,Yara_21305,Intern
21306,Zack_21306,Intern
21307,Ava_21307,Intern
21308,Ben_21308,Intern
21309,Chloe_21309,Intern
21310,Dylan_21310,Intern
21311,Ella_21311,Intern
21312,Finn_21312,Intern
21313,Alice_21313,Intern
21314,Bob_21314,Intern
21315,Carol_21315,Intern
21316,Dave_21316,Intern
21317,Eve_21317,Intern
21318,Frank_21318,Intern
21319,Grace_21319,Intern
21320,Hank_21320,Intern
21321,Iris_21321,Intern
21322,Jack_21322,Intern
21323,Karen_21323,Intern
21324,Leo_21324,Intern
21325,Maya_21325,Intern
21326,Nate_21326,Intern
21327,Olivia_21327,Intern
21328,Paul_21328,Intern
21329,Quinn_21329,Intern
21330,Rose_21330,Intern
21331,Sam_21331,Intern
21332,Tina_21332,Intern
21333,Uma_21333,Intern
21334,Victor_21334,Intern
21335,Wendy_21335,Intern
21336,Xander_21336,Intern
21337,Yara_21337,Intern
21338,Zack_21338,Intern
21339,Ava_21339,Intern
21340,Ben_21340,Intern
21341,Chloe_21341,Intern
21342,Dylan_21342,Intern
21343,Ella_21343,Intern
21344,Finn_21344,Intern
21345,Alice_21345,Intern
21346,Bob_21346,Intern
21347,Carol_21347,Intern
21348,Dave_21348,Intern
21349,Eve_21349,Intern
21350,Frank_21350,Intern
21351,Grace_21351,Intern
21352,Hank_21352,Intern
21353,Iris_21353,Intern
21354,Jack_21354,Intern
21355,Karen_21355,Intern
21356,Leo_21356,Intern
21357,Maya_21357,Intern
21358,Nate_21358,Intern
21359,Olivia_21359,Intern
21360,Paul_21360,Intern
21361,Quinn_21361,Intern
21362,Rose_21362,Intern
21363,Sam_21363,Intern
21364,Tina_21364,Intern
21365,Uma_21365,Intern
21366,Victor_21366,Intern
21367,Wendy_21367,Intern
21368,Xander_21368,Intern
21369,Yara_21369,Intern
21370,Zack_21370,Intern
21371,Ava_21371,Intern
21372,Ben_21372,Intern
21373,Chloe_21373,Intern
21374,Dylan_21374,Intern
21375,Ella_21375,Intern
21376,Finn_21376,Intern
21377,Alice_21377,Intern
21378,Bob_21378,Intern
21379,Carol_21379,Intern
21380,Dave_21380,Intern
21381,Eve_21381,Intern
21382,Frank_21382,Intern
21383,Grace_21383,Intern
21384,Hank_21384,Intern
21385,Iris_21385,Intern
21386,Jack_21386,Intern
21387,Karen_21387,Intern
21388,Leo_21388,Intern
21389,Maya_21389,Intern
21390,Nate_21390,Intern
21391,Olivia_21391,Intern
21392,Paul_21392,Intern
21393,Quinn_21393,Intern
21394,Rose_21394,Intern
21395,Sam_21395,Intern
21396,Tina_21396,Intern
21397,Uma_21397,Intern
21398,Victor_21398,Intern
21399,Wendy_21399,Intern
21400,Xander_21400,Intern
21401,Yara_21401,Intern
21402,Zack_21402,Intern
21403,Ava_21403,Intern
21404,Ben_21404,Intern
21405,Chloe_21405,Intern
21406,Dylan_21406,Intern
21407,Ella_21407,Intern
21408,Finn_21408,Intern
21409,Alice_21409,Intern
21410,Bob_21410,Intern
21411,Carol_21411,Intern
21412,Dave_21412,Intern
21413,Eve_21413,Intern
21414,Frank_21414,Intern
21415,Grace_21415,Intern
21416,Hank_21416,Intern
21417,Iris_21417,Intern
21418,Jack_21418,Intern
21419,Karen_21419,Intern
21420,Leo_21420,Intern
21421,Maya_21421,Intern
21422,Nate_21422,Intern
21423,Olivia_21423,Intern
21424,Paul_21424,Intern
21425,Quinn_21425,Intern
21426,Rose_21426,Intern
21427,Sam_21427,Intern
21428,Tina_21428,Intern
21429,Uma_21429,Intern
21430,Victor_21430,Intern
21431,Wendy_21431,Intern
21432,Xander_21432,Intern
21433,Yara_21433,Intern
21434,Zack_21434,Intern
21435,Ava_21435,Intern
21436,Ben_21436,Intern
21437,Chloe_21437,Intern
21438,Dylan_21438,Intern
21439,Ella_21439,Intern
21440,Finn_21440,Intern
21441,Alice_21441,Intern
21442,Bob_21442,Intern
21443,Carol_21443,Intern
21444,Dave_21444,Intern
21445,Eve_21445,Intern
21446,Frank_21446,Intern
21447,Grace_21447,Intern
21448,Hank_21448,Intern
21449,Iris_21449,Intern
21450,Jack_21450,Intern
21451,Karen_21451,Intern
21452,Leo_21452,Intern
21453,Maya_21453,Intern
21454,Nate_21454,Intern
21455,Olivia_21455,Intern
21456,Paul_21456,Intern
21457,Quinn_21457,Intern
21458,Rose_21458,Intern
21459,Sam_21459,Intern
21460,Tina_21460,Intern
21461,Uma_21461,Intern
21462,Victor_21462,Intern
21463,Wendy_21463,Intern
21464,Xander_21464,Intern
21465,Yara_21465,Intern
21466,Zack_21466,Intern
21467,Ava_21467,Intern
21468,Ben_21468,Intern
21469,Chloe_21469,Intern
21470,Dylan_21470,Intern
21471,Ella_21471,Intern
21472,Finn_21472,Intern
21473,Alice_21473,Intern
21474,Bob_21474,Intern
21475,Carol_21475,Intern
21476,Dave_21476,Intern
21477,Eve_21477,Intern
21478,Frank_21478,Intern
21479,Grace_21479,Intern
21480,Hank_21480,Intern
21481,Iris_21481,Intern
21482,Jack_21482,Intern
21483,Karen_21483,Intern
21484,Leo_21484,Intern
21485,Maya_21485,Intern
21486,Nate_21486,Intern
21487,Olivia_21487,Intern
21488,Paul_21488,Intern
21489,Quinn_21489,Intern
21490,Rose_21490,Intern
21491,Sam_21491,Intern
21492,Tina_21492,Intern
21493,Uma_21493,Intern
21494,Victor_21494,Intern
21495,Wendy_21495,Intern
21496,Xander_21496,Intern
21497,Yara_21497,Intern
21498,Zack_21498,Intern
21499,Ava_21499,Intern
21500,Ben_21500,Intern
21501,Chloe_21501,Intern
21502,Dylan_21502,Intern
21503,Ella_21503,Intern
21504,Finn_21504,Intern
21505,Alice_21505,Intern
21506,Bob_21506,Intern
21507,Carol_21507,Intern
21508,Dave_21508,Intern
21509,Eve_21509,Intern
21510,Frank_21510,Intern
21511,Grace_21511,Intern
21512,Hank_21512,Intern
21513,Iris_21513,Intern
21514,Jack_21514,Intern
21515,Karen_21515,Intern
21516,Leo_21516,Intern
21517,Maya_21517,Intern
21518,Nate_21518,Intern
21519,Olivia_21519,Intern
21520,Paul_21520,Intern
21521,Quinn_21521,Intern
21522,Rose_21522,Intern
21523,Sam_21523,Intern
21524,Tina_21524,Intern
21525,Uma_21525,Intern
21526,Victor_21526,Intern
21527,Wendy_21527,Intern
21528,Xander_21528,Intern
21529,Yara_21529,Intern
21530,Zack_21530,Intern
21531,Ava_21531,Intern
21532,Ben_21532,Intern
21533,Chloe_21533,Intern
21534,Dylan_21534,Intern
21535,Ella_21535,Intern
21536,Finn_21536,Intern
21537,Alice_21537,Intern
21538,Bob_21538,Intern
21539,Carol_21539,Intern
21540,Dave_21540,Intern
21541,Eve_21541,Intern
21542,Frank_21542,Intern
21543,Grace_21543,Intern
21544,Hank_21544,Intern
21545,Iris_21545,Intern
21546,Jack_21546,Intern
21547,Karen_21547,Intern
21548,Leo_21548,Intern
21549,Maya_21549,Intern
21550,Nate_21550,Intern
21551,Olivia_21551,Intern
21552,Paul_21552,Intern
21553,Quinn_21553,Intern
21554,Rose_21554,Intern
21555,Sam_21555,Intern
21556,Tina_21556,Intern
21557,Uma_21557,Intern
21558,Victor_21558,Intern
21559,Wendy_21559,Intern
21560,Xander_21560,Intern
21561,Yara_21561,Intern
21562,Zack_21562,Intern
21563,Ava_21563,Intern
21564,Ben_21564,Intern
21565,Chloe_21565,Intern
21566,Dylan_21566,Intern
21567,Ella_21567,Intern
21568,Finn_21568,Intern
21569,Alice_21569,Intern
21570,Bob_21570,Intern
21571,Carol_21571,Intern
21572,Dave_21572,Intern
21573,Eve_21573,Intern
21574,Frank_21574,Intern
21575,Grace_21575,Intern
21576,Hank_21576,Intern
21577,Iris_21577,Intern
21578,Jack_21578,Intern
21579,Karen_21579,Intern
21580,Leo_21580,Intern
21581,Maya_21581,Intern
21582,Nate_21582,Intern
21583,Olivia_21583,Intern
21584,Paul_21584,Intern
21585,Quinn_21585,Intern
21586,Rose_21586,Intern
21587,Sam_21587,Intern
21588,Tina_21588,Intern
21589,Uma_21589,Intern
21590,Victor_21590,Intern
21591,Wendy_21591,Intern
21592,Xander_21592,Intern
21593,Yara_21593,Intern
21594,Zack_21594,Intern
21595,Ava_21595,Intern
21596,Ben_21596,Intern
21597,Chloe_21597,Intern
21598,Dylan_21598,Intern
21599,Ella_21599,Intern
21600,Finn_21600,Intern
21601,Alice_21601,Intern
21602,Bob_21602,Intern
21603,Carol_21603,Intern
21604,Dave_21604,Intern
21605,Eve_21605,Intern
21606,Frank_21606,Intern
21607,Grace_21607,Intern
21608,Hank_21608,Intern
21609,Iris_21609,Intern
21610,Jack_21610,Intern
21611,Karen_21611,Intern
21612,Leo_21612,Intern
21613,Maya_21613,Intern
21614,Nate_21614,Intern
21615,Olivia_21615,Intern
21616,Paul_21616,Intern
21617,Quinn_21617,Intern
21618,Rose_21618,Intern
21619,Sam_21619,Intern
21620,Tina_21620,Intern
21621,Uma_21621,Intern
21622,Victor_21622,Intern
21623,Wendy_21623,Intern
21624,Xander_21624,Intern
21625,Yara_21625,Intern
21626,Zack_21626,Intern
21627,Ava_21627,Intern
21628,Ben_21628,Intern
21629,Chloe_21629,Intern
21630,Dylan_21630,Intern
21631,Ella_21631,Intern
21632,Finn_21632,Intern
21633,Alice_21633,Intern
21634,Bob_21634,Intern
21635,Carol_21635,Intern
21636,Dave_21636,Intern
21637,Eve_21637,Intern
21638,Frank_21638,Intern
21639,Grace_21639,Intern
21640,Hank_21640,Intern
21641,Iris_21641,Intern
21642,Jack_21642,Intern
21643,Karen_21643,Intern
21644,Leo_21644,Intern
21645,Maya_21645,Intern
21646,Nate_21646,Intern
21647,Olivia_21647,Intern
21648,Paul_21648,Intern
21649,Quinn_21649,Intern
21650,Rose_21650,Intern
21651,Sam_21651,Intern
21652,Tina_21652,Intern
21653,Uma_21653,Intern
21654,Victor_21654,Intern
21655,Wendy_21655,Intern
21656,Xander_21656,Intern
21657,Yara_21657,Intern
21658,Zack_21658,Intern
21659,Ava_21659,Intern
21660,Ben_21660,Intern
21661,Chloe_21661,Intern
21662,Dylan_21662,Intern
21663,Ella_21663,Intern
21664,Finn_21664,Intern
21665,Alice_21665,Intern
21666,Bob_21666,Intern
21667,Carol_21667,Intern
21668,Dave_21668,Intern
21669,Eve_21669,Intern
21670,Frank_21670,Intern
21671,Grace_21671,Intern
21672,Hank_21672,Intern
21673,Iris_21673,Intern
21674,Jack_21674,Intern
21675,Karen_21675,Intern
21676,Leo_21676,Intern
21677,Maya_21677,Intern
21678,Nate_21678,Intern
21679,Olivia_21679,Intern
21680,Paul_21680,Intern
21681,Quinn_21681,Intern
21682,Rose_21682,Intern
21683,Sam_21683,Intern
21684,Tina_21684,Intern
21685,Uma_21685,Intern
21686,Victor_21686,Intern
21687,Wendy_21687,Intern
21688,Xander_21688,Intern
21689,Yara_21689,Intern
21690,Zack_21690,Intern
21691,Ava_21691,Intern
21692,Ben_21692,Intern
21693,Chloe_21693,Intern
21694,Dylan_21694,Intern
21695,Ella_21695,Intern
21696,Finn_21696,Intern
21697,Alice_21697,Intern
21698,Bob_21698,Intern
21699,Carol_21699,Intern
21700,Dave_21700,Intern
21701,Eve_21701,Intern
21702,Frank_21702,Intern
21703,Grace_21703,Intern
21704,Hank_21704,Intern
21705,Iris_21705,Intern
21706,Jack_21706,Intern
21707,Karen_21707,Intern
21708,Leo_21708,Intern
21709,Maya_21709,Intern
21710,Nate_21710,Intern
21711,Olivia_21711,Intern
21712,Paul_21712,Intern
21713,Quinn_21713,Intern
21714,Rose_21714,Intern
21715,Sam_21715,Intern
21716,Tina_21716,Intern
21717,Uma_21717,Intern
21718,Victor_21718,Intern
21719,Wendy_21719,Intern
21720,Xander_21720,Intern
21721,Yara_21721,Intern
21722,Zack_21722,Intern
21723,Ava_21723,Intern
21724,Ben_21724,Intern
21725,Chloe_21725,Intern
21726,Dylan_21726,Intern
21727,Ella_21727,Intern
21728,Finn_21728,Intern
21729,Alice_21729,Intern
21730,Bob_21730,Intern
21731,Carol_21731,Intern
21732,Dave_21732,Intern
21733,Eve_21733,Intern
21734,Frank_21734,Intern
21735,Grace_21735,Intern
21736,Hank_21736,Intern
21737,Iris_21737,Intern
21738,Jack_21738,Intern
21739,Karen_21739,Intern
21740,Leo_21740,Intern
21741,Maya_21741,Intern
21742,Nate_21742,Intern
21743,Olivia_21743,Intern
21744,Paul_21744,Intern
21745,Quinn_21745,Intern
21746,Rose_21746,Intern
21747,Sam_21747,Intern
21748,Tina_21748,Intern
21749,Uma_21749,Intern
21750,Victor_21750,Intern
21751,Wendy_21751,Intern
21752,Xander_21752,Intern
21753,Yara_21753,Intern
21754,Zack_21754,Intern
21755,Ava_21755,Intern
21756,Ben_21756,Intern
21757,Chloe_21757,Intern
21758,Dylan_21758,Intern
21759,Ella_21759,Intern
21760,Finn_21760,Intern
21761,Alice_21761,Intern
21762,Bob_21762,Intern
21763,Carol_21763,Intern
21764,Dave_21764,Intern
21765,Eve_21765,Intern
21766,Frank_21766,Intern
21767,Grace_21767,Intern
21768,Hank_21768,Intern
21769,Iris_21769,Intern
21770,Jack_21770,Intern
21771,Karen_21771,Intern
21772,Leo_21772,Intern
21773,Maya_21773,Intern
21774,Nate_21774,Intern
21775,Olivia_21775,Intern
21776,Paul_21776,Intern
21777,Quinn_21777,Intern
21778,Rose_21778,Intern
21779,Sam_21779,Intern
21780,Tina_21780,Intern
21781,Uma_21781,Intern
21782,Victor_21782,Intern
21783,Wendy_21783,Intern
21784,Xander_21784,Intern
21785,Yara_21785,Intern
21786,Zack_21786,Intern
21787,Ava_21787,Intern
21788,Ben_21788,Intern
21789,Chloe_21789,Intern
21790,Dylan_21790,Intern
21791,Ella_21791,Intern
21792,Finn_21792,Intern
21793,Alice_21793,Intern
21794,Bob_21794,Intern
21795,Carol_21795,Intern
21796,Dave_21796,Intern
21797,Eve_21797,Intern
21798,Frank_21798,Intern
21799,Grace_21799,Intern
21800,Hank_21800,Intern
21801,Iris_21801,Intern
21802,Jack_21802,Intern
21803,Karen_21803,Intern
21804,Leo_21804,Intern
21805,Maya_21805,Intern
21806,Nate_21806,Intern
21807,Olivia_21807,Intern
21808,Paul_21808,Intern
21809,Quinn_21809,Intern
21810,Rose_21810,Intern
21811,Sam_21811,Intern
21812,Tina_21812,Intern
21813,Uma_21813,Intern
21814,Victor_21814,Intern
21815,Wendy_21815,Intern
21816,Xander_21816,Intern
21817,Yara_21817,Intern
21818,Zack_21818,Intern
21819,Ava_21819,Intern
21820,Ben_21820,Intern
21821,Chloe_21821,Intern
21822,Dylan_21822,Intern
21823,Ella_21823,Intern
21824,Finn_21824,Intern
21825,Alice_21825,Intern
21826,Bob_21826,Intern
21827,Carol_21827,Intern
21828,Dave_21828,Intern
21829,Eve_21829,Intern
21830,Frank_21830,Intern
21831,Grace_21831,Intern
21832,Hank_21832,Intern
21833,Iris_21833,Intern
21834,Jack_21834,Intern
21835,Karen_21835,Intern
21836,Leo_21836,Intern
21837,Maya_21837,Intern
21838,Nate_21838,Intern
21839,Olivia_21839,Intern
21840,Paul_21840,Intern
21841,Quinn_21841,Intern
21842,Rose_21842,Intern
21843,Sam_21843,Intern
21844,Tina_21844,Intern
21845,Uma_21845,Intern
21846,Victor_21846,Intern
21847,Wendy_21847,Intern
21848,Xander_21848,Intern
21849,Yara_21849,Intern
21850,Zack_21850,Intern
21851,Ava_21851,Intern
21852,Ben_21852,Intern
21853,Chloe_21853,Intern
21854,Dylan_21854,Intern
21855,Ella_21855,Intern
21856,Finn_21856,Intern
21857,Alice_21857,Intern
21858,Bob_21858,Intern
21859,Carol_21859,Intern
21860,Dave_21860,Intern
21861,Eve_21861,Intern
21862,Frank_21862,Intern
21863,Grace_21863,Intern
21864,Hank_21864,Intern
21865,Iris_21865,Intern
21866,Jack_21866,Intern
21867,Karen_21867,Intern
21868,Leo_21868,Intern
21869,Maya_21869,Intern
21870,Nate_21870,Intern
21871,Olivia_21871,Intern
21872,Paul_21872,Intern
21873,Quinn_21873,Intern
21874,Rose_21874,Intern
21875,Sam_21875,Intern
21876,Tina_21876,Intern
21877,Uma_21877,Intern
21878,Victor_21878,Intern
21879,Wendy_21879,Intern
21880,Xander_21880,Intern
21881,Yara_21881,Intern
21882,Zack_21882,Intern
21883,Ava_21883,Intern
21884,Ben_21884,Intern
21885,Chloe_21885,Intern
21886,Dylan_21886,Intern
21887,Ella_21887,Intern
21888,Finn_21888,Intern
21889,Alice_21889,Intern
21890,Bob_21890,Intern
21891,Carol_21891,Intern
21892,Dave_21892,Intern
21893,Eve_21893,Intern
21894,Frank_21894,Intern
21895,Grace_21895,Intern
21896,Hank_21896,Intern
21897,Iris_21897,Intern
21898,Jack_21898,Intern
21899,Karen_21899,Intern
21900,Leo_21900,Intern
21901,Maya_21901,Intern
21902,Nate_21902,Intern
21903,Olivia_21903,Intern
21904,Paul_21904,Intern
21905,Quinn_21905,Intern
21906,Rose_21906,Intern
21907,Sam_21907,Intern
21908,Tina_21908,Intern
21909,Uma_21909,Intern
21910,Victor_21910,Intern
21911,Wendy_21911,Intern
21912,Xander_21912,Intern
21913,Yara_21913,Intern
21914,Zack_21914,Intern
21915,Ava_21915,Intern
21916,Ben_21916,Intern
21917,Chloe_21917,Intern
21918,Dylan_21918,Intern
21919,Ella_21919,Intern
21920,Finn_21920,Intern
21921,Alice_21921,Intern
21922,Bob_21922,Intern
21923,Carol_21923,Intern
21924,Dave_21924,Intern
21925,Eve_21925,Intern
21926,Frank_21926,Intern
21927,Grace_21927,Intern
21928,Hank_21928,Intern
21929,Iris_21929,Intern
21930,Jack_21930,Intern
21931,Karen_21931,Intern
21932,Leo_21932,Intern
21933,Maya_21933,Intern
21934,Nate_21934,Intern
21935,Olivia_21935,Intern
21936,Paul_21936,Intern
21937,Quinn_21937,Intern
21938,Rose_21938,Intern
21939,Sam_21939,Intern
21940,Tina_21940,Intern
21941,Uma_21941,Intern
21942,Victor_21942,Intern
21943,Wendy_21943,Intern
21944,Xander_21944,Intern
21945,Yara_21945,Intern
21946,Zack_21946,Intern
21947,Ava_21947,Intern
21948,Ben_21948,Intern
21949,Chloe_21949,Intern
21950,Dylan_21950,Intern
21951,Ella_21951,Intern
21952,Finn_21952,Intern
21953,Alice_21953,Intern
21954,Bob_21954,Intern
21955,Carol_21955,Intern
21956,Dave_21956,Intern
21957,Eve_21957,Intern
21958,Frank_21958,Intern
21959,Grace_21959,Intern
21960,Hank_21960,Intern
21961,Iris_21961,Intern
21962,Jack_21962,Intern
21963,Karen_21963,Intern
21964,Leo_21964,Intern
21965,Maya_21965,Intern
21966,Nate_21966,Intern
21967,Olivia_21967,Intern
21968,Paul_21968,Intern
21969,Quinn_21969,Intern
21970,Rose_21970,Intern
21971,Sam_21971,Intern
21972,Tina_21972,Intern
21973,Uma_21973,Intern
21974,Victor_21974,Intern
21975,Wendy_21975,Intern
21976,Xander_21976,Intern
21977,Yara_21977,Intern
21978,Zack_21978,Intern
21979,Ava_21979,Intern
21980,Ben_21980,Intern
21981,Chloe_21981,Intern
21982,Dylan_21982,Intern
21983,Ella_21983,Intern
21984,Finn_21984,Intern
21985,Alice_21985,Intern
21986,Bob_21986,Intern
21987,Carol_21987,Intern
21988,Dave_21988,Intern
21989,Eve_21989,Intern
21990,Frank_21990,Intern
21991,Grace_21991,Intern
21992,Hank_21992,Intern
21993,Iris_21993,Intern
21994,Jack_21994,Intern
21995,Karen_21995,Intern
21996,Leo_21996,Intern
21997,Maya_21997,Intern
21998,Nate_21998,Intern
21999,Olivia_21999,Intern
22000,Paul_22000,Intern
22001,Quinn_22001,Intern
22002,Rose_22002,Intern
22003,Sam_22003,Intern
22004,Tina_22004,Intern
22005,Uma_22005,Intern
22006,Victor_22006,Intern
22007,Wendy_22007,Intern
22008,Xander_22008,Intern
22009,Yara_22009,Intern
22010,Zack_22010,Intern
22011,Ava_22011,Intern
22012,Ben_22012,Intern
22013,Chloe_22013,Intern
22014,Dylan_22014,Intern
22015,Ella_22015,Intern
22016,Finn_22016,Intern
22017,Alice_22017,Intern
22018,Bob_22018,Intern
22019,Carol_22019,Intern
22020,Dave_22020,Intern
22021,Eve_22021,Intern
22022,Frank_22022,Intern
22023,Grace_22023,Intern
22024,Hank_22024,Intern
22025,Iris_22025,Intern
22026,Jack_22026,Intern
22027,Karen_22027,Intern
22028,Leo_22028,Intern
22029,Maya_22029,Intern
22030,Nate_22030,Intern
22031,Olivia_22031,Intern
22032,Paul_22032,Intern
22033,Quinn_22033,Intern
22034,Rose_22034,Intern
22035,Sam_22035,Intern
22036,Tina_22036,Intern
22037,Uma_22037,Intern
22038,Victor_22038,Intern
22039,Wendy_22039,Intern
22040,Xander_22040,Intern
22041,Yara_22041,Intern
22042,Zack_22042,Intern
22043,Ava_22043,Intern
22044,Ben_22044,Intern
22045,Chloe_22045,Intern
22046,Dylan_22046,Intern
22047,Ella_22047,Intern
22048,Finn_22048,Intern
22049,Alice_22049,Intern
22050,Bob_22050,Intern
22051,Carol_22051,Intern
22052,Dave_22052,Intern
22053,Eve_22053,Intern
22054,Frank_22054,Intern
22055,Grace_22055,Intern
22056,Hank_22056,Intern
22057,Iris_22057,Intern
22058,Jack_22058,Intern
22059,Karen_22059,Intern
22060,Leo_22060,Intern
22061,Maya_22061,Intern
22062,Nate_22062,Intern
22063,Olivia_22063,Intern
22064,Paul_22064,Intern
22065,Quinn_22065,Intern
22066,Rose_22066,Intern
22067,Sam_22067,Intern
22068,Tina_22068,Intern
22069,Uma_22069,Intern
22070,Victor_22070,Intern
22071,Wendy_22071,Intern
22072,Xander_22072,Intern
22073,Yara_22073,Intern
22074,Zack_22074,Intern
22075,Ava_22075,Intern
22076,Ben_22076,Intern
22077,Chloe_22077,Intern
22078,Dylan_22078,Intern
22079,Ella_22079,Intern
22080,Finn_22080,Intern
22081,Alice_22081,Intern
22082,Bob_22082,Intern
22083,Carol_22083,Intern
22084,Dave_22084,Intern
22085,Eve_22085,Intern
22086,Frank_22086,Intern
22087,Grace_22087,Intern
22088,Hank_22088,Intern
22089,Iris_22089,Intern
22090,Jack_22090,Intern
22091,Karen_22091,Intern
22092,Leo_22092,Intern
22093,Maya_22093,Intern
22094,Nate_22094,Intern
22095,Olivia_22095,Intern
22096,Paul_22096,Intern
22097,Quinn_22097,Intern
22098,Rose_22098,Intern
22099,Sam_22099,Intern
22100,Tina_22100,Intern
22101,Uma_22101,Intern
22102,Victor_22102,Intern
22103,Wendy_22103,Intern
22104,Xander_22104,Intern
22105,Yara_22105,Intern
22106,Zack_22106,Intern
22107,Ava_22107,Intern
22108,Ben_22108,Intern
22109,Chloe_22109,Intern
22110,Dylan_22110,Intern
22111,Ella_22111,Intern
22112,Finn_22112,Intern
22113,Alice_22113,Intern
22114,Bob_22114,Intern
22115,Carol_22115,Intern
22116,Dave_22116,Intern
22117,Eve_22117,Intern
22118,Frank_22118,Intern
22119,Grace_22119,Intern
22120,Hank_22120,Intern
22121,Iris_22121,Intern
22122,Jack_22122,Intern
22123,Karen_22123,Intern
22124,Leo_22124,Intern
22125,Maya_22125,Intern
22126,Nate_22126,Intern
22127,Olivia_22127,Intern
22128,Paul_22128,Intern
22129,Quinn_22129,Intern
22130,Rose_22130,Intern
22131,Sam_22131,Intern
22132,Tina_22132,Intern
22133,Uma_22133,Intern
22134,Victor_22134,Intern
22135,Wendy_22135,Intern
22136,Xander_22136,Intern
22137,Yara_22137,Intern
22138,Zack_22138,Intern
22139,Ava_22139,Intern
22140,Ben_22140,Intern
22141,Chloe_22141,Intern
22142,Dylan_22142,Intern
22143,Ella_22143,Intern
22144,Finn_22144,Intern
22145,Alice_22145,Intern
22146,Bob_22146,Intern
22147,Carol_22147,Intern
22148,Dave_22148,Intern
22149,Eve_22149,Intern
22150,Frank_22150,Intern
22151,Grace_22151,Intern
22152,Hank_22152,Intern
22153,Iris_22153,Intern
22154,Jack_22154,Intern
22155,Karen_22155,Intern
22156,Leo_22156,Intern
22157,Maya_22157,Intern
22158,Nate_22158,Intern
22159,Olivia_22159,Intern
22160,Paul_22160,Intern
22161,Quinn_22161,Intern
22162,Rose_22162,Intern
22163,Sam_22163,Intern
22164,Tina_22164,Intern
22165,Uma_22165,Intern
22166,Victor_22166,Intern
22167,Wendy_22167,Intern
22168,Xander_22168,Intern
22169,Yara_22169,Intern
22170,Zack_22170,Intern
22171,Ava_22171,Intern
22172,Ben_22172,Intern
22173,Chloe_22173,Intern
22174,Dylan_22174,Intern
22175,Ella_22175,Intern
22176,Finn_22176,Intern
22177,Alice_22177,Intern
22178,Bob_22178,Intern
22179,Carol_22179,Intern
22180,Dave_22180,Intern
22181,Eve_22181,Intern
22182,Frank_22182,Intern
22183,Grace_22183,Intern
22184,Hank_22184,Intern
22185,Iris_22185,Intern
22186,Jack_22186,Intern
22187,Karen_22187,Intern
22188,Leo_22188,Intern
22189,Maya_22189,Intern
22190,Nate_22190,Intern
22191,Olivia_22191,Intern
22192,Paul_22192,Intern
22193,Quinn_22193,Intern
22194,Rose_22194,Intern
22195,Sam_22195,Intern
22196,Tina_22196,Intern
22197,Uma_22197,Intern
22198,Victor_22198,Intern
22199,Wendy_22199,Intern
22200,Xander_22200,Intern
22201,Yara_22201,Intern
22202,Zack_22202,Intern
22203,Ava_22203,Intern
22204,Ben_22204,Intern
22205,Chloe_22205,Intern
22206,Dylan_22206,Intern
22207,Ella_22207,Intern
22208,Finn_22208,Intern
22209,Alice_22209,Intern
22210,Bob_22210,Intern
22211,Carol_22211,Intern
22212,Dave_22212,Intern
22213,Eve_22213,Intern
22214,Frank_22214,Intern
22215,Grace_22215,Intern
22216,Hank_22216,Intern
22217,Iris_22217,Intern
22218,Jack_22218,Intern
22219,Karen_22219,Intern
22220,Leo_22220,Intern
22221,Maya_22221,Intern
22222,Nate_22222,Intern
22223,Olivia_22223,Intern
22224,Paul_22224,Intern
22225,Quinn_22225,Intern
22226,Rose_22226,Intern
22227,Sam_22227,Intern
22228,Tina_22228,Intern
22229,Uma_22229,Intern
22230,Victor_22230,Intern
22231,Wendy_22231,Intern
22232,Xander_22232,Intern
22233,Yara_22233,Intern
22234,Zack_22234,Intern
22235,Ava_22235,Intern
22236,Ben_22236,Intern
22237,Chloe_22237,Intern
22238,Dylan_22238,Intern
22239,Ella_22239,Intern
22240,Finn_22240,Intern
22241,Alice_22241,Intern
22242,Bob_22242,Intern
22243,Carol_22243,Intern
22244,Dave_22244,Intern
22245,Eve_22245,Intern
22246,Frank_22246,Intern
22247,Grace_22247,Intern
22248,Hank_22248,Intern
22249,Iris_22249,Intern
22250,Jack_22250,Intern
22251,Karen_22251,Intern
22252,Leo_22252,Intern
22253,Maya_22253,Intern
22254,Nate_22254,Intern
22255,Olivia_22255,Intern
22256,Paul_22256,Intern
22257,Quinn_22257,Intern
22258,Rose_22258,Intern
22259,Sam_22259,Intern
22260,Tina_22260,Intern
22261,Uma_22261,Intern
22262,Victor_22262,Intern
22263,Wendy_22263,Intern
22264,Xander_22264,Intern
22265,Yara_22265,Intern
22266,Zack_22266,Intern
22267,Ava_22267,Intern
22268,Ben_22268,Intern
22269,Chloe_22269,Intern
22270,Dylan_22270,Intern
22271,Ella_22271,Intern
22272,Finn_22272,Intern
22273,Alice_22273,Intern
22274,Bob_22274,Intern
22275,Carol_22275,Intern
22276,Dave_22276,Intern
22277,Eve_22277,Intern
22278,Frank_22278,Intern
22279,Grace_22279,Intern
22280,Hank_22280,Intern
22281,Iris_22281,Intern
22282,Jack_22282,Intern
22283,Karen_22283,Intern
22284,Leo_22284,Intern
22285,Maya_22285,Intern
22286,Nate_22286,Intern
22287,Olivia_22287,Intern
22288,Paul_22288,Intern
22289,Quinn_22289,Intern
22290,Rose_22290,Intern
22291,Sam_22291,Intern
22292,Tina_22292,Intern
22293,Uma_22293,Intern
22294,Victor_22294,Intern
22295,Wendy_22295,Intern
22296,Xander_22296,Intern
22297,Yara_22297,Intern
22298,Zack_22298,Intern
22299,Ava_22299,Intern
22300,Ben_22300,Intern
22301,Chloe_22301,Intern
22302,Dylan_22302,Intern
22303,Ella_22303,Intern
22304,Finn_22304,Intern
22305,Alice_22305,Intern
22306,Bob_22306,Intern
22307,Carol_22307,Intern
22308,Dave_22308,Intern
22309,Eve_22309,Intern
22310,Frank_22310,Intern
22311,Grace_22311,Intern
22312,Hank_22312,Intern
22313,Iris_22313,Intern
22314,Jack_22314,Intern
22315,Karen_22315,Intern
22316,Leo_22316,Intern
22317,Maya_22317,Intern
22318,Nate_22318,Intern
22319,Olivia_22319,Intern
22320,Paul_22320,Intern
22321,Quinn_22321,Intern
22322,Rose_22322,Intern
22323,Sam_22323,Intern
22324,Tina_22324,Intern
22325,Uma_22325,Intern
22326,Victor_22326,Intern
22327,Wendy_22327,Intern
22328,Xander_22328,Intern
22329,Yara_22329,Intern
22330,Zack_22330,Intern
22331,Ava_22331,Intern
22332,Ben_22332,Intern
22333,Chloe_22333,Intern
22334,Dylan_22334,Intern
22335,Ella_22335,Intern
22336,Finn_22336,Intern
22337,Alice_22337,Intern
22338,Bob_22338,Intern
22339,Carol_22339,Intern
22340,Dave_22340,Intern
22341,Eve_22341,Intern
22342,Frank_22342,Intern
22343,Grace_22343,Intern
22344,Hank_22344,Intern
22345,Iris_22345,Intern
22346,Jack_22346,Intern
22347,Karen_22347,Intern
22348,Leo_22348,Intern
22349,Maya_22349,Intern
22350,Nate_22350,Intern
22351,Olivia_22351,Intern
22352,Paul_22352,Intern
22353,Quinn_22353,Intern
22354,Rose_22354,Intern
22355,Sam_22355,Intern
22356,Tina_22356,Intern
22357,Uma_22357,Intern
22358,Victor_22358,Intern
22359,Wendy_22359,Intern
22360,Xander_22360,Intern
22361,Yara_22361,Intern
22362,Zack_22362,Intern
22363,Ava_22363,Intern
22364,Ben_22364,Intern
22365,Chloe_22365,Intern
22366,Dylan_22366,Intern
22367,Ella_22367,Intern
22368,Finn_22368,Intern
22369,Alice_22369,Intern
22370,Bob_22370,Intern
22371,Carol_22371,Intern
22372,Dave_22372,Intern
22373,Eve_22373,Intern
22374,Frank_22374,Intern
22375,Grace_22375,Intern
22376,Hank_22376,Intern
22377,Iris_22377,Intern
22378,Jack_22378,Intern
22379,Karen_22379,Intern
22380,Leo_22380,Intern
22381,Maya_22381,Intern
22382,Nate_22382,Intern
22383,Olivia_22383,Intern
22384,Paul_22384,Intern
22385,Quinn_22385,Intern
22386,Rose_22386,Intern
22387,Sam_22387,Intern
22388,Tina_22388,Intern
22389,Uma_22389,Intern
22390,Victor_22390,Intern
22391,Wendy_22391,Intern
22392,Xander_22392,Intern
22393,Yara_22393,Intern
22394,Zack_22394,Intern
22395,Ava_22395,Intern
22396,Ben_22396,Intern
22397,Chloe_22397,Intern
22398,Dylan_22398,Intern
22399,Ella_22399,Intern
22400,Finn_22400,Intern
22401,Alice_22401,Intern
22402,Bob_22402,Intern
22403,Carol_22403,Intern
22404,Dave_22404,Intern
22405,Eve_22405,Intern
22406,Frank_22406,Intern
22407,Grace_22407,Intern
22408,Hank_22408,Intern
22409,Iris_22409,Intern
22410,Jack_22410,Intern
22411,Karen_22411,Intern
22412,Leo_22412,Intern
22413,Maya_22413,Intern
22414,Nate_22414,Intern
22415,Olivia_22415,Intern
22416,Paul_22416,Intern
22417,Quinn_22417,Intern
22418,Rose_22418,Intern
22419,Sam_22419,Intern
22420,Tina_22420,Intern
22421,Uma_22421,Intern
22422,Victor_22422,Intern
22423,Wendy_22423,Intern
22424,Xander_22424,Intern
22425,Yara_22425,Intern
22426,Zack_22426,Intern
22427,Ava_22427,Intern
22428,Ben_22428,Intern
22429,Chloe_22429,Intern
22430,Dylan_22430,Intern
22431,Ella_22431,Intern
22432,Finn_22432,Intern
22433,Alice_22433,Intern
22434,Bob_22434,Intern
22435,Carol_22435,Intern
22436,Dave_22436,Intern
22437,Eve_22437,Intern
22438,Frank_22438,Intern
22439,Grace_22439,Intern
22440,Hank_22440,Intern
22441,Iris_22441,Intern
22442,Jack_22442,Intern
22443,Karen_22443,Intern
22444,Leo_22444,Intern
22445,Maya_22445,Intern
22446,Nate_22446,Intern
22447,Olivia_22447,Intern
22448,Paul_22448,Intern
22449,Quinn_22449,Intern
22450,Rose_22450,Intern
22451,Sam_22451,Intern
22452,Tina_22452,Intern
22453,Uma_22453,Intern
22454,Victor_22454,Intern
22455,Wendy_22455,Intern
22456,Xander_22456,Intern
22457,Yara_22457,Intern
22458,Zack_22458,Intern
22459,Ava_22459,Intern
22460,Ben_22460,Intern
22461,Chloe_22461,Intern
22462,Dylan_22462,Intern
22463,Ella_22463,Intern
22464,Finn_22464,Intern
22465,Alice_22465,Intern
22466,Bob_22466,Intern
22467,Carol_22467,Intern
22468,Dave_22468,Intern
22469,Eve_22469,Intern
22470,Frank_22470,Intern
22471,Grace_22471,Intern
22472,Hank_22472,Intern
22473,Iris_22473,Intern
22474,Jack_22474,Intern
22475,Karen_22475,Intern
22476,Leo_22476,Intern
22477,Maya_22477,Intern
22478,Nate_22478,Intern
22479,Olivia_22479,Intern
22480,Paul_22480,Intern
22481,Quinn_22481,Intern
22482,Rose_22482,Intern
22483,Sam_22483,Intern
22484,Tina_22484,Intern
22485,Uma_22485,Intern
22486,Victor_22486,Intern
22487,Wendy_22487,Intern
22488,Xander_22488,Intern
22489,Yara_22489,Intern
22490,Zack_22490,Intern
22491,Ava_22491,Intern
22492,Ben_22492,Intern
22493,Chloe_22493,Intern
22494,Dylan_22494,Intern
22495,Ella_22495,Intern
22496,Finn_22496,Intern
22497,Alice_22497,Intern
22498,Bob_22498,Intern
22499,Carol_22499,Intern
22500,Dave_22500,Intern
22501,Eve_22501,Intern
22502,Frank_22502,Intern
22503,Grace_22503,Intern
22504,Hank_22504,Intern
22505,Iris_22505,Intern
22506,Jack_22506,Intern
22507,Karen_22507,Intern
22508,Leo_22508,Intern
22509,Maya_22509,Intern
22510,Nate_22510,Intern
22511,Olivia_22511,Intern
22512,Paul_22512,Intern
22513,Quinn_22513,Intern
22514,Rose_22514,Intern
22515,Sam_22515,Intern
22516,Tina_22516,Intern
22517,Uma_22517,Intern
22518,Victor_22518,Intern
22519,Wendy_22519,Intern
22520,Xander_22520,Intern
22521,Yara_22521,Intern
22522,Zack_22522,Intern
22523,Ava_22523,Intern
22524,Ben_22524,Intern
22525,Chloe_22525,Intern
22526,Dylan_22526,Intern
22527,Ella_22527,Intern
22528,Finn_22528,Intern
22529,Alice_22529,Intern
22530,Bob_22530,Intern
22531,Carol_22531,Intern
22532,Dave_22532,Intern
22533,Eve_22533,Intern
22534,Frank_22534,Intern
22535,Grace_22535,Intern
22536,Hank_22536,Intern
22537,Iris_22537,Intern
22538,Jack_22538,Intern
22539,Karen_22539,Intern
22540,Leo_22540,Intern
22541,Maya_22541,Intern
22542,Nate_22542,Intern
22543,Olivia_22543,Intern
22544,Paul_22544,Intern
22545,Quinn_22545,Intern
22546,Rose_22546,Intern
22547,Sam_22547,Intern
22548,Tina_22548,Intern
22549,Uma_22549,Intern
22550,Victor_22550,Intern
22551,Wendy_22551,Intern
22552,Xander_22552,Intern
22553,Yara_22553,Intern
22554,Zack_22554,Intern
22555,Ava_22555,Intern
22556,Ben_22556,Intern
22557,Chloe_22557,Intern
22558,Dylan_22558,Intern
22559,Ella_22559,Intern
22560,Finn_22560,Intern
22561,Alice_22561,Intern
22562,Bob_22562,Intern
22563,Carol_22563,Intern
22564,Dave_22564,Intern
22565,Eve_22565,Intern
22566,Frank_22566,Intern
22567,Grace_22567,Intern
22568,Hank_22568,Intern
22569,Iris_22569,Intern
22570,Jack_22570,Intern
22571,Karen_22571,Intern
22572,Leo_22572,Intern
22573,Maya_22573,Intern
22574,Nate_22574,Intern
22575,Olivia_22575,Intern
22576,Paul_22576,Intern
22577,Quinn_22577,Intern
22578,Rose_22578,Intern
22579,Sam_22579,Intern
22580,Tina_22580,Intern
22581,Uma_22581,Intern
22582,Victor_22582,Intern
22583,Wendy_22583,Intern
22584,Xander_22584,Intern
22585,Yara_22585,Intern
22586,Zack_22586,Intern
22587,Ava_22587,Intern
22588,Ben_22588,Intern
22589,Chloe_22589,Intern
22590,Dylan_22590,Intern
22591,Ella_22591,Intern
22592,Finn_22592,Intern
22593,Alice_22593,Intern
22594,Bob_22594,Intern
22595,Carol_22595,Intern
22596,Dave_22596,Intern
22597,Eve_22597,Intern
22598,Frank_22598,Intern
22599,Grace_22599,Intern
22600,Hank_22600,Intern
22601,Iris_22601,Intern
22602,Jack_22602,Intern
22603,Karen_22603,Intern
22604,Leo_22604,Intern
22605,Maya_22605,Intern
22606,Nate_22606,Intern
22607,Olivia_22607,Intern
22608,Paul_22608,Intern
22609,Quinn_22609,Intern
22610,Rose_22610,Intern
22611,Sam_22611,Intern
22612,Tina_22612,Intern
22613,Uma_22613,Intern
22614,Victor_22614,Intern
22615,Wendy_22615,Intern
22616,Xander_22616,Intern
22617,Yara_22617,Intern
22618,Zack_22618,Intern
22619,Ava_22619,Intern
22620,Ben_22620,Intern
22621,Chloe_22621,Intern
22622,Dylan_22622,Intern
22623,Ella_22623,Intern
22624,Finn_22624,Intern
22625,Alice_22625,Intern
22626,Bob_22626,Intern
22627,Carol_22627,Intern
22628,Dave_22628,Intern
22629,Eve_22629,Intern
22630,Frank_22630,Intern
22631,Grace_22631,Intern
22632,Hank_22632,Intern
22633,Iris_22633,Intern
22634,Jack_22634,Intern
22635,Karen_22635,Intern
22636,Leo_22636,Intern
22637,Maya_22637,Intern
22638,Nate_22638,Intern
22639,Olivia_22639,Intern
22640,Paul_22640,Intern
22641,Quinn_22641,Intern
22642,Rose_22642,Intern
22643,Sam_22643,Intern
22644,Tina_22644,Intern
22645,Uma_22645,Intern
22646,Victor_22646,Intern
22647,Wendy_22647,Intern
22648,Xander_22648,Intern
22649,Yara_22649,Intern
22650,Zack_22650,Intern
22651,Ava_22651,Intern
22652,Ben_22652,Intern
22653,Chloe_22653,Intern
22654,Dylan_22654,Intern
22655,Ella_22655,Intern
22656,Finn_22656,Intern
22657,Alice_22657,Intern
22658,Bob_22658,Intern
22659,Carol_22659,Intern
22660,Dave_22660,Intern
22661,Eve_22661,Intern
22662,Frank_22662,Intern
22663,Grace_22663,Intern
22664,Hank_22664,Intern
22665,Iris_22665,Intern
22666,Jack_22666,Intern
22667,Karen_22667,Intern
22668,Leo_22668,Intern
22669,Maya_22669,Intern
22670,Nate_22670,Intern
22671,Olivia_22671,Intern
22672,Paul_22672,Intern
22673,Quinn_22673,Intern
22674,Rose_22674,Intern
22675,Sam_22675,Intern
22676,Tina_22676,Intern
22677,Uma_22677,Intern
22678,Victor_22678,Intern
22679,Wendy_22679,Intern
22680,Xander_22680,Intern
22681,Yara_22681,Intern
22682,Zack_22682,Intern
22683,Ava_22683,Intern
22684,Ben_22684,Intern
22685,Chloe_22685,Intern
22686,Dylan_22686,Intern
22687,Ella_22687,Intern
22688,Finn_22688,Intern
22689,Alice_22689,Intern
22690,Bob_22690,Intern
22691,Carol_22691,Intern
22692,Dave_22692,Intern
22693,Eve_22693,Intern
22694,Frank_22694,Intern
22695,Grace_22695,Intern
22696,Hank_22696,Intern
22697,Iris_22697,Intern
22698,Jack_22698,Intern
22699,Karen_22699,Intern
22700,Leo_22700,Intern
22701,Maya_22701,Intern
22702,Nate_22702,Intern
22703,Olivia_22703,Intern
22704,Paul_22704,Intern
22705,Quinn_22705,Intern
22706,Rose_22706,Intern
22707,Sam_22707,Intern
22708,Tina_22708,Intern
22709,Uma_22709,Intern
22710,Victor_22710,Intern
22711,Wendy_22711,Intern
22712,Xander_22712,Intern
22713,Yara_22713,Intern
22714,Zack_22714,Intern
22715,Ava_22715,Intern
22716,Ben_22716,Intern
22717,Chloe_22717,Intern
22718,Dylan_22718,Intern
22719,Ella_22719,Intern
22720,Finn_22720,Intern
22721,Alice_22721,Intern
22722,Bob_22722,Intern
22723,Carol_22723,Intern
22724,Dave_22724,Intern
22725,Eve_22725,Intern
22726,Frank_22726,Intern
22727,Grace_22727,Intern
22728,Hank_22728,Intern
22729,Iris_22729,Intern
22730,Jack_22730,Intern
22731,Karen_22731,Intern
22732,Leo_22732,Intern
22733,Maya_22733,Intern
22734,Nate_22734,Intern
22735,Olivia_22735,Intern
22736,Paul_22736,Intern
22737,Quinn_22737,Intern
22738,Rose_22738,Intern
22739,Sam_22739,Intern
22740,Tina_22740,Intern
22741,Uma_22741,Intern
22742,Victor_22742,Intern
22743,Wendy_22743,Intern
22744,Xander_22744,Intern
22745,Yara_22745,Intern
22746,Zack_22746,Intern
22747,Ava_22747,Intern
22748,Ben_22748,Intern
22749,Chloe_22749,Intern
22750,Dylan_22750,Intern
22751,Ella_22751,Intern
22752,Finn_22752,Intern
22753,Alice_22753,Intern
22754,Bob_22754,Intern
22755,Carol_22755,Intern
22756,Dave_22756,Intern
22757,Eve_22757,Intern
22758,Frank_22758,Intern
22759,Grace_22759,Intern
22760,Hank_22760,Intern
22761,Iris_22761,Intern
22762,Jack_22762,Intern
22763,Karen_22763,Intern
22764,Leo_22764,Intern
22765,Maya_22765,Intern
22766,Nate_22766,Intern
22767,Olivia_22767,Intern
22768,Paul_22768,Intern
22769,Quinn_22769,Intern
22770,Rose_22770,Intern
22771,Sam_22771,Intern
22772,Tina_22772,Intern
22773,Uma_22773,Intern
22774,Victor_22774,Intern
22775,Wendy_22775,Intern
22776,Xander_22776,Intern
22777,Yara_22777,Intern
22778,Zack_22778,Intern
22779,Ava_22779,Intern
22780,Ben_22780,Intern
22781,Chloe_22781,Intern
22782,Dylan_22782,Intern
22783,Ella_22783,Intern
22784,Finn_22784,Intern
22785,Alice_22785,Intern
22786,Bob_22786,Intern
22787,Carol_22787,Intern
22788,Dave_22788,Intern
22789,Eve_22789,Intern
22790,Frank_22790,Intern
22791,Grace_22791,Intern
22792,Hank_22792,Intern
22793,Iris_22793,Intern
22794,Jack_22794,Intern
22795,Karen_22795,Intern
22796,Leo_22796,Intern
22797,Maya_22797,Intern
22798,Nate_22798,Intern
22799,Olivia_22799,Intern
22800,Paul_22800,Intern
22801,Quinn_22801,Intern
22802,Rose_22802,Intern
22803,Sam_22803,Intern
22804,Tina_22804,Intern
22805,Uma_22805,Intern
22806,Victor_22806,Intern
22807,Wendy_22807,Intern
22808,Xander_22808,Intern
22809,Yara_22809,Intern
22810,Zack_22810,Intern
22811,Ava_22811,Intern
22812,Ben_22812,Intern
22813,Chloe_22813,Intern
22814,Dylan_22814,Intern
22815,Ella_22815,Intern
22816,Finn_22816,Intern
22817,Alice_22817,Intern
22818,Bob_22818,Intern
22819,Carol_22819,Intern
22820,Dave_22820,Intern
22821,Eve_22821,Intern
22822,Frank_22822,Intern
22823,Grace_22823,Intern
22824,Hank_22824,Intern
22825,Iris_22825,Intern
22826,Jack_22826,Intern
22827,Karen_22827,Intern
22828,Leo_22828,Intern
22829,Maya_22829,Intern
22830,Nate_22830,Intern
22831,Olivia_22831,Intern
22832,Paul_22832,Intern
22833,Quinn_22833,Intern
22834,Rose_22834,Intern
22835,Sam_22835,Intern
22836,Tina_22836,Intern
22837,Uma_22837,Intern
22838,Victor_22838,Intern
22839,Wendy_22839,Intern
22840,Xander_22840,Intern
22841,Yara_22841,Intern
22842,Zack_22842,Intern
22843,Ava_22843,Intern
22844,Ben_22844,Intern
22845,Chloe_22845,Intern
22846,Dylan_22846,Intern
22847,Ella_22847,Intern
22848,Finn_22848,Intern
22849,Alice_22849,Intern
22850,Bob_22850,Intern
22851,Carol_22851,Intern
22852,Dave_22852,Intern
22853,Eve_22853,Intern
22854,Frank_22854,Intern
22855,Grace_22855,Intern
22856,Hank_22856,Intern
22857,Iris_22857,Intern
22858,Jack_22858,Intern
22859,Karen_22859,Intern
22860,Leo_22860,Intern
22861,Maya_22861,Intern
22862,Nate_22862,Intern
22863,Olivia_22863,Intern
22864,Paul_22864,Intern
22865,Quinn_22865,Intern
22866,Rose_22866,Intern
22867,Sam_22867,Intern
22868,Tina_22868,Intern
22869,Uma_22869,Intern
22870,Victor_22870,Intern
22871,Wendy_22871,Intern
22872,Xander_22872,Intern
22873,Yara_22873,Intern
22874,Zack_22874,Intern
22875,Ava_22875,Intern
22876,Ben_22876,Intern
22877,Chloe_22877,Intern
22878,Dylan_22878,Intern
22879,Ella_22879,Intern
22880,Finn_22880,Intern
22881,Alice_22881,Intern
22882,Bob_22882,Intern
22883,Carol_22883,Intern
22884,Dave_22884,Intern
22885,Eve_22885,Intern
22886,Frank_22886,Intern
22887,Grace_22887,Intern
22888,Hank_22888,Intern
22889,Iris_22889,Intern
22890,Jack_22890,Intern
22891,Karen_22891,Intern
22892,Leo_22892,Intern
22893,Maya_22893,Intern
22894,Nate_22894,Intern
22895,Olivia_22895,Intern
22896,Paul_22896,Intern
22897,Quinn_22897,Intern
22898,Rose_22898,Intern
22899,Sam_22899,Intern
22900,Tina_22900,Intern
22901,Uma_22901,Intern
22902,Victor_22902,Intern
22903,Wendy_22903,Intern
22904,Xander_22904,Intern
22905,Yara_22905,Intern
22906,Zack_22906,Intern
22907,Ava_22907,Intern
22908,Ben_22908,Intern
22909,Chloe_22909,Intern
22910,Dylan_22910,Intern
22911,Ella_22911,Intern
22912,Finn_22912,Intern
22913,Alice_22913,Intern
22914,Bob_22914,Intern
22915,Carol_22915,Intern
22916,Dave_22916,Intern
22917,Eve_22917,Intern
22918,Frank_22918,Intern
22919,Grace_22919,Intern
22920,Hank_22920,Intern
22921,Iris_22921,Intern
22922,Jack_22922,Intern
22923,Karen_22923,Intern
22924,Leo_22924,Intern
22925,Maya_22925,Intern
22926,Nate_22926,Intern
22927,Olivia_22927,Intern
22928,Paul_22928,Intern
22929,Quinn_22929,Intern
22930,Rose_22930,Intern
22931,Sam_22931,Intern
22932,Tina_22932,Intern
22933,Uma_22933,Intern
22934,Victor_22934,Intern
22935,Wendy_22935,Intern
22936,Xander_22936,Intern
22937,Yara_22937,Intern
22938,Zack_22938,Intern
22939,Ava_22939,Intern
22940,Ben_22940,Intern
22941,Chloe_22941,Intern
22942,Dylan_22942,Intern
22943,Ella_22943,Intern
22944,Finn_22944,Intern
22945,Alice_22945,Intern
22946,Bob_22946,Intern
22947,Carol_22947,Intern
22948,Dave_22948,Intern
22949,Eve_22949,Intern
22950,Frank_22950,Intern
22951,Grace_22951,Intern
22952,Hank_22952,Intern
22953,Iris_22953,Intern
22954,Jack_22954,Intern
22955,Karen_22955,Intern
22956,Leo_22956,Intern
22957,Maya_22957,Intern
22958,Nate_22958,Intern
22959,Olivia_22959,Intern
22960,Paul_22960,Intern
22961,Quinn_22961,Intern
22962,Rose_22962,Intern
22963,Sam_22963,Intern
22964,Tina_22964,Intern
22965,Uma_22965,Intern
22966,Victor_22966,Intern
22967,Wendy_22967,Intern
22968,Xander_22968,Intern
22969,Yara_22969,Intern
22970,Zack_22970,Intern
22971,Ava_22971,Intern
22972,Ben_22972,Intern
22973,Chloe_22973,Intern
22974,Dylan_22974,Intern
22975,Ella_22975,Intern
22976,Finn_22976,Intern
22977,Alice_22977,Intern
22978,Bob_22978,Intern
22979,Carol_22979,Intern
22980,Dave_22980,Intern
22981,Eve_22981,Intern
22982,Frank_22982,Intern
22983,Grace_22983,Intern
22984,Hank_22984,Intern
22985,Iris_22985,Intern
22986,Jack_22986,Intern
22987,Karen_22987,Intern
22988,Leo_22988,Intern
22989,Maya_22989,Intern
22990,Nate_22990,Intern
22991,Olivia_22991,Intern
22992,Paul_22992,Intern
22993,Quinn_22993,Intern
22994,Rose_22994,Intern
22995,Sam_22995,Intern
22996,Tina_22996,Intern
22997,Uma_22997,Intern
22998,Victor_22998,Intern
22999,Wendy_22999,Intern
23000,Xander_23000,Intern
23001,Yara_23001,Intern
23002,Zack_23002,Intern
23003,Ava_23003,Intern
23004,Ben_23004,Intern
23005,Chloe_23005,Intern
23006,Dylan_23006,Intern
23007,Ella_23007,Intern
23008,Finn_23008,Intern
23009,Alice_23009,Intern
23010,Bob_23010,Intern
23011,Carol_23011,Intern
23012,Dave_23012,Intern
23013,Eve_23013,Intern
23014,Frank_23014,Intern
23015,Grace_23015,Intern
23016,Hank_23016,Intern
23017,Iris_23017,Intern
23018,Jack_23018,Intern
23019,Karen_23019,Intern
23020,Leo_23020,Intern
23021,Maya_23021,Intern
23022,Nate_23022,Intern
23023,Olivia_23023,Intern
23024,Paul_23024,Intern
23025,Quinn_23025,Intern
23026,Rose_23026,Intern
23027,Sam_23027,Intern
23028,Tina_23028,Intern
23029,Uma_23029,Intern
23030,Victor_23030,Intern
23031,Wendy_23031,Intern
23032,Xander_23032,Intern
23033,Yara_23033,Intern
23034,Zack_23034,Intern
23035,Ava_23035,Intern
23036,Ben_23036,Intern
23037,Chloe_23037,Intern
23038,Dylan_23038,Intern
23039,Ella_23039,Intern
23040,Finn_23040,Intern
23041,Alice_23041,Intern
23042,Bob_23042,Intern
23043,Carol_23043,Intern
23044,Dave_23044,Intern
23045,Eve_23045,Intern
23046,Frank_23046,Intern
23047,Grace_23047,Intern
23048,Hank_23048,Intern
23049,Iris_23049,Intern
23050,Jack_23050,Intern
23051,Karen_23051,Intern
23052,Leo_23052,Intern
23053,Maya_23053,Intern
23054,Nate_23054,Intern
23055,Olivia_23055,Intern
23056,Paul_23056,Intern
23057,Quinn_23057,Intern
23058,Rose_23058,Intern
23059,Sam_23059,Intern
23060,Tina_23060,Intern
23061,Uma_23061,Intern
23062,Victor_23062,Intern
23063,Wendy_23063,Intern
23064,Xander_23064,Intern
23065,Yara_23065,Intern
23066,Zack_23066,Intern
23067,Ava_23067,Intern
23068,Ben_23068,Intern
23069,Chloe_23069,Intern
23070,Dylan_23070,Intern
23071,Ella_23071,Intern
23072,Finn_23072,Intern
23073,Alice_23073,Intern
23074,Bob_23074,Intern
23075,Carol_23075,Intern
23076,Dave_23076,Intern
23077,Eve_23077,Intern
23078,Frank_23078,Intern
23079,Grace_23079,Intern
23080,Hank_23080,Intern
23081,Iris_23081,Intern
23082,Jack_23082,Intern
23083,Karen_23083,Intern
23084,Leo_23084,Intern
23085,Maya_23085,Intern
23086,Nate_23086,Intern
23087,Olivia_23087,Intern
23088,Paul_23088,Intern
23089,Quinn_23089,Intern
23090,Rose_23090,Intern
23091,Sam_23091,Intern
23092,Tina_23092,Intern
23093,Uma_23093,Intern
23094,Victor_23094,Intern
23095,Wendy_23095,Intern
23096,Xander_23096,Intern
23097,Yara_23097,Intern
23098,Zack_23098,Intern
23099,Ava_23099,Intern
23100,Ben_23100,Intern
23101,Chloe_23101,Intern
23102,Dylan_23102,Intern
23103,Ella_23103,Intern
23104,Finn_23104,Intern
23105,Alice_23105,Intern
23106,Bob_23106,Intern
23107,Carol_23107,Intern
23108,Dave_23108,Intern
23109,Eve_23109,Intern
23110,Frank_23110,Intern
23111,Grace_23111,Intern
23112,Hank_23112,Intern
23113,Iris_23113,Intern
23114,Jack_23114,Intern
23115,Karen_23115,Intern
23116,Leo_23116,Intern
23117,Maya_23117,Intern
23118,Nate_23118,Intern
23119,Olivia_23119,Intern
23120,Paul_23120,Intern
23121,Quinn_23121,Intern
23122,Rose_23122,Intern
23123,Sam_23123,Intern
23124,Tina_23124,Intern
23125,Uma_23125,Intern
23126,Victor_23126,Intern
23127,Wendy_23127,Intern
23128,Xander_23128,Intern
23129,Yara_23129,Intern
23130,Zack_23130,Intern
23131,Ava_23131,Intern
23132,Ben_23132,Intern
23133,Chloe_23133,Intern
23134,Dylan_23134,Intern
23135,Ella_23135,Intern
23136,Finn_23136,Intern
23137,Alice_23137,Intern
23138,Bob_23138,Intern
23139,Carol_23139,Intern
23140,Dave_23140,Intern
23141,Eve_23141,Intern
23142,Frank_23142,Intern
23143,Grace_23143,Intern
23144,Hank_23144,Intern
23145,Iris_23145,Intern
23146,Jack_23146,Intern
23147,Karen_23147,Intern
23148,Leo_23148,Intern
23149,Maya_23149,Intern
23150,Nate_23150,Intern
23151,Olivia_23151,Intern
23152,Paul_23152,Intern
23153,Quinn_23153,Intern
23154,Rose_23154,Intern
23155,Sam_23155,Intern
23156,Tina_23156,Intern
23157,Uma_23157,Intern
23158,Victor_23158,Intern
23159,Wendy_23159,Intern
23160,Xander_23160,Intern
23161,Yara_23161,Intern
23162,Zack_23162,Intern
23163,Ava_23163,Intern
23164,Ben_23164,Intern
23165,Chloe_23165,Intern
23166,Dylan_23166,Intern
23167,Ella_23167,Intern
23168,Finn_23168,Intern
23169,Alice_23169,Intern
23170,Bob_23170,Intern
23171,Carol_23171,Intern
23172,Dave_23172,Intern
23173,Eve_23173,Intern
23174,Frank_23174,Intern
23175,Grace_23175,Intern
23176,Hank_23176,Intern
23177,Iris_23177,Intern
23178,Jack_23178,Intern
23179,Karen_23179,Intern
23180,Leo_23180,Intern
23181,Maya_23181,Intern
23182,Nate_23182,Intern
23183,Olivia_23183,Intern
23184,Paul_23184,Intern
23185,Quinn_23185,Intern
23186,Rose_23186,Intern
23187,Sam_23187,Intern
23188,Tina_23188,Intern
23189,Uma_23189,Intern
23190,Victor_23190,Intern
23191,Wendy_23191,Intern
23192,Xander_23192,Intern
23193,Yara_23193,Intern
23194,Zack_23194,Intern
23195,Ava_23195,Intern
23196,Ben_23196,Intern
23197,Chloe_23197,Intern
23198,Dylan_23198,Intern
23199,Ella_23199,Intern
23200,Finn_23200,Intern
23201,Alice_23201,Intern
23202,Bob_23202,Intern
23203,Carol_23203,Intern
23204,Dave_23204,Intern
23205,Eve_23205,Intern
23206,Frank_23206,Intern
23207,Grace_23207,Intern
23208,Hank_23208,Intern
23209,Iris_23209,Intern
23210,Jack_23210,Intern
23211,Karen_23211,Intern
23212,Leo_23212,Intern
23213,Maya_23213,Intern
23214,Nate_23214,Intern
23215,Olivia_23215,Intern
23216,Paul_23216,Intern
23217,Quinn_23217,Intern
23218,Rose_23218,Intern
23219,Sam_23219,Intern
23220,Tina_23220,Intern
23221,Uma_23221,Intern
23222,Victor_23222,Intern
23223,Wendy_23223,Intern
23224,Xander_23224,Intern
23225,Yara_23225,Intern
23226,Zack_23226,Intern
23227,Ava_23227,Intern
23228,Ben_23228,Intern
23229,Chloe_23229,Intern
23230,Dylan_23230,Intern
23231,Ella_23231,Intern
23232,Finn_23232,Intern
23233,Alice_23233,Intern
23234,Bob_23234,Intern
23235,Carol_23235,Intern
23236,Dave_23236,Intern
23237,Eve_23237,Intern
23238,Frank_23238,Intern
23239,Grace_23239,Intern
23240,Hank_23240,Intern
23241,Iris_23241,Intern
23242,Jack_23242,Intern
23243,Karen_23243,Intern
23244,Leo_23244,Intern
23245,Maya_23245,Intern
23246,Nate_23246,Intern
23247,Olivia_23247,Intern
23248,Paul_23248,Intern
23249,Quinn_23249,Intern
23250,Rose_23250,Intern
23251,Sam_23251,Intern
23252,Tina_23252,Intern
23253,Uma_23253,Intern
23254,Victor_23254,Intern
23255,Wendy_23255,Intern
23256,Xander_23256,Intern
23257,Yara_23257,Intern
23258,Zack_23258,Intern
23259,Ava_23259,Intern
23260,Ben_23260,Intern
23261,Chloe_23261,Intern
23262,Dylan_23262,Intern
23263,Ella_23263,Intern
23264,Finn_23264,Intern
23265,Alice_23265,Intern
23266,Bob_23266,Intern
23267,Carol_23267,Intern
23268,Dave_23268,Intern
23269,Eve_23269,Intern
23270,Frank_23270,Intern
23271,Grace_23271,Intern
23272,Hank_23272,Intern
23273,Iris_23273,Intern
23274,Jack_23274,Intern
23275,Karen_23275,Intern
23276,Leo_23276,Intern
23277,Maya_23277,Intern
23278,Nate_23278,Intern
23279,Olivia_23279,Intern
23280,Paul_23280,Intern
23281,Quinn_23281,Intern
23282,Rose_23282,Intern
23283,Sam_23283,Intern
23284,Tina_23284,Intern
23285,Uma_23285,Intern
23286,Victor_23286,Intern
23287,Wendy_23287,Intern
23288,Xander_23288,Intern
23289,Yara_23289,Intern
23290,Zack_23290,Intern
23291,Ava_23291,Intern
23292,Ben_23292,Intern
23293,Chloe_23293,Intern
23294,Dylan_23294,Intern
23295,Ella_23295,Intern
23296,Finn_23296,Intern
23297,Alice_23297,Intern
23298,Bob_23298,Intern
23299,Carol_23299,Intern
23300,Dave_23300,Intern
23301,Eve_23301,Intern
23302,Frank_23302,Intern
23303,Grace_23303,Intern
23304,Hank_23304,Intern
23305,Iris_23305,Intern
23306,Jack_23306,Intern
23307,Karen_23307,Intern
23308,Leo_23308,Intern
23309,Maya_23309,Intern
23310,Nate_23310,Intern
23311,Olivia_23311,Intern
23312,Paul_23312,Intern
23313,Quinn_23313,Intern
23314,Rose_23314,Intern
23315,Sam_23315,Intern
23316,Tina_23316,Intern
23317,Uma_23317,Intern
23318,Victor_23318,Intern
23319,Wendy_23319,Intern
23320,Xander_23320,Intern
23321,Yara_23321,Intern
23322,Zack_23322,Intern
23323,Ava_23323,Intern
23324,Ben_23324,Intern
23325,Chloe_23325,Intern
23326,Dylan_23326,Intern
23327,Ella_23327,Intern
23328,Finn_23328,Intern
23329,Alice_23329,Intern
23330,Bob_23330,Intern
23331,Carol_23331,Intern
23332,Dave_23332,Intern
23333,Eve_23333,Intern
23334,Frank_23334,Intern
23335,Grace_23335,Intern
23336,Hank_23336,Intern
23337,Iris_23337,Intern
23338,Jack_23338,Intern
23339,Karen_23339,Intern
23340,Leo_23340,Intern
23341,Maya_23341,Intern
23342,Nate_23342,Intern
23343,Olivia_23343,Intern
23344,Paul_23344,Intern
23345,Quinn_23345,Intern
23346,Rose_23346,Intern
23347,Sam_23347,Intern
23348,Tina_23348,Intern
23349,Uma_23349,Intern
23350,Victor_23350,Intern
23351,Wendy_23351,Intern
23352,Xander_23352,Intern
23353,Yara_23353,Intern
23354,Zack_23354,Intern
23355,Ava_23355,Intern
23356,Ben_23356,Intern
23357,Chloe_23357,Intern
23358,Dylan_23358,Intern
23359,Ella_23359,Intern
23360,Finn_23360,Intern
23361,Alice_23361,Intern
23362,Bob_23362,Intern
23363,Carol_23363,Intern
23364,Dave_23364,Intern
23365,Eve_23365,Intern
23366,Frank_23366,Intern
23367,Grace_23367,Intern
23368,Hank_23368,Intern
23369,Iris_23369,Intern
23370,Jack_23370,Intern
23371,Karen_23371,Intern
23372,Leo_23372,Intern
23373,Maya_23373,Intern
23374,Nate_23374,Intern
23375,Olivia_23375,Intern
23376,Paul_23376,Intern
23377,Quinn_23377,Intern
23378,Rose_23378,Intern
23379,Sam_23379,Intern
23380,Tina_23380,Intern
23381,Uma_23381,Intern
23382,Victor_23382,Intern
23383,Wendy_23383,Intern
23384,Xander_23384,Intern
23385,Yara_23385,Intern
23386,Zack_23386,Intern
23387,Ava_23387,Intern
23388,Ben_23388,Intern
23389,Chloe_23389,Intern
23390,Dylan_23390,Intern
23391,Ella_23391,Intern
23392,Finn_23392,Intern
23393,Alice_23393,Intern
23394,Bob_23394,Intern
23395,Carol_23395,Intern
23396,Dave_23396,Intern
23397,Eve_23397,Intern
23398,Frank_23398,Intern
23399,Grace_23399,Intern
23400,Hank_23400,Intern
23401,Iris_23401,Intern
23402,Jack_23402,Intern
23403,Karen_23403,Intern
23404,Leo_23404,Intern
23405,Maya_23405,Intern
23406,Nate_23406,Intern
23407,Olivia_23407,Intern
23408,Paul_23408,Intern
23409,Quinn_23409,Intern
23410,Rose_23410,Intern
23411,Sam_23411,Intern
23412,Tina_23412,Intern
23413,Uma_23413,Intern
23414,Victor_23414,Intern
23415,Wendy_23415,Intern
23416,Xander_23416,Intern
23417,Yara_23417,Intern
23418,Zack_23418,Intern
23419,Ava_23419,Intern
23420,Ben_23420,Intern
23421,Chloe_23421,Intern
23422,Dylan_23422,Intern
23423,Ella_23423,Intern
23424,Finn_23424,Intern
23425,Alice_23425,Intern
23426,Bob_23426,Intern
23427,Carol_23427,Intern
23428,Dave_23428,Intern
23429,Eve_23429,Intern
23430,Frank_23430,Intern
23431,Grace_23431,Intern
23432,Hank_23432,Intern
23433,Iris_23433,Intern
23434,Jack_23434,Intern
23435,Karen_23435,Intern
23436,Leo_23436,Intern
23437,Maya_23437,Intern
23438,Nate_23438,Intern
23439,Olivia_23439,Intern
23440,Paul_23440,Intern
23441,Quinn_23441,Intern
23442,Rose_23442,Intern
23443,Sam_23443,Intern
23444,Tina_23444,Intern
23445,Uma_23445,Intern
23446,Victor_23446,Intern
23447,Wendy_23447,Intern
23448,Xander_23448,Intern
23449,Yara_23449,Intern
23450,Zack_23450,Intern
23451,Ava_23451,Intern
23452,Ben_23452,Intern
23453,Chloe_23453,Intern
23454,Dylan_23454,Intern
23455,Ella_23455,Intern
23456,Finn_23456,Intern
23457,Alice_23457,Intern
23458,Bob_23458,Intern
23459,Carol_23459,Intern
23460,Dave_23460,Intern
23461,Eve_23461,Intern
23462,Frank_23462,Intern
23463,Grace_23463,Intern
23464,Hank_23464,Intern
23465,Iris_23465,Intern
23466,Jack_23466,Intern
23467,Karen_23467,Intern
23468,Leo_23468,Intern
23469,Maya_23469,Intern
23470,Nate_23470,Intern
23471,Olivia_23471,Intern
23472,Paul_23472,Intern
23473,Quinn_23473,Intern
23474,Rose_23474,Intern
23475,Sam_23475,Intern
23476,Tina_23476,Intern
23477,Uma_23477,Intern
23478,Victor_23478,Intern
23479,Wendy_23479,Intern
23480,Xander_23480,Intern
23481,Yara_23481,Intern
23482,Zack_23482,Intern
23483,Ava_23483,Intern
23484,Ben_23484,Intern
23485,Chloe_23485,Intern
23486,Dylan_23486,Intern
23487,Ella_23487,Intern
23488,Finn_23488,Intern
23489,Alice_23489,Intern
23490,Bob_23490,Intern
23491,Carol_23491,Intern
23492,Dave_23492,Intern
23493,Eve_23493,Intern
23494,Frank_23494,Intern
23495,Grace_23495,Intern
23496,Hank_23496,Intern
23497,Iris_23497,Intern
23498,Jack_23498,Intern
23499,Karen_23499,Intern
23500,Leo_23500,Intern
23501,Maya_23501,Intern
23502,Nate_23502,Intern
23503,Olivia_23503,Intern
23504,Paul_23504,Intern
23505,Quinn_23505,Intern
23506,Rose_23506,Intern
23507,Sam_23507,Intern
23508,Tina_23508,Intern
23509,Uma_23509,Intern
23510,Victor_23510,Intern
23511,Wendy_23511,Intern
23512,Xander_23512,Intern
23513,Yara_23513,Intern
23514,Zack_23514,Intern
23515,Ava_23515,Intern
23516,Ben_23516,Intern
23517,Chloe_23517,Intern
23518,Dylan_23518,Intern
23519,Ella_23519,Intern
23520,Finn_23520,Intern
23521,Alice_23521,Intern
23522,Bob_23522,Intern
23523,Carol_23523,Intern
23524,Dave_23524,Intern
23525,Eve_23525,Intern
23526,Frank_23526,Intern
23527,Grace_23527,Intern
23528,Hank_23528,Intern
23529,Iris_23529,Intern
23530,Jack_23530,Intern
23531,Karen_23531,Intern
23532,Leo_23532,Intern
23533,Maya_23533,Intern
23534,Nate_23534,Intern
23535,Olivia_23535,Intern
23536,Paul_23536,Intern
23537,Quinn_23537,Intern
23538,Rose_23538,Intern
23539,Sam_23539,Intern
23540,Tina_23540,Intern
23541,Uma_23541,Intern
23542,Victor_23542,Intern
23543,Wendy_23543,Intern
23544,Xander_23544,Intern
23545,Yara_23545,Intern
23546,Zack_23546,Intern
23547,Ava_23547,Intern
23548,Ben_23548,Intern
23549,Chloe_23549,Intern
23550,Dylan_23550,Intern
23551,Ella_23551,Intern
23552,Finn_23552,Intern
23553,Alice_23553,Intern
23554,Bob_23554,Intern
23555,Carol_23555,Intern
23556,Dave_23556,Intern
23557,Eve_23557,Intern
23558,Frank_23558,Intern
23559,Grace_23559,Intern
23560,Hank_23560,Intern
23561,Iris_23561,Intern
23562,Jack_23562,Intern
23563,Karen_23563,Intern
23564,Leo_23564,Intern
23565,Maya_23565,Intern
23566,Nate_23566,Intern
23567,Olivia_23567,Intern
23568,Paul_23568,Intern
23569,Quinn_23569,Intern
23570,Rose_23570,Intern
23571,Sam_23571,Intern
23572,Tina_23572,Intern
23573,Uma_23573,Intern
23574,Victor_23574,Intern
23575,Wendy_23575,Intern
23576,Xander_23576,Intern
23577,Yara_23577,Intern
23578,Zack_23578,Intern
23579,Ava_23579,Intern
23580,Ben_23580,Intern
23581,Chloe_23581,Intern
23582,Dylan_23582,Intern
23583,Ella_23583,Intern
23584,Finn_23584,Intern
23585,Alice_23585,Intern
23586,Bob_23586,Intern
23587,Carol_23587,Intern
23588,Dave_23588,Intern
23589,Eve_23589,Intern
23590,Frank_23590,Intern
23591,Grace_23591,Intern
23592,Hank_23592,Intern
23593,Iris_23593,Intern
23594,Jack_23594,Intern
23595,Karen_23595,Intern
23596,Leo_23596,Intern
23597,Maya_23597,Intern
23598,Nate_23598,Intern
23599,Olivia_23599,Intern
23600,Paul_23600,Intern
23601,Quinn_23601,Intern
23602,Rose_23602,Intern
23603,Sam_23603,Intern
23604,Tina_23604,Intern
23605,Uma_23605,Intern
23606,Victor_23606,Intern
23607,Wendy_23607,Intern
23608,Xander_23608,Intern
23609,Yara_23609,Intern
23610,Zack_23610,Intern
23611,Ava_23611,Intern
23612,Ben_23612,Intern
23613,Chloe_23613,Intern
23614,Dylan_23614,Intern
23615,Ella_23615,Intern
23616,Finn_23616,Intern
23617,Alice_23617,Intern
23618,Bob_23618,Intern
23619,Carol_23619,Intern
23620,Dave_23620,Intern
23621,Eve_23621,Intern
23622,Frank_23622,Intern
23623,Grace_23623,Intern
23624,Hank_23624,Intern
23625,Iris_23625,Intern
23626,Jack_23626,Intern
23627,Karen_23627,Intern
23628,Leo_23628,Intern
23629,Maya_23629,Intern
23630,Nate_23630,Intern
23631,Olivia_23631,Intern
23632,Paul_23632,Intern
23633,Quinn_23633,Intern
23634,Rose_23634,Intern
23635,Sam_23635,Intern
23636,Tina_23636,Intern
23637,Uma_23637,Intern
23638,Victor_23638,Intern
23639,Wendy_23639,Intern
23640,Xander_23640,Intern
23641,Yara_23641,Intern
23642,Zack_23642,Intern
23643,Ava_23643,Intern
23644,Ben_23644,Intern
23645,Chloe_23645,Intern
23646,Dylan_23646,Intern
23647,Ella_23647,Intern
23648,Finn_23648,Intern
23649,Alice_23649,Intern
23650,Bob_23650,Intern
23651,Carol_23651,Intern
23652,Dave_23652,Intern
23653,Eve_23653,Intern
23654,Frank_23654,Intern
23655,Grace_23655,Intern
23656,Hank_23656,Intern
23657,Iris_23657,Intern
23658,Jack_23658,Intern
23659,Karen_23659,Intern
23660,Leo_23660,Intern
23661,Maya_23661,Intern
23662,Nate_23662,Intern
23663,Olivia_23663,Intern
23664,Paul_23664,Intern
23665,Quinn_23665,Intern
23666,Rose_23666,Intern
23667,Sam_23667,Intern
23668,Tina_23668,Intern
23669,Uma_23669,Intern
23670,Victor_23670,Intern
23671,Wendy_23671,Intern
23672,Xander_23672,Intern
23673,Yara_23673,Intern
23674,Zack_23674,Intern
23675,Ava_23675,Intern
23676,Ben_23676,Intern
23677,Chloe_23677,Intern
23678,Dylan_23678,Intern
23679,Ella_23679,Intern
23680,Finn_23680,Intern
23681,Alice_23681,Intern
23682,Bob_23682,Intern
23683,Carol_23683,Intern
23684,Dave_23684,Intern
23685,Eve_23685,Intern
23686,Frank_23686,Intern
23687,Grace_23687,Intern
23688,Hank_23688,Intern
23689,Iris_23689,Intern
23690,Jack_23690,Intern
23691,Karen_23691,Intern
23692,Leo_23692,Intern
23693,Maya_23693,Intern
23694,Nate_23694,Intern
23695,Olivia_23695,Intern
23696,Paul_23696,Intern
23697,Quinn_23697,Intern
23698,Rose_23698,Intern
23699,Sam_23699,Intern
23700,Tina_23700,Intern
23701,Uma_23701,Intern
23702,Victor_23702,Intern
23703,Wendy_23703,Intern
23704,Xander_23704,Intern
23705,Yara_23705,Intern
23706,Zack_23706,Intern
23707,Ava_23707,Intern
23708,Ben_23708,Intern
23709,Chloe_23709,Intern
23710,Dylan_23710,Intern
23711,Ella_23711,Intern
23712,Finn_23712,Intern
23713,Alice_23713,Intern
23714,Bob_23714,Intern
23715,Carol_23715,Intern
23716,Dave_23716,Intern
23717,Eve_23717,Intern
23718,Frank_23718,Intern
23719,Grace_23719,Intern
23720,Hank_23720,Intern
23721,Iris_23721,Intern
23722,Jack_23722,Intern
23723,Karen_23723,Intern
23724,Leo_23724,Intern
23725,Maya_23725,Intern
23726,Nate_23726,Intern
23727,Olivia_23727,Intern
23728,Paul_23728,Intern
23729,Quinn_23729,Intern
23730,Rose_23730,Intern
23731,Sam_23731,Intern
23732,Tina_23732,Intern
23733,Uma_23733,Intern
23734,Victor_23734,Intern
23735,Wendy_23735,Intern
23736,Xander_23736,Intern
23737,Yara_23737,Intern
23738,Zack_23738,Intern
23739,Ava_23739,Intern
23740,Ben_23740,Intern
23741,Chloe_23741,Intern
23742,Dylan_23742,Intern
23743,Ella_23743,Intern
23744,Finn_23744,Intern
23745,Alice_23745,Intern
23746,Bob_23746,Intern
23747,Carol_23747,Intern
23748,Dave_23748,Intern
23749,Eve_23749,Intern
23750,Frank_23750,Intern
23751,Grace_23751,Intern
23752,Hank_23752,Intern
23753,Iris_23753,Intern
23754,Jack_23754,Intern
23755,Karen_23755,Intern
23756,Leo_23756,Intern
23757,Maya_23757,Intern
23758,Nate_23758,Intern
23759,Olivia_23759,Intern
23760,Paul_23760,Intern
23761,Quinn_23761,Intern
23762,Rose_23762,Intern
23763,Sam_23763,Intern
23764,Tina_23764,Intern
23765,Uma_23765,Intern
23766,Victor_23766,Intern
23767,Wendy_23767,Intern
23768,Xander_23768,Intern
23769,Yara_23769,Intern
23770,Zack_23770,Intern
23771,Ava_23771,Intern
23772,Ben_23772,Intern
23773,Chloe_23773,Intern
23774,Dylan_23774,Intern
23775,Ella_23775,Intern
23776,Finn_23776,Intern
23777,Alice_23777,Intern
23778,Bob_23778,Intern
23779,Carol_23779,Intern
23780,Dave_23780,Intern
23781,Eve_23781,Intern
23782,Frank_23782,Intern
23783,Grace_23783,Intern
23784,Hank_23784,Intern
23785,Iris_23785,Intern
23786,Jack_23786,Intern
23787,Karen_23787,Intern
23788,Leo_23788,Intern
23789,Maya_23789,Intern
23790,Nate_23790,Intern
23791,Olivia_23791,Intern
23792,Paul_23792,Intern
23793,Quinn_23793,Intern
23794,Rose_23794,Intern
23795,Sam_23795,Intern
23796,Tina_23796,Intern
23797,Uma_23797,Intern
23798,Victor_23798,Intern
23799,Wendy_23799,Intern
23800,Xander_23800,Intern
23801,Yara_23801,Intern
23802,Zack_23802,Intern
23803,Ava_23803,Intern
23804,Ben_23804,Intern
23805,Chloe_23805,Intern
23806,Dylan_23806,Intern
23807,Ella_23807,Intern
23808,Finn_23808,Intern
23809,Alice_23809,Intern
23810,Bob_23810,Intern
23811,Carol_23811,Intern
23812,Dave_23812,Intern
23813,Eve_23813,Intern
23814,Frank_23814,Intern
23815,Grace_23815,Intern
23816,Hank_23816,Intern
23817,Iris_23817,Intern
23818,Jack_23818,Intern
23819,Karen_23819,Intern
23820,Leo_23820,Intern
23821,Maya_23821,Intern
23822,Nate_23822,Intern
23823,Olivia_23823,Intern
23824,Paul_23824,Intern
23825,Quinn_23825,Intern
23826,Rose_23826,Intern
23827,Sam_23827,Intern
23828,Tina_23828,Intern
23829,Uma_23829,Intern
23830,Victor_23830,Intern
23831,Wendy_23831,Intern
23832,Xander_23832,Intern
23833,Yara_23833,Intern
23834,Zack_23834,Intern
23835,Ava_23835,Intern
23836,Ben_23836,Intern
23837,Chloe_23837,Intern
23838,Dylan_23838,Intern
23839,Ella_23839,Intern
23840,Finn_23840,Intern
23841,Alice_23841,Intern
23842,Bob_23842,Intern
23843,Carol_23843,Intern
23844,Dave_23844,Intern
23845,Eve_23845,Intern
23846,Frank_23846,Intern
23847,Grace_23847,Intern
23848,Hank_23848,Intern
23849,Iris_23849,Intern
23850,Jack_23850,Intern
23851,Karen_23851,Intern
23852,Leo_23852,Intern
23853,Maya_23853,Intern
23854,Nate_23854,Intern
23855,Olivia_23855,Intern
23856,Paul_23856,Intern
23857,Quinn_23857,Intern
23858,Rose_23858,Intern
23859,Sam_23859,Intern
23860,Tina_23860,Intern
23861,Uma_23861,Intern
23862,Victor_23862,Intern
23863,Wendy_23863,Intern
23864,Xander_23864,Intern
23865,Yara_23865,Intern
23866,Zack_23866,Intern
23867,Ava_23867,Intern
23868,Ben_23868,Intern
23869,Chloe_23869,Intern
23870,Dylan_23870,Intern
23871,Ella_23871,Intern
23872,Finn_23872,Intern
23873,Alice_23873,Intern
23874,Bob_23874,Intern
23875,Carol_23875,Intern
23876,Dave_23876,Intern
23877,Eve_23877,Intern
23878,Frank_23878,Intern
23879,Grace_23879,Intern
23880,Hank_23880,Intern
23881,Iris_23881,Intern
23882,Jack_23882,Intern
23883,Karen_23883,Intern
23884,Leo_23884,Intern
23885,Maya_23885,Intern
23886,Nate_23886,Intern
23887,Olivia_23887,Intern
23888,Paul_23888,Intern
23889,Quinn_23889,Intern
23890,Rose_23890,Intern
23891,Sam_23891,Intern
23892,Tina_23892,Intern
23893,Uma_23893,Intern
23894,Victor_23894,Intern
23895,Wendy_23895,Intern
23896,Xander_23896,Intern
23897,Yara_23897,Intern
23898,Zack_23898,Intern
23899,Ava_23899,Intern
23900,Ben_23900,Intern
23901,Chloe_23901,Intern
23902,Dylan_23902,Intern
23903,Ella_23903,Intern
23904,Finn_23904,Intern
23905,Alice_23905,Intern
23906,Bob_23906,Intern
23907,Carol_23907,Intern
23908,Dave_23908,Intern
23909,Eve_23909,Intern
23910,Frank_23910,Intern
23911,Grace_23911,Intern
23912,Hank_23912,Intern
23913,Iris_23913,Intern
23914,Jack_23914,Intern
23915,Karen_23915,Intern
23916,Leo_23916,Intern
23917,Maya_23917,Intern
23918,Nate_23918,Intern
23919,Olivia_23919,Intern
23920,Paul_23920,Intern
23921,Quinn_23921,Intern
23922,Rose_23922,Intern
23923,Sam_23923,Intern
23924,Tina_23924,Intern
23925,Uma_23925,Intern
23926,Victor_23926,Intern
23927,Wendy_23927,Intern
23928,Xander_23928,Intern
23929,Yara_23929,Intern
23930,Zack_23930,Intern
23931,Ava_23931,Intern
23932,Ben_23932,Intern
23933,Chloe_23933,Intern
23934,Dylan_23934,Intern
23935,Ella_23935,Intern
23936,Finn_23936,Intern
23937,Alice_23937,Intern
23938,Bob_23938,Intern
23939,Carol_23939,Intern
23940,Dave_23940,Intern
23941,Eve_23941,Intern
23942,Frank_23942,Intern
23943,Grace_23943,Intern
23944,Hank_23944,Intern
23945,Iris_23945,Intern
23946,Jack_23946,Intern
23947,Karen_23947,Intern
23948,Leo_23948,Intern
23949,Maya_23949,Intern
23950,Nate_23950,Intern
23951,Olivia_23951,Intern
23952,Paul_23952,Intern
23953,Quinn_23953,Intern
23954,Rose_23954,Intern
23955,Sam_23955,Intern
23956,Tina_23956,Intern
23957,Uma_23957,Intern
23958,Victor_23958,Intern
23959,Wendy_23959,Intern
23960,Xander_23960,Intern
23961,Yara_23961,Intern
23962,Zack_23962,Intern
23963,Ava_23963,Intern
23964,Ben_23964,Intern
23965,Chloe_23965,Intern
23966,Dylan_23966,Intern
23967,Ella_23967,Intern
23968,Finn_23968,Intern
23969,Alice_23969,Intern
23970,Bob_23970,Intern
23971,Carol_23971,Intern
23972,Dave_23972,Intern
23973,Eve_23973,Intern
23974,Frank_23974,Intern
23975,Grace_23975,Intern
23976,Hank_23976,Intern
23977,Iris_23977,Intern
23978,Jack_23978,Intern
23979,Karen_23979,Intern
23980,Leo_23980,Intern
23981,Maya_23981,Intern
23982,Nate_23982,Intern
23983,Olivia_23983,Intern
23984,Paul_23984,Intern
23985,Quinn_23985,Intern
23986,Rose_23986,Intern
23987,Sam_23987,Intern
23988,Tina_23988,Intern
23989,Uma_23989,Intern
23990,Victor_23990,Intern
23991,Wendy_23991,Intern
23992,Xander_23992,Intern
23993,Yara_23993,Intern
23994,Zack_23994,Intern
23995,Ava_23995,Intern
23996,Ben_23996,Intern
23997,Chloe_23997,Intern
23998,Dylan_23998,Intern
23999,Ella_23999,Intern
24000,Finn_24000,Intern
24001,Alice_24001,Intern
24002,Bob_24002,Intern
24003,Carol_24003,Intern
24004,Dave_24004,Intern
24005,Eve_24005,Intern
24006,Frank_24006,Intern
24007,Grace_24007,Intern
24008,Hank_24008,Intern
24009,Iris_24009,Intern
24010,Jack_24010,Intern
24011,Karen_24011,Intern
24012,Leo_24012,Intern
24013,Maya_24013,Intern
24014,Nate_24014,Intern
24015,Olivia_24015,Intern
24016,Paul_24016,Intern
24017,Quinn_24017,Intern
24018,Rose_24018,Intern
24019,Sam_24019,Intern
24020,Tina_24020,Intern
24021,Uma_24021,Intern
24022,Victor_24022,Intern
24023,Wendy_24023,Intern
24024,Xander_24024,Intern
24025,Yara_24025,Intern
24026,Zack_24026,Intern
24027,Ava_24027,Intern
24028,Ben_24028,Intern
24029,Chloe_24029,Intern
24030,Dylan_24030,Intern
24031,Ella_24031,Intern
24032,Finn_24032,Intern
24033,Alice_24033,Intern
24034,Bob_24034,Intern
24035,Carol_24035,Intern
24036,Dave_24036,Intern
24037,Eve_24037,Intern
24038,Frank_24038,Intern
24039,Grace_24039,Intern
24040,Hank_24040,Intern
24041,Iris_24041,Intern
24042,Jack_24042,Intern
24043,Karen_24043,Intern
24044,Leo_24044,Intern
24045,Maya_24045,Intern
24046,Nate_24046,Intern
24047,Olivia_24047,Intern
24048,Paul_24048,Intern
24049,Quinn_24049,Intern
24050,Rose_24050,Intern
24051,Sam_24051,Intern
24052,Tina_24052,Intern
24053,Uma_24053,Intern
24054,Victor_24054,Intern
24055,Wendy_24055,Intern
24056,Xander_24056,Intern
24057,Yara_24057,Intern
24058,Zack_24058,Intern
24059,Ava_24059,Intern
24060,Ben_24060,Intern
24061,Chloe_24061,Intern
24062,Dylan_24062,Intern
24063,Ella_24063,Intern
24064,Finn_24064,Intern
24065,Alice_24065,Intern
24066,Bob_24066,Intern
24067,Carol_24067,Intern
24068,Dave_24068,Intern
24069,Eve_24069,Intern
24070,Frank_24070,Intern
24071,Grace_24071,Intern
24072,Hank_24072,Intern
24073,Iris_24073,Intern
24074,Jack_24074,Intern
24075,Karen_24075,Intern
24076,Leo_24076,Intern
24077,Maya_24077,Intern
24078,Nate_24078,Intern
24079,Olivia_24079,Intern
24080,Paul_24080,Intern
24081,Quinn_24081,Intern
24082,Rose_24082,Intern
24083,Sam_24083,Intern
24084,Tina_24084,Intern
24085,Uma_24085,Intern
24086,Victor_24086,Intern
24087,Wendy_24087,Intern
24088,Xander_24088,Intern
24089,Yara_24089,Intern
24090,Zack_24090,Intern
24091,Ava_24091,Intern
24092,Ben_24092,Intern
24093,Chloe_24093,Intern
24094,Dylan_24094,Intern
24095,Ella_24095,Intern
24096,Finn_24096,Intern
24097,Alice_24097,Intern
24098,Bob_24098,Intern
24099,Carol_24099,Intern
24100,Dave_24100,Intern
24101,Eve_24101,Intern
24102,Frank_24102,Intern
24103,Grace_24103,Intern
24104,Hank_24104,Intern
24105,Iris_24105,Intern
24106,Jack_24106,Intern
24107,Karen_24107,Intern
24108,Leo_24108,Intern
24109,Maya_24109,Intern
24110,Nate_24110,Intern
24111,Olivia_24111,Intern
24112,Paul_24112,Intern
24113,Quinn_24113,Intern
24114,Rose_24114,Intern
24115,Sam_24115,Intern
24116,Tina_24116,Intern
24117,Uma_24117,Intern
24118,Victor_24118,Intern
24119,Wendy_24119,Intern
24120,Xander_24120,Intern
24121,Yara_24121,Intern
24122,Zack_24122,Intern
24123,Ava_24123,Intern
24124,Ben_24124,Intern
24125,Chloe_24125,Intern
24126,Dylan_24126,Intern
24127,Ella_24127,Intern
24128,Finn_24128,Intern
24129,Alice_24129,Intern
24130,Bob_24130,Intern
24131,Carol_24131,Intern
24132,Dave_24132,Intern
24133,Eve_24133,Intern
24134,Frank_24134,Intern
24135,Grace_24135,Intern
24136,Hank_24136,Intern
24137,Iris_24137,Intern
24138,Jack_24138,Intern
24139,Karen_24139,Intern
24140,Leo_24140,Intern
24141,Maya_24141,Intern
24142,Nate_24142,Intern
24143,Olivia_24143,Intern
24144,Paul_24144,Intern
24145,Quinn_24145,Intern
24146,Rose_24146,Intern
24147,Sam_24147,Intern
24148,Tina_24148,Intern
24149,Uma_24149,Intern
24150,Victor_24150,Intern
24151,Wendy_24151,Intern
24152,Xander_24152,Intern
24153,Yara_24153,Intern
24154,Zack_24154,Intern
24155,Ava_24155,Intern
24156,Ben_24156,Intern
24157,Chloe_24157,Intern
24158,Dylan_24158,Intern
24159,Ella_24159,Intern
24160,Finn_24160,Intern
24161,Alice_24161,Intern
24162,Bob_24162,Intern
24163,Carol_24163,Intern
24164,Dave_24164,Intern
24165,Eve_24165,Intern
24166,Frank_24166,Intern
24167,Grace_24167,Intern
24168,Hank_24168,Intern
24169,Iris_24169,Intern
24170,Jack_24170,Intern
24171,Karen_24171,Intern
24172,Leo_24172,Intern
24173,Maya_24173,Intern
24174,Nate_24174,Intern
24175,Olivia_24175,Intern
24176,Paul_24176,Intern
24177,Quinn_24177,Intern
24178,Rose_24178,Intern
24179,Sam_24179,Intern
24180,Tina_24180,Intern
24181,Uma_24181,Intern
24182,Victor_24182,Intern
24183,Wendy_24183,Intern
24184,Xander_24184,Intern
24185,Yara_24185,Intern
24186,Zack_24186,Intern
24187,Ava_24187,Intern
24188,Ben_24188,Intern
24189,Chloe_24189,Intern
24190,Dylan_24190,Intern
24191,Ella_24191,Intern
24192,Finn_24192,Intern
24193,Alice_24193,Intern
24194,Bob_24194,Intern
24195,Carol_24195,Intern
24196,Dave_24196,Intern
24197,Eve_24197,Intern
24198,Frank_24198,Intern
24199,Grace_24199,Intern
24200,Hank_24200,Intern
24201,Iris_24201,Intern
24202,Jack_24202,Intern
24203,Karen_24203,Intern
24204,Leo_24204,Intern
24205,Maya_24205,Intern
24206,Nate_24206,Intern
24207,Olivia_24207,Intern
24208,Paul_24208,Intern
24209,Quinn_24209,Intern
24210,Rose_24210,Intern
24211,Sam_24211,Intern
24212,Tina_24212,Intern
24213,Uma_24213,Intern
24214,Victor_24214,Intern
24215,Wendy_24215,Intern
24216,Xander_24216,Intern
24217,Yara_24217,Intern
24218,Zack_24218,Intern
24219,Ava_24219,Intern
24220,Ben_24220,Intern
24221,Chloe_24221,Intern
24222,Dylan_24222,Intern
24223,Ella_24223,Intern
24224,Finn_24224,Intern
24225,Alice_24225,Intern
24226,Bob_24226,Intern
24227,Carol_24227,Intern
24228,Dave_24228,Intern
24229,Eve_24229,Intern
24230,Frank_24230,Intern
24231,Grace_24231,Intern
24232,Hank_24232,Intern
24233,Iris_24233,Intern
24234,Jack_24234,Intern
24235,Karen_24235,Intern
24236,Leo_24236,Intern
24237,Maya_24237,Intern
24238,Nate_24238,Intern
24239,Olivia_24239,Intern
24240,Paul_24240,Intern
24241,Quinn_24241,Intern
24242,Rose_24242,Intern
24243,Sam_24243,Intern
24244,Tina_24244,Intern
24245,Uma_24245,Intern
24246,Victor_24246,Intern
24247,Wendy_24247,Intern
24248,Xander_24248,Intern
24249,Yara_24249,Intern
24250,Zack_24250,Intern
24251,Ava_24251,Intern
24252,Ben_24252,Intern
24253,Chloe_24253,Intern
24254,Dylan_24254,Intern
24255,Ella_24255,Intern
24256,Finn_24256,Intern
24257,Alice_24257,Intern
24258,Bob_24258,Intern
24259,Carol_24259,Intern
24260,Dave_24260,Intern
24261,Eve_24261,Intern
24262,Frank_24262,Intern
24263,Grace_24263,Intern
24264,Hank_24264,Intern
24265,Iris_24265,Intern
24266,Jack_24266,Intern
24267,Karen_24267,Intern
24268,Leo_24268,Intern
24269,Maya_24269,Intern
24270,Nate_24270,Intern
24271,Olivia_24271,Intern
24272,Paul_24272,Intern
24273,Quinn_24273,Intern
24274,Rose_24274,Intern
24275,Sam_24275,Intern
24276,Tina_24276,Intern
24277,Uma_24277,Intern
24278,Victor_24278,Intern
24279,Wendy_24279,Intern
24280,Xander_24280,Intern
24281,Yara_24281,Intern
24282,Zack_24282,Intern
24283,Ava_24283,Intern
24284,Ben_24284,Intern
24285,Chloe_24285,Intern
24286,Dylan_24286,Intern
24287,Ella_24287,Intern
24288,Finn_24288,Intern
24289,Alice_24289,Intern
24290,Bob_24290,Intern
24291,Carol_24291,Intern
24292,Dave_24292,Intern
24293,Eve_24293,Intern
24294,Frank_24294,Intern
24295,Grace_24295,Intern
24296,Hank_24296,Intern
24297,Iris_24297,Intern
24298,Jack_24298,Intern
24299,Karen_24299,Intern
24300,Leo_24300,Intern
24301,Maya_24301,Intern
24302,Nate_24302,Intern
24303,Olivia_24303,Intern
24304,Paul_24304,Intern
24305,Quinn_24305,Intern
24306,Rose_24306,Intern
24307,Sam_24307,Intern
24308,Tina_24308,Intern
24309,Uma_24309,Intern
24310,Victor_24310,Intern
24311,Wendy_24311,Intern
24312,Xander_24312,Intern
24313,Yara_24313,Intern
24314,Zack_24314,Intern
24315,Ava_24315,Intern
24316,Ben_24316,Intern
24317,Chloe_24317,Intern
24318,Dylan_24318,Intern
24319,Ella_24319,Intern
24320,Finn_24320,Intern
24321,Alice_24321,Intern
24322,Bob_24322,Intern
24323,Carol_24323,Intern
24324,Dave_24324,Intern
24325,Eve_24325,Intern
24326,Frank_24326,Intern
24327,Grace_24327,Intern
24328,Hank_24328,Intern
24329,Iris_24329,Intern
24330,Jack_24330,Intern
24331,Karen_24331,Intern
24332,Leo_24332,Intern
24333,Maya_24333,Intern
24334,Nate_24334,Intern
24335,Olivia_24335,Intern
24336,Paul_24336,Intern
24337,Quinn_24337,Intern
24338,Rose_24338,Intern
24339,Sam_24339,Intern
24340,Tina_24340,Intern
24341,Uma_24341,Intern
24342,Victor_24342,Intern
24343,Wendy_24343,Intern
24344,Xander_24344,Intern
24345,Yara_24345,Intern
24346,Zack_24346,Intern
24347,Ava_24347,Intern
24348,Ben_24348,Intern
24349,Chloe_24349,Intern
24350,Dylan_24350,Intern
24351,Ella_24351,Intern
24352,Finn_24352,Intern
24353,Alice_24353,Intern
24354,Bob_24354,Intern
24355,Carol_24355,Intern
24356,Dave_24356,Intern
24357,Eve_24357,Intern
24358,Frank_24358,Intern
24359,Grace_24359,Intern
24360,Hank_24360,Intern
24361,Iris_24361,Intern
24362,Jack_24362,Intern
24363,Karen_24363,Intern
24364,Leo_24364,Intern
24365,Maya_24365,Intern
24366,Nate_24366,Intern
24367,Olivia_24367,Intern
24368,Paul_24368,Intern
24369,Quinn_24369,Intern
24370,Rose_24370,Intern
24371,Sam_24371,Intern
24372,Tina_24372,Intern
24373,Uma_24373,Intern
24374,Victor_24374,Intern
24375,Wendy_24375,Intern
24376,Xander_24376,Intern
24377,Yara_24377,Intern
24378,Zack_24378,Intern
24379,Ava_24379,Intern
24380,Ben_24380,Intern
24381,Chloe_24381,Intern
24382,Dylan_24382,Intern
24383,Ella_24383,Intern
24384,Finn_24384,Intern
24385,Alice_24385,Intern
24386,Bob_24386,Intern
24387,Carol_24387,Intern
24388,Dave_24388,Intern
24389,Eve_24389,Intern
24390,Frank_24390,Intern
24391,Grace_24391,Intern
24392,Hank_24392,Intern
24393,Iris_24393,Intern
24394,Jack_24394,Intern
24395,Karen_24395,Intern
24396,Leo_24396,Intern
24397,Maya_24397,Intern
24398,Nate_24398,Intern
24399,Olivia_24399,Intern
24400,Paul_24400,Intern
24401,Quinn_24401,Intern
24402,Rose_24402,Intern
24403,Sam_24403,Intern
24404,Tina_24404,Intern
24405,Uma_24405,Intern
24406,Victor_24406,Intern
24407,Wendy_24407,Intern
24408,Xander_24408,Intern
24409,Yara_24409,Intern
24410,Zack_24410,Intern
24411,Ava_24411,Intern
24412,Ben_24412,Intern
24413,Chloe_24413,Intern
24414,Dylan_24414,Intern
24415,Ella_24415,Intern
24416,Finn_24416,Intern
24417,Alice_24417,Intern
24418,Bob_24418,Intern
24419,Carol_24419,Intern
24420,Dave_24420,Intern
24421,Eve_24421,Intern
24422,Frank_24422,Intern
24423,Grace_24423,Intern
24424,Hank_24424,Intern
24425,Iris_24425,Intern
24426,Jack_24426,Intern
24427,Karen_24427,Intern
24428,Leo_24428,Intern
24429,Maya_24429,Intern
24430,Nate_24430,Intern
24431,Olivia_24431,Intern
24432,Paul_24432,Intern
24433,Quinn_24433,Intern
24434,Rose_24434,Intern
24435,Sam_24435,Intern
24436,Tina_24436,Intern
24437,Uma_24437,Intern
24438,Victor_24438,Intern
24439,Wendy_24439,Intern
24440,Xander_24440,Intern
24441,Yara_24441,Intern
24442,Zack_24442,Intern
24443,Ava_24443,Intern
24444,Ben_24444,Intern
24445,Chloe_24445,Intern
24446,Dylan_24446,Intern
24447,Ella_24447,Intern
24448,Finn_24448,Intern
24449,Alice_24449,Intern
24450,Bob_24450,Intern
24451,Carol_24451,Intern
24452,Dave_24452,Intern
24453,Eve_24453,Intern
24454,Frank_24454,Intern
24455,Grace_24455,Intern
24456,Hank_24456,Intern
24457,Iris_24457,Intern
24458,Jack_24458,Intern
24459,Karen_24459,Intern
24460,Leo_24460,Intern
24461,Maya_24461,Intern
24462,Nate_24462,Intern
24463,Olivia_24463,Intern
24464,Paul_24464,Intern
24465,Quinn_24465,Intern
24466,Rose_24466,Intern
24467,Sam_24467,Intern
24468,Tina_24468,Intern
24469,Uma_24469,Intern
24470,Victor_24470,Intern
24471,Wendy_24471,Intern
24472,Xander_24472,Intern
24473,Yara_24473,Intern
24474,Zack_24474,Intern
24475,Ava_24475,Intern
24476,Ben_24476,Intern
24477,Chloe_24477,Intern
24478,Dylan_24478,Intern
24479,Ella_24479,Intern
24480,Finn_24480,Intern
24481,Alice_24481,Intern
24482,Bob_24482,Intern
24483,Carol_24483,Intern
24484,Dave_24484,Intern
24485,Eve_24485,Intern
24486,Frank_24486,Intern
24487,Grace_24487,Intern
24488,Hank_24488,Intern
24489,Iris_24489,Intern
24490,Jack_24490,Intern
24491,Karen_24491,Intern
24492,Leo_24492,Intern
24493,Maya_24493,Intern
24494,Nate_24494,Intern
24495,Olivia_24495,Intern
24496,Paul_24496,Intern
24497,Quinn_24497,Intern
24498,Rose_24498,Intern
24499,Sam_24499,Intern
24500,Tina_24500,Intern
24501,Uma_24501,Intern
24502,Victor_24502,Intern
24503,Wendy_24503,Intern
24504,Xander_24504,Intern
24505,Yara_24505,Intern
24506,Zack_24506,Intern
24507,Ava_24507,Intern
24508,Ben_24508,Intern
24509,Chloe_24509,Intern
24510,Dylan_24510,Intern
24511,Ella_24511,Intern
24512,Finn_24512,Intern
24513,Alice_24513,Intern
24514,Bob_24514,Intern
24515,Carol_24515,Intern
24516,Dave_24516,Intern
24517,Eve_24517,Intern
24518,Frank_24518,Intern
24519,Grace_24519,Intern
24520,Hank_24520,Intern
24521,Iris_24521,Intern
24522,Jack_24522,Intern
24523,Karen_24523,Intern
24524,Leo_24524,Intern
24525,Maya_24525,Intern
24526,Nate_24526,Intern
24527,Olivia_24527,Intern
24528,Paul_24528,Intern
24529,Quinn_24529,Intern
24530,Rose_24530,Intern
24531,Sam_24531,Intern
24532,Tina_24532,Intern
24533,Uma_24533,Intern
24534,Victor_24534,Intern
24535,Wendy_24535,Intern
24536,Xander_24536,Intern
24537,Yara_24537,Intern
24538,Zack_24538,Intern
24539,Ava_24539,Intern
24540,Ben_24540,Intern
24541,Chloe_24541,Intern
24542,Dylan_24542,Intern
24543,Ella_24543,Intern
24544,Finn_24544,Intern
24545,Alice_24545,Intern
24546,Bob_24546,Intern
24547,Carol_24547,Intern
24548,Dave_24548,Intern
24549,Eve_24549,Intern
24550,Frank_24550,Intern
24551,Grace_24551,Intern
24552,Hank_24552,Intern
24553,Iris_24553,Intern
24554,Jack_24554,Intern
24555,Karen_24555,Intern
24556,Leo_24556,Intern
24557,Maya_24557,Intern
24558,Nate_24558,Intern
24559,Olivia_24559,Intern
24560,Paul_24560,Intern
24561,Quinn_24561,Intern
24562,Rose_24562,Intern
24563,Sam_24563,Intern
24564,Tina_24564,Intern
24565,Uma_24565,Intern
24566,Victor_24566,Intern
24567,Wendy_24567,Intern
24568,Xander_24568,Intern
24569,Yara_24569,Intern
24570,Zack_24570,Intern
24571,Ava_24571,Intern
24572,Ben_24572,Intern
24573,Chloe_24573,Intern
24574,Dylan_24574,Intern
24575,Ella_24575,Intern
24576,Finn_24576,Intern
24577,Alice_24577,Intern
24578,Bob_24578,Intern
24579,Carol_24579,Intern
24580,Dave_24580,Intern
24581,Eve_24581,Intern
24582,Frank_24582,Intern
24583,Grace_24583,Intern
24584,Hank_24584,Intern
24585,Iris_24585,Intern
24586,Jack_24586,Intern
24587,Karen_24587,Intern
24588,Leo_24588,Intern
24589,Maya_24589,Intern
24590,Nate_24590,Intern
24591,Olivia_24591,Intern
24592,Paul_24592,Intern
24593,Quinn_24593,Intern
24594,Rose_24594,Intern
24595,Sam_24595,Intern
24596,Tina_24596,Intern
24597,Uma_24597,Intern
24598,Victor_24598,Intern
24599,Wendy_24599,Intern
24600,Xander_24600,Intern
24601,Yara_24601,Intern
24602,Zack_24602,Intern
24603,Ava_24603,Intern
24604,Ben_24604,Intern
24605,Chloe_24605,Intern
24606,Dylan_24606,Intern
24607,Ella_24607,Intern
24608,Finn_24608,Intern
24609,Alice_24609,Intern
24610,Bob_24610,Intern
24611,Carol_24611,Intern
24612,Dave_24612,Intern
24613,Eve_24613,Intern
24614,Frank_24614,Intern
24615,Grace_24615,Intern
24616,Hank_24616,Intern
24617,Iris_24617,Intern
24618,Jack_24618,Intern
24619,Karen_24619,Intern
24620,Leo_24620,Intern
24621,Maya_24621,Intern
24622,Nate_24622,Intern
24623,Olivia_24623,Intern
24624,Paul_24624,Intern
24625,Quinn_24625,Intern
24626,Rose_24626,Intern
24627,Sam_24627,Intern
24628,Tina_24628,Intern
24629,Uma_24629,Intern
24630,Victor_24630,Intern
24631,Wendy_24631,Intern
24632,Xander_24632,Intern
24633,Yara_24633,Intern
24634,Zack_24634,Intern
24635,Ava_24635,Intern
24636,Ben_24636,Intern
24637,Chloe_24637,Intern
24638,Dylan_24638,Intern
24639,Ella_24639,Intern
24640,Finn_24640,Intern
24641,Alice_24641,Intern
24642,Bob_24642,Intern
24643,Carol_24643,Intern
24644,Dave_24644,Intern
24645,Eve_24645,Intern
24646,Frank_24646,Intern
24647,Grace_24647,Intern
24648,Hank_24648,Intern
24649,Iris_24649,Intern
24650,Jack_24650,Intern
24651,Karen_24651,Intern
24652,Leo_24652,Intern
24653,Maya_24653,Intern
24654,Nate_24654,Intern
24655,Olivia_24655,Intern
24656,Paul_24656,Intern
24657,Quinn_24657,Intern
24658,Rose_24658,Intern
24659,Sam_24659,Intern
24660,Tina_24660,Intern
24661,Uma_24661,Intern
24662,Victor_24662,Intern
24663,Wendy_24663,Intern
24664,Xander_24664,Intern
24665,Yara_24665,Intern
24666,Zack_24666,Intern
24667,Ava_24667,Intern
24668,Ben_24668,Intern
24669,Chloe_24669,Intern
24670,Dylan_24670,Intern
24671,Ella_24671,Intern
24672,Finn_24672,Intern
24673,Alice_24673,Intern
24674,Bob_24674,Intern
24675,Carol_24675,Intern
24676,Dave_24676,Intern
24677,Eve_24677,Intern
24678,Frank_24678,Intern
24679,Grace_24679,Intern
24680,Hank_24680,Intern
24681,Iris_24681,Intern
24682,Jack_24682,Intern
24683,Karen_24683,Intern
24684,Leo_24684,Intern
24685,Maya_24685,Intern
24686,Nate_24686,Intern
24687,Olivia_24687,Intern
24688,Paul_24688,Intern
24689,Quinn_24689,Intern
24690,Rose_24690,Intern
24691,Sam_24691,Intern
24692,Tina_24692,Intern
24693,Uma_24693,Intern
24694,Victor_24694,Intern
24695,Wendy_24695,Intern
24696,Xander_24696,Intern
24697,Yara_24697,Intern
24698,Zack_24698,Intern
24699,Ava_24699,Intern
24700,Ben_24700,Intern
24701,Chloe_24701,Intern
24702,Dylan_24702,Intern
24703,Ella_24703,Intern
24704,Finn_24704,Intern
24705,Alice_24705,Intern
24706,Bob_24706,Intern
24707,Carol_24707,Intern
24708,Dave_24708,Intern
24709,Eve_24709,Intern
24710,Frank_24710,Intern
24711,Grace_24711,Intern
24712,Hank_24712,Intern
24713,Iris_24713,Intern
24714,Jack_24714,Intern
24715,Karen_24715,Intern
24716,Leo_24716,Intern
24717,Maya_24717,Intern
24718,Nate_24718,Intern
24719,Olivia_24719,Intern
24720,Paul_24720,Intern
24721,Quinn_24721,Intern
24722,Rose_24722,Intern
24723,Sam_24723,Intern
24724,Tina_24724,Intern
24725,Uma_24725,Intern
24726,Victor_24726,Intern
24727,Wendy_24727,Intern
24728,Xander_24728,Intern
24729,Yara_24729,Intern
24730,Zack_24730,Intern
24731,Ava_24731,Intern
24732,Ben_24732,Intern
24733,Chloe_24733,Intern
24734,Dylan_24734,Intern
24735,Ella_24735,Intern
24736,Finn_24736,Intern
24737,Alice_24737,Intern
24738,Bob_24738,Intern
24739,Carol_24739,Intern
24740,Dave_24740,Intern
24741,Eve_24741,Intern
24742,Frank_24742,Intern
24743,Grace_24743,Intern
24744,Hank_24744,Intern
24745,Iris_24745,Intern
24746,Jack_24746,Intern
24747,Karen_24747,Intern
24748,Leo_24748,Intern
24749,Maya_24749,Intern
24750,Nate_24750,Intern
24751,Olivia_24751,Intern
24752,Paul_24752,Intern
24753,Quinn_24753,Intern
24754,Rose_24754,Intern
24755,Sam_24755,Intern
24756,Tina_24756,Intern
24757,Uma_24757,Intern
24758,Victor_24758,Intern
24759,Wendy_24759,Intern
24760,Xander_24760,Intern
24761,Yara_24761,Intern
24762,Zack_24762,Intern
24763,Ava_24763,Intern
24764,Ben_24764,Intern
24765,Chloe_24765,Intern
24766,Dylan_24766,Intern
24767,Ella_24767,Intern
24768,Finn_24768,Intern
24769,Alice_24769,Intern
24770,Bob_24770,Intern
24771,Carol_24771,Intern
24772,Dave_24772,Intern
24773,Eve_24773,Intern
24774,Frank_24774,Intern
24775,Grace_24775,Intern
24776,Hank_24776,Intern
24777,Iris_24777,Intern
24778,Jack_24778,Intern
24779,Karen_24779,Intern
24780,Leo_24780,Intern
24781,Maya_24781,Intern
24782,Nate_24782,Intern
24783,Olivia_24783,Intern
24784,Paul_24784,Intern
24785,Quinn_24785,Intern
24786,Rose_24786,Intern
24787,Sam_24787,Intern
24788,Tina_24788,Intern
24789,Uma_24789,Intern
24790,Victor_24790,Intern
24791,Wendy_24791,Intern
24792,Xander_24792,Intern
24793,Yara_24793,Intern
24794,Zack_24794,Intern
24795,Ava_24795,Intern
24796,Ben_24796,Intern
24797,Chloe_24797,Intern
24798,Dylan_24798,Intern
24799,Ella_24799,Intern
24800,Finn_24800,Intern
24801,Alice_24801,Intern
24802,Bob_24802,Intern
24803,Carol_24803,Intern
24804,Dave_24804,Intern
24805,Eve_24805,Intern
24806,Frank_24806,Intern
24807,Grace_24807,Intern
24808,Hank_24808,Intern
24809,Iris_24809,Intern
24810,Jack_24810,Intern
24811,Karen_24811,Intern
24812,Leo_24812,Intern
24813,Maya_24813,Intern
24814,Nate_24814,Intern
24815,Olivia_24815,Intern
24816,Paul_24816,Intern
24817,Quinn_24817,Intern
24818,Rose_24818,Intern
24819,Sam_24819,Intern
24820,Tina_24820,Intern
24821,Uma_24821,Intern
24822,Victor_24822,Intern
24823,Wendy_24823,Intern
24824,Xander_24824,Intern
24825,Yara_24825,Intern
24826,Zack_24826,Intern
24827,Ava_24827,Intern
24828,Ben_24828,Intern
24829,Chloe_24829,Intern
24830,Dylan_24830,Intern
24831,Ella_24831,Intern
24832,Finn_24832,Intern
24833,Alice_24833,Intern
24834,Bob_24834,Intern
24835,Carol_24835,Intern
24836,Dave_24836,Intern
24837,Eve_24837,Intern
24838,Frank_24838,Intern
24839,Grace_24839,Intern
24840,Hank_24840,Intern
24841,Iris_24841,Intern
24842,Jack_24842,Intern
24843,Karen_24843,Intern
24844,Leo_24844,Intern
24845,Maya_24845,Intern
24846,Nate_24846,Intern
24847,Olivia_24847,Intern
24848,Paul_24848,Intern
24849,Quinn_24849,Intern
24850,Rose_24850,Intern
24851,Sam_24851,Intern
24852,Tina_24852,Intern
24853,Uma_24853,Intern
24854,Victor_24854,Intern
24855,Wendy_24855,Intern
24856,Xander_24856,Intern
24857,Yara_24857,Intern
24858,Zack_24858,Intern
24859,Ava_24859,Intern
24860,Ben_24860,Intern
24861,Chloe_24861,Intern
24862,Dylan_24862,Intern
24863,Ella_24863,Intern
24864,Finn_24864,Intern
24865,Alice_24865,Intern
24866,Bob_24866,Intern
24867,Carol_24867,Intern
24868,Dave_24868,Intern
24869,Eve_24869,Intern
24870,Frank_24870,Intern
24871,Grace_24871,Intern
24872,Hank_24872,Intern
24873,Iris_24873,Intern
24874,Jack_24874,Intern
24875,Karen_24875,Intern
24876,Leo_24876,Intern
24877,Maya_24877,Intern
24878,Nate_24878,Intern
24879,Olivia_24879,Intern
24880,Paul_24880,Intern
24881,Quinn_24881,Intern
24882,Rose_24882,Intern
24883,Sam_24883,Intern
24884,Tina_24884,Intern
24885,Uma_24885,Intern
24886,Victor_24886,Intern
24887,Wendy_24887,Intern
24888,Xander_24888,Intern
24889,Yara_24889,Intern
24890,Zack_24890,Intern
24891,Ava_24891,Intern
24892,Ben_24892,Intern
24893,Chloe_24893,Intern
24894,Dylan_24894,Intern
24895,Ella_24895,Intern
24896,Finn_24896,Intern
24897,Alice_24897,Intern
24898,Bob_24898,Intern
24899,Carol_24899,Intern
24900,Dave_24900,Intern
24901,Eve_24901,Intern
24902,Frank_24902,Intern
24903,Grace_24903,Intern
24904,Hank_24904,Intern
24905,Iris_24905,Intern
24906,Jack_24906,Intern
24907,Karen_24907,Intern
24908,Leo_24908,Intern
24909,Maya_24909,Intern
24910,Nate_24910,Intern
24911,Olivia_24911,Intern
24912,Paul_24912,Intern
24913,Quinn_24913,Intern
24914,Rose_24914,Intern
24915,Sam_24915,Intern
24916,Tina_24916,Intern
24917,Uma_24917,Intern
24918,Victor_24918,Intern
24919,Wendy_24919,Intern
24920,Xander_24920,Intern
24921,Yara_24921,Intern
24922,Zack_24922,Intern
24923,Ava_24923,Intern
24924,Ben_24924,Intern
24925,Chloe_24925,Intern
24926,Dylan_24926,Intern
24927,Ella_24927,Intern
24928,Finn_24928,Intern
24929,Alice_24929,Intern
24930,Bob_24930,Intern
24931,Carol_24931,Intern
24932,Dave_24932,Intern
24933,Eve_24933,Intern
24934,Frank_24934,Intern
24935,Grace_24935,Intern
24936,Hank_24936,Intern
24937,Iris_24937,Intern
24938,Jack_24938,Intern
24939,Karen_24939,Intern
24940,Leo_24940,Intern
24941,Maya_24941,Intern
24942,Nate_24942,Intern
24943,Olivia_24943,Intern
24944,Paul_24944,Intern
24945,Quinn_24945,Intern
24946,Rose_24946,Intern
24947,Sam_24947,Intern
24948,Tina_24948,Intern
24949,Uma_24949,Intern
24950,Victor_24950,Intern
24951,Wendy_24951,Intern
24952,Xander_24952,Intern
24953,Yara_24953,Intern
24954,Zack_24954,Intern
24955,Ava_24955,Intern
24956,Ben_24956,Intern
24957,Chloe_24957,Intern
24958,Dylan_24958,Intern
24959,Ella_24959,Intern
24960,Finn_24960,Intern
24961,Alice_24961,Intern
24962,Bob_24962,Intern
24963,Carol_24963,Intern
24964,Dave_24964,Intern
24965,Eve_24965,Intern
24966,Frank_24966,Intern
24967,Grace_24967,Intern
24968,Hank_24968,Intern
24969,Iris_24969,Intern
24970,Jack_24970,Intern
24971,Karen_24971,Intern
24972,Leo_24972,Intern
24973,Maya_24973,Intern
24974,Nate_24974,Intern
24975,Olivia_24975,Intern
24976,Paul_24976,Intern
24977,Quinn_24977,Intern
24978,Rose_24978,Intern
24979,Sam_24979,Intern
24980,Tina_24980,Intern
24981,Uma_24981,Intern
24982,Victor_24982,Intern
24983,Wendy_24983,Intern
24984,Xander_24984,Intern
24985,Yara_24985,Intern
24986,Zack_24986,Intern
24987,Ava_24987,Intern
24988,Ben_24988,Intern
24989,Chloe_24989,Intern
24990,Dylan_24990,Intern
24991,Ella_24991,Intern
24992,Finn_24992,Intern
24993,Alice_24993,Intern
24994,Bob_24994,Intern
24995,Carol_24995,Intern
24996,Dave_24996,Intern
24997,Eve_24997,Intern
24998,Frank_24998,Intern
24999,Grace_24999,Intern
25000,Hank_25000,Intern
25001,Iris_25001,Intern
25002,Jack_25002,Intern
25003,Karen_25003,Intern
25004,Leo_25004,Intern
25005,Maya_25005,Intern
25006,Nate_25006,Intern
25007,Olivia_25007,Intern
25008,Paul_25008,Intern
25009,Quinn_25009,Intern
25010,Rose_25010,Intern
25011,Sam_25011,Intern
25012,Tina_25012,Intern
25013,Uma_25013,Intern
25014,Victor_25014,Intern
25015,Wendy_25015,Intern
25016,Xander_25016,Intern
25017,Yara_25017,Intern
25018,Zack_25018,Intern
25019,Ava_25019,Intern
25020,Ben_25020,Intern
25021,Chloe_25021,Intern
25022,Dylan_25022,Intern
25023,Ella_25023,Intern
25024,Finn_25024,Intern
25025,Alice_25025,Intern
25026,Bob_25026,Intern
25027,Carol_25027,Intern
25028,Dave_25028,Intern
25029,Eve_25029,Intern
25030,Frank_25030,Intern
25031,Grace_25031,Intern
25032,Hank_25032,Intern
25033,Iris_25033,Intern
25034,Jack_25034,Intern
25035,Karen_25035,Intern
25036,Leo_25036,Intern
25037,Maya_25037,Intern
25038,Nate_25038,Intern
25039,Olivia_25039,Intern
25040,Paul_25040,Intern
25041,Quinn_25041,Intern
25042,Rose_25042,Intern
25043,Sam_25043,Intern
25044,Tina_25044,Intern
25045,Uma_25045,Intern
25046,Victor_25046,Intern
25047,Wendy_25047,Intern
25048,Xander_25048,Intern
25049,Yara_25049,Intern
25050,Zack_25050,Intern
25051,Ava_25051,Intern
25052,Ben_25052,Intern
25053,Chloe_25053,Intern
25054,Dylan_25054,Intern
25055,Ella_25055,Intern
25056,Finn_25056,Intern
25057,Alice_25057,Intern
25058,Bob_25058,Intern
25059,Carol_25059,Intern
25060,Dave_25060,Intern
25061,Eve_25061,Intern
25062,Frank_25062,Intern
25063,Grace_25063,Intern
25064,Hank_25064,Intern
25065,Iris_25065,Intern
25066,Jack_25066,Intern
25067,Karen_25067,Intern
25068,Leo_25068,Intern
25069,Maya_25069,Intern
25070,Nate_25070,Intern
25071,Olivia_25071,Intern
25072,Paul_25072,Intern
25073,Quinn_25073,Intern
25074,Rose_25074,Intern
25075,Sam_25075,Intern
25076,Tina_25076,Intern
25077,Uma_25077,Intern
25078,Victor_25078,Intern
25079,Wendy_25079,Intern
25080,Xander_25080,Intern
25081,Yara_25081,Intern
25082,Zack_25082,Intern
25083,Ava_25083,Intern
25084,Ben_25084,Intern
25085,Chloe_25085,Intern
25086,Dylan_25086,Intern
25087,Ella_25087,Intern
25088,Finn_25088,Intern
25089,Alice_25089,Intern
25090,Bob_25090,Intern
25091,Carol_25091,Intern
25092,Dave_25092,Intern
25093,Eve_25093,Intern
25094,Frank_25094,Intern
25095,Grace_25095,Intern
25096,Hank_25096,Intern
25097,Iris_25097,Intern
25098,Jack_25098,Intern
25099,Karen_25099,Intern
25100,Leo_25100,Intern
25101,Maya_25101,Intern
25102,Nate_25102,Intern
25103,Olivia_25103,Intern
25104,Paul_25104,Intern
25105,Quinn_25105,Intern
25106,Rose_25106,Intern
25107,Sam_25107,Intern
25108,Tina_25108,Intern
25109,Uma_25109,Intern
25110,Victor_25110,Intern
25111,Wendy_25111,Intern
25112,Xander_25112,Intern
25113,Yara_25113,Intern
25114,Zack_25114,Intern
25115,Ava_25115,Intern
25116,Ben_25116,Intern
25117,Chloe_25117,Intern
25118,Dylan_25118,Intern
25119,Ella_25119,Intern
25120,Finn_25120,Intern
25121,Alice_25121,Intern
25122,Bob_25122,Intern
25123,Carol_25123,Intern
25124,Dave_25124,Intern
25125,Eve_25125,Intern
25126,Frank_25126,Intern
25127,Grace_25127,Intern
25128,Hank_25128,Intern
25129,Iris_25129,Intern
25130,Jack_25130,Intern
25131,Karen_25131,Intern
25132,Leo_25132,Intern
25133,Maya_25133,Intern
25134,Nate_25134,Intern
25135,Olivia_25135,Intern
25136,Paul_25136,Intern
25137,Quinn_25137,Intern
25138,Rose_25138,Intern
25139,Sam_25139,Intern
25140,Tina_25140,Intern
25141,Uma_25141,Intern
25142,Victor_25142,Intern
25143,Wendy_25143,Intern
25144,Xander_25144,Intern
25145,Yara_25145,Intern
25146,Zack_25146,Intern
25147,Ava_25147,Intern
25148,Ben_25148,Intern
25149,Chloe_25149,Intern
25150,Dylan_25150,Intern
25151,Ella_25151,Intern
25152,Finn_25152,Intern
25153,Alice_25153,Intern
25154,Bob_25154,Intern
25155,Carol_25155,Intern
25156,Dave_25156,Intern
25157,Eve_25157,Intern
25158,Frank_25158,Intern
25159,Grace_25159,Intern
25160,Hank_25160,Intern
25161,Iris_25161,Intern
25162,Jack_25162,Intern
25163,Karen_25163,Intern
25164,Leo_25164,Intern
25165,Maya_25165,Intern
25166,Nate_25166,Intern
25167,Olivia_25167,Intern
25168,Paul_25168,Intern
25169,Quinn_25169,Intern
25170,Rose_25170,Intern
25171,Sam_25171,Intern
25172,Tina_25172,Intern
25173,Uma_25173,Intern
25174,Victor_25174,Intern
25175,Wendy_25175,Intern
25176,Xander_25176,Intern
25177,Yara_25177,Intern
25178,Zack_25178,Intern
25179,Ava_25179,Intern
25180,Ben_25180,Intern
25181,Chloe_25181,Intern
25182,Dylan_25182,Intern
25183,Ella_25183,Intern
25184,Finn_25184,Intern
25185,Alice_25185,Intern
25186,Bob_25186,Intern
25187,Carol_25187,Intern
25188,Dave_25188,Intern
25189,Eve_25189,Intern
25190,Frank_25190,Intern
25191,Grace_25191,Intern
25192,Hank_25192,Intern
25193,Iris_25193,Intern
25194,Jack_25194,Intern
25195,Karen_25195,Intern
25196,Leo_25196,Intern
25197,Maya_25197,Intern
25198,Nate_25198,Intern
25199,Olivia_25199,Intern
25200,Paul_25200,Intern
25201,Quinn_25201,Intern
25202,Rose_25202,Intern
25203,Sam_25203,Intern
25204,Tina_25204,Intern
25205,Uma_25205,Intern
25206,Victor_25206,Intern
25207,Wendy_25207,Intern
25208,Xander_25208,Intern
25209,Yara_25209,Intern
25210,Zack_25210,Intern
25211,Ava_25211,Intern
25212,Ben_25212,Intern
25213,Chloe_25213,Intern
25214,Dylan_25214,Intern
25215,Ella_25215,Intern
25216,Finn_25216,Intern
25217,Alice_25217,Intern
25218,Bob_25218,Intern
25219,Carol_25219,Intern
25220,Dave_25220,Intern
25221,Eve_25221,Intern
25222,Frank_25222,Intern
25223,Grace_25223,Intern
25224,Hank_25224,Intern
25225,Iris_25225,Intern
25226,Jack_25226,Intern
25227,Karen_25227,Intern
25228,Leo_25228,Intern
25229,Maya_25229,Intern
25230,Nate_25230,Intern
25231,Olivia_25231,Intern
25232,Paul_25232,Intern
25233,Quinn_25233,Intern
25234,Rose_25234,Intern
25235,Sam_25235,Intern
25236,Tina_25236,Intern
25237,Uma_25237,Intern
25238,Victor_25238,Intern
25239,Wendy_25239,Intern
25240,Xander_25240,Intern
25241,Yara_25241,Intern
25242,Zack_25242,Intern
25243,Ava_25243,Intern
25244,Ben_25244,Intern
25245,Chloe_25245,Intern
25246,Dylan_25246,Intern
25247,Ella_25247,Intern
25248,Finn_25248,Intern
25249,Alice_25249,Intern
25250,Bob_25250,Intern
25251,Carol_25251,Intern
25252,Dave_25252,Intern
25253,Eve_25253,Intern
25254,Frank_25254,Intern
25255,Grace_25255,Intern
25256,Hank_25256,Intern
25257,Iris_25257,Intern
25258,Jack_25258,Intern
25259,Karen_25259,Intern
25260,Leo_25260,Intern
25261,Maya_25261,Intern
25262,Nate_25262,Intern
25263,Olivia_25263,Intern
25264,Paul_25264,Intern
25265,Quinn_25265,Intern
25266,Rose_25266,Intern
25267,Sam_25267,Intern
25268,Tina_25268,Intern
25269,Uma_25269,Intern
25270,Victor_25270,Intern
25271,Wendy_25271,Intern
25272,Xander_25272,Intern
25273,Yara_25273,Intern
25274,Zack_25274,Intern
25275,Ava_25275,Intern
25276,Ben_25276,Intern
25277,Chloe_25277,Intern
25278,Dylan_25278,Intern
25279,Ella_25279,Intern
25280,Finn_25280,Intern
25281,Alice_25281,Intern
25282,Bob_25282,Intern
25283,Carol_25283,Intern
25284,Dave_25284,Intern
25285,Eve_25285,Intern
25286,Frank_25286,Intern
25287,Grace_25287,Intern
25288,Hank_25288,Intern
25289,Iris_25289,Intern
25290,Jack_25290,Intern
25291,Karen_25291,Intern
25292,Leo_25292,Intern
25293,Maya_25293,Intern
25294,Nate_25294,Intern
25295,Olivia_25295,Intern
25296,Paul_25296,Intern
25297,Quinn_25297,Intern
25298,Rose_25298,Intern
25299,Sam_25299,Intern
25300,Tina_25300,Intern
25301,Uma_25301,Intern
25302,Victor_25302,Intern
25303,Wendy_25303,Intern
25304,Xander_25304,Intern
25305,Yara_25305,Intern
25306,Zack_25306,Intern
25307,Ava_25307,Intern
25308,Ben_25308,Intern
25309,Chloe_25309,Intern
25310,Dylan_25310,Intern
25311,Ella_25311,Intern
25312,Finn_25312,Intern
25313,Alice_25313,Intern
25314,Bob_25314,Intern
25315,Carol_25315,Intern
25316,Dave_25316,Intern
25317,Eve_25317,Intern
25318,Frank_25318,Intern
25319,Grace_25319,Intern
25320,Hank_25320,Intern
25321,Iris_25321,Intern
25322,Jack_25322,Intern
25323,Karen_25323,Intern
25324,Leo_25324,Intern
25325,Maya_25325,Intern
25326,Nate_25326,Intern
25327,Olivia_25327,Intern
25328,Paul_25328,Intern
25329,Quinn_25329,Intern
25330,Rose_25330,Intern
25331,Sam_25331,Intern
25332,Tina_25332,Intern
25333,Uma_25333,Intern
25334,Victor_25334,Intern
25335,Wendy_25335,Intern
25336,Xander_25336,Intern
25337,Yara_25337,Intern
25338,Zack_25338,Intern
25339,Ava_25339,Intern
25340,Ben_25340,Intern
25341,Chloe_25341,Intern
25342,Dylan_25342,Intern
25343,Ella_25343,Intern
25344,Finn_25344,Intern
25345,Alice_25345,Intern
25346,Bob_25346,Intern
25347,Carol_25347,Intern
25348,Dave_25348,Intern
25349,Eve_25349,Intern
25350,Frank_25350,Intern
25351,Grace_25351,Intern
25352,Hank_25352,Intern
25353,Iris_25353,Intern
25354,Jack_25354,Intern
25355,Karen_25355,Intern
25356,Leo_25356,Intern
25357,Maya_25357,Intern
25358,Nate_25358,Intern
25359,Olivia_25359,Intern
25360,Paul_25360,Intern
25361,Quinn_25361,Intern
25362,Rose_25362,Intern
25363,Sam_25363,Intern
25364,Tina_25364,Intern
25365,Uma_25365,Intern
25366,Victor_25366,Intern
25367,Wendy_25367,Intern
25368,Xander_25368,Intern
25369,Yara_25369,Intern
25370,Zack_25370,Intern
25371,Ava_25371,Intern
25372,Ben_25372,Intern
25373,Chloe_25373,Intern
25374,Dylan_25374,Intern
25375,Ella_25375,Intern
25376,Finn_25376,Intern
25377,Alice_25377,Intern
25378,Bob_25378,Intern
25379,Carol_25379,Intern
25380,Dave_25380,Intern
25381,Eve_25381,Intern
25382,Frank_25382,Intern
25383,Grace_25383,Intern
25384,Hank_25384,Intern
25385,Iris_25385,Intern
25386,Jack_25386,Intern
25387,Karen_25387,Intern
25388,Leo_25388,Intern
25389,Maya_25389,Intern
25390,Nate_25390,Intern
25391,Olivia_25391,Intern
25392,Paul_25392,Intern
25393,Quinn_25393,Intern
25394,Rose_25394,Intern
25395,Sam_25395,Intern
25396,Tina_25396,Intern
25397,Uma_25397,Intern
25398,Victor_25398,Intern
25399,Wendy_25399,Intern
25400,Xander_25400,Intern
25401,Yara_25401,Intern
25402,Zack_25402,Intern
25403,Ava_25403,Intern
25404,Ben_25404,Intern
25405,Chloe_25405,Intern
25406,Dylan_25406,Intern
25407,Ella_25407,Intern
25408,Finn_25408,Intern
25409,Alice_25409,Intern
25410,Bob_25410,Intern
25411,Carol_25411,Intern
25412,Dave_25412,Intern
25413,Eve_25413,Intern
25414,Frank_25414,Intern
25415,Grace_25415,Intern
25416,Hank_25416,Intern
25417,Iris_25417,Intern
25418,Jack_25418,Intern
25419,Karen_25419,Intern
25420,Leo_25420,Intern
25421,Maya_25421,Intern
25422,Nate_25422,Intern
25423,Olivia_25423,Intern
25424,Paul_25424,Intern
25425,Quinn_25425,Intern
25426,Rose_25426,Intern
25427,Sam_25427,Intern
25428,Tina_25428,Intern
25429,Uma_25429,Intern
25430,Victor_25430,Intern
25431,Wendy_25431,Intern
25432,Xander_25432,Intern
25433,Yara_25433,Intern
25434,Zack_25434,Intern
25435,Ava_25435,Intern
25436,Ben_25436,Intern
25437,Chloe_25437,Intern
25438,Dylan_25438,Intern
25439,Ella_25439,Intern
25440,Finn_25440,Intern
25441,Alice_25441,Intern
25442,Bob_25442,Intern
25443,Carol_25443,Intern
25444,Dave_25444,Intern
25445,Eve_25445,Intern
25446,Frank_25446,Intern
25447,Grace_25447,Intern
25448,Hank_25448,Intern
25449,Iris_25449,Intern
25450,Jack_25450,Intern
25451,Karen_25451,Intern
25452,Leo_25452,Intern
25453,Maya_25453,Intern
25454,Nate_25454,Intern
25455,Olivia_25455,Intern
25456,Paul_25456,Intern
25457,Quinn_25457,Intern
25458,Rose_25458,Intern
25459,Sam_25459,Intern
25460,Tina_25460,Intern
25461,Uma_25461,Intern
25462,Victor_25462,Intern
25463,Wendy_25463,Intern
25464,Xander_25464,Intern
25465,Yara_25465,Intern
25466,Zack_25466,Intern
25467,Ava_25467,Intern
25468,Ben_25468,Intern
25469,Chloe_25469,Intern
25470,Dylan_25470,Intern
25471,Ella_25471,Intern
25472,Finn_25472,Intern
25473,Alice_25473,Intern
25474,Bob_25474,Intern
25475,Carol_25475,Intern
25476,Dave_25476,Intern
25477,Eve_25477,Intern
25478,Frank_25478,Intern
25479,Grace_25479,Intern
25480,Hank_25480,Intern
25481,Iris_25481,Intern
25482,Jack_25482,Intern
25483,Karen_25483,Intern
25484,Leo_25484,Intern
25485,Maya_25485,Intern
25486,Nate_25486,Intern
25487,Olivia_25487,Intern
25488,Paul_25488,Intern
25489,Quinn_25489,Intern
25490,Rose_25490,Intern
25491,Sam_25491,Intern
25492,Tina_25492,Intern
25493,Uma_25493,Intern
25494,Victor_25494,Intern
25495,Wendy_25495,Intern
25496,Xander_25496,Intern
25497,Yara_25497,Intern
25498,Zack_25498,Intern
25499,Ava_25499,Intern
25500,Ben_25500,Intern
25501,Chloe_25501,Intern
25502,Dylan_25502,Intern
25503,Ella_25503,Intern
25504,Finn_25504,Intern
25505,Alice_25505,Intern
25506,Bob_25506,Intern
25507,Carol_25507,Intern
25508,Dave_25508,Intern
25509,Eve_25509,Intern
25510,Frank_25510,Intern
25511,Grace_25511,Intern
25512,Hank_25512,Intern
25513,Iris_25513,Intern
25514,Jack_25514,Intern
25515,Karen_25515,Intern
25516,Leo_25516,Intern
25517,Maya_25517,Intern
25518,Nate_25518,Intern
25519,Olivia_25519,Intern
25520,Paul_25520,Intern
25521,Quinn_25521,Intern
25522,Rose_25522,Intern
25523,Sam_25523,Intern
25524,Tina_25524,Intern
25525,Uma_25525,Intern
25526,Victor_25526,Intern
25527,Wendy_25527,Intern
25528,Xander_25528,Intern
25529,Yara_25529,Intern
25530,Zack_25530,Intern
25531,Ava_25531,Intern
25532,Ben_25532,Intern
25533,Chloe_25533,Intern
25534,Dylan_25534,Intern
25535,Ella_25535,Intern
25536,Finn_25536,Intern
25537,Alice_25537,Intern
25538,Bob_25538,Intern
25539,Carol_25539,Intern
25540,Dave_25540,Intern
25541,Eve_25541,Intern
25542,Frank_25542,Intern
25543,Grace_25543,Intern
25544,Hank_25544,Intern
25545,Iris_25545,Intern
25546,Jack_25546,Intern
25547,Karen_25547,Intern
25548,Leo_25548,Intern
25549,Maya_25549,Intern
25550,Nate_25550,Intern
25551,Olivia_25551,Intern
25552,Paul_25552,Intern
25553,Quinn_25553,Intern
25554,Rose_25554,Intern
25555,Sam_25555,Intern
25556,Tina_25556,Intern
25557,Uma_25557,Intern
25558,Victor_25558,Intern
25559,Wendy_25559,Intern
25560,Xander_25560,Intern
25561,Yara_25561,Intern
25562,Zack_25562,Intern
25563,Ava_25563,Intern
25564,Ben_25564,Intern
25565,Chloe_25565,Intern
25566,Dylan_25566,Intern
25567,Ella_25567,Intern
25568,Finn_25568,Intern
25569,Alice_25569,Intern
25570,Bob_25570,Intern
25571,Carol_25571,Intern
25572,Dave_25572,Intern
25573,Eve_25573,Intern
25574,Frank_25574,Intern
25575,Grace_25575,Intern
25576,Hank_25576,Intern
25577,Iris_25577,Intern
25578,Jack_25578,Intern
25579,Karen_25579,Intern
25580,Leo_25580,Intern
25581,Maya_25581,Intern
25582,Nate_25582,Intern
25583,Olivia_25583,Intern
25584,Paul_25584,Intern
25585,Quinn_25585,Intern
25586,Rose_25586,Intern
25587,Sam_25587,Intern
25588,Tina_25588,Intern
25589,Uma_25589,Intern
25590,Victor_25590,Intern
25591,Wendy_25591,Intern
25592,Xander_25592,Intern
25593,Yara_25593,Intern
25594,Zack_25594,Intern
25595,Ava_25595,Intern
25596,Ben_25596,Intern
25597,Chloe_25597,Intern
25598,Dylan_25598,Intern
25599,Ella_25599,Intern
25600,Finn_25600,Intern
25601,Alice_25601,Intern
25602,Bob_25602,Intern
25603,Carol_25603,Intern
25604,Dave_25604,Intern
25605,Eve_25605,Intern
25606,Frank_25606,Intern
25607,Grace_25607,Intern
25608,Hank_25608,Intern
25609,Iris_25609,Intern
25610,Jack_25610,Intern
25611,Karen_25611,Intern
25612,Leo_25612,Intern
25613,Maya_25613,Intern
25614,Nate_25614,Intern
25615,Olivia_25615,Intern
25616,Paul_25616,Intern
25617,Quinn_25617,Intern
25618,Rose_25618,Intern
25619,Sam_25619,Intern
25620,Tina_25620,Intern
25621,Uma_25621,Intern
25622,Victor_25622,Intern
25623,Wendy_25623,Intern
25624,Xander_25624,Intern
25625,Yara_25625,Intern
25626,Zack_25626,Intern
25627,Ava_25627,Intern
25628,Ben_25628,Intern
25629,Chloe_25629,Intern
25630,Dylan_25630,Intern
25631,Ella_25631,Intern
25632,Finn_25632,Intern
25633,Alice_25633,Intern
25634,Bob_25634,Intern
25635,Carol_25635,Intern
25636,Dave_25636,Intern
25637,Eve_25637,Intern
25638,Frank_25638,Intern
25639,Grace_25639,Intern
25640,Hank_25640,Intern
25641,Iris_25641,Intern
25642,Jack_25642,Intern
25643,Karen_25643,Intern
25644,Leo_25644,Intern
25645,Maya_25645,Intern
25646,Nate_25646,Intern
25647,Olivia_25647,Intern
25648,Paul_25648,Intern
25649,Quinn_25649,Intern
25650,Rose_25650,Intern
25651,Sam_25651,Intern
25652,Tina_25652,Intern
25653,Uma_25653,Intern
25654,Victor_25654,Intern
25655,Wendy_25655,Intern
25656,Xander_25656,Intern
25657,Yara_25657,Intern
25658,Zack_25658,Intern
25659,Ava_25659,Intern
25660,Ben_25660,Intern
25661,Chloe_25661,Intern
25662,Dylan_25662,Intern
25663,Ella_25663,Intern
25664,Finn_25664,Intern
25665,Alice_25665,Intern
25666,Bob_25666,Intern
25667,Carol_25667,Intern
25668,Dave_25668,Intern
25669,Eve_25669,Intern
25670,Frank_25670,Intern
25671,Grace_25671,Intern
25672,Hank_25672,Intern
25673,Iris_25673,Intern
25674,Jack_25674,Intern
25675,Karen_25675,Intern
25676,Leo_25676,Intern
25677,Maya_25677,Intern
25678,Nate_25678,Intern
25679,Olivia_25679,Intern
25680,Paul_25680,Intern
25681,Quinn_25681,Intern
25682,Rose_25682,Intern
25683,Sam_25683,Intern
25684,Tina_25684,Intern
25685,Uma_25685,Intern
25686,Victor_25686,Intern
25687,Wendy_25687,Intern
25688,Xander_25688,Intern
25689,Yara_25689,Intern
25690,Zack_25690,Intern
25691,Ava_25691,Intern
25692,Ben_25692,Intern
25693,Chloe_25693,Intern
25694,Dylan_25694,Intern
25695,Ella_25695,Intern
25696,Finn_25696,Intern
25697,Alice_25697,Intern
25698,Bob_25698,Intern
25699,Carol_25699,Intern
25700,Dave_25700,Intern
25701,Eve_25701,Intern
25702,Frank_25702,Intern
25703,Grace_25703,Intern
25704,Hank_25704,Intern
25705,Iris_25705,Intern
25706,Jack_25706,Intern
25707,Karen_25707,Intern
25708,Leo_25708,Intern
25709,Maya_25709,Intern
25710,Nate_25710,Intern
25711,Olivia_25711,Intern
25712,Paul_25712,Intern
25713,Quinn_25713,Intern
25714,Rose_25714,Intern
25715,Sam_25715,Intern
25716,Tina_25716,Intern
25717,Uma_25717,Intern
25718,Victor_25718,Intern
25719,Wendy_25719,Intern
25720,Xander_25720,Intern
25721,Yara_25721,Intern
25722,Zack_25722,Intern
25723,Ava_25723,Intern
25724,Ben_25724,Intern
25725,Chloe_25725,Intern
25726,Dylan_25726,Intern
25727,Ella_25727,Intern
25728,Finn_25728,Intern
25729,Alice_25729,Intern
25730,Bob_25730,Intern
25731,Carol_25731,Intern
25732,Dave_25732,Intern
25733,Eve_25733,Intern
25734,Frank_25734,Intern
25735,Grace_25735,Intern
25736,Hank_25736,Intern
25737,Iris_25737,Intern
25738,Jack_25738,Intern
25739,Karen_25739,Intern
25740,Leo_25740,Intern
25741,Maya_25741,Intern
25742,Nate_25742,Intern
25743,Olivia_25743,Intern
25744,Paul_25744,Intern
25745,Quinn_25745,Intern
25746,Rose_25746,Intern
25747,Sam_25747,Intern
25748,Tina_25748,Intern
25749,Uma_25749,Intern
25750,Victor_25750,Intern
25751,Wendy_25751,Intern
25752,Xander_25752,Intern
25753,Yara_25753,Intern
25754,Zack_25754,Intern
25755,Ava_25755,Intern
25756,Ben_25756,Intern
25757,Chloe_25757,Intern
25758,Dylan_25758,Intern
25759,Ella_25759,Intern
25760,Finn_25760,Intern
25761,Alice_25761,Intern
25762,Bob_25762,Intern
25763,Carol_25763,Intern
25764,Dave_25764,Intern
25765,Eve_25765,Intern
25766,Frank_25766,Intern
25767,Grace_25767,Intern
25768,Hank_25768,Intern
25769,Iris_25769,Intern
25770,Jack_25770,Intern
25771,Karen_25771,Intern
25772,Leo_25772,Intern
25773,Maya_25773,Intern
25774,Nate_25774,Intern
25775,Olivia_25775,Intern
25776,Paul_25776,Intern
25777,Quinn_25777,Intern
25778,Rose_25778,Intern
25779,Sam_25779,Intern
25780,Tina_25780,Intern
25781,Uma_25781,Intern
25782,Victor_25782,Intern
25783,Wendy_25783,Intern
25784,Xander_25784,Intern
25785,Yara_25785,Intern
25786,Zack_25786,Intern
25787,Ava_25787,Intern
25788,Ben_25788,Intern
25789,Chloe_25789,Intern
25790,Dylan_25790,Intern
25791,Ella_25791,Intern
25792,Finn_25792,Intern
25793,Alice_25793,Intern
25794,Bob_25794,Intern
25795,Carol_25795,Intern
25796,Dave_25796,Intern
25797,Eve_25797,Intern
25798,Frank_25798,Intern
25799,Grace_25799,Intern
25800,Hank_25800,Intern
25801,Iris_25801,Intern
25802,Jack_25802,Intern
25803,Karen_25803,Intern
25804,Leo_25804,Intern
25805,Maya_25805,Intern
25806,Nate_25806,Intern
25807,Olivia_25807,Intern
25808,Paul_25808,Intern
25809,Quinn_25809,Intern
25810,Rose_25810,Intern
25811,Sam_25811,Intern
25812,Tina_25812,Intern
25813,Uma_25813,Intern
25814,Victor_25814,Intern
25815,Wendy_25815,Intern
25816,Xander_25816,Intern
25817,Yara_25817,Intern
25818,Zack_25818,Intern
25819,Ava_25819,Intern
25820,Ben_25820,Intern
25821,Chloe_25821,Intern
25822,Dylan_25822,Intern
25823,Ella_25823,Intern
25824,Finn_25824,Intern
25825,Alice_25825,Intern
25826,Bob_25826,Intern
25827,Carol_25827,Intern
25828,Dave_25828,Intern
25829,Eve_25829,Intern
25830,Frank_25830,Intern
25831,Grace_25831,Intern
25832,Hank_25832,Intern
25833,Iris_25833,Intern
25834,Jack_25834,Intern
25835,Karen_25835,Intern
25836,Leo_25836,Intern
25837,Maya_25837,Intern
25838,Nate_25838,Intern
25839,Olivia_25839,Intern
25840,Paul_25840,Intern
25841,Quinn_25841,Intern
25842,Rose_25842,Intern
25843,Sam_25843,Intern
25844,Tina_25844,Intern
25845,Uma_25845,Intern
25846,Victor_25846,Intern
25847,Wendy_25847,Intern
25848,Xander_25848,Intern
25849,Yara_25849,Intern
25850,Zack_25850,Intern
25851,Ava_25851,Intern
25852,Ben_25852,Intern
25853,Chloe_25853,Intern
25854,Dylan_25854,Intern
25855,Ella_25855,Intern
25856,Finn_25856,Intern
25857,Alice_25857,Intern
25858,Bob_25858,Intern
25859,Carol_25859,Intern
25860,Dave_25860,Intern
25861,Eve_25861,Intern
25862,Frank_25862,Intern
25863,Grace_25863,Intern
25864,Hank_25864,Intern
25865,Iris_25865,Intern
25866,Jack_25866,Intern
25867,Karen_25867,Intern
25868,Leo_25868,Intern
25869,Maya_25869,Intern
25870,Nate_25870,Intern
25871,Olivia_25871,Intern
25872,Paul_25872,Intern
25873,Quinn_25873,Intern
25874,Rose_25874,Intern
25875,Sam_25875,Intern
25876,Tina_25876,Intern
25877,Uma_25877,Intern
25878,Victor_25878,Intern
25879,Wendy_25879,Intern
25880,Xander_25880,Intern
25881,Yara_25881,Intern
25882,Zack_25882,Intern
25883,Ava_25883,Intern
25884,Ben_25884,Intern
25885,Chloe_25885,Intern
25886,Dylan_25886,Intern
25887,Ella_25887,Intern
25888,Finn_25888,Intern
25889,Alice_25889,Intern
25890,Bob_25890,Intern
25891,Carol_25891,Intern
25892,Dave_25892,Intern
25893,Eve_25893,Intern
25894,Frank_25894,Intern
25895,Grace_25895,Intern
25896,Hank_25896,Intern
25897,Iris_25897,Intern
25898,Jack_25898,Intern
25899,Karen_25899,Intern
25900,Leo_25900,Intern
25901,Maya_25901,Intern
25902,Nate_25902,Intern
25903,Olivia_25903,Intern
25904,Paul_25904,Intern
25905,Quinn_25905,Intern
25906,Rose_25906,Intern
25907,Sam_25907,Intern
25908,Tina_25908,Intern
25909,Uma_25909,Intern
25910,Victor_25910,Intern
25911,Wendy_25911,Intern
25912,Xander_25912,Intern
25913,Yara_25913,Intern
25914,Zack_25914,Intern
25915,Ava_25915,Intern
25916,Ben_25916,Intern
25917,Chloe_25917,Intern
25918,Dylan_25918,Intern
25919,Ella_25919,Intern
25920,Finn_25920,Intern
25921,Alice_25921,Intern
25922,Bob_25922,Intern
25923,Carol_25923,Intern
25924,Dave_25924,Intern
25925,Eve_25925,Intern
25926,Frank_25926,Intern
25927,Grace_25927,Intern
25928,Hank_25928,Intern
25929,Iris_25929,Intern
25930,Jack_25930,Intern
25931,Karen_25931,Intern
25932,Leo_25932,Intern
25933,Maya_25933,Intern
25934,Nate_25934,Intern
25935,Olivia_25935,Intern
25936,Paul_25936,Intern
25937,Quinn_25937,Intern
25938,Rose_25938,Intern
25939,Sam_25939,Intern
25940,Tina_25940,Intern
25941,Uma_25941,Intern
25942,Victor_25942,Intern
25943,Wendy_25943,Intern
25944,Xander_25944,Intern
25945,Yara_25945,Intern
25946,Zack_25946,Intern
25947,Ava_25947,Intern
25948,Ben_25948,Intern
25949,Chloe_25949,Intern
25950,Dylan_25950,Intern
25951,Ella_25951,Intern
25952,Finn_25952,Intern
25953,Alice_25953,Intern
25954,Bob_25954,Intern
25955,Carol_25955,Intern
25956,Dave_25956,Intern
25957,Eve_25957,Intern
25958,Frank_25958,Intern
25959,Grace_25959,Intern
25960,Hank_25960,Intern
25961,Iris_25961,Intern
25962,Jack_25962,Intern
25963,Karen_25963,Intern
25964,Leo_25964,Intern
25965,Maya_25965,Intern
25966,Nate_25966,Intern
25967,Olivia_25967,Intern
25968,Paul_25968,Intern
25969,Quinn_25969,Intern
25970,Rose_25970,Intern
25971,Sam_25971,Intern
25972,Tina_25972,Intern
25973,Uma_25973,Intern
25974,Victor_25974,Intern
25975,Wendy_25975,Intern
25976,Xander_25976,Intern
25977,Yara_25977,Intern
25978,Zack_25978,Intern
25979,Ava_25979,Intern
25980,Ben_25980,Intern
25981,Chloe_25981,Intern
25982,Dylan_25982,Intern
25983,Ella_25983,Intern
25984,Finn_25984,Intern
25985,Alice_25985,Intern
25986,Bob_25986,Intern
25987,Carol_25987,Intern
25988,Dave_25988,Intern
25989,Eve_25989,Intern
25990,Frank_25990,Intern
25991,Grace_25991,Intern
25992,Hank_25992,Intern
25993,Iris_25993,Intern
25994,Jack_25994,Intern
25995,Karen_25995,Intern
25996,Leo_25996,Intern
25997,Maya_25997,Intern
25998,Nate_25998,Intern
25999,Olivia_25999,Intern
26000,Paul_26000,Intern
26001,Quinn_26001,Intern
26002,Rose_26002,Intern
26003,Sam_26003,Intern
26004,Tina_26004,Intern
26005,Uma_26005,Intern
26006,Victor_26006,Intern
26007,Wendy_26007,Intern
26008,Xander_26008,Intern
26009,Yara_26009,Intern
26010,Zack_26010,Intern
26011,Ava_26011,Intern
26012,Ben_26012,Intern
26013,Chloe_26013,Intern
26014,Dylan_26014,Intern
26015,Ella_26015,Intern
26016,Finn_26016,Intern
26017,Alice_26017,Intern
26018,Bob_26018,Intern
26019,Carol_26019,Intern
26020,Dave_26020,Intern
26021,Eve_26021,Intern
26022,Frank_26022,Intern
26023,Grace_26023,Intern
26024,Hank_26024,Intern
26025,Iris_26025,Intern
26026,Jack_26026,Intern
26027,Karen_26027,Intern
26028,Leo_26028,Intern
26029,Maya_26029,Intern
26030,Nate_26030,Intern
26031,Olivia_26031,Intern
26032,Paul_26032,Intern
26033,Quinn_26033,Intern
26034,Rose_26034,Intern
26035,Sam_26035,Intern
26036,Tina_26036,Intern
26037,Uma_26037,Intern
26038,Victor_26038,Intern
26039,Wendy_26039,Intern
26040,Xander_26040,Intern
26041,Yara_26041,Intern
26042,Zack_26042,Intern
26043,Ava_26043,Intern
26044,Ben_26044,Intern
26045,Chloe_26045,Intern
26046,Dylan_26046,Intern
26047,Ella_26047,Intern
26048,Finn_26048,Intern
26049,Alice_26049,Intern
26050,Bob_26050,Intern
26051,Carol_26051,Intern
26052,Dave_26052,Intern
26053,Eve_26053,Intern
26054,Frank_26054,Intern
26055,Grace_26055,Intern
26056,Hank_26056,Intern
26057,Iris_26057,Intern
26058,Jack_26058,Intern
26059,Karen_26059,Intern
26060,Leo_26060,Intern
26061,Maya_26061,Intern
26062,Nate_26062,Intern
26063,Olivia_26063,Intern
26064,Paul_26064,Intern
26065,Quinn_26065,Intern
26066,Rose_26066,Intern
26067,Sam_26067,Intern
26068,Tina_26068,Intern
26069,Uma_26069,Intern
26070,Victor_26070,Intern
26071,Wendy_26071,Intern
26072,Xander_26072,Intern
26073,Yara_26073,Intern
26074,Zack_26074,Intern
26075,Ava_26075,Intern
26076,Ben_26076,Intern
26077,Chloe_26077,Intern
26078,Dylan_26078,Intern
26079,Ella_26079,Intern
26080,Finn_26080,Intern
26081,Alice_26081,Intern
26082,Bob_26082,Intern
26083,Carol_26083,Intern
26084,Dave_26084,Intern
26085,Eve_26085,Intern
26086,Frank_26086,Intern
26087,Grace_26087,Intern
26088,Hank_26088,Intern
26089,Iris_26089,Intern
26090,Jack_26090,Intern
26091,Karen_26091,Intern
26092,Leo_26092,Intern
26093,Maya_26093,Intern
26094,Nate_26094,Intern
26095,Olivia_26095,Intern
26096,Paul_26096,Intern
26097,Quinn_26097,Intern
26098,Rose_26098,Intern
26099,Sam_26099,Intern
26100,Tina_26100,Intern
26101,Uma_26101,Intern
26102,Victor_26102,Intern
26103,Wendy_26103,Intern
26104,Xander_26104,Intern
26105,Yara_26105,Intern
26106,Zack_26106,Intern
26107,Ava_26107,Intern
26108,Ben_26108,Intern
26109,Chloe_26109,Intern
26110,Dylan_26110,Intern
26111,Ella_26111,Intern
26112,Finn_26112,Intern
26113,Alice_26113,Intern
26114,Bob_26114,Intern
26115,Carol_26115,Intern
26116,Dave_26116,Intern
26117,Eve_26117,Intern
26118,Frank_26118,Intern
26119,Grace_26119,Intern
26120,Hank_26120,Intern
26121,Iris_26121,Intern
26122,Jack_26122,Intern
26123,Karen_26123,Intern
26124,Leo_26124,Intern
26125,Maya_26125,Intern
26126,Nate_26126,Intern
26127,Olivia_26127,Intern
26128,Paul_26128,Intern
26129,Quinn_26129,Intern
26130,Rose_26130,Intern
26131,Sam_26131,Intern
26132,Tina_26132,Intern
26133,Uma_26133,Intern
26134,Victor_26134,Intern
26135,Wendy_26135,Intern
26136,Xander_26136,Intern
26137,Yara_26137,Intern
26138,Zack_26138,Intern
26139,Ava_26139,Intern
26140,Ben_26140,Intern
26141,Chloe_26141,Intern
26142,Dylan_26142,Intern
26143,Ella_26143,Intern
26144,Finn_26144,Intern
26145,Alice_26145,Intern
26146,Bob_26146,Intern
26147,Carol_26147,Intern
26148,Dave_26148,Intern
26149,Eve_26149,Intern
26150,Frank_26150,Intern
26151,Grace_26151,Intern
26152,Hank_26152,Intern
26153,Iris_26153,Intern
26154,Jack_26154,Intern
26155,Karen_26155,Intern
26156,Leo_26156,Intern
26157,Maya_26157,Intern
26158,Nate_26158,Intern
26159,Olivia_26159,Intern
26160,Paul_26160,Intern
26161,Quinn_26161,Intern
26162,Rose_26162,Intern
26163,Sam_26163,Intern
26164,Tina_26164,Intern
26165,Uma_26165,Intern
26166,Victor_26166,Intern
26167,Wendy_26167,Intern
26168,Xander_26168,Intern
26169,Yara_26169,Intern
26170,Zack_26170,Intern
26171,Ava_26171,Intern
26172,Ben_26172,Intern
26173,Chloe_26173,Intern
26174,Dylan_26174,Intern
26175,Ella_26175,Intern
26176,Finn_26176,Intern
26177,Alice_26177,Intern
26178,Bob_26178,Intern
26179,Carol_26179,Intern
26180,Dave_26180,Intern
26181,Eve_26181,Intern
26182,Frank_26182,Intern
26183,Grace_26183,Intern
26184,Hank_26184,Intern
26185,Iris_26185,Intern
26186,Jack_26186,Intern
26187,Karen_26187,Intern
26188,Leo_26188,Intern
26189,Maya_26189,Intern
26190,Nate_26190,Intern
26191,Olivia_26191,Intern
26192,Paul_26192,Intern
26193,Quinn_26193,Intern
26194,Rose_26194,Intern
26195,Sam_26195,Intern
26196,Tina_26196,Intern
26197,Uma_26197,Intern
26198,Victor_26198,Intern
26199,Wendy_26199,Intern
26200,Xander_26200,Intern
26201,Yara_26201,Intern
26202,Zack_26202,Intern
26203,Ava_26203,Intern
26204,Ben_26204,Intern
26205,Chloe_26205,Intern
26206,Dylan_26206,Intern
26207,Ella_26207,Intern
26208,Finn_26208,Intern
26209,Alice_26209,Intern
26210,Bob_26210,Intern
26211,Carol_26211,Intern
26212,Dave_26212,Intern
26213,Eve_26213,Intern
26214,Frank_26214,Intern
26215,Grace_26215,Intern
26216,Hank_26216,Intern
26217,Iris_26217,Intern
26218,Jack_26218,Intern
26219,Karen_26219,Intern
26220,Leo_26220,Intern
26221,Maya_26221,Intern
26222,Nate_26222,Intern
26223,Olivia_26223,Intern
26224,Paul_26224,Intern
26225,Quinn_26225,Intern
26226,Rose_26226,Intern
26227,Sam_26227,Intern
26228,Tina_26228,Intern
26229,Uma_26229,Intern
26230,Victor_26230,Intern
26231,Wendy_26231,Intern
26232,Xander_26232,Intern
26233,Yara_26233,Intern
26234,Zack_26234,Intern
26235,Ava_26235,Intern
26236,Ben_26236,Intern
26237,Chloe_26237,Intern
26238,Dylan_26238,Intern
26239,Ella_26239,Intern
26240,Finn_26240,Intern
26241,Alice_26241,Intern
26242,Bob_26242,Intern
26243,Carol_26243,Intern
26244,Dave_26244,Intern
26245,Eve_26245,Intern
26246,Frank_26246,Intern
26247,Grace_26247,Intern
26248,Hank_26248,Intern
26249,Iris_26249,Intern
26250,Jack_26250,Intern
26251,Karen_26251,Intern
26252,Leo_26252,Intern
26253,Maya_26253,Intern
26254,Nate_26254,Intern
26255,Olivia_26255,Intern
26256,Paul_26256,Intern
26257,Quinn_26257,Intern
26258,Rose_26258,Intern
26259,Sam_26259,Intern
26260,Tina_26260,Intern
26261,Uma_26261,Intern
26262,Victor_26262,Intern
26263,Wendy_26263,Intern
26264,Xander_26264,Intern
26265,Yara_26265,Intern
26266,Zack_26266,Intern
26267,Ava_26267,Intern
26268,Ben_26268,Intern
26269,Chloe_26269,Intern
26270,Dylan_26270,Intern
26271,Ella_26271,Intern
26272,Finn_26272,Intern
26273,Alice_26273,Intern
26274,Bob_26274,Intern
26275,Carol_26275,Intern
26276,Dave_26276,Intern
26277,Eve_26277,Intern
26278,Frank_26278,Intern
26279,Grace_26279,Intern
26280,Hank_26280,Intern
26281,Iris_26281,Intern
26282,Jack_26282,Intern
26283,Karen_26283,Intern
26284,Leo_26284,Intern
26285,Maya_26285,Intern
26286,Nate_26286,Intern
26287,Olivia_26287,Intern
26288,Paul_26288,Intern
26289,Quinn_26289,Intern
26290,Rose_26290,Intern
26291,Sam_26291,Intern
26292,Tina_26292,Intern
26293,Uma_26293,Intern
26294,Victor_26294,Intern
26295,Wendy_26295,Intern
26296,Xander_26296,Intern
26297,Yara_26297,Intern
26298,Zack_26298,Intern
26299,Ava_26299,Intern
26300,Ben_26300,Intern
26301,Chloe_26301,Intern
26302,Dylan_26302,Intern
26303,Ella_26303,Intern
26304,Finn_26304,Intern
26305,Alice_26305,Intern
26306,Bob_26306,Intern
26307,Carol_26307,Intern
26308,Dave_26308,Intern
26309,Eve_26309,Intern
26310,Frank_26310,Intern
26311,Grace_26311,Intern
26312,Hank_26312,Intern
26313,Iris_26313,Intern
26314,Jack_26314,Intern
26315,Karen_26315,Intern
26316,Leo_26316,Intern
26317,Maya_26317,Intern
26318,Nate_26318,Intern
26319,Olivia_26319,Intern
26320,Paul_26320,Intern
26321,Quinn_26321,Intern
26322,Rose_26322,Intern
26323,Sam_26323,Intern
26324,Tina_26324,Intern
26325,Uma_26325,Intern
26326,Victor_26326,Intern
26327,Wendy_26327,Intern
26328,Xander_26328,Intern
26329,Yara_26329,Intern
26330,Zack_26330,Intern
26331,Ava_26331,Intern
26332,Ben_26332,Intern
26333,Chloe_26333,Intern
26334,Dylan_26334,Intern
26335,Ella_26335,Intern
26336,Finn_26336,Intern
26337,Alice_26337,Intern
26338,Bob_26338,Intern
26339,Carol_26339,Intern
26340,Dave_26340,Intern
26341,Eve_26341,Intern
26342,Frank_26342,Intern
26343,Grace_26343,Intern
26344,Hank_26344,Intern
26345,Iris_26345,Intern
26346,Jack_26346,Intern
26347,Karen_26347,Intern
26348,Leo_26348,Intern
26349,Maya_26349,Intern
26350,Nate_26350,Intern
26351,Olivia_26351,Intern
26352,Paul_26352,Intern
26353,Quinn_26353,Intern
26354,Rose_26354,Intern
26355,Sam_26355,Intern
26356,Tina_26356,Intern
26357,Uma_26357,Intern
26358,Victor_26358,Intern
26359,Wendy_26359,Intern
26360,Xander_26360,Intern
26361,Yara_26361,Intern
26362,Zack_26362,Intern
26363,Ava_26363,Intern
26364,Ben_26364,Intern
26365,Chloe_26365,Intern
26366,Dylan_26366,Intern
26367,Ella_26367,Intern
26368,Finn_26368,Intern
26369,Alice_26369,Intern
26370,Bob_26370,Intern
26371,Carol_26371,Intern
26372,Dave_26372,Intern
26373,Eve_26373,Intern
26374,Frank_26374,Intern
26375,Grace_26375,Intern
26376,Hank_26376,Intern
26377,Iris_26377,Intern
26378,Jack_26378,Intern
26379,Karen_26379,Intern
26380,Leo_26380,Intern
26381,Maya_26381,Intern
26382,Nate_26382,Intern
26383,Olivia_26383,Intern
26384,Paul_26384,Intern
26385,Quinn_26385,Intern
26386,Rose_26386,Intern
26387,Sam_26387,Intern
26388,Tina_26388,Intern
26389,Uma_26389,Intern
26390,Victor_26390,Intern
26391,Wendy_26391,Intern
26392,Xander_26392,Intern
26393,Yara_26393,Intern
26394,Zack_26394,Intern
26395,Ava_26395,Intern
26396,Ben_26396,Intern
26397,Chloe_26397,Intern
26398,Dylan_26398,Intern
26399,Ella_26399,Intern
26400,Finn_26400,Intern
26401,Alice_26401,Intern
26402,Bob_26402,Intern
26403,Carol_26403,Intern
26404,Dave_26404,Intern
26405,Eve_26405,Intern
26406,Frank_26406,Intern
26407,Grace_26407,Intern
26408,Hank_26408,Intern
26409,Iris_26409,Intern
26410,Jack_26410,Intern
26411,Karen_26411,Intern
26412,Leo_26412,Intern
26413,Maya_26413,Intern
26414,Nate_26414,Intern
26415,Olivia_26415,Intern
26416,Paul_26416,Intern
26417,Quinn_26417,Intern
26418,Rose_26418,Intern
26419,Sam_26419,Intern
26420,Tina_26420,Intern
26421,Uma_26421,Intern
26422,Victor_26422,Intern
26423,Wendy_26423,Intern
26424,Xander_26424,Intern
26425,Yara_26425,Intern
26426,Zack_26426,Intern
26427,Ava_26427,Intern
26428,Ben_26428,Intern
26429,Chloe_26429,Intern
26430,Dylan_26430,Intern
26431,Ella_26431,Intern
26432,Finn_26432,Intern
26433,Alice_26433,Intern
26434,Bob_26434,Intern
26435,Carol_26435,Intern
26436,Dave_26436,Intern
26437,Eve_26437,Intern
26438,Frank_26438,Intern
26439,Grace_26439,Intern
26440,Hank_26440,Intern
26441,Iris_26441,Intern
26442,Jack_26442,Intern
26443,Karen_26443,Intern
26444,Leo_26444,Intern
26445,Maya_26445,Intern
26446,Nate_26446,Intern
26447,Olivia_26447,Intern
26448,Paul_26448,Intern
26449,Quinn_26449,Intern
26450,Rose_26450,Intern
26451,Sam_26451,Intern
26452,Tina_26452,Intern
26453,Uma_26453,Intern
26454,Victor_26454,Intern
26455,Wendy_26455,Intern
26456,Xander_26456,Intern
26457,Yara_26457,Intern
26458,Zack_26458,Intern
26459,Ava_26459,Intern
26460,Ben_26460,Intern
26461,Chloe_26461,Intern
26462,Dylan_26462,Intern
26463,Ella_26463,Intern
26464,Finn_26464,Intern
26465,Alice_26465,Intern
26466,Bob_26466,Intern
26467,Carol_26467,Intern
26468,Dave_26468,Intern
26469,Eve_26469,Intern
26470,Frank_26470,Intern
26471,Grace_26471,Intern
26472,Hank_26472,Intern
26473,Iris_26473,Intern
26474,Jack_26474,Intern
26475,Karen_26475,Intern
26476,Leo_26476,Intern
26477,Maya_26477,Intern
26478,Nate_26478,Intern
26479,Olivia_26479,Intern
26480,Paul_26480,Intern
26481,Quinn_26481,Intern
26482,Rose_26482,Intern
26483,Sam_26483,Intern
26484,Tina_26484,Intern
26485,Uma_26485,Intern
26486,Victor_26486,Intern
26487,Wendy_26487,Intern
26488,Xander_26488,Intern
26489,Yara_26489,Intern
26490,Zack_26490,Intern
26491,Ava_26491,Intern
26492,Ben_26492,Intern
26493,Chloe_26493,Intern
26494,Dylan_26494,Intern
26495,Ella_26495,Intern
26496,Finn_26496,Intern
26497,Alice_26497,Intern
26498,Bob_26498,Intern
26499,Carol_26499,Intern
26500,Dave_26500,Intern
26501,Eve_26501,Intern
26502,Frank_26502,Intern
26503,Grace_26503,Intern
26504,Hank_26504,Intern
26505,Iris_26505,Intern
26506,Jack_26506,Intern
26507,Karen_26507,Intern
26508,Leo_26508,Intern
26509,Maya_26509,Intern
26510,Nate_26510,Intern
26511,Olivia_26511,Intern
26512,Paul_26512,Intern
26513,Quinn_26513,Intern
26514,Rose_26514,Intern
26515,Sam_26515,Intern
26516,Tina_26516,Intern
26517,Uma_26517,Intern
26518,Victor_26518,Intern
26519,Wendy_26519,Intern
26520,Xander_26520,Intern
26521,Yara_26521,Intern
26522,Zack_26522,Intern
26523,Ava_26523,Intern
26524,Ben_26524,Intern
26525,Chloe_26525,Intern
26526,Dylan_26526,Intern
26527,Ella_26527,Intern
26528,Finn_26528,Intern
26529,Alice_26529,Intern
26530,Bob_26530,Intern
26531,Carol_26531,Intern
26532,Dave_26532,Intern
26533,Eve_26533,Intern
26534,Frank_26534,Intern
26535,Grace_26535,Intern
26536,Hank_26536,Intern
26537,Iris_26537,Intern
26538,Jack_26538,Intern
26539,Karen_26539,Intern
26540,Leo_26540,Intern
26541,Maya_26541,Intern
26542,Nate_26542,Intern
26543,Olivia_26543,Intern
26544,Paul_26544,Intern
26545,Quinn_26545,Intern
26546,Rose_26546,Intern
26547,Sam_26547,Intern
26548,Tina_26548,Intern
26549,Uma_26549,Intern
26550,Victor_26550,Intern
26551,Wendy_26551,Intern
26552,Xander_26552,Intern
26553,Yara_26553,Intern
26554,Zack_26554,Intern
26555,Ava_26555,Intern
26556,Ben_26556,Intern
26557,Chloe_26557,Intern
26558,Dylan_26558,Intern
26559,Ella_26559,Intern
26560,Finn_26560,Intern
26561,Alice_26561,Intern
26562,Bob_26562,Intern
26563,Carol_26563,Intern
26564,Dave_26564,Intern
26565,Eve_26565,Intern
26566,Frank_26566,Intern
26567,Grace_26567,Intern
26568,Hank_26568,Intern
26569,Iris_26569,Intern
26570,Jack_26570,Intern
26571,Karen_26571,Intern
26572,Leo_26572,Intern
26573,Maya_26573,Intern
26574,Nate_26574,Intern
26575,Olivia_26575,Intern
26576,Paul_26576,Intern
26577,Quinn_26577,Intern
26578,Rose_26578,Intern
26579,Sam_26579,Intern
26580,Tina_26580,Intern
26581,Uma_26581,Intern
26582,Victor_26582,Intern
26583,Wendy_26583,Intern
26584,Xander_26584,Intern
26585,Yara_26585,Intern
26586,Zack_26586,Intern
26587,Ava_26587,Intern
26588,Ben_26588,Intern
26589,Chloe_26589,Intern
26590,Dylan_26590,Intern
26591,Ella_26591,Intern
26592,Finn_26592,Intern
26593,Alice_26593,Intern
26594,Bob_26594,Intern
26595,Carol_26595,Intern
26596,Dave_26596,Intern
26597,Eve_26597,Intern
26598,Frank_26598,Intern
26599,Grace_26599,Intern
26600,Hank_26600,Intern
26601,Iris_26601,Intern
26602,Jack_26602,Intern
26603,Karen_26603,Intern
26604,Leo_26604,Intern
26605,Maya_26605,Intern
26606,Nate_26606,Intern
26607,Olivia_26607,Intern
26608,Paul_26608,Intern
26609,Quinn_26609,Intern
26610,Rose_26610,Intern
26611,Sam_26611,Intern
26612,Tina_26612,Intern
26613,Uma_26613,Intern
26614,Victor_26614,Intern
26615,Wendy_26615,Intern
26616,Xander_26616,Intern
26617,Yara_26617,Intern
26618,Zack_26618,Intern
26619,Ava_26619,Intern
26620,Ben_26620,Intern
26621,Chloe_26621,Intern
26622,Dylan_26622,Intern
26623,Ella_26623,Intern
26624,Finn_26624,Intern
26625,Alice_26625,Intern
26626,Bob_26626,Intern
26627,Carol_26627,Intern
26628,Dave_26628,Intern
26629,Eve_26629,Intern
26630,Frank_26630,Intern
26631,Grace_26631,Intern
26632,Hank_26632,Intern
26633,Iris_26633,Intern
26634,Jack_26634,Intern
26635,Karen_26635,Intern
26636,Leo_26636,Intern
26637,Maya_26637,Intern
26638,Nate_26638,Intern
26639,Olivia_26639,Intern
26640,Paul_26640,Intern
26641,Quinn_26641,Intern
26642,Rose_26642,Intern
26643,Sam_26643,Intern
26644,Tina_26644,Intern
26645,Uma_26645,Intern
26646,Victor_26646,Intern
26647,Wendy_26647,Intern
26648,Xander_26648,Intern
26649,Yara_26649,Intern
26650,Zack_26650,Intern
26651,Ava_26651,Intern
26652,Ben_26652,Intern
26653,Chloe_26653,Intern
26654,Dylan_26654,Intern
26655,Ella_26655,Intern
26656,Finn_26656,Intern
26657,Alice_26657,Intern
26658,Bob_26658,Intern
26659,Carol_26659,Intern
26660,Dave_26660,Intern
26661,Eve_26661,Intern
26662,Frank_26662,Intern
26663,Grace_26663,Intern
26664,Hank_26664,Intern
26665,Iris_26665,Intern
26666,Jack_26666,Intern
26667,Karen_26667,Intern
26668,Leo_26668,Intern
26669,Maya_26669,Intern
26670,Nate_26670,Intern
26671,Olivia_26671,Intern
26672,Paul_26672,Intern
26673,Quinn_26673,Intern
26674,Rose_26674,Intern
26675,Sam_26675,Intern
26676,Tina_26676,Intern
26677,Uma_26677,Intern
26678,Victor_26678,Intern
26679,Wendy_26679,Intern
26680,Xander_26680,Intern
26681,Yara_26681,Intern
26682,Zack_26682,Intern
26683,Ava_26683,Intern
26684,Ben_26684,Intern
26685,Chloe_26685,Intern
26686,Dylan_26686,Intern
26687,Ella_26687,Intern
26688,Finn_26688,Intern
26689,Alice_26689,Intern
26690,Bob_26690,Intern
26691,Carol_26691,Intern
26692,Dave_26692,Intern
26693,Eve_26693,Intern
26694,Frank_26694,Intern
26695,Grace_26695,Intern
26696,Hank_26696,Intern
26697,Iris_26697,Intern
26698,Jack_26698,Intern
26699,Karen_26699,Intern
26700,Leo_26700,Intern
26701,Maya_26701,Intern
26702,Nate_26702,Intern
26703,Olivia_26703,Intern
26704,Paul_26704,Intern
26705,Quinn_26705,Intern
26706,Rose_26706,Intern
26707,Sam_26707,Intern
26708,Tina_26708,Intern
26709,Uma_26709,Intern
26710,Victor_26710,Intern
26711,Wendy_26711,Intern
26712,Xander_26712,Intern
26713,Yara_26713,Intern
26714,Zack_26714,Intern
26715,Ava_26715,Intern
26716,Ben_26716,Intern
26717,Chloe_26717,Intern
26718,Dylan_26718,Intern
26719,Ella_26719,Intern
26720,Finn_26720,Intern
26721,Alice_26721,Intern
26722,Bob_26722,Intern
26723,Carol_26723,Intern
26724,Dave_26724,Intern
26725,Eve_26725,Intern
26726,Frank_26726,Intern
26727,Grace_26727,Intern
26728,Hank_26728,Intern
26729,Iris_26729,Intern
26730,Jack_26730,Intern
26731,Karen_26731,Intern
26732,Leo_26732,Intern
26733,Maya_26733,Intern
26734,Nate_26734,Intern
26735,Olivia_26735,Intern
26736,Paul_26736,Intern
26737,Quinn_26737,Intern
26738,Rose_26738,Intern
26739,Sam_26739,Intern
26740,Tina_26740,Intern
26741,Uma_26741,Intern
26742,Victor_26742,Intern
26743,Wendy_26743,Intern
26744,Xander_26744,Intern
26745,Yara_26745,Intern
26746,Zack_26746,Intern
26747,Ava_26747,Intern
26748,Ben_26748,Intern
26749,Chloe_26749,Intern
26750,Dylan_26750,Intern
26751,Ella_26751,Intern
26752,Finn_26752,Intern
26753,Alice_26753,Intern
26754,Bob_26754,Intern
26755,Carol_26755,Intern
26756,Dave_26756,Intern
26757,Eve_26757,Intern
26758,Frank_26758,Intern
26759,Grace_26759,Intern
26760,Hank_26760,Intern
26761,Iris_26761,Intern
26762,Jack_26762,Intern
26763,Karen_26763,Intern
26764,Leo_26764,Intern
26765,Maya_26765,Intern
26766,Nate_26766,Intern
26767,Olivia_26767,Intern
26768,Paul_26768,Intern
26769,Quinn_26769,Intern
26770,Rose_26770,Intern
26771,Sam_26771,Intern
26772,Tina_26772,Intern
26773,Uma_26773,Intern
26774,Victor_26774,Intern
26775,Wendy_26775,Intern
26776,Xander_26776,Intern
26777,Yara_26777,Intern
26778,Zack_26778,Intern
26779,Ava_26779,Intern
26780,Ben_26780,Intern
26781,Chloe_26781,Intern
26782,Dylan_26782,Intern
26783,Ella_26783,Intern
26784,Finn_26784,Intern
26785,Alice_26785,Intern
26786,Bob_26786,Intern
26787,Carol_26787,Intern
26788,Dave_26788,Intern
26789,Eve_26789,Intern
26790,Frank_26790,Intern
26791,Grace_26791,Intern
26792,Hank_26792,Intern
26793,Iris_26793,Intern
26794,Jack_26794,Intern
26795,Karen_26795,Intern
26796,Leo_26796,Intern
26797,Maya_26797,Intern
26798,Nate_26798,Intern
26799,Olivia_26799,Intern
26800,Paul_26800,Intern
26801,Quinn_26801,Intern
26802,Rose_26802,Intern
26803,Sam_26803,Intern
26804,Tina_26804,Intern
26805,Uma_26805,Intern
26806,Victor_26806,Intern
26807,Wendy_26807,Intern
26808,Xander_26808,Intern
26809,Yara_26809,Intern
26810,Zack_26810,Intern
26811,Ava_26811,Intern
26812,Ben_26812,Intern
26813,Chloe_26813,Intern
26814,Dylan_26814,Intern
26815,Ella_26815,Intern
26816,Finn_26816,Intern
26817,Alice_26817,Intern
26818,Bob_26818,Intern
26819,Carol_26819,Intern
26820,Dave_26820,Intern
26821,Eve_26821,Intern
26822,Frank_26822,Intern
26823,Grace_26823,Intern
26824,Hank_26824,Intern
26825,Iris_26825,Intern
26826,Jack_26826,Intern
26827,Karen_26827,Intern
26828,Leo_26828,Intern
26829,Maya_26829,Intern
26830,Nate_26830,Intern
26831,Olivia_26831,Intern
26832,Paul_26832,Intern
26833,Quinn_26833,Intern
26834,Rose_26834,Intern
26835,Sam_26835,Intern
26836,Tina_26836,Intern
26837,Uma_26837,Intern
26838,Victor_26838,Intern
26839,Wendy_26839,Intern
26840,Xander_26840,Intern
26841,Yara_26841,Intern
26842,Zack_26842,Intern
26843,Ava_26843,Intern
26844,Ben_26844,Intern
26845,Chloe_26845,Intern
26846,Dylan_26846,Intern
26847,Ella_26847,Intern
26848,Finn_26848,Intern
26849,Alice_26849,Intern
26850,Bob_26850,Intern
26851,Carol_26851,Intern
26852,Dave_26852,Intern
26853,Eve_26853,Intern
26854,Frank_26854,Intern
26855,Grace_26855,Intern
26856,Hank_26856,Intern
26857,Iris_26857,Intern
26858,Jack_26858,Intern
26859,Karen_26859,Intern
26860,Leo_26860,Intern
26861,Maya_26861,Intern
26862,Nate_26862,Intern
26863,Olivia_26863,Intern
26864,Paul_26864,Intern
26865,Quinn_26865,Intern
26866,Rose_26866,Intern
26867,Sam_26867,Intern
26868,Tina_26868,Intern
26869,Uma_26869,Intern
26870,Victor_26870,Intern
26871,Wendy_26871,Intern
26872,Xander_26872,Intern
26873,Yara_26873,Intern
26874,Zack_26874,Intern
26875,Ava_26875,Intern
26876,Ben_26876,Intern
26877,Chloe_26877,Intern
26878,Dylan_26878,Intern
26879,Ella_26879,Intern
26880,Finn_26880,Intern
26881,Alice_26881,Intern
26882,Bob_26882,Intern
26883,Carol_26883,Intern
26884,Dave_26884,Intern
26885,Eve_26885,Intern
26886,Frank_26886,Intern
26887,Grace_26887,Intern
26888,Hank_26888,Intern
26889,Iris_26889,Intern
26890,Jack_26890,Intern
26891,Karen_26891,Intern
26892,Leo_26892,Intern
26893,Maya_26893,Intern
26894,Nate_26894,Intern
26895,Olivia_26895,Intern
26896,Paul_26896,Intern
26897,Quinn_26897,Intern
26898,Rose_26898,Intern
26899,Sam_26899,Intern
26900,Tina_26900,Intern
26901,Uma_26901,Intern
26902,Victor_26902,Intern
26903,Wendy_26903,Intern
26904,Xander_26904,Intern
26905,Yara_26905,Intern
26906,Zack_26906,Intern
26907,Ava_26907,Intern
26908,Ben_26908,Intern
26909,Chloe_26909,Intern
26910,Dylan_26910,Intern
26911,Ella_26911,Intern
26912,Finn_26912,Intern
26913,Alice_26913,Intern
26914,Bob_26914,Intern
26915,Carol_26915,Intern
26916,Dave_26916,Intern
26917,Eve_26917,Intern
26918,Frank_26918,Intern
26919,Grace_26919,Intern
26920,Hank_26920,Intern
26921,Iris_26921,Intern
26922,Jack_26922,Intern
26923,Karen_26923,Intern
26924,Leo_26924,Intern
26925,Maya_26925,Intern
26926,Nate_26926,Intern
26927,Olivia_26927,Intern
26928,Paul_26928,Intern
26929,Quinn_26929,Intern
26930,Rose_26930,Intern
26931,Sam_26931,Intern
26932,Tina_26932,Intern
26933,Uma_26933,Intern
26934,Victor_26934,Intern
26935,Wendy_26935,Intern
26936,Xander_26936,Intern
26937,Yara_26937,Intern
26938,Zack_26938,Intern
26939,Ava_26939,Intern
26940,Ben_26940,Intern
26941,Chloe_26941,Intern
26942,Dylan_26942,Intern
26943,Ella_26943,Intern
26944,Finn_26944,Intern
26945,Alice_26945,Intern
26946,Bob_26946,Intern
26947,Carol_26947,Intern
26948,Dave_26948,Intern
26949,Eve_26949,Intern
26950,Frank_26950,Intern
26951,Grace_26951,Intern
26952,Hank_26952,Intern
26953,Iris_26953,Intern
26954,Jack_26954,Intern
26955,Karen_26955,Intern
26956,Leo_26956,Intern
26957,Maya_26957,Intern
26958,Nate_26958,Intern
26959,Olivia_26959,Intern
26960,Paul_26960,Intern
26961,Quinn_26961,Intern
26962,Rose_26962,Intern
26963,Sam_26963,Intern
26964,Tina_26964,Intern
26965,Uma_26965,Intern
26966,Victor_26966,Intern
26967,Wendy_26967,Intern
26968,Xander_26968,Intern
26969,Yara_26969,Intern
26970,Zack_26970,Intern
26971,Ava_26971,Intern
26972,Ben_26972,Intern
26973,Chloe_26973,Intern
26974,Dylan_26974,Intern
26975,Ella_26975,Intern
26976,Finn_26976,Intern
26977,Alice_26977,Intern
26978,Bob_26978,Intern
26979,Carol_26979,Intern
26980,Dave_26980,Intern
26981,Eve_26981,Intern
26982,Frank_26982,Intern
26983,Grace_26983,Intern
26984,Hank_26984,Intern
26985,Iris_26985,Intern
26986,Jack_26986,Intern
26987,Karen_26987,Intern
26988,Leo_26988,Intern
26989,Maya_26989,Intern
26990,Nate_26990,Intern
26991,Olivia_26991,Intern
26992,Paul_26992,Intern
26993,Quinn_26993,Intern
26994,Rose_26994,Intern
26995,Sam_26995,Intern
26996,Tina_26996,Intern
26997,Uma_26997,Intern
26998,Victor_26998,Intern
26999,Wendy_26999,Intern
27000,Xander_27000,Intern
27001,Yara_27001,Intern
27002,Zack_27002,Intern
27003,Ava_27003,Intern
27004,Ben_27004,Intern
27005,Chloe_27005,Intern
27006,Dylan_27006,Intern
27007,Ella_27007,Intern
27008,Finn_27008,Intern
27009,Alice_27009,Intern
27010,Bob_27010,Intern
27011,Carol_27011,Intern
27012,Dave_27012,Intern
27013,Eve_27013,Intern
27014,Frank_27014,Intern
27015,Grace_27015,Intern
27016,Hank_27016,Intern
27017,Iris_27017,Intern
27018,Jack_27018,Intern
27019,Karen_27019,Intern
27020,Leo_27020,Intern
27021,Maya_27021,Intern
27022,Nate_27022,Intern
27023,Olivia_27023,Intern
27024,Paul_27024,Intern
27025,Quinn_27025,Intern
27026,Rose_27026,Intern
27027,Sam_27027,Intern
27028,Tina_27028,Intern
27029,Uma_27029,Intern
27030,Victor_27030,Intern
27031,Wendy_27031,Intern
27032,Xander_27032,Intern
27033,Yara_27033,Intern
27034,Zack_27034,Intern
27035,Ava_27035,Intern
27036,Ben_27036,Intern
27037,Chloe_27037,Intern
27038,Dylan_27038,Intern
27039,Ella_27039,Intern
27040,Finn_27040,Intern
27041,Alice_27041,Intern
27042,Bob_27042,Intern
27043,Carol_27043,Intern
27044,Dave_27044,Intern
27045,Eve_27045,Intern
27046,Frank_27046,Intern
27047,Grace_27047,Intern
27048,Hank_27048,Intern
27049,Iris_27049,Intern
27050,Jack_27050,Intern
27051,Karen_27051,Intern
27052,Leo_27052,Intern
27053,Maya_27053,Intern
27054,Nate_27054,Intern
27055,Olivia_27055,Intern
27056,Paul_27056,Intern
27057,Quinn_27057,Intern
27058,Rose_27058,Intern
27059,Sam_27059,Intern
27060,Tina_27060,Intern
27061,Uma_27061,Intern
27062,Victor_27062,Intern
27063,Wendy_27063,Intern
27064,Xander_27064,Intern
27065,Yara_27065,Intern
27066,Zack_27066,Intern
27067,Ava_27067,Intern
27068,Ben_27068,Intern
27069,Chloe_27069,Intern
27070,Dylan_27070,Intern
27071,Ella_27071,Intern
27072,Finn_27072,Intern
27073,Alice_27073,Intern
27074,Bob_27074,Intern
27075,Carol_27075,Intern
27076,Dave_27076,Intern
27077,Eve_27077,Intern
27078,Frank_27078,Intern
27079,Grace_27079,Intern
27080,Hank_27080,Intern
27081,Iris_27081,Intern
27082,Jack_27082,Intern
27083,Karen_27083,Intern
27084,Leo_27084,Intern
27085,Maya_27085,Intern
27086,Nate_27086,Intern
27087,Olivia_27087,Intern
27088,Paul_27088,Intern
27089,Quinn_27089,Intern
27090,Rose_27090,Intern
27091,Sam_27091,Intern
27092,Tina_27092,Intern
27093,Uma_27093,Intern
27094,Victor_27094,Intern
27095,Wendy_27095,Intern
27096,Xander_27096,Intern
27097,Yara_27097,Intern
27098,Zack_27098,Intern
27099,Ava_27099,Intern
27100,Ben_27100,Intern
27101,Chloe_27101,Intern
27102,Dylan_27102,Intern
27103,Ella_27103,Intern
27104,Finn_27104,Intern
27105,Alice_27105,Intern
27106,Bob_27106,Intern
27107,Carol_27107,Intern
27108,Dave_27108,Intern
27109,Eve_27109,Intern
27110,Frank_27110,Intern
27111,Grace_27111,Intern
27112,Hank_27112,Intern
27113,Iris_27113,Intern
27114,Jack_27114,Intern
27115,Karen_27115,Intern
27116,Leo_27116,Intern
27117,Maya_27117,Intern
27118,Nate_27118,Intern
27119,Olivia_27119,Intern
27120,Paul_27120,Intern
27121,Quinn_27121,Intern
27122,Rose_27122,Intern
27123,Sam_27123,Intern
27124,Tina_27124,Intern
27125,Uma_27125,Intern
27126,Victor_27126,Intern
27127,Wendy_27127,Intern
27128,Xander_27128,Intern
27129,Yara_27129,Intern
27130,Zack_27130,Intern
27131,Ava_27131,Intern
27132,Ben_27132,Intern
27133,Chloe_27133,Intern
27134,Dylan_27134,Intern
27135,Ella_27135,Intern
27136,Finn_27136,Intern
27137,Alice_27137,Intern
27138,Bob_27138,Intern
27139,Carol_27139,Intern
27140,Dave_27140,Intern
27141,Eve_27141,Intern
27142,Frank_27142,Intern
27143,Grace_27143,Intern
27144,Hank_27144,Intern
27145,Iris_27145,Intern
27146,Jack_27146,Intern
27147,Karen_27147,Intern
27148,Leo_27148,Intern
27149,Maya_27149,Intern
27150,Nate_27150,Intern
27151,Olivia_27151,Intern
27152,Paul_27152,Intern
27153,Quinn_27153,Intern
27154,Rose_27154,Intern
27155,Sam_27155,Intern
27156,Tina_27156,Intern
27157,Uma_27157,Intern
27158,Victor_27158,Intern
27159,Wendy_27159,Intern
27160,Xander_27160,Intern
27161,Yara_27161,Intern
27162,Zack_27162,Intern
27163,Ava_27163,Intern
27164,Ben_27164,Intern
27165,Chloe_27165,Intern
27166,Dylan_27166,Intern
27167,Ella_27167,Intern
27168,Finn_27168,Intern
27169,Alice_27169,Intern
27170,Bob_27170,Intern
27171,Carol_27171,Intern
27172,Dave_27172,Intern
27173,Eve_27173,Intern
27174,Frank_27174,Intern
27175,Grace_27175,Intern
27176,Hank_27176,Intern
27177,Iris_27177,Intern
27178,Jack_27178,Intern
27179,Karen_27179,Intern
27180,Leo_27180,Intern
27181,Maya_27181,Intern
27182,Nate_27182,Intern
27183,Olivia_27183,Intern
27184,Paul_27184,Intern
27185,Quinn_27185,Intern
27186,Rose_27186,Intern
27187,Sam_27187,Intern
27188,Tina_27188,Intern
27189,Uma_27189,Intern
27190,Victor_27190,Intern
27191,Wendy_27191,Intern
27192,Xander_27192,Intern
27193,Yara_27193,Intern
27194,Zack_27194,Intern
27195,Ava_27195,Intern
27196,Ben_27196,Intern
27197,Chloe_27197,Intern
27198,Dylan_27198,Intern
27199,Ella_27199,Intern
27200,Finn_27200,Intern
27201,Alice_27201,Intern
27202,Bob_27202,Intern
27203,Carol_27203,Intern
27204,Dave_27204,Intern
27205,Eve_27205,Intern
27206,Frank_27206,Intern
27207,Grace_27207,Intern
27208,Hank_27208,Intern
27209,Iris_27209,Intern
27210,Jack_27210,Intern
27211,Karen_27211,Intern
27212,Leo_27212,Intern
27213,Maya_27213,Intern
27214,Nate_27214,Intern
27215,Olivia_27215,Intern
27216,Paul_27216,Intern
27217,Quinn_27217,Intern
27218,Rose_27218,Intern
27219,Sam_27219,Intern
27220,Tina_27220,Intern
27221,Uma_27221,Intern
27222,Victor_27222,Intern
27223,Wendy_27223,Intern
27224,Xander_27224,Intern
27225,Yara_27225,Intern
27226,Zack_27226,Intern
27227,Ava_27227,Intern
27228,Ben_27228,Intern
27229,Chloe_27229,Intern
27230,Dylan_27230,Intern
27231,Ella_27231,Intern
27232,Finn_27232,Intern
27233,Alice_27233,Intern
27234,Bob_27234,Intern
27235,Carol_27235,Intern
27236,Dave_27236,Intern
27237,Eve_27237,Intern
27238,Frank_27238,Intern
27239,Grace_27239,Intern
27240,Hank_27240,Intern
27241,Iris_27241,Intern
27242,Jack_27242,Intern
27243,Karen_27243,Intern
27244,Leo_27244,Intern
27245,Maya_27245,Intern
27246,Nate_27246,Intern
27247,Olivia_27247,Intern
27248,Paul_27248,Intern
27249,Quinn_27249,Intern
27250,Rose_27250,Intern
27251,Sam_27251,Intern
27252,Tina_27252,Intern
27253,Uma_27253,Intern
27254,Victor_27254,Intern
27255,Wendy_27255,Intern
27256,Xander_27256,Intern
27257,Yara_27257,Intern
27258,Zack_27258,Intern
27259,Ava_27259,Intern
27260,Ben_27260,Intern
27261,Chloe_27261,Intern
27262,Dylan_27262,Intern
27263,Ella_27263,Intern
27264,Finn_27264,Intern
27265,Alice_27265,Intern
27266,Bob_27266,Intern
27267,Carol_27267,Intern
27268,Dave_27268,Intern
27269,Eve_27269,Intern
27270,Frank_27270,Intern
27271,Grace_27271,Intern
27272,Hank_27272,Intern
27273,Iris_27273,Intern
27274,Jack_27274,Intern
27275,Karen_27275,Intern
27276,Leo_27276,Intern
27277,Maya_27277,Intern
27278,Nate_27278,Intern
27279,Olivia_27279,Intern
27280,Paul_27280,Intern
27281,Quinn_27281,Intern
27282,Rose_27282,Intern
27283,Sam_27283,Intern
27284,Tina_27284,Intern
27285,Uma_27285,Intern
27286,Victor_27286,Intern
27287,Wendy_27287,Intern
27288,Xander_27288,Intern
27289,Yara_27289,Intern
27290,Zack_27290,Intern
27291,Ava_27291,Intern
27292,Ben_27292,Intern
27293,Chloe_27293,Intern
27294,Dylan_27294,Intern
27295,Ella_27295,Intern
27296,Finn_27296,Intern
27297,Alice_27297,Intern
27298,Bob_27298,Intern
27299,Carol_27299,Intern
27300,Dave_27300,Intern
27301,Eve_27301,Intern
27302,Frank_27302,Intern
27303,Grace_27303,Intern
27304,Hank_27304,Intern
27305,Iris_27305,Intern
27306,Jack_27306,Intern
27307,Karen_27307,Intern
27308,Leo_27308,Intern
27309,Maya_27309,Intern
27310,Nate_27310,Intern
27311,Olivia_27311,Intern
27312,Paul_27312,Intern
27313,Quinn_27313,Intern
27314,Rose_27314,Intern
27315,Sam_27315,Intern
27316,Tina_27316,Intern
27317,Uma_27317,Intern
27318,Victor_27318,Intern
27319,Wendy_27319,Intern
27320,Xander_27320,Intern
27321,Yara_27321,Intern
27322,Zack_27322,Intern
27323,Ava_27323,Intern
27324,Ben_27324,Intern
27325,Chloe_27325,Intern
27326,Dylan_27326,Intern
27327,Ella_27327,Intern
27328,Finn_27328,Intern
27329,Alice_27329,Intern
27330,Bob_27330,Intern
27331,Carol_27331,Intern
27332,Dave_27332,Intern
27333,Eve_27333,Intern
27334,Frank_27334,Intern
27335,Grace_27335,Intern
27336,Hank_27336,Intern
27337,Iris_27337,Intern
27338,Jack_27338,Intern
27339,Karen_27339,Intern
27340,Leo_27340,Intern
27341,Maya_27341,Intern
27342,Nate_27342,Intern
27343,Olivia_27343,Intern
27344,Paul_27344,Intern
27345,Quinn_27345,Intern
27346,Rose_27346,Intern
27347,Sam_27347,Intern
27348,Tina_27348,Intern
27349,Uma_27349,Intern
27350,Victor_27350,Intern
27351,Wendy_27351,Intern
27352,Xander_27352,Intern
27353,Yara_27353,Intern
27354,Zack_27354,Intern
27355,Ava_27355,Intern
27356,Ben_27356,Intern
27357,Chloe_27357,Intern
27358,Dylan_27358,Intern
27359,Ella_27359,Intern
27360,Finn_27360,Intern
27361,Alice_27361,Intern
27362,Bob_27362,Intern
27363,Carol_27363,Intern
27364,Dave_27364,Intern
27365,Eve_27365,Intern
27366,Frank_27366,Intern
27367,Grace_27367,Intern
27368,Hank_27368,Intern
27369,Iris_27369,Intern
27370,Jack_27370,Intern
27371,Karen_27371,Intern
27372,Leo_27372,Intern
27373,Maya_27373,Intern
27374,Nate_27374,Intern
27375,Olivia_27375,Intern
27376,Paul_27376,Intern
27377,Quinn_27377,Intern
27378,Rose_27378,Intern
27379,Sam_27379,Intern
27380,Tina_27380,Intern
27381,Uma_27381,Intern
27382,Victor_27382,Intern
27383,Wendy_27383,Intern
27384,Xander_27384,Intern
27385,Yara_27385,Intern
27386,Zack_27386,Intern
27387,Ava_27387,Intern
27388,Ben_27388,Intern
27389,Chloe_27389,Intern
27390,Dylan_27390,Intern
27391,Ella_27391,Intern
27392,Finn_27392,Intern
27393,Alice_27393,Intern
27394,Bob_27394,Intern
27395,Carol_27395,Intern
27396,Dave_27396,Intern
27397,Eve_27397,Intern
27398,Frank_27398,Intern
27399,Grace_27399,Intern
27400,Hank_27400,Intern
27401,Iris_27401,Intern
27402,Jack_27402,Intern
27403,Karen_27403,Intern
27404,Leo_27404,Intern
27405,Maya_27405,Intern
27406,Nate_27406,Intern
27407,Olivia_27407,Intern
27408,Paul_27408,Intern
27409,Quinn_27409,Intern
27410,Rose_27410,Intern
27411,Sam_27411,Intern
27412,Tina_27412,Intern
27413,Uma_27413,Intern
27414,Victor_27414,Intern
27415,Wendy_27415,Intern
27416,Xander_27416,Intern
27417,Yara_27417,Intern
27418,Zack_27418,Intern
27419,Ava_27419,Intern
27420,Ben_27420,Intern
27421,Chloe_27421,Intern
27422,Dylan_27422,Intern
27423,Ella_27423,Intern
27424,Finn_27424,Intern
27425,Alice_27425,Intern
27426,Bob_27426,Intern
27427,Carol_27427,Intern
27428,Dave_27428,Intern
27429,Eve_27429,Intern
27430,Frank_27430,Intern
27431,Grace_27431,Intern
27432,Hank_27432,Intern
27433,Iris_27433,Intern
27434,Jack_27434,Intern
27435,Karen_27435,Intern
27436,Leo_27436,Intern
27437,Maya_27437,Intern
27438,Nate_27438,Intern
27439,Olivia_27439,Intern
27440,Paul_27440,Intern
27441,Quinn_27441,Intern
27442,Rose_27442,Intern
27443,Sam_27443,Intern
27444,Tina_27444,Intern
27445,Uma_27445,Intern
27446,Victor_27446,Intern
27447,Wendy_27447,Intern
27448,Xander_27448,Intern
27449,Yara_27449,Intern
27450,Zack_27450,Intern
27451,Ava_27451,Intern
27452,Ben_27452,Intern
27453,Chloe_27453,Intern
27454,Dylan_27454,Intern
27455,Ella_27455,Intern
27456,Finn_27456,Intern
27457,Alice_27457,Intern
27458,Bob_27458,Intern
27459,Carol_27459,Intern
27460,Dave_27460,Intern
27461,Eve_27461,Intern
27462,Frank_27462,Intern
27463,Grace_27463,Intern
27464,Hank_27464,Intern
27465,Iris_27465,Intern
27466,Jack_27466,Intern
27467,Karen_27467,Intern
27468,Leo_27468,Intern
27469,Maya_27469,Intern
27470,Nate_27470,Intern
27471,Olivia_27471,Intern
27472,Paul_27472,Intern
27473,Quinn_27473,Intern
27474,Rose_27474,Intern
27475,Sam_27475,Intern
27476,Tina_27476,Intern
27477,Uma_27477,Intern
27478,Victor_27478,Intern
27479,Wendy_27479,Intern
27480,Xander_27480,Intern
27481,Yara_27481,Intern
27482,Zack_27482,Intern
27483,Ava_27483,Intern
27484,Ben_27484,Intern
27485,Chloe_27485,Intern
27486,Dylan_27486,Intern
27487,Ella_27487,Intern
27488,Finn_27488,Intern
27489,Alice_27489,Intern
27490,Bob_27490,Intern
27491,Carol_27491,Intern
27492,Dave_27492,Intern
27493,Eve_27493,Intern
27494,Frank_27494,Intern
27495,Grace_27495,Intern
27496,Hank_27496,Intern
27497,Iris_27497,Intern
27498,Jack_27498,Intern
27499,Karen_27499,Intern
27500,Leo_27500,Intern
27501,Maya_27501,Intern
27502,Nate_27502,Intern
27503,Olivia_27503,Intern
27504,Paul_27504,Intern
27505,Quinn_27505,Intern
27506,Rose_27506,Intern
27507,Sam_27507,Intern
27508,Tina_27508,Intern
27509,Uma_27509,Intern
27510,Victor_27510,Intern
27511,Wendy_27511,Intern
27512,Xander_27512,Intern
27513,Yara_27513,Intern
27514,Zack_27514,Intern
27515,Ava_27515,Intern
27516,Ben_27516,Intern
27517,Chloe_27517,Intern
27518,Dylan_27518,Intern
27519,Ella_27519,Intern
27520,Finn_27520,Intern
27521,Alice_27521,Intern
27522,Bob_27522,Intern
27523,Carol_27523,Intern
27524,Dave_27524,Intern
27525,Eve_27525,Intern
27526,Frank_27526,Intern
27527,Grace_27527,Intern
27528,Hank_27528,Intern
27529,Iris_27529,Intern
27530,Jack_27530,Intern
27531,Karen_27531,Intern
27532,Leo_27532,Intern
27533,Maya_27533,Intern
27534,Nate_27534,Intern
27535,Olivia_27535,Intern
27536,Paul_27536,Intern
27537,Quinn_27537,Intern
27538,Rose_27538,Intern
27539,Sam_27539,Intern
27540,Tina_27540,Intern
27541,Uma_27541,Intern
27542,Victor_27542,Intern
27543,Wendy_27543,Intern
27544,Xander_27544,Intern
27545,Yara_27545,Intern
27546,Zack_27546,Intern
27547,Ava_27547,Intern
27548,Ben_27548,Intern
27549,Chloe_27549,Intern
27550,Dylan_27550,Intern
27551,Ella_27551,Intern
27552,Finn_27552,Intern
27553,Alice_27553,Intern
27554,Bob_27554,Intern
27555,Carol_27555,Intern
27556,Dave_27556,Intern
27557,Eve_27557,Intern
27558,Frank_27558,Intern
27559,Grace_27559,Intern
27560,Hank_27560,Intern
27561,Iris_27561,Intern
27562,Jack_27562,Intern
27563,Karen_27563,Intern
27564,Leo_27564,Intern
27565,Maya_27565,Intern
27566,Nate_27566,Intern
27567,Olivia_27567,Intern
27568,Paul_27568,Intern
27569,Quinn_27569,Intern
27570,Rose_27570,Intern
27571,Sam_27571,Intern
27572,Tina_27572,Intern
27573,Uma_27573,Intern
27574,Victor_27574,Intern
27575,Wendy_27575,Intern
27576,Xander_27576,Intern
27577,Yara_27577,Intern
27578,Zack_27578,Intern
27579,Ava_27579,Intern
27580,Ben_27580,Intern
27581,Chloe_27581,Intern
27582,Dylan_27582,Intern
27583,Ella_27583,Intern
27584,Finn_27584,Intern
27585,Alice_27585,Intern
27586,Bob_27586,Intern
27587,Carol_27587,Intern
27588,Dave_27588,Intern
27589,Eve_27589,Intern
27590,Frank_27590,Intern
27591,Grace_27591,Intern
27592,Hank_27592,Intern
27593,Iris_27593,Intern
27594,Jack_27594,Intern
27595,Karen_27595,Intern
27596,Leo_27596,Intern
27597,Maya_27597,Intern
27598,Nate_27598,Intern
27599,Olivia_27599,Intern
27600,Paul_27600,Intern
27601,Quinn_27601,Intern
27602,Rose_27602,Intern
27603,Sam_27603,Intern
27604,Tina_27604,Intern
27605,Uma_27605,Intern
27606,Victor_27606,Intern
27607,Wendy_27607,Intern
27608,Xander_27608,Intern
27609,Yara_27609,Intern
27610,Zack_27610,Intern
27611,Ava_27611,Intern
27612,Ben_27612,Intern
27613,Chloe_27613,Intern
27614,Dylan_27614,Intern
27615,Ella_27615,Intern
27616,Finn_27616,Intern
27617,Alice_27617,Intern
27618,Bob_27618,Intern
27619,Carol_27619,Intern
27620,Dave_27620,Intern
27621,Eve_27621,Intern
27622,Frank_27622,Intern
27623,Grace_27623,Intern
27624,Hank_27624,Intern
27625,Iris_27625,Intern
27626,Jack_27626,Intern
27627,Karen_27627,Intern
27628,Leo_27628,Intern
27629,Maya_27629,Intern
27630,Nate_27630,Intern
27631,Olivia_27631,Intern
27632,Paul_27632,Intern
27633,Quinn_27633,Intern
27634,Rose_27634,Intern
27635,Sam_27635,Intern
27636,Tina_27636,Intern
27637,Uma_27637,Intern
27638,Victor_27638,Intern
27639,Wendy_27639,Intern
27640,Xander_27640,Intern
27641,Yara_27641,Intern
27642,Zack_27642,Intern
27643,Ava_27643,Intern
27644,Ben_27644,Intern
27645,Chloe_27645,Intern
27646,Dylan_27646,Intern
27647,Ella_27647,Intern
27648,Finn_27648,Intern
27649,Alice_27649,Intern
27650,Bob_27650,Intern
27651,Carol_27651,Intern
27652,Dave_27652,Intern
27653,Eve_27653,Intern
27654,Frank_27654,Intern
27655,Grace_27655,Intern
27656,Hank_27656,Intern
27657,Iris_27657,Intern
27658,Jack_27658,Intern
27659,Karen_27659,Intern
27660,Leo_27660,Intern
27661,Maya_27661,Intern
27662,Nate_27662,Intern
27663,Olivia_27663,Intern
27664,Paul_27664,Intern
27665,Quinn_27665,Intern
27666,Rose_27666,Intern
27667,Sam_27667,Intern
27668,Tina_27668,Intern
27669,Uma_27669,Intern
27670,Victor_27670,Intern
27671,Wendy_27671,Intern
27672,Xander_27672,Intern
27673,Yara_27673,Intern
27674,Zack_27674,Intern
27675,Ava_27675,Intern
27676,Ben_27676,Intern
27677,Chloe_27677,Intern
27678,Dylan_27678,Intern
27679,Ella_27679,Intern
27680,Finn_27680,Intern
27681,Alice_27681,Intern
27682,Bob_27682,Intern
27683,Carol_27683,Intern
27684,Dave_27684,Intern
27685,Eve_27685,Intern
27686,Frank_27686,Intern
27687,Grace_27687,Intern
27688,Hank_27688,Intern
27689,Iris_27689,Intern
27690,Jack_27690,Intern
27691,Karen_27691,Intern
27692,Leo_27692,Intern
27693,Maya_27693,Intern
27694,Nate_27694,Intern
27695,Olivia_27695,Intern
27696,Paul_27696,Intern
27697,Quinn_27697,Intern
27698,Rose_27698,Intern
27699,Sam_27699,Intern
27700,Tina_27700,Intern
27701,Uma_27701,Intern
27702,Victor_27702,Intern
27703,Wendy_27703,Intern
27704,Xander_27704,Intern
27705,Yara_27705,Intern
27706,Zack_27706,Intern
27707,Ava_27707,Intern
27708,Ben_27708,Intern
27709,Chloe_27709,Intern
27710,Dylan_27710,Intern
27711,Ella_27711,Intern
27712,Finn_27712,Intern
27713,Alice_27713,Intern
27714,Bob_27714,Intern
27715,Carol_27715,Intern
27716,Dave_27716,Intern
27717,Eve_27717,Intern
27718,Frank_27718,Intern
27719,Grace_27719,Intern
27720,Hank_27720,Intern
27721,Iris_27721,Intern
27722,Jack_27722,Intern
27723,Karen_27723,Intern
27724,Leo_27724,Intern
27725,Maya_27725,Intern
27726,Nate_27726,Intern
27727,Olivia_27727,Intern
27728,Paul_27728,Intern
27729,Quinn_27729,Intern
27730,Rose_27730,Intern
27731,Sam_27731,Intern
27732,Tina_27732,Intern
27733,Uma_27733,Intern
27734,Victor_27734,Intern
27735,Wendy_27735,Intern
27736,Xander_27736,Intern
27737,Yara_27737,Intern
27738,Zack_27738,Intern
27739,Ava_27739,Intern
27740,Ben_27740,Intern
27741,Chloe_27741,Intern
27742,Dylan_27742,Intern
27743,Ella_27743,Intern
27744,Finn_27744,Intern
27745,Alice_27745,Intern
27746,Bob_27746,Intern
27747,Carol_27747,Intern
27748,Dave_27748,Intern
27749,Eve_27749,Intern
27750,Frank_27750,Intern
27751,Grace_27751,Intern
27752,Hank_27752,Intern
27753,Iris_27753,Intern
27754,Jack_27754,Intern
27755,Karen_27755,Intern
27756,Leo_27756,Intern
27757,Maya_27757,Intern
27758,Nate_27758,Intern
27759,Olivia_27759,Intern
27760,Paul_27760,Intern
27761,Quinn_27761,Intern
27762,Rose_27762,Intern
27763,Sam_27763,Intern
27764,Tina_27764,Intern
27765,Uma_27765,Intern
27766,Victor_27766,Intern
27767,Wendy_27767,Intern
27768,Xander_27768,Intern
27769,Yara_27769,Intern
27770,Zack_27770,Intern
27771,Ava_27771,Intern
27772,Ben_27772,Intern
27773,Chloe_27773,Intern
27774,Dylan_27774,Intern
27775,Ella_27775,Intern
27776,Finn_27776,Intern
27777,Alice_27777,Intern
27778,Bob_27778,Intern
27779,Carol_27779,Intern
27780,Dave_27780,Intern
27781,Eve_27781,Intern
27782,Frank_27782,Intern
27783,Grace_27783,Intern
27784,Hank_27784,Intern
27785,Iris_27785,Intern
27786,Jack_27786,Intern
27787,Karen_27787,Intern
27788,Leo_27788,Intern
27789,Maya_27789,Intern
27790,Nate_27790,Intern
27791,Olivia_27791,Intern
27792,Paul_27792,Intern
27793,Quinn_27793,Intern
27794,Rose_27794,Intern
27795,Sam_27795,Intern
27796,Tina_27796,Intern
27797,Uma_27797,Intern
27798,Victor_27798,Intern
27799,Wendy_27799,Intern
27800,Xander_27800,Intern
27801,Yara_27801,Intern
27802,Zack_27802,Intern
27803,Ava_27803,Intern
27804,Ben_27804,Intern
27805,Chloe_27805,Intern
27806,Dylan_27806,Intern
27807,Ella_27807,Intern
27808,Finn_27808,Intern
27809,Alice_27809,Intern
27810,Bob_27810,Intern
27811,Carol_27811,Intern
27812,Dave_27812,Intern
27813,Eve_27813,Intern
27814,Frank_27814,Intern
27815,Grace_27815,Intern
27816,Hank_27816,Intern
27817,Iris_27817,Intern
27818,Jack_27818,Intern
27819,Karen_27819,Intern
27820,Leo_27820,Intern
27821,Maya_27821,Intern
27822,Nate_27822,Intern
27823,Olivia_27823,Intern
27824,Paul_27824,Intern
27825,Quinn_27825,Intern
27826,Rose_27826,Intern
27827,Sam_27827,Intern
27828,Tina_27828,Intern
27829,Uma_27829,Intern
27830,Victor_27830,Intern
27831,Wendy_27831,Intern
27832,Xander_27832,Intern
27833,Yara_27833,Intern
27834,Zack_27834,Intern
27835,Ava_27835,Intern
27836,Ben_27836,Intern
27837,Chloe_27837,Intern
27838,Dylan_27838,Intern
27839,Ella_27839,Intern
27840,Finn_27840,Intern
27841,Alice_27841,Intern
27842,Bob_27842,Intern
27843,Carol_27843,Intern
27844,Dave_27844,Intern
27845,Eve_27845,Intern
27846,Frank_27846,Intern
27847,Grace_27847,Intern
27848,Hank_27848,Intern
27849,Iris_27849,Intern
27850,Jack_27850,Intern
27851,Karen_27851,Intern
27852,Leo_27852,Intern
27853,Maya_27853,Intern
27854,Nate_27854,Intern
27855,Olivia_27855,Intern
27856,Paul_27856,Intern
27857,Quinn_27857,Intern
27858,Rose_27858,Intern
27859,Sam_27859,Intern
27860,Tina_27860,Intern
27861,Uma_27861,Intern
27862,Victor_27862,Intern
27863,Wendy_27863,Intern
27864,Xander_27864,Intern
27865,Yara_27865,Intern
27866,Zack_27866,Intern
27867,Ava_27867,Intern
27868,Ben_27868,Intern
27869,Chloe_27869,Intern
27870,Dylan_27870,Intern
27871,Ella_27871,Intern
27872,Finn_27872,Intern
27873,Alice_27873,Intern
27874,Bob_27874,Intern
27875,Carol_27875,Intern
27876,Dave_27876,Intern
27877,Eve_27877,Intern
27878,Frank_27878,Intern
27879,Grace_27879,Intern
27880,Hank_27880,Intern
27881,Iris_27881,Intern
27882,Jack_27882,Intern
27883,Karen_27883,Intern
27884,Leo_27884,Intern
27885,Maya_27885,Intern
27886,Nate_27886,Intern
27887,Olivia_27887,Intern
27888,Paul_27888,Intern
27889,Quinn_27889,Intern
27890,Rose_27890,Intern
27891,Sam_27891,Intern
27892,Tina_27892,Intern
27893,Uma_27893,Intern
27894,Victor_27894,Intern
27895,Wendy_27895,Intern
27896,Xander_27896,Intern
27897,Yara_27897,Intern
27898,Zack_27898,Intern
27899,Ava_27899,Intern
27900,Ben_27900,Intern
27901,Chloe_27901,Intern
27902,Dylan_27902,Intern
27903,Ella_27903,Intern
27904,Finn_27904,Intern
27905,Alice_27905,Intern
27906,Bob_27906,Intern
27907,Carol_27907,Intern
27908,Dave_27908,Intern
27909,Eve_27909,Intern
27910,Frank_27910,Intern
27911,Grace_27911,Intern
27912,Hank_27912,Intern
27913,Iris_27913,Intern
27914,Jack_27914,Intern
27915,Karen_27915,Intern
27916,Leo_27916,Intern
27917,Maya_27917,Intern
27918,Nate_27918,Intern
27919,Olivia_27919,Intern
27920,Paul_27920,Intern
27921,Quinn_27921,Intern
27922,Rose_27922,Intern
27923,Sam_27923,Intern
27924,Tina_27924,Intern
27925,Uma_27925,Intern
27926,Victor_27926,Intern
27927,Wendy_27927,Intern
27928,Xander_27928,Intern
27929,Yara_27929,Intern
27930,Zack_27930,Intern
27931,Ava_27931,Intern
27932,Ben_27932,Intern
27933,Chloe_27933,Intern
27934,Dylan_27934,Intern
27935,Ella_27935,Intern
27936,Finn_27936,Intern
27937,Alice_27937,Intern
27938,Bob_27938,Intern
27939,Carol_27939,Intern
27940,Dave_27940,Intern
27941,Eve_27941,Intern
27942,Frank_27942,Intern
27943,Grace_27943,Intern
27944,Hank_27944,Intern
27945,Iris_27945,Intern
27946,Jack_27946,Intern
27947,Karen_27947,Intern
27948,Leo_27948,Intern
27949,Maya_27949,Intern
27950,Nate_27950,Intern
27951,Olivia_27951,Intern
27952,Paul_27952,Intern
27953,Quinn_27953,Intern
27954,Rose_27954,Intern
27955,Sam_27955,Intern
27956,Tina_27956,Intern
27957,Uma_27957,Intern
27958,Victor_27958,Intern
27959,Wendy_27959,Intern
27960,Xander_27960,Intern
27961,Yara_27961,Intern
27962,Zack_27962,Intern
27963,Ava_27963,Intern
27964,Ben_27964,Intern
27965,Chloe_27965,Intern
27966,Dylan_27966,Intern
27967,Ella_27967,Intern
27968,Finn_27968,Intern
27969,Alice_27969,Intern
27970,Bob_27970,Intern
27971,Carol_27971,Intern
27972,Dave_27972,Intern
27973,Eve_27973,Intern
27974,Frank_27974,Intern
27975,Grace_27975,Intern
27976,Hank_27976,Intern
27977,Iris_27977,Intern
27978,Jack_27978,Intern
27979,Karen_27979,Intern
27980,Leo_27980,Intern
27981,Maya_27981,Intern
27982,Nate_27982,Intern
27983,Olivia_27983,Intern
27984,Paul_27984,Intern
27985,Quinn_27985,Intern
27986,Rose_27986,Intern
27987,Sam_27987,Intern
27988,Tina_27988,Intern
27989,Uma_27989,Intern
27990,Victor_27990,Intern
27991,Wendy_27991,Intern
27992,Xander_27992,Intern
27993,Yara_27993,Intern
27994,Zack_27994,Intern
27995,Ava_27995,Intern
27996,Ben_27996,Intern
27997,Chloe_27997,Intern
27998,Dylan_27998,Intern
27999,Ella_27999,Intern
28000,Finn_28000,Intern
28001,Alice_28001,Intern
28002,Bob_28002,Intern
28003,Carol_28003,Intern
28004,Dave_28004,Intern
28005,Eve_28005,Intern
28006,Frank_28006,Intern
28007,Grace_28007,Intern
28008,Hank_28008,Intern
28009,Iris_28009,Intern
28010,Jack_28010,Intern
28011,Karen_28011,Intern
28012,Leo_28012,Intern
28013,Maya_28013,Intern
28014,Nate_28014,Intern
28015,Olivia_28015,Intern
28016,Paul_28016,Intern
28017,Quinn_28017,Intern
28018,Rose_28018,Intern
28019,Sam_28019,Intern
28020,Tina_28020,Intern
28021,Uma_28021,Intern
28022,Victor_28022,Intern
28023,Wendy_28023,Intern
28024,Xander_28024,Intern
28025,Yara_28025,Intern
28026,Zack_28026,Intern
28027,Ava_28027,Intern
28028,Ben_28028,Intern
28029,Chloe_28029,Intern
28030,Dylan_28030,Intern
28031,Ella_28031,Intern
28032,Finn_28032,Intern
28033,Alice_28033,Intern
28034,Bob_28034,Intern
28035,Carol_28035,Intern
28036,Dave_28036,Intern
28037,Eve_28037,Intern
28038,Frank_28038,Intern
28039,Grace_28039,Intern
28040,Hank_28040,Intern
28041,Iris_28041,Intern
28042,Jack_28042,Intern
28043,Karen_28043,Intern
28044,Leo_28044,Intern
28045,Maya_28045,Intern
28046,Nate_28046,Intern
28047,Olivia_28047,Intern
28048,Paul_28048,Intern
28049,Quinn_28049,Intern
28050,Rose_28050,Intern
28051,Sam_28051,Intern
28052,Tina_28052,Intern
28053,Uma_28053,Intern
28054,Victor_28054,Intern
28055,Wendy_28055,Intern
28056,Xander_28056,Intern
28057,Yara_28057,Intern
28058,Zack_28058,Intern
28059,Ava_28059,Intern
28060,Ben_28060,Intern
28061,Chloe_28061,Intern
28062,Dylan_28062,Intern
28063,Ella_28063,Intern
28064,Finn_28064,Intern
28065,Alice_28065,Intern
28066,Bob_28066,Intern
28067,Carol_28067,Intern
28068,Dave_28068,Intern
28069,Eve_28069,Intern
28070,Frank_28070,Intern
28071,Grace_28071,Intern
28072,Hank_28072,Intern
28073,Iris_28073,Intern
28074,Jack_28074,Intern
28075,Karen_28075,Intern
28076,Leo_28076,Intern
28077,Maya_28077,Intern
28078,Nate_28078,Intern
28079,Olivia_28079,Intern
28080,Paul_28080,Intern
28081,Quinn_28081,Intern
28082,Rose_28082,Intern
28083,Sam_28083,Intern
28084,Tina_28084,Intern
28085,Uma_28085,Intern
28086,Victor_28086,Intern
28087,Wendy_28087,Intern
28088,Xander_28088,Intern
28089,Yara_28089,Intern
28090,Zack_28090,Intern
28091,Ava_28091,Intern
28092,Ben_28092,Intern
28093,Chloe_28093,Intern
28094,Dylan_28094,Intern
28095,Ella_28095,Intern
28096,Finn_28096,Intern
28097,Alice_28097,Intern
28098,Bob_28098,Intern
28099,Carol_28099,Intern
28100,Dave_28100,Intern
28101,Eve_28101,Intern
28102,Frank_28102,Intern
28103,Grace_28103,Intern
28104,Hank_28104,Intern
28105,Iris_28105,Intern
28106,Jack_28106,Intern
28107,Karen_28107,Intern
28108,Leo_28108,Intern
28109,Maya_28109,Intern
28110,Nate_28110,Intern
28111,Olivia_28111,Intern
28112,Paul_28112,Intern
28113,Quinn_28113,Intern
28114,Rose_28114,Intern
28115,Sam_28115,Intern
28116,Tina_28116,Intern
28117,Uma_28117,Intern
28118,Victor_28118,Intern
28119,Wendy_28119,Intern
28120,Xander_28120,Intern
28121,Yara_28121,Intern
28122,Zack_28122,Intern
28123,Ava_28123,Intern
28124,Ben_28124,Intern
28125,Chloe_28125,Intern
28126,Dylan_28126,Intern
28127,Ella_28127,Intern
28128,Finn_28128,Intern
28129,Alice_28129,Intern
28130,Bob_28130,Intern
28131,Carol_28131,Intern
28132,Dave_28132,Intern
28133,Eve_28133,Intern
28134,Frank_28134,Intern
28135,Grace_28135,Intern
28136,Hank_28136,Intern
28137,Iris_28137,Intern
28138,Jack_28138,Intern
28139,Karen_28139,Intern
28140,Leo_28140,Intern
28141,Maya_28141,Intern
28142,Nate_28142,Intern
28143,Olivia_28143,Intern
28144,Paul_28144,Intern
28145,Quinn_28145,Intern
28146,Rose_28146,Intern
28147,Sam_28147,Intern
28148,Tina_28148,Intern
28149,Uma_28149,Intern
28150,Victor_28150,Intern
28151,Wendy_28151,Intern
28152,Xander_28152,Intern
28153,Yara_28153,Intern
28154,Zack_28154,Intern
28155,Ava_28155,Intern
28156,Ben_28156,Intern
28157,Chloe_28157,Intern
28158,Dylan_28158,Intern
28159,Ella_28159,Intern
28160,Finn_28160,Intern
28161,Alice_28161,Intern
28162,Bob_28162,Intern
28163,Carol_28163,Intern
28164,Dave_28164,Intern
28165,Eve_28165,Intern
28166,Frank_28166,Intern
28167,Grace_28167,Intern
28168,Hank_28168,Intern
28169,Iris_28169,Intern
28170,Jack_28170,Intern
28171,Karen_28171,Intern
28172,Leo_28172,Intern
28173,Maya_28173,Intern
28174,Nate_28174,Intern
28175,Olivia_28175,Intern
28176,Paul_28176,Intern
28177,Quinn_28177,Intern
28178,Rose_28178,Intern
28179,Sam_28179,Intern
28180,Tina_28180,Intern
28181,Uma_28181,Intern
28182,Victor_28182,Intern
28183,Wendy_28183,Intern
28184,Xander_28184,Intern
28185,Yara_28185,Intern
28186,Zack_28186,Intern
28187,Ava_28187,Intern
28188,Ben_28188,Intern
28189,Chloe_28189,Intern
28190,Dylan_28190,Intern
28191,Ella_28191,Intern
28192,Finn_28192,Intern
28193,Alice_28193,Intern
28194,Bob_28194,Intern
28195,Carol_28195,Intern
28196,Dave_28196,Intern
28197,Eve_28197,Intern
28198,Frank_28198,Intern
28199,Grace_28199,Intern
28200,Hank_28200,Intern
28201,Iris_28201,Intern
28202,Jack_28202,Intern
28203,Karen_28203,Intern
28204,Leo_28204,Intern
28205,Maya_28205,Intern
28206,Nate_28206,Intern
28207,Olivia_28207,Intern
28208,Paul_28208,Intern
28209,Quinn_28209,Intern
28210,Rose_28210,Intern
28211,Sam_28211,Intern
28212,Tina_28212,Intern
28213,Uma_28213,Intern
28214,Victor_28214,Intern
28215,Wendy_28215,Intern
28216,Xander_28216,Intern
28217,Yara_28217,Intern
28218,Zack_28218,Intern
28219,Ava_28219,Intern
28220,Ben_28220,Intern
28221,Chloe_28221,Intern
28222,Dylan_28222,Intern
28223,Ella_28223,Intern
28224,Finn_28224,Intern
28225,Alice_28225,Intern
28226,Bob_28226,Intern
28227,Carol_28227,Intern
28228,Dave_28228,Intern
28229,Eve_28229,Intern
28230,Frank_28230,Intern
28231,Grace_28231,Intern
28232,Hank_28232,Intern
28233,Iris_28233,Intern
28234,Jack_28234,Intern
28235,Karen_28235,Intern
28236,Leo_28236,Intern
28237,Maya_28237,Intern
28238,Nate_28238,Intern
28239,Olivia_28239,Intern
28240,Paul_28240,Intern
28241,Quinn_28241,Intern
28242,Rose_28242,Intern
28243,Sam_28243,Intern
28244,Tina_28244,Intern
28245,Uma_28245,Intern
28246,Victor_28246,Intern
28247,Wendy_28247,Intern
28248,Xander_28248,Intern
28249,Yara_28249,Intern
28250,Zack_28250,Intern
28251,Ava_28251,Intern
28252,Ben_28252,Intern
28253,Chloe_28253,Intern
28254,Dylan_28254,Intern
28255,Ella_28255,Intern
28256,Finn_28256,Intern
28257,Alice_28257,Intern
28258,Bob_28258,Intern
28259,Carol_28259,Intern
28260,Dave_28260,Intern
28261,Eve_28261,Intern
28262,Frank_28262,Intern
28263,Grace_28263,Intern
28264,Hank_28264,Intern
28265,Iris_28265,Intern
28266,Jack_28266,Intern
28267,Karen_28267,Intern
28268,Leo_28268,Intern
28269,Maya_28269,Intern
28270,Nate_28270,Intern
28271,Olivia_28271,Intern
28272,Paul_28272,Intern
28273,Quinn_28273,Intern
28274,Rose_28274,Intern
28275,Sam_28275,Intern
28276,Tina_28276,Intern
28277,Uma_28277,Intern
28278,Victor_28278,Intern
28279,Wendy_28279,Intern
28280,Xander_28280,Intern
28281,Yara_28281,Intern
28282,Zack_28282,Intern
28283,Ava_28283,Intern
28284,Ben_28284,Intern
28285,Chloe_28285,Intern
28286,Dylan_28286,Intern
28287,Ella_28287,Intern
28288,Finn_28288,Intern
28289,Alice_28289,Intern
28290,Bob_28290,Intern
28291,Carol_28291,Intern
28292,Dave_28292,Intern
28293,Eve_28293,Intern
28294,Frank_28294,Intern
28295,Grace_28295,Intern
28296,Hank_28296,Intern
28297,Iris_28297,Intern
28298,Jack_28298,Intern
28299,Karen_28299,Intern
28300,Leo_28300,Intern
28301,Maya_28301,Intern
28302,Nate_28302,Intern
28303,Olivia_28303,Intern
28304,Paul_28304,Intern
28305,Quinn_28305,Intern
28306,Rose_28306,Intern
28307,Sam_28307,Intern
28308,Tina_28308,Intern
28309,Uma_28309,Intern
28310,Victor_28310,Intern
28311,Wendy_28311,Intern
28312,Xander_28312,Intern
28313,Yara_28313,Intern
28314,Zack_28314,Intern
28315,Ava_28315,Intern
28316,Ben_28316,Intern
28317,Chloe_28317,Intern
28318,Dylan_28318,Intern
28319,Ella_28319,Intern
28320,Finn_28320,Intern
28321,Alice_28321,Intern
28322,Bob_28322,Intern
28323,Carol_28323,Intern
28324,Dave_28324,Intern
28325,Eve_28325,Intern
28326,Frank_28326,Intern
28327,Grace_28327,Intern
28328,Hank_28328,Intern
28329,Iris_28329,Intern
28330,Jack_28330,Intern
28331,Karen_28331,Intern
28332,Leo_28332,Intern
28333,Maya_28333,Intern
28334,Nate_28334,Intern
28335,Olivia_28335,Intern
28336,Paul_28336,Intern
28337,Quinn_28337,Intern
28338,Rose_28338,Intern
28339,Sam_28339,Intern
28340,Tina_28340,Intern
28341,Uma_28341,Intern
28342,Victor_28342,Intern
28343,Wendy_28343,Intern
28344,Xander_28344,Intern
28345,Yara_28345,Intern
28346,Zack_28346,Intern
28347,Ava_28347,Intern
28348,Ben_28348,Intern
28349,Chloe_28349,Intern
28350,Dylan_28350,Intern
28351,Ella_28351,Intern
28352,Finn_28352,Intern
28353,Alice_28353,Intern
28354,Bob_28354,Intern
28355,Carol_28355,Intern
28356,Dave_28356,Intern
28357,Eve_28357,Intern
28358,Frank_28358,Intern
28359,Grace_28359,Intern
28360,Hank_28360,Intern
28361,Iris_28361,Intern
28362,Jack_28362,Intern
28363,Karen_28363,Intern
28364,Leo_28364,Intern
28365,Maya_28365,Intern
28366,Nate_28366,Intern
28367,Olivia_28367,Intern
28368,Paul_28368,Intern
28369,Quinn_28369,Intern
28370,Rose_28370,Intern
28371,Sam_28371,Intern
28372,Tina_28372,Intern
28373,Uma_28373,Intern
28374,Victor_28374,Intern
28375,Wendy_28375,Intern
28376,Xander_28376,Intern
28377,Yara_28377,Intern
28378,Zack_28378,Intern
28379,Ava_28379,Intern
28380,Ben_28380,Intern
28381,Chloe_28381,Intern
28382,Dylan_28382,Intern
28383,Ella_28383,Intern
28384,Finn_28384,Intern
28385,Alice_28385,Intern
28386,Bob_28386,Intern
28387,Carol_28387,Intern
28388,Dave_28388,Intern
28389,Eve_28389,Intern
28390,Frank_28390,Intern
28391,Grace_28391,Intern
28392,Hank_28392,Intern
28393,Iris_28393,Intern
28394,Jack_28394,Intern
28395,Karen_28395,Intern
28396,Leo_28396,Intern
28397,Maya_28397,Intern
28398,Nate_28398,Intern
28399,Olivia_28399,Intern
28400,Paul_28400,Intern
28401,Quinn_28401,Intern
28402,Rose_28402,Intern
28403,Sam_28403,Intern
28404,Tina_28404,Intern
28405,Uma_28405,Intern
28406,Victor_28406,Intern
28407,Wendy_28407,Intern
28408,Xander_28408,Intern
28409,Yara_28409,Intern
28410,Zack_28410,Intern
28411,Ava_28411,Intern
28412,Ben_28412,Intern
28413,Chloe_28413,Intern
28414,Dylan_28414,Intern
28415,Ella_28415,Intern
28416,Finn_28416,Intern
28417,Alice_28417,Intern
28418,Bob_28418,Intern
28419,Carol_28419,Intern
28420,Dave_28420,Intern
28421,Eve_28421,Intern
28422,Frank_28422,Intern
28423,Grace_28423,Intern
28424,Hank_28424,Intern
28425,Iris_28425,Intern
28426,Jack_28426,Intern
28427,Karen_28427,Intern
28428,Leo_28428,Intern
28429,Maya_28429,Intern
28430,Nate_28430,Intern
28431,Olivia_28431,Intern
28432,Paul_28432,Intern
28433,Quinn_28433,Intern
28434,Rose_28434,Intern
28435,Sam_28435,Intern
28436,Tina_28436,Intern
28437,Uma_28437,Intern
28438,Victor_28438,Intern
28439,Wendy_28439,Intern
28440,Xander_28440,Intern
28441,Yara_28441,Intern
28442,Zack_28442,Intern
28443,Ava_28443,Intern
28444,Ben_28444,Intern
28445,Chloe_28445,Intern
28446,Dylan_28446,Intern
28447,Ella_28447,Intern
28448,Finn_28448,Intern
28449,Alice_28449,Intern
28450,Bob_28450,Intern
28451,Carol_28451,Intern
28452,Dave_28452,Intern
28453,Eve_28453,Intern
28454,Frank_28454,Intern
28455,Grace_28455,Intern
28456,Hank_28456,Intern
28457,Iris_28457,Intern
28458,Jack_28458,Intern
28459,Karen_28459,Intern
28460,Leo_28460,Intern
28461,Maya_28461,Intern
28462,Nate_28462,Intern
28463,Olivia_28463,Intern
28464,Paul_28464,Intern
28465,Quinn_28465,Intern
28466,Rose_28466,Intern
28467,Sam_28467,Intern
28468,Tina_28468,Intern
28469,Uma_28469,Intern
28470,Victor_28470,Intern
28471,Wendy_28471,Intern
28472,Xander_28472,Intern
28473,Yara_28473,Intern
28474,Zack_28474,Intern
28475,Ava_28475,Intern
28476,Ben_28476,Intern
28477,Chloe_28477,Intern
28478,Dylan_28478,Intern
28479,Ella_28479,Intern
28480,Finn_28480,Intern
28481,Alice_28481,Intern
28482,Bob_28482,Intern
28483,Carol_28483,Intern
28484,Dave_28484,Intern
28485,Eve_28485,Intern
28486,Frank_28486,Intern
28487,Grace_28487,Intern
28488,Hank_28488,Intern
28489,Iris_28489,Intern
28490,Jack_28490,Intern
28491,Karen_28491,Intern
28492,Leo_28492,Intern
28493,Maya_28493,Intern
28494,Nate_28494,Intern
28495,Olivia_28495,Intern
28496,Paul_28496,Intern
28497,Quinn_28497,Intern
28498,Rose_28498,Intern
28499,Sam_28499,Intern
28500,Tina_28500,Intern
28501,Uma_28501,Intern
28502,Victor_28502,Intern
28503,Wendy_28503,Intern
28504,Xander_28504,Intern
28505,Yara_28505,Intern
28506,Zack_28506,Intern
28507,Ava_28507,Intern
28508,Ben_28508,Intern
28509,Chloe_28509,Intern
28510,Dylan_28510,Intern
28511,Ella_28511,Intern
28512,Finn_28512,Intern
28513,Alice_28513,Intern
28514,Bob_28514,Intern
28515,Carol_28515,Intern
28516,Dave_28516,Intern
28517,Eve_28517,Intern
28518,Frank_28518,Intern
28519,Grace_28519,Intern
28520,Hank_28520,Intern
28521,Iris_28521,Intern
28522,Jack_28522,Intern
28523,Karen_28523,Intern
28524,Leo_28524,Intern
28525,Maya_28525,Intern
28526,Nate_28526,Intern
28527,Olivia_28527,Intern
28528,Paul_28528,Intern
28529,Quinn_28529,Intern
28530,Rose_28530,Intern
28531,Sam_28531,Intern
28532,Tina_28532,Intern
28533,Uma_28533,Intern
28534,Victor_28534,Intern
28535,Wendy_28535,Intern
28536,Xander_28536,Intern
28537,Yara_28537,Intern
28538,Zack_28538,Intern
28539,Ava_28539,Intern
28540,Ben_28540,Intern
28541,Chloe_28541,Intern
28542,Dylan_28542,Intern
28543,Ella_28543,Intern
28544,Finn_28544,Intern
28545,Alice_28545,Intern
28546,Bob_28546,Intern
28547,Carol_28547,Intern
28548,Dave_28548,Intern
28549,Eve_28549,Intern
28550,Frank_28550,Intern
28551,Grace_28551,Intern
28552,Hank_28552,Intern
28553,Iris_28553,Intern
28554,Jack_28554,Intern
28555,Karen_28555,Intern
28556,Leo_28556,Intern
28557,Maya_28557,Intern
28558,Nate_28558,Intern
28559,Olivia_28559,Intern
28560,Paul_28560,Intern
28561,Quinn_28561,Intern
28562,Rose_28562,Intern
28563,Sam_28563,Intern
28564,Tina_28564,Intern
28565,Uma_28565,Intern
28566,Victor_28566,Intern
28567,Wendy_28567,Intern
28568,Xander_28568,Intern
28569,Yara_28569,Intern
28570,Zack_28570,Intern
28571,Ava_28571,Intern
28572,Ben_28572,Intern
28573,Chloe_28573,Intern
28574,Dylan_28574,Intern
28575,Ella_28575,Intern
28576,Finn_28576,Intern
28577,Alice_28577,Intern
28578,Bob_28578,Intern
28579,Carol_28579,Intern
28580,Dave_28580,Intern
28581,Eve_28581,Intern
28582,Frank_28582,Intern
28583,Grace_28583,Intern
28584,Hank_28584,Intern
28585,Iris_28585,Intern
28586,Jack_28586,Intern
28587,Karen_28587,Intern
28588,Leo_28588,Intern
28589,Maya_28589,Intern
28590,Nate_28590,Intern
28591,Olivia_28591,Intern
28592,Paul_28592,Intern
28593,Quinn_28593,Intern
28594,Rose_28594,Intern
28595,Sam_28595,Intern
28596,Tina_28596,Intern
28597,Uma_28597,Intern
28598,Victor_28598,Intern
28599,Wendy_28599,Intern
28600,Xander_28600,Intern
28601,Yara_28601,Intern
28602,Zack_28602,Intern
28603,Ava_28603,Intern
28604,Ben_28604,Intern
28605,Chloe_28605,Intern
28606,Dylan_28606,Intern
28607,Ella_28607,Intern
28608,Finn_28608,Intern
28609,Alice_28609,Intern
28610,Bob_28610,Intern
28611,Carol_28611,Intern
28612,Dave_28612,Intern
28613,Eve_28613,Intern
28614,Frank_28614,Intern
28615,Grace_28615,Intern
28616,Hank_28616,Intern
28617,Iris_28617,Intern
28618,Jack_28618,Intern
28619,Karen_28619,Intern
28620,Leo_28620,Intern
28621,Maya_28621,Intern
28622,Nate_28622,Intern
28623,Olivia_28623,Intern
28624,Paul_28624,Intern
28625,Quinn_28625,Intern
28626,Rose_28626,Intern
28627,Sam_28627,Intern
28628,Tina_28628,Intern
28629,Uma_28629,Intern
28630,Victor_28630,Intern
28631,Wendy_28631,Intern
28632,Xander_28632,Intern
28633,Yara_28633,Intern
28634,Zack_28634,Intern
28635,Ava_28635,Intern
28636,Ben_28636,Intern
28637,Chloe_28637,Intern
28638,Dylan_28638,Intern
28639,Ella_28639,Intern
28640,Finn_28640,Intern
28641,Alice_28641,Intern
28642,Bob_28642,Intern
28643,Carol_28643,Intern
28644,Dave_28644,Intern
28645,Eve_28645,Intern
28646,Frank_28646,Intern
28647,Grace_28647,Intern
28648,Hank_28648,Intern
28649,Iris_28649,Intern
28650,Jack_28650,Intern
28651,Karen_28651,Intern
28652,Leo_28652,Intern
28653,Maya_28653,Intern
28654,Nate_28654,Intern
28655,Olivia_28655,Intern
28656,Paul_28656,Intern
28657,Quinn_28657,Intern
28658,Rose_28658,Intern
28659,Sam_28659,Intern
28660,Tina_28660,Intern
28661,Uma_28661,Intern
28662,Victor_28662,Intern
28663,Wendy_28663,Intern
28664,Xander_28664,Intern
28665,Yara_28665,Intern
28666,Zack_28666,Intern
28667,Ava_28667,Intern
28668,Ben_28668,Intern
28669,Chloe_28669,Intern
28670,Dylan_28670,Intern
28671,Ella_28671,Intern
28672,Finn_28672,Intern
28673,Alice_28673,Intern
28674,Bob_28674,Intern
28675,Carol_28675,Intern
28676,Dave_28676,Intern
28677,Eve_28677,Intern
28678,Frank_28678,Intern
28679,Grace_28679,Intern
28680,Hank_28680,Intern
28681,Iris_28681,Intern
28682,Jack_28682,Intern
28683,Karen_28683,Intern
28684,Leo_28684,Intern
28685,Maya_28685,Intern
28686,Nate_28686,Intern
28687,Olivia_28687,Intern
28688,Paul_28688,Intern
28689,Quinn_28689,Intern
28690,Rose_28690,Intern
28691,Sam_28691,Intern
28692,Tina_28692,Intern
28693,Uma_28693,Intern
28694,Victor_28694,Intern
28695,Wendy_28695,Intern
28696,Xander_28696,Intern
28697,Yara_28697,Intern
28698,Zack_28698,Intern
28699,Ava_28699,Intern
28700,Ben_28700,Intern
28701,Chloe_28701,Intern
28702,Dylan_28702,Intern
28703,Ella_28703,Intern
28704,Finn_28704,Intern
28705,Alice_28705,Intern
28706,Bob_28706,Intern
28707,Carol_28707,Intern
28708,Dave_28708,Intern
28709,Eve_28709,Intern
28710,Frank_28710,Intern
28711,Grace_28711,Intern
28712,Hank_28712,Intern
28713,Iris_28713,Intern
28714,Jack_28714,Intern
28715,Karen_28715,Intern
28716,Leo_28716,Intern
28717,Maya_28717,Intern
28718,Nate_28718,Intern
28719,Olivia_28719,Intern
28720,Paul_28720,Intern
28721,Quinn_28721,Intern
28722,Rose_28722,Intern
28723,Sam_28723,Intern
28724,Tina_28724,Intern
28725,Uma_28725,Intern
28726,Victor_28726,Intern
28727,Wendy_28727,Intern
28728,Xander_28728,Intern
28729,Yara_28729,Intern
28730,Zack_28730,Intern
28731,Ava_28731,Intern
28732,Ben_28732,Intern
28733,Chloe_28733,Intern
28734,Dylan_28734,Intern
28735,Ella_28735,Intern
28736,Finn_28736,Intern
28737,Alice_28737,Intern
28738,Bob_28738,Intern
28739,Carol_28739,Intern
28740,Dave_28740,Intern
28741,Eve_28741,Intern
28742,Frank_28742,Intern
28743,Grace_28743,Intern
28744,Hank_28744,Intern
28745,Iris_28745,Intern
28746,Jack_28746,Intern
28747,Karen_28747,Intern
28748,Leo_28748,Intern
28749,Maya_28749,Intern
28750,Nate_28750,Intern
28751,Olivia_28751,Intern
28752,Paul_28752,Intern
28753,Quinn_28753,Intern
28754,Rose_28754,Intern
28755,Sam_28755,Intern
28756,Tina_28756,Intern
28757,Uma_28757,Intern
28758,Victor_28758,Intern
28759,Wendy_28759,Intern
28760,Xander_28760,Intern
28761,Yara_28761,Intern
28762,Zack_28762,Intern
28763,Ava_28763,Intern
28764,Ben_28764,Intern
28765,Chloe_28765,Intern
28766,Dylan_28766,Intern
28767,Ella_28767,Intern
28768,Finn_28768,Intern
28769,Alice_28769,Intern
28770,Bob_28770,Intern
28771,Carol_28771,Intern
28772,Dave_28772,Intern
28773,Eve_28773,Intern
28774,Frank_28774,Intern
28775,Grace_28775,Intern
28776,Hank_28776,Intern
28777,Iris_28777,Intern
28778,Jack_28778,Intern
28779,Karen_28779,Intern
28780,Leo_28780,Intern
28781,Maya_28781,Intern
28782,Nate_28782,Intern
28783,Olivia_28783,Intern
28784,Paul_28784,Intern
28785,Quinn_28785,Intern
28786,Rose_28786,Intern
28787,Sam_28787,Intern
28788,Tina_28788,Intern
28789,Uma_28789,Intern
28790,Victor_28790,Intern
28791,Wendy_28791,Intern
28792,Xander_28792,Intern
28793,Yara_28793,Intern
28794,Zack_28794,Intern
28795,Ava_28795,Intern
28796,Ben_28796,Intern
28797,Chloe_28797,Intern
28798,Dylan_28798,Intern
28799,Ella_28799,Intern
28800,Finn_28800,Intern
28801,Alice_28801,Intern
28802,Bob_28802,Intern
28803,Carol_28803,Intern
28804,Dave_28804,Intern
28805,Eve_28805,Intern
28806,Frank_28806,Intern
28807,Grace_28807,Intern
28808,Hank_28808,Intern
28809,Iris_28809,Intern
28810,Jack_28810,Intern
28811,Karen_28811,Intern
28812,Leo_28812,Intern
28813,Maya_28813,Intern
28814,Nate_28814,Intern
28815,Olivia_28815,Intern
28816,Paul_28816,Intern
28817,Quinn_28817,Intern
28818,Rose_28818,Intern
28819,Sam_28819,Intern
28820,Tina_28820,Intern
28821,Uma_28821,Intern
28822,Victor_28822,Intern
28823,Wendy_28823,Intern
28824,Xander_28824,Intern
28825,Yara_28825,Intern
28826,Zack_28826,Intern
28827,Ava_28827,Intern
28828,Ben_28828,Intern
28829,Chloe_28829,Intern
28830,Dylan_28830,Intern
28831,Ella_28831,Intern
28832,Finn_28832,Intern
28833,Alice_28833,Intern
28834,Bob_28834,Intern
28835,Carol_28835,Intern
28836,Dave_28836,Intern
28837,Eve_28837,Intern
28838,Frank_28838,Intern
28839,Grace_28839,Intern
28840,Hank_28840,Intern
28841,Iris_28841,Intern
28842,Jack_28842,Intern
28843,Karen_28843,Intern
28844,Leo_28844,Intern
28845,Maya_28845,Intern
28846,Nate_28846,Intern
28847,Olivia_28847,Intern
28848,Paul_28848,Intern
28849,Quinn_28849,Intern
28850,Rose_28850,Intern
28851,Sam_28851,Intern
28852,Tina_28852,Intern
28853,Uma_28853,Intern
28854,Victor_28854,Intern
28855,Wendy_28855,Intern
28856,Xander_28856,Intern
28857,Yara_28857,Intern
28858,Zack_28858,Intern
28859,Ava_28859,Intern
28860,Ben_28860,Intern
28861,Chloe_28861,Intern
28862,Dylan_28862,Intern
28863,Ella_28863,Intern
28864,Finn_28864,Intern
28865,Alice_28865,Intern
28866,Bob_28866,Intern
28867,Carol_28867,Intern
28868,Dave_28868,Intern
28869,Eve_28869,Intern
28870,Frank_28870,Intern
28871,Grace_28871,Intern
28872,Hank_28872,Intern
28873,Iris_28873,Intern
28874,Jack_28874,Intern
28875,Karen_28875,Intern
28876,Leo_28876,Intern
28877,Maya_28877,Intern
28878,Nate_28878,Intern
28879,Olivia_28879,Intern
28880,Paul_28880,Intern
28881,Quinn_28881,Intern
28882,Rose_28882,Intern
28883,Sam_28883,Intern
28884,Tina_28884,Intern
28885,Uma_28885,Intern
28886,Victor_28886,Intern
28887,Wendy_28887,Intern
28888,Xander_28888,Intern
28889,Yara_28889,Intern
28890,Zack_28890,Intern
28891,Ava_28891,Intern
28892,Ben_28892,Intern
28893,Chloe_28893,Intern
28894,Dylan_28894,Intern
28895,Ella_28895,Intern
28896,Finn_28896,Intern
28897,Alice_28897,Intern
28898,Bob_28898,Intern
28899,Carol_28899,Intern
28900,Dave_28900,Intern
28901,Eve_28901,Intern
28902,Frank_28902,Intern
28903,Grace_28903,Intern
28904,Hank_28904,Intern
28905,Iris_28905,Intern
28906,Jack_28906,Intern
28907,Karen_28907,Intern
28908,Leo_28908,Intern
28909,Maya_28909,Intern
28910,Nate_28910,Intern
28911,Olivia_28911,Intern
28912,Paul_28912,Intern
28913,Quinn_28913,Intern
28914,Rose_28914,Intern
28915,Sam_28915,Intern
28916,Tina_28916,Intern
28917,Uma_28917,Intern
28918,Victor_28918,Intern
28919,Wendy_28919,Intern
28920,Xander_28920,Intern
28921,Yara_28921,Intern
28922,Zack_28922,Intern
28923,Ava_28923,Intern
28924,Ben_28924,Intern
28925,Chloe_28925,Intern
28926,Dylan_28926,Intern
28927,Ella_28927,Intern
28928,Finn_28928,Intern
28929,Alice_28929,Intern
28930,Bob_28930,Intern
28931,Carol_28931,Intern
28932,Dave_28932,Intern
28933,Eve_28933,Intern
28934,Frank_28934,Intern
28935,Grace_28935,Intern
28936,Hank_28936,Intern
28937,Iris_28937,Intern
28938,Jack_28938,Intern
28939,Karen_28939,Intern
28940,Leo_28940,Intern
28941,Maya_28941,Intern
28942,Nate_28942,Intern
28943,Olivia_28943,Intern
28944,Paul_28944,Intern
28945,Quinn_28945,Intern
28946,Rose_28946,Intern
28947,Sam_28947,Intern
28948,Tina_28948,Intern
28949,Uma_28949,Intern
28950,Victor_28950,Intern
28951,Wendy_28951,Intern
28952,Xander_28952,Intern
28953,Yara_28953,Intern
28954,Zack_28954,Intern
28955,Ava_28955,Intern
28956,Ben_28956,Intern
28957,Chloe_28957,Intern
28958,Dylan_28958,Intern
28959,Ella_28959,Intern
28960,Finn_28960,Intern
28961,Alice_28961,Intern
28962,Bob_28962,Intern
28963,Carol_28963,Intern
28964,Dave_28964,Intern
28965,Eve_28965,Intern
28966,Frank_28966,Intern
28967,Grace_28967,Intern
28968,Hank_28968,Intern
28969,Iris_28969,Intern
28970,Jack_28970,Intern
28971,Karen_28971,Intern
28972,Leo_28972,Intern
28973,Maya_28973,Intern
28974,Nate_28974,Intern
28975,Olivia_28975,Intern
28976,Paul_28976,Intern
28977,Quinn_28977,Intern
28978,Rose_28978,Intern
28979,Sam_28979,Intern
28980,Tina_28980,Intern
28981,Uma_28981,Intern
28982,Victor_28982,Intern
28983,Wendy_28983,Intern
28984,Xander_28984,Intern
28985,Yara_28985,Intern
28986,Zack_28986,Intern
28987,Ava_28987,Intern
28988,Ben_28988,Intern
28989,Chloe_28989,Intern
28990,Dylan_28990,Intern
28991,Ella_28991,Intern
28992,Finn_28992,Intern
28993,Alice_28993,Intern
28994,Bob_28994,Intern
28995,Carol_28995,Intern
28996,Dave_28996,Intern
28997,Eve_28997,Intern
28998,Frank_28998,Intern
28999,Grace_28999,Intern
29000,Hank_29000,Intern
29001,Iris_29001,Intern
29002,Jack_29002,Intern
29003,Karen_29003,Intern
29004,Leo_29004,Intern
29005,Maya_29005,Intern
29006,Nate_29006,Intern
29007,Olivia_29007,Intern
29008,Paul_29008,Intern
29009,Quinn_29009,Intern
29010,Rose_29010,Intern
29011,Sam_29011,Intern
29012,Tina_29012,Intern
29013,Uma_29013,Intern
29014,Victor_29014,Intern
29015,Wendy_29015,Intern
29016,Xander_29016,Intern
29017,Yara_29017,Intern
29018,Zack_29018,Intern
29019,Ava_29019,Intern
29020,Ben_29020,Intern
29021,Chloe_29021,Intern
29022,Dylan_29022,Intern
29023,Ella_29023,Intern
29024,Finn_29024,Intern
29025,Alice_29025,Intern
29026,Bob_29026,Intern
29027,Carol_29027,Intern
29028,Dave_29028,Intern
29029,Eve_29029,Intern
29030,Frank_29030,Intern
29031,Grace_29031,Intern
29032,Hank_29032,Intern
29033,Iris_29033,Intern
29034,Jack_29034,Intern
29035,Karen_29035,Intern
29036,Leo_29036,Intern
29037,Maya_29037,Intern
29038,Nate_29038,Intern
29039,Olivia_29039,Intern
29040,Paul_29040,Intern
29041,Quinn_29041,Intern
29042,Rose_29042,Intern
29043,Sam_29043,Intern
29044,Tina_29044,Intern
29045,Uma_29045,Intern
29046,Victor_29046,Intern
29047,Wendy_29047,Intern
29048,Xander_29048,Intern
29049,Yara_29049,Intern
29050,Zack_29050,Intern
29051,Ava_29051,Intern
29052,Ben_29052,Intern
29053,Chloe_29053,Intern
29054,Dylan_29054,Intern
29055,Ella_29055,Intern
29056,Finn_29056,Intern
29057,Alice_29057,Intern
29058,Bob_29058,Intern
29059,Carol_29059,Intern
29060,Dave_29060,Intern
29061,Eve_29061,Intern
29062,Frank_29062,Intern
29063,Grace_29063,Intern
29064,Hank_29064,Intern
29065,Iris_29065,Intern
29066,Jack_29066,Intern
29067,Karen_29067,Intern
29068,Leo_29068,Intern
29069,Maya_29069,Intern
29070,Nate_29070,Intern
29071,Olivia_29071,Intern
29072,Paul_29072,Intern
29073,Quinn_29073,Intern
29074,Rose_29074,Intern
29075,Sam_29075,Intern
29076,Tina_29076,Intern
29077,Uma_29077,Intern
29078,Victor_29078,Intern
29079,Wendy_29079,Intern
29080,Xander_29080,Intern
29081,Yara_29081,Intern
29082,Zack_29082,Intern
29083,Ava_29083,Intern
29084,Ben_29084,Intern
29085,Chloe_29085,Intern
29086,Dylan_29086,Intern
29087,Ella_29087,Intern
29088,Finn_29088,Intern
29089,Alice_29089,Intern
29090,Bob_29090,Intern
29091,Carol_29091,Intern
29092,Dave_29092,Intern
29093,Eve_29093,Intern
29094,Frank_29094,Intern
29095,Grace_29095,Intern
29096,Hank_29096,Intern
29097,Iris_29097,Intern
29098,Jack_29098,Intern
29099,Karen_29099,Intern
29100,Leo_29100,Intern
29101,Maya_29101,Intern
29102,Nate_29102,Intern
29103,Olivia_29103,Intern
29104,Paul_29104,Intern
29105,Quinn_29105,Intern
29106,Rose_29106,Intern
29107,Sam_29107,Intern
29108,Tina_29108,Intern
29109,Uma_29109,Intern
29110,Victor_29110,Intern
29111,Wendy_29111,Intern
29112,Xander_29112,Intern
29113,Yara_29113,Intern
29114,Zack_29114,Intern
29115,Ava_29115,Intern
29116,Ben_29116,Intern
29117,Chloe_29117,Intern
29118,Dylan_29118,Intern
29119,Ella_29119,Intern
29120,Finn_29120,Intern
29121,Alice_29121,Intern
29122,Bob_29122,Intern
29123,Carol_29123,Intern
29124,Dave_29124,Intern
29125,Eve_29125,Intern
29126,Frank_29126,Intern
29127,Grace_29127,Intern
29128,Hank_29128,Intern
29129,Iris_29129,Intern
29130,Jack_29130,Intern
29131,Karen_29131,Intern
29132,Leo_29132,Intern
29133,Maya_29133,Intern
29134,Nate_29134,Intern
29135,Olivia_29135,Intern
29136,Paul_29136,Intern
29137,Quinn_29137,Intern
29138,Rose_29138,Intern
29139,Sam_29139,Intern
29140,Tina_29140,Intern
29141,Uma_29141,Intern
29142,Victor_29142,Intern
29143,Wendy_29143,Intern
29144,Xander_29144,Intern
29145,Yara_29145,Intern
29146,Zack_29146,Intern
29147,Ava_29147,Intern
29148,Ben_29148,Intern
29149,Chloe_29149,Intern
29150,Dylan_29150,Intern
29151,Ella_29151,Intern
29152,Finn_29152,Intern
29153,Alice_29153,Intern
29154,Bob_29154,Intern
29155,Carol_29155,Intern
29156,Dave_29156,Intern
29157,Eve_29157,Intern
29158,Frank_29158,Intern
29159,Grace_29159,Intern
29160,Hank_29160,Intern
29161,Iris_29161,Intern
29162,Jack_29162,Intern
29163,Karen_29163,Intern
29164,Leo_29164,Intern
29165,Maya_29165,Intern
29166,Nate_29166,Intern
29167,Olivia_29167,Intern
29168,Paul_29168,Intern
29169,Quinn_29169,Intern
29170,Rose_29170,Intern
29171,Sam_29171,Intern
29172,Tina_29172,Intern
29173,Uma_29173,Intern
29174,Victor_29174,Intern
29175,Wendy_29175,Intern
29176,Xander_29176,Intern
29177,Yara_29177,Intern
29178,Zack_29178,Intern
29179,Ava_29179,Intern
29180,Ben_29180,Intern
29181,Chloe_29181,Intern
29182,Dylan_29182,Intern
29183,Ella_29183,Intern
29184,Finn_29184,Intern
29185,Alice_29185,Intern
29186,Bob_29186,Intern
29187,Carol_29187,Intern
29188,Dave_29188,Intern
29189,Eve_29189,Intern
29190,Frank_29190,Intern
29191,Grace_29191,Intern
29192,Hank_29192,Intern
29193,Iris_29193,Intern
29194,Jack_29194,Intern
29195,Karen_29195,Intern
29196,Leo_29196,Intern
29197,Maya_29197,Intern
29198,Nate_29198,Intern
29199,Olivia_29199,Intern
29200,Paul_29200,Intern
29201,Quinn_29201,Intern
29202,Rose_29202,Intern
29203,Sam_29203,Intern
29204,Tina_29204,Intern
29205,Uma_29205,Intern
29206,Victor_29206,Intern
29207,Wendy_29207,Intern
29208,Xander_29208,Intern
29209,Yara_29209,Intern
29210,Zack_29210,Intern
29211,Ava_29211,Intern
29212,Ben_29212,Intern
29213,Chloe_29213,Intern
29214,Dylan_29214,Intern
29215,Ella_29215,Intern
29216,Finn_29216,Intern
29217,Alice_29217,Intern
29218,Bob_29218,Intern
29219,Carol_29219,Intern
29220,Dave_29220,Intern
29221,Eve_29221,Intern
29222,Frank_29222,Intern
29223,Grace_29223,Intern
29224,Hank_29224,Intern
29225,Iris_29225,Intern
29226,Jack_29226,Intern
29227,Karen_29227,Intern
29228,Leo_29228,Intern
29229,Maya_29229,Intern
29230,Nate_29230,Intern
29231,Olivia_29231,Intern
29232,Paul_29232,Intern
29233,Quinn_29233,Intern
29234,Rose_29234,Intern
29235,Sam_29235,Intern
29236,Tina_29236,Intern
29237,Uma_29237,Intern
29238,Victor_29238,Intern
29239,Wendy_29239,Intern
29240,Xander_29240,Intern
29241,Yara_29241,Intern
29242,Zack_29242,Intern
29243,Ava_29243,Intern
29244,Ben_29244,Intern
29245,Chloe_29245,Intern
29246,Dylan_29246,Intern
29247,Ella_29247,Intern
29248,Finn_29248,Intern
29249,Alice_29249,Intern
29250,Bob_29250,Intern
29251,Carol_29251,Intern
29252,Dave_29252,Intern
29253,Eve_29253,Intern
29254,Frank_29254,Intern
29255,Grace_29255,Intern
29256,Hank_29256,Intern
29257,Iris_29257,Intern
29258,Jack_29258,Intern
29259,Karen_29259,Intern
29260,Leo_29260,Intern
29261,Maya_29261,Intern
29262,Nate_29262,Intern
29263,Olivia_29263,Intern
29264,Paul_29264,Intern
29265,Quinn_29265,Intern
29266,Rose_29266,Intern
29267,Sam_29267,Intern
29268,Tina_29268,Intern
29269,Uma_29269,Intern
29270,Victor_29270,Intern
29271,Wendy_29271,Intern
29272,Xander_29272,Intern
29273,Yara_29273,Intern
29274,Zack_29274,Intern
29275,Ava_29275,Intern
29276,Ben_29276,Intern
29277,Chloe_29277,Intern
29278,Dylan_29278,Intern
29279,Ella_29279,Intern
29280,Finn_29280,Intern
29281,Alice_29281,Intern
29282,Bob_29282,Intern
29283,Carol_29283,Intern
29284,Dave_29284,Intern
29285,Eve_29285,Intern
29286,Frank_29286,Intern
29287,Grace_29287,Intern
29288,Hank_29288,Intern
29289,Iris_29289,Intern
29290,Jack_29290,Intern
29291,Karen_29291,Intern
29292,Leo_29292,Intern
29293,Maya_29293,Intern
29294,Nate_29294,Intern
29295,Olivia_29295,Intern
29296,Paul_29296,Intern
29297,Quinn_29297,Intern
29298,Rose_29298,Intern
29299,Sam_29299,Intern
29300,Tina_29300,Intern
29301,Uma_29301,Intern
29302,Victor_29302,Intern
29303,Wendy_29303,Intern
29304,Xander_29304,Intern
29305,Yara_29305,Intern
29306,Zack_29306,Intern
29307,Ava_29307,Intern
29308,Ben_29308,Intern
29309,Chloe_29309,Intern
29310,Dylan_29310,Intern
29311,Ella_29311,Intern
29312,Finn_29312,Intern
29313,Alice_29313,Intern
29314,Bob_29314,Intern
29315,Carol_29315,Intern
29316,Dave_29316,Intern
29317,Eve_29317,Intern
29318,Frank_29318,Intern
29319,Grace_29319,Intern
29320,Hank_29320,Intern
29321,Iris_29321,Intern
29322,Jack_29322,Intern
29323,Karen_29323,Intern
29324,Leo_29324,Intern
29325,Maya_29325,Intern
29326,Nate_29326,Intern
29327,Olivia_29327,Intern
29328,Paul_29328,Intern
29329,Quinn_29329,Intern
29330,Rose_29330,Intern
29331,Sam_29331,Intern
29332,Tina_29332,Intern
29333,Uma_29333,Intern
29334,Victor_29334,Intern
29335,Wendy_29335,Intern
29336,Xander_29336,Intern
29337,Yara_29337,Intern
29338,Zack_29338,Intern
29339,Ava_29339,Intern
29340,Ben_29340,Intern
29341,Chloe_29341,Intern
29342,Dylan_29342,Intern
29343,Ella_29343,Intern
29344,Finn_29344,Intern
29345,Alice_29345,Intern
29346,Bob_29346,Intern
29347,Carol_29347,Intern
29348,Dave_29348,Intern
29349,Eve_29349,Intern
29350,Frank_29350,Intern
29351,Grace_29351,Intern
29352,Hank_29352,Intern
29353,Iris_29353,Intern
29354,Jack_29354,Intern
29355,Karen_29355,Intern
29356,Leo_29356,Intern
29357,Maya_29357,Intern
29358,Nate_29358,Intern
29359,Olivia_29359,Intern
29360,Paul_29360,Intern
29361,Quinn_29361,Intern
29362,Rose_29362,Intern
29363,Sam_29363,Intern
29364,Tina_29364,Intern
29365,Uma_29365,Intern
29366,Victor_29366,Intern
29367,Wendy_29367,Intern
29368,Xander_29368,Intern
29369,Yara_29369,Intern
29370,Zack_29370,Intern
29371,Ava_29371,Intern
29372,Ben_29372,Intern
29373,Chloe_29373,Intern
29374,Dylan_29374,Intern
29375,Ella_29375,Intern
29376,Finn_29376,Intern
29377,Alice_29377,Intern
29378,Bob_29378,Intern
29379,Carol_29379,Intern
29380,Dave_29380,Intern
29381,Eve_29381,Intern
29382,Frank_29382,Intern
29383,Grace_29383,Intern
29384,Hank_29384,Intern
29385,Iris_29385,Intern
29386,Jack_29386,Intern
29387,Karen_29387,Intern
29388,Leo_29388,Intern
29389,Maya_29389,Intern
29390,Nate_29390,Intern
29391,Olivia_29391,Intern
29392,Paul_29392,Intern
29393,Quinn_29393,Intern
29394,Rose_29394,Intern
29395,Sam_29395,Intern
29396,Tina_29396,Intern
29397,Uma_29397,Intern
29398,Victor_29398,Intern
29399,Wendy_29399,Intern
29400,Xander_29400,Intern
29401,Yara_29401,Intern
29402,Zack_29402,Intern
29403,Ava_29403,Intern
29404,Ben_29404,Intern
29405,Chloe_29405,Intern
29406,Dylan_29406,Intern
29407,Ella_29407,Intern
29408,Finn_29408,Intern
29409,Alice_29409,Intern
29410,Bob_29410,Intern
29411,Carol_29411,Intern
29412,Dave_29412,Intern
29413,Eve_29413,Intern
29414,Frank_29414,Intern
29415,Grace_29415,Intern
29416,Hank_29416,Intern
29417,Iris_29417,Intern
29418,Jack_29418,Intern
29419,Karen_29419,Intern
29420,Leo_29420,Intern
29421,Maya_29421,Intern
29422,Nate_29422,Intern
29423,Olivia_29423,Intern
29424,Paul_29424,Intern
29425,Quinn_29425,Intern
29426,Rose_29426,Intern
29427,Sam_29427,Intern
29428,Tina_29428,Intern
29429,Uma_29429,Intern
29430,Victor_29430,Intern
29431,Wendy_29431,Intern
29432,Xander_29432,Intern
29433,Yara_29433,Intern
29434,Zack_29434,Intern
29435,Ava_29435,Intern
29436,Ben_29436,Intern
29437,Chloe_29437,Intern
29438,Dylan_29438,Intern
29439,Ella_29439,Intern
29440,Finn_29440,Intern
29441,Alice_29441,Intern
29442,Bob_29442,Intern
29443,Carol_29443,Intern
29444,Dave_29444,Intern
29445,Eve_29445,Intern
29446,Frank_29446,Intern
29447,Grace_29447,Intern
29448,Hank_29448,Intern
29449,Iris_29449,Intern
29450,Jack_29450,Intern
29451,Karen_29451,Intern
29452,Leo_29452,Intern
29453,Maya_29453,Intern
29454,Nate_29454,Intern
29455,Olivia_29455,Intern
29456,Paul_29456,Intern
29457,Quinn_29457,Intern
29458,Rose_29458,Intern
29459,Sam_29459,Intern
29460,Tina_29460,Intern
29461,Uma_29461,Intern
29462,Victor_29462,Intern
29463,Wendy_29463,Intern
29464,Xander_29464,Intern
29465,Yara_29465,Intern
29466,Zack_29466,Intern
29467,Ava_29467,Intern
29468,Ben_29468,Intern
29469,Chloe_29469,Intern
29470,Dylan_29470,Intern
29471,Ella_29471,Intern
29472,Finn_29472,Intern
29473,Alice_29473,Intern
29474,Bob_29474,Intern
29475,Carol_29475,Intern
29476,Dave_29476,Intern
29477,Eve_29477,Intern
29478,Frank_29478,Intern
29479,Grace_29479,Intern
29480,Hank_29480,Intern
29481,Iris_29481,Intern
29482,Jack_29482,Intern
29483,Karen_29483,Intern
29484,Leo_29484,Intern
29485,Maya_29485,Intern
29486,Nate_29486,Intern
29487,Olivia_29487,Intern
29488,Paul_29488,Intern
29489,Quinn_29489,Intern
29490,Rose_29490,Intern
29491,Sam_29491,Intern
29492,Tina_29492,Intern
29493,Uma_29493,Intern
29494,Victor_29494,Intern
29495,Wendy_29495,Intern
29496,Xander_29496,Intern
29497,Yara_29497,Intern
29498,Zack_29498,Intern
29499,Ava_29499,Intern
29500,Ben_29500,Intern
29501,Chloe_29501,Intern
29502,Dylan_29502,Intern
29503,Ella_29503,Intern
29504,Finn_29504,Intern
29505,Alice_29505,Intern
29506,Bob_29506,Intern
29507,Carol_29507,Intern
29508,Dave_29508,Intern
29509,Eve_29509,Intern
29510,Frank_29510,Intern
29511,Grace_29511,Intern
29512,Hank_29512,Intern
29513,Iris_29513,Intern
29514,Jack_29514,Intern
29515,Karen_29515,Intern
29516,Leo_29516,Intern
29517,Maya_29517,Intern
29518,Nate_29518,Intern
29519,Olivia_29519,Intern
29520,Paul_29520,Intern
29521,Quinn_29521,Intern
29522,Rose_29522,Intern
29523,Sam_29523,Intern
29524,Tina_29524,Intern
