source_id,target_id,type
2,1,REPORTS_TO
3,1,REPORTS_TO
4,1,REPORTS_TO
5,2,REPORTS_TO
6,2,REPORTS_TO
7,2,REPORTS_TO
8,3,REPORTS_TO
9,3,REPORTS_TO
10,3,REPORTS_TO
11,4,REPORTS_TO
12,4,REPORTS_TO
13,4,REPORTS_TO
14,5,REPORTS_TO
15,5,REPORTS_TO
16,5,REPORTS_TO
17,6,REPORTS_TO
18,6,REPORTS_TO
19,6,REPORTS_TO
20,7,REPORTS_TO
21,7,REPORTS_TO
22,7,REPORTS_TO
23,8,REPORTS_TO
24,8,REPORTS_TO
25,8,REPORTS_TO
26,9,REPORTS_TO
27,9,REPORTS_TO
28,9,REPORTS_TO
29,10,REPORTS_TO
30,10,REPORTS_TO
31,10,REPORTS_TO
32,11,REPORTS_TO
33,11,REPORTS_TO
34,11,REPORTS_TO
35,12,REPORTS_TO
36,12,REPORTS_TO
37,12,REPORTS_TO
38,13,REPORTS_TO
39,13,REPORTS_TO
40,13,REPORTS_TO
41,14,REPORTS_TO
42,14,REPORTS_TO
43,14,REPORTS_TO
44,15,REPORTS_TO
45,15,REPORTS_TO
46,15,REPORTS_TO
47,16,REPORTS_TO
48,16,REPORTS_TO
49,16,REPORTS_TO
50,17,REPORTS_TO
51,17,REPORTS_TO
52,17,REPORTS_TO
53,18,REPORTS_TO
54,18,REPORTS_TO
55,18,REPORTS_TO
56,19,REPORTS_TO
57,19,REPORTS_TO
58,19,REPORTS_TO
59,20,REPORTS_TO
60,20,REPORTS_TO
61,20,REPORTS_TO
62,21,REPORTS_TO
63,21,REPORTS_TO
64,21,REPORTS_TO
65,22,REPORTS_TO
66,22,REPORTS_TO
67,22,REPORTS_TO
68,23,REPORTS_TO
69,23,REPORTS_TO
70,23,REPORTS_TO
71,24,REPORTS_TO
72,24,REPORTS_TO
73,24,REPORTS_TO
74,25,REPORTS_TO
75,25,REPORTS_TO
76,25,REPORTS_TO
77,26,REPORTS_TO
78,26,REPORTS_TO
79,26,REPORTS_TO
80,27,REPORTS_TO
81,27,REPORTS_TO
82,27,REPORTS_TO
83,28,REPORTS_TO
84,28,REPORTS_TO
85,28,REPORTS_TO
86,29,REPORTS_TO
87,29,REPORTS_TO
88,29,REPORTS_TO
89,30,REPORTS_TO
90,30,REPORTS_TO
91,30,REPORTS_TO
92,31,REPORTS_TO
93,31,REPORTS_TO
94,31,REPORTS_TO
95,32,REPORTS_TO
96,32,REPORTS_TO
97,32,REPORTS_TO
98,33,REPORTS_TO
99,33,REPORTS_TO
100,33,REPORTS_TO
101,34,REPORTS_TO
102,34,REPORTS_TO
103,34,REPORTS_TO
104,35,REPORTS_TO
105,35,REPORTS_TO
106,35,REPORTS_TO
107,36,REPORTS_TO
108,36,REPORTS_TO
109,36,REPORTS_TO
110,37,REPORTS_TO
111,37,REPORTS_TO
112,37,REPORTS_TO
113,38,REPORTS_TO
114,38,REPORTS_TO
115,38,REPORTS_TO
116,39,REPORTS_TO
117,39,REPORTS_TO
118,39,REPORTS_TO
119,40,REPORTS_TO
120,40,REPORTS_TO
121,40,REPORTS_TO
122,41,REPORTS_TO
123,41,REPORTS_TO
124,41,REPORTS_TO
125,42,REPORTS_TO
126,42,REPORTS_TO
127,42,REPORTS_TO
128,43,REPORTS_TO
129,43,REPORTS_TO
130,43,REPORTS_TO
131,44,REPORTS_TO
132,44,REPORTS_TO
133,44,REPORTS_TO
134,45,REPORTS_TO
135,45,REPORTS_TO
136,45,REPORTS_TO
137,46,REPORTS_TO
138,46,REPORTS_TO
139,46,REPORTS_TO
140,47,REPORTS_TO
141,47,REPORTS_TO
142,47,REPORTS_TO
143,48,REPORTS_TO
144,48,REPORTS_TO
145,48,REPORTS_TO
146,49,REPORTS_TO
147,49,REPORTS_TO
148,49,REPORTS_TO
149,50,REPORTS_TO
150,50,REPORTS_TO
151,50,REPORTS_TO
152,51,REPORTS_TO
153,51,REPORTS_TO
154,51,REPORTS_TO
155,52,REPORTS_TO
156,52,REPORTS_TO
157,52,REPORTS_TO
158,53,REPORTS_TO
159,53,REPORTS_TO
160,53,REPORTS_TO
161,54,REPORTS_TO
162,54,REPORTS_TO
163,54,REPORTS_TO
164,55,REPORTS_TO
165,55,REPORTS_TO
166,55,REPORTS_TO
167,56,REPORTS_TO
168,56,REPORTS_TO
169,56,REPORTS_TO
170,57,REPORTS_TO
171,57,REPORTS_TO
172,57,REPORTS_TO
173,58,REPORTS_TO
174,58,REPORTS_TO
175,58,REPORTS_TO
176,59,REPORTS_TO
177,59,REPORTS_TO
178,59,REPORTS_TO
179,60,REPORTS_TO
180,60,REPORTS_TO
181,60,REPORTS_TO
182,61,REPORTS_TO
183,61,REPORTS_TO
184,61,REPORTS_TO
185,62,REPORTS_TO
186,62,REPORTS_TO
187,62,REPORTS_TO
188,63,REPORTS_TO
189,63,REPORTS_TO
190,63,REPORTS_TO
191,64,REPORTS_TO
192,64,REPORTS_TO
193,64,REPORTS_TO
194,65,REPORTS_TO
195,65,REPORTS_TO
196,65,REPORTS_TO
197,66,REPORTS_TO
198,66,REPORTS_TO
199,66,REPORTS_TO
200,67,REPORTS_TO
201,67,REPORTS_TO
202,67,REPORTS_TO
203,68,REPORTS_TO
204,68,REPORTS_TO
205,68,REPORTS_TO
206,69,REPORTS_TO
207,69,REPORTS_TO
208,69,REPORTS_TO
209,70,REPORTS_TO
210,70,REPORTS_TO
211,70,REPORTS_TO
212,71,REPORTS_TO
213,71,REPORTS_TO
214,71,REPORTS_TO
215,72,REPORTS_TO
216,72,REPORTS_TO
217,72,REPORTS_TO
218,73,REPORTS_TO
219,73,REPORTS_TO
220,73,REPORTS_TO
221,74,REPORTS_TO
222,74,REPORTS_TO
223,74,REPORTS_TO
224,75,REPORTS_TO
225,75,REPORTS_TO
226,75,REPORTS_TO
227,76,REPORTS_TO
228,76,REPORTS_TO
229,76,REPORTS_TO
230,77,REPORTS_TO
231,77,REPORTS_TO
232,77,REPORTS_TO
233,78,REPORTS_TO
234,78,REPORTS_TO
235,78,REPORTS_TO
236,79,REPORTS_TO
237,79,REPORTS_TO
238,79,REPORTS_TO
239,80,REPORTS_TO
240,80,REPORTS_TO
241,80,REPORTS_TO
242,81,REPORTS_TO
243,81,REPORTS_TO
244,81,REPORTS_TO
245,82,REPORTS_TO
246,82,REPORTS_TO
247,82,REPORTS_TO
248,83,REPORTS_TO
249,83,REPORTS_TO
250,83,REPORTS_TO
251,84,REPORTS_TO
252,84,REPORTS_TO
253,84,REPORTS_TO
254,85,REPORTS_TO
255,85,REPORTS_TO
256,85,REPORTS_TO
257,86,REPORTS_TO
258,86,REPORTS_TO
259,86,REPORTS_TO
260,87,REPORTS_TO
261,87,REPORTS_TO
262,87,REPORTS_TO
263,88,REPORTS_TO
264,88,REPORTS_TO
265,88,REPORTS_TO
266,89,REPORTS_TO
267,89,REPORTS_TO
268,89,REPORTS_TO
269,90,REPORTS_TO
270,90,REPORTS_TO
271,90,REPORTS_TO
272,91,REPORTS_TO
273,91,REPORTS_TO
274,91,REPORTS_TO
275,92,REPORTS_TO
276,92,REPORTS_TO
277,92,REPORTS_TO
278,93,REPORTS_TO
279,93,REPORTS_TO
280,93,REPORTS_TO
281,94,REPORTS_TO
282,94,REPORTS_TO
283,94,REPORTS_TO
284,95,REPORTS_TO
285,95,REPORTS_TO
286,95,REPORTS_TO
287,96,REPORTS_TO
288,96,REPORTS_TO
289,96,REPORTS_TO
290,97,REPORTS_TO
291,97,REPORTS_TO
292,97,REPORTS_TO
293,98,REPORTS_TO
294,98,REPORTS_TO
295,98,REPORTS_TO
296,99,REPORTS_TO
297,99,REPORTS_TO
298,99,REPORTS_TO
299,100,REPORTS_TO
300,100,REPORTS_TO
301,100,REPORTS_TO
302,101,REPORTS_TO
303,101,REPORTS_TO
304,101,REPORTS_TO
305,102,REPORTS_TO
306,102,REPORTS_TO
307,102,REPORTS_TO
308,103,REPORTS_TO
309,103,REPORTS_TO
310,103,REPORTS_TO
311,104,REPORTS_TO
312,104,REPORTS_TO
313,104,REPORTS_TO
314,105,REPORTS_TO
315,105,REPORTS_TO
316,105,REPORTS_TO
317,106,REPORTS_TO
318,106,REPORTS_TO
319,106,REPORTS_TO
320,107,REPORTS_TO
321,107,REPORTS_TO
322,107,REPORTS_TO
323,108,REPORTS_TO
324,108,REPORTS_TO
325,108,REPORTS_TO
326,109,REPORTS_TO
327,109,REPORTS_TO
328,109,REPORTS_TO
329,110,REPORTS_TO
330,110,REPORTS_TO
331,110,REPORTS_TO
332,111,REPORTS_TO
333,111,REPORTS_TO
334,111,REPORTS_TO
335,112,REPORTS_TO
336,112,REPORTS_TO
337,112,REPORTS_TO
338,113,REPORTS_TO
339,113,REPORTS_TO
340,113,REPORTS_TO
341,114,REPORTS_TO
342,114,REPORTS_TO
343,114,REPORTS_TO
344,115,REPORTS_TO
345,115,REPORTS_TO
346,115,REPORTS_TO
347,116,REPORTS_TO
348,116,REPORTS_TO
349,116,REPORTS_TO
350,117,REPORTS_TO
351,117,REPORTS_TO
352,117,REPORTS_TO
353,118,REPORTS_TO
354,118,REPORTS_TO
355,118,REPORTS_TO
356,119,REPORTS_TO
357,119,REPORTS_TO
358,119,REPORTS_TO
359,120,REPORTS_TO
360,120,REPORTS_TO
361,120,REPORTS_TO
362,121,REPORTS_TO
363,121,REPORTS_TO
364,121,REPORTS_TO
365,122,REPORTS_TO
366,122,REPORTS_TO
367,122,REPORTS_TO
368,123,REPORTS_TO
369,123,REPORTS_TO
370,123,REPORTS_TO
371,124,REPORTS_TO
372,124,REPORTS_TO
373,124,REPORTS_TO
374,125,REPORTS_TO
375,125,REPORTS_TO
376,125,REPORTS_TO
377,126,REPORTS_TO
378,126,REPORTS_TO
379,126,REPORTS_TO
380,127,REPORTS_TO
381,127,REPORTS_TO
382,127,REPORTS_TO
383,128,REPORTS_TO
384,128,REPORTS_TO
385,128,REPORTS_TO
386,129,REPORTS_TO
387,129,REPORTS_TO
388,129,REPORTS_TO
389,130,REPORTS_TO
390,130,REPORTS_TO
391,130,REPORTS_TO
392,131,REPORTS_TO
393,131,REPORTS_TO
394,131,REPORTS_TO
395,132,REPORTS_TO
396,132,REPORTS_TO
397,132,REPORTS_TO
398,133,REPORTS_TO
399,133,REPORTS_TO
400,133,REPORTS_TO
401,134,REPORTS_TO
402,134,REPORTS_TO
403,134,REPORTS_TO
404,135,REPORTS_TO
405,135,REPORTS_TO
406,135,REPORTS_TO
407,136,REPORTS_TO
408,136,REPORTS_TO
409,136,REPORTS_TO
410,137,REPORTS_TO
411,137,REPORTS_TO
412,137,REPORTS_TO
413,138,REPORTS_TO
414,138,REPORTS_TO
415,138,REPORTS_TO
416,139,REPORTS_TO
417,139,REPORTS_TO
418,139,REPORTS_TO
419,140,REPORTS_TO
420,140,REPORTS_TO
421,140,REPORTS_TO
422,141,REPORTS_TO
423,141,REPORTS_TO
424,141,REPORTS_TO
425,142,REPORTS_TO
426,142,REPORTS_TO
427,142,REPORTS_TO
428,143,REPORTS_TO
429,143,REPORTS_TO
430,143,REPORTS_TO
431,144,REPORTS_TO
432,144,REPORTS_TO
433,144,REPORTS_TO
434,145,REPORTS_TO
435,145,REPORTS_TO
436,145,REPORTS_TO
437,146,REPORTS_TO
438,146,REPORTS_TO
439,146,REPORTS_TO
440,147,REPORTS_TO
441,147,REPORTS_TO
442,147,REPORTS_TO
443,148,REPORTS_TO
444,148,REPORTS_TO
445,148,REPORTS_TO
446,149,REPORTS_TO
447,149,REPORTS_TO
448,149,REPORTS_TO
449,150,REPORTS_TO
450,150,REPORTS_TO
451,150,REPORTS_TO
452,151,REPORTS_TO
453,151,REPORTS_TO
454,151,REPORTS_TO
455,152,REPORTS_TO
456,152,REPORTS_TO
457,152,REPORTS_TO
458,153,REPORTS_TO
459,153,REPORTS_TO
460,153,REPORTS_TO
461,154,REPORTS_TO
462,154,REPORTS_TO
463,154,REPORTS_TO
464,155,REPORTS_TO
465,155,REPORTS_TO
466,155,REPORTS_TO
467,156,REPORTS_TO
468,156,REPORTS_TO
469,156,REPORTS_TO
470,157,REPORTS_TO
471,157,REPORTS_TO
472,157,REPORTS_TO
473,158,REPORTS_TO
474,158,REPORTS_TO
475,158,REPORTS_TO
476,159,REPORTS_TO
477,159,REPORTS_TO
478,159,REPORTS_TO
479,160,REPORTS_TO
480,160,REPORTS_TO
481,160,REPORTS_TO
482,161,REPORTS_TO
483,161,REPORTS_TO
484,161,REPORTS_TO
485,162,REPORTS_TO
486,162,REPORTS_TO
487,162,REPORTS_TO
488,163,REPORTS_TO
489,163,REPORTS_TO
490,163,REPORTS_TO
491,164,REPORTS_TO
492,164,REPORTS_TO
493,164,REPORTS_TO
494,165,REPORTS_TO
495,165,REPORTS_TO
496,165,REPORTS_TO
497,166,REPORTS_TO
498,166,REPORTS_TO
499,166,REPORTS_TO
500,167,REPORTS_TO
501,167,REPORTS_TO
502,167,REPORTS_TO
503,168,REPORTS_TO
504,168,REPORTS_TO
505,168,REPORTS_TO
506,169,REPORTS_TO
507,169,REPORTS_TO
508,169,REPORTS_TO
509,170,REPORTS_TO
510,170,REPORTS_TO
511,170,REPORTS_TO
512,171,REPORTS_TO
513,171,REPORTS_TO
514,171,REPORTS_TO
515,172,REPORTS_TO
516,172,REPORTS_TO
517,172,REPORTS_TO
518,173,REPORTS_TO
519,173,REPORTS_TO
520,173,REPORTS_TO
521,174,REPORTS_TO
522,174,REPORTS_TO
523,174,REPORTS_TO
524,175,REPORTS_TO
525,175,REPORTS_TO
526,175,REPORTS_TO
527,176,REPORTS_TO
528,176,REPORTS_TO
529,176,REPORTS_TO
530,177,REPORTS_TO
531,177,REPORTS_TO
532,177,REPORTS_TO
533,178,REPORTS_TO
534,178,REPORTS_TO
535,178,REPORTS_TO
536,179,REPORTS_TO
537,179,REPORTS_TO
538,179,REPORTS_TO
539,180,REPORTS_TO
540,180,REPORTS_TO
541,180,REPORTS_TO
542,181,REPORTS_TO
543,181,REPORTS_TO
544,181,REPORTS_TO
545,182,REPORTS_TO
546,182,REPORTS_TO
547,182,REPORTS_TO
548,183,REPORTS_TO
549,183,REPORTS_TO
550,183,REPORTS_TO
551,184,REPORTS_TO
552,184,REPORTS_TO
553,184,REPORTS_TO
554,185,REPORTS_TO
555,185,REPORTS_TO
556,185,REPORTS_TO
557,186,REPORTS_TO
558,186,REPORTS_TO
559,186,REPORTS_TO
560,187,REPORTS_TO
561,187,REPORTS_TO
562,187,REPORTS_TO
563,188,REPORTS_TO
564,188,REPORTS_TO
565,188,REPORTS_TO
566,189,REPORTS_TO
567,189,REPORTS_TO
568,189,REPORTS_TO
569,190,REPORTS_TO
570,190,REPORTS_TO
571,190,REPORTS_TO
572,191,REPORTS_TO
573,191,REPORTS_TO
574,191,REPORTS_TO
575,192,REPORTS_TO
576,192,REPORTS_TO
577,192,REPORTS_TO
578,193,REPORTS_TO
579,193,REPORTS_TO
580,193,REPORTS_TO
581,194,REPORTS_TO
582,194,REPORTS_TO
583,194,REPORTS_TO
584,195,REPORTS_TO
585,195,REPORTS_TO
586,195,REPORTS_TO
587,196,REPORTS_TO
588,196,REPORTS_TO
589,196,REPORTS_TO
590,197,REPORTS_TO
591,197,REPORTS_TO
592,197,REPORTS_TO
593,198,REPORTS_TO
594,198,REPORTS_TO
595,198,REPORTS_TO
596,199,REPORTS_TO
597,199,REPORTS_TO
598,199,REPORTS_TO
599,200,REPORTS_TO
600,200,REPORTS_TO
601,200,REPORTS_TO
602,201,REPORTS_TO
603,201,REPORTS_TO
604,201,REPORTS_TO
605,202,REPORTS_TO
606,202,REPORTS_TO
607,202,REPORTS_TO
608,203,REPORTS_TO
609,203,REPORTS_TO
610,203,REPORTS_TO
611,204,REPORTS_TO
612,204,REPORTS_TO
613,204,REPORTS_TO
614,205,REPORTS_TO
615,205,REPORTS_TO
616,205,REPORTS_TO
617,206,REPORTS_TO
618,206,REPORTS_TO
619,206,REPORTS_TO
620,207,REPORTS_TO
621,207,REPORTS_TO
622,207,REPORTS_TO
623,208,REPORTS_TO
624,208,REPORTS_TO
625,208,REPORTS_TO
626,209,REPORTS_TO
627,209,REPORTS_TO
628,209,REPORTS_TO
629,210,REPORTS_TO
630,210,REPORTS_TO
631,210,REPORTS_TO
632,211,REPORTS_TO
633,211,REPORTS_TO
634,211,REPORTS_TO
635,212,REPORTS_TO
636,212,REPORTS_TO
637,212,REPORTS_TO
638,213,REPORTS_TO
639,213,REPORTS_TO
640,213,REPORTS_TO
641,214,REPORTS_TO
642,214,REPORTS_TO
643,214,REPORTS_TO
644,215,REPORTS_TO
645,215,REPORTS_TO
646,215,REPORTS_TO
647,216,REPORTS_TO
648,216,REPORTS_TO
649,216,REPORTS_TO
650,217,REPORTS_TO
651,217,REPORTS_TO
652,217,REPORTS_TO
653,218,REPORTS_TO
654,218,REPORTS_TO
655,218,REPORTS_TO
656,219,REPORTS_TO
657,219,REPORTS_TO
658,219,REPORTS_TO
659,220,REPORTS_TO
660,220,REPORTS_TO
661,220,REPORTS_TO
662,221,REPORTS_TO
663,221,REPORTS_TO
664,221,REPORTS_TO
665,222,REPORTS_TO
666,222,REPORTS_TO
667,222,REPORTS_TO
668,223,REPORTS_TO
669,223,REPORTS_TO
670,223,REPORTS_TO
671,224,REPORTS_TO
672,224,REPORTS_TO
673,224,REPORTS_TO
674,225,REPORTS_TO
675,225,REPORTS_TO
676,225,REPORTS_TO
677,226,REPORTS_TO
678,226,REPORTS_TO
679,226,REPORTS_TO
680,227,REPORTS_TO
681,227,REPORTS_TO
682,227,REPORTS_TO
683,228,REPORTS_TO
684,228,REPORTS_TO
685,228,REPORTS_TO
686,229,REPORTS_TO
687,229,REPORTS_TO
688,229,REPORTS_TO
689,230,REPORTS_TO
690,230,REPORTS_TO
691,230,REPORTS_TO
692,231,REPORTS_TO
693,231,REPORTS_TO
694,231,REPORTS_TO
695,232,REPORTS_TO
696,232,REPORTS_TO
697,232,REPORTS_TO
698,233,REPORTS_TO
699,233,REPORTS_TO
700,233,REPORTS_TO
701,234,REPORTS_TO
702,234,REPORTS_TO
703,234,REPORTS_TO
704,235,REPORTS_TO
705,235,REPORTS_TO
706,235,REPORTS_TO
707,236,REPORTS_TO
708,236,REPORTS_TO
709,236,REPORTS_TO
710,237,REPORTS_TO
711,237,REPORTS_TO
712,237,REPORTS_TO
713,238,REPORTS_TO
714,238,REPORTS_TO
715,238,REPORTS_TO
716,239,REPORTS_TO
717,239,REPORTS_TO
718,239,REPORTS_TO
719,240,REPORTS_TO
720,240,REPORTS_TO
721,240,REPORTS_TO
722,241,REPORTS_TO
723,241,REPORTS_TO
724,241,REPORTS_TO
725,242,REPORTS_TO
726,242,REPORTS_TO
727,242,REPORTS_TO
728,243,REPORTS_TO
729,243,REPORTS_TO
730,243,REPORTS_TO
731,244,REPORTS_TO
732,244,REPORTS_TO
733,244,REPORTS_TO
734,245,REPORTS_TO
735,245,REPORTS_TO
736,245,REPORTS_TO
737,246,REPORTS_TO
738,246,REPORTS_TO
739,246,REPORTS_TO
740,247,REPORTS_TO
741,247,REPORTS_TO
742,247,REPORTS_TO
743,248,REPORTS_TO
744,248,REPORTS_TO
745,248,REPORTS_TO
746,249,REPORTS_TO
747,249,REPORTS_TO
748,249,REPORTS_TO
749,250,REPORTS_TO
750,250,REPORTS_TO
751,250,REPORTS_TO
752,251,REPORTS_TO
753,251,REPORTS_TO
754,251,REPORTS_TO
755,252,REPORTS_TO
756,252,REPORTS_TO
757,252,REPORTS_TO
758,253,REPORTS_TO
759,253,REPORTS_TO
760,253,REPORTS_TO
761,254,REPORTS_TO
762,254,REPORTS_TO
763,254,REPORTS_TO
764,255,REPORTS_TO
765,255,REPORTS_TO
766,255,REPORTS_TO
767,256,REPORTS_TO
768,256,REPORTS_TO
769,256,REPORTS_TO
770,257,REPORTS_TO
771,257,REPORTS_TO
772,257,REPORTS_TO
773,258,REPORTS_TO
774,258,REPORTS_TO
775,258,REPORTS_TO
776,259,REPORTS_TO
777,259,REPORTS_TO
778,259,REPORTS_TO
779,260,REPORTS_TO
780,260,REPORTS_TO
781,260,REPORTS_TO
782,261,REPORTS_TO
783,261,REPORTS_TO
784,261,REPORTS_TO
785,262,REPORTS_TO
786,262,REPORTS_TO
787,262,REPORTS_TO
788,263,REPORTS_TO
789,263,REPORTS_TO
790,263,REPORTS_TO
791,264,REPORTS_TO
792,264,REPORTS_TO
793,264,REPORTS_TO
794,265,REPORTS_TO
795,265,REPORTS_TO
796,265,REPORTS_TO
797,266,REPORTS_TO
798,266,REPORTS_TO
799,266,REPORTS_TO
800,267,REPORTS_TO
801,267,REPORTS_TO
802,267,REPORTS_TO
803,268,REPORTS_TO
804,268,REPORTS_TO
805,268,REPORTS_TO
806,269,REPORTS_TO
807,269,REPORTS_TO
808,269,REPORTS_TO
809,270,REPORTS_TO
810,270,REPORTS_TO
811,270,REPORTS_TO
812,271,REPORTS_TO
813,271,REPORTS_TO
814,271,REPORTS_TO
815,272,REPORTS_TO
816,272,REPORTS_TO
817,272,REPORTS_TO
818,273,REPORTS_TO
819,273,REPORTS_TO
820,273,REPORTS_TO
821,274,REPORTS_TO
822,274,REPORTS_TO
823,274,REPORTS_TO
824,275,REPORTS_TO
825,275,REPORTS_TO
826,275,REPORTS_TO
827,276,REPORTS_TO
828,276,REPORTS_TO
829,276,REPORTS_TO
830,277,REPORTS_TO
831,277,REPORTS_TO
832,277,REPORTS_TO
833,278,REPORTS_TO
834,278,REPORTS_TO
835,278,REPORTS_TO
836,279,REPORTS_TO
837,279,REPORTS_TO
838,279,REPORTS_TO
839,280,REPORTS_TO
840,280,REPORTS_TO
841,280,REPORTS_TO
842,281,REPORTS_TO
843,281,REPORTS_TO
844,281,REPORTS_TO
845,282,REPORTS_TO
846,282,REPORTS_TO
847,282,REPORTS_TO
848,283,REPORTS_TO
849,283,REPORTS_TO
850,283,REPORTS_TO
851,284,REPORTS_TO
852,284,REPORTS_TO
853,284,REPORTS_TO
854,285,REPORTS_TO
855,285,REPORTS_TO
856,285,REPORTS_TO
857,286,REPORTS_TO
858,286,REPORTS_TO
859,286,REPORTS_TO
860,287,REPORTS_TO
861,287,REPORTS_TO
862,287,REPORTS_TO
863,288,REPORTS_TO
864,288,REPORTS_TO
865,288,REPORTS_TO
866,289,REPORTS_TO
867,289,REPORTS_TO
868,289,REPORTS_TO
869,290,REPORTS_TO
870,290,REPORTS_TO
871,290,REPORTS_TO
872,291,REPORTS_TO
873,291,REPORTS_TO
874,291,REPORTS_TO
875,292,REPORTS_TO
876,292,REPORTS_TO
877,292,REPORTS_TO
878,293,REPORTS_TO
879,293,REPORTS_TO
880,293,REPORTS_TO
881,294,REPORTS_TO
882,294,REPORTS_TO
883,294,REPORTS_TO
884,295,REPORTS_TO
885,295,REPORTS_TO
886,295,REPORTS_TO
887,296,REPORTS_TO
888,296,REPORTS_TO
889,296,REPORTS_TO
890,297,REPORTS_TO
891,297,REPORTS_TO
892,297,REPORTS_TO
893,298,REPORTS_TO
894,298,REPORTS_TO
895,298,REPORTS_TO
896,299,REPORTS_TO
897,299,REPORTS_TO
898,299,REPORTS_TO
899,300,REPORTS_TO
900,300,REPORTS_TO
901,300,REPORTS_TO
902,301,REPORTS_TO
903,301,REPORTS_TO
904,301,REPORTS_TO
905,302,REPORTS_TO
906,302,REPORTS_TO
907,302,REPORTS_TO
908,303,REPORTS_TO
909,303,REPORTS_TO
910,303,REPORTS_TO
911,304,REPORTS_TO
912,304,REPORTS_TO
913,304,REPORTS_TO
914,305,REPORTS_TO
915,305,REPORTS_TO
916,305,REPORTS_TO
917,306,REPORTS_TO
918,306,REPORTS_TO
919,306,REPORTS_TO
920,307,REPORTS_TO
921,307,REPORTS_TO
922,307,REPORTS_TO
923,308,REPORTS_TO
924,308,REPORTS_TO
925,308,REPORTS_TO
926,309,REPORTS_TO
927,309,REPORTS_TO
928,309,REPORTS_TO
929,310,REPORTS_TO
930,310,REPORTS_TO
931,310,REPORTS_TO
932,311,REPORTS_TO
933,311,REPORTS_TO
934,311,REPORTS_TO
935,312,REPORTS_TO
936,312,REPORTS_TO
937,312,REPORTS_TO
938,313,REPORTS_TO
939,313,REPORTS_TO
940,313,REPORTS_TO
941,314,REPORTS_TO
942,314,REPORTS_TO
943,314,REPORTS_TO
944,315,REPORTS_TO
945,315,REPORTS_TO
946,315,REPORTS_TO
947,316,REPORTS_TO
948,316,REPORTS_TO
949,316,REPORTS_TO
950,317,REPORTS_TO
951,317,REPORTS_TO
952,317,REPORTS_TO
953,318,REPORTS_TO
954,318,REPORTS_TO
955,318,REPORTS_TO
956,319,REPORTS_TO
957,319,REPORTS_TO
958,319,REPORTS_TO
959,320,REPORTS_TO
960,320,REPORTS_TO
961,320,REPORTS_TO
962,321,REPORTS_TO
963,321,REPORTS_TO
964,321,REPORTS_TO
965,322,REPORTS_TO
966,322,REPORTS_TO
967,322,REPORTS_TO
968,323,REPORTS_TO
969,323,REPORTS_TO
970,323,REPORTS_TO
971,324,REPORTS_TO
972,324,REPORTS_TO
973,324,REPORTS_TO
974,325,REPORTS_TO
975,325,REPORTS_TO
976,325,REPORTS_TO
977,326,REPORTS_TO
978,326,REPORTS_TO
979,326,REPORTS_TO
980,327,REPORTS_TO
981,327,REPORTS_TO
982,327,REPORTS_TO
983,328,REPORTS_TO
984,328,REPORTS_TO
985,328,REPORTS_TO
986,329,REPORTS_TO
987,329,REPORTS_TO
988,329,REPORTS_TO
989,330,REPORTS_TO
990,330,REPORTS_TO
991,330,REPORTS_TO
992,331,REPORTS_TO
993,331,REPORTS_TO
994,331,REPORTS_TO
995,332,REPORTS_TO
996,332,REPORTS_TO
997,332,REPORTS_TO
998,333,REPORTS_TO
999,333,REPORTS_TO
1000,333,REPORTS_TO
1001,334,REPORTS_TO
1002,334,REPORTS_TO
1003,334,REPORTS_TO
1004,335,REPORTS_TO
1005,335,REPORTS_TO
1006,335,REPORTS_TO
1007,336,REPORTS_TO
1008,336,REPORTS_TO
1009,336,REPORTS_TO
1010,337,REPORTS_TO
1011,337,REPORTS_TO
1012,337,REPORTS_TO
1013,338,REPORTS_TO
1014,338,REPORTS_TO
1015,338,REPORTS_TO
1016,339,REPORTS_TO
1017,339,REPORTS_TO
1018,339,REPORTS_TO
1019,340,REPORTS_TO
1020,340,REPORTS_TO
1021,340,REPORTS_TO
1022,341,REPORTS_TO
1023,341,REPORTS_TO
1024,341,REPORTS_TO
1025,342,REPORTS_TO
1026,342,REPORTS_TO
1027,342,REPORTS_TO
1028,343,REPORTS_TO
1029,343,REPORTS_TO
1030,343,REPORTS_TO
1031,344,REPORTS_TO
1032,344,REPORTS_TO
1033,344,REPORTS_TO
1034,345,REPORTS_TO
1035,345,REPORTS_TO
1036,345,REPORTS_TO
1037,346,REPORTS_TO
1038,346,REPORTS_TO
1039,346,REPORTS_TO
1040,347,REPORTS_TO
1041,347,REPORTS_TO
1042,347,REPORTS_TO
1043,348,REPORTS_TO
1044,348,REPORTS_TO
1045,348,REPORTS_TO
1046,349,REPORTS_TO
1047,349,REPORTS_TO
1048,349,REPORTS_TO
1049,350,REPORTS_TO
1050,350,REPORTS_TO
1051,350,REPORTS_TO
1052,351,REPORTS_TO
1053,351,REPORTS_TO
1054,351,REPORTS_TO
1055,352,REPORTS_TO
1056,352,REPORTS_TO
1057,352,REPORTS_TO
1058,353,REPORTS_TO
1059,353,REPORTS_TO
1060,353,REPORTS_TO
1061,354,REPORTS_TO
1062,354,REPORTS_TO
1063,354,REPORTS_TO
1064,355,REPORTS_TO
1065,355,REPORTS_TO
1066,355,REPORTS_TO
1067,356,REPORTS_TO
1068,356,REPORTS_TO
1069,356,REPORTS_TO
1070,357,REPORTS_TO
1071,357,REPORTS_TO
1072,357,REPORTS_TO
1073,358,REPORTS_TO
1074,358,REPORTS_TO
1075,358,REPORTS_TO
1076,359,REPORTS_TO
1077,359,REPORTS_TO
1078,359,REPORTS_TO
1079,360,REPORTS_TO
1080,360,REPORTS_TO
1081,360,REPORTS_TO
1082,361,REPORTS_TO
1083,361,REPORTS_TO
1084,361,REPORTS_TO
1085,362,REPORTS_TO
1086,362,REPORTS_TO
1087,362,REPORTS_TO
1088,363,REPORTS_TO
1089,363,REPORTS_TO
1090,363,REPORTS_TO
1091,364,REPORTS_TO
1092,364,REPORTS_TO
1093,364,REPORTS_TO
1094,365,REPORTS_TO
1095,365,REPORTS_TO
1096,365,REPORTS_TO
1097,366,REPORTS_TO
1098,366,REPORTS_TO
1099,366,REPORTS_TO
1100,367,REPORTS_TO
1101,367,REPORTS_TO
1102,367,REPORTS_TO
1103,368,REPORTS_TO
1104,368,REPORTS_TO
1105,368,REPORTS_TO
1106,369,REPORTS_TO
1107,369,REPORTS_TO
1108,369,REPORTS_TO
1109,370,REPORTS_TO
1110,370,REPORTS_TO
1111,370,REPORTS_TO
1112,371,REPORTS_TO
1113,371,REPORTS_TO
1114,371,REPORTS_TO
1115,372,REPORTS_TO
1116,372,REPORTS_TO
1117,372,REPORTS_TO
1118,373,REPORTS_TO
1119,373,REPORTS_TO
1120,373,REPORTS_TO
1121,374,REPORTS_TO
1122,374,REPORTS_TO
1123,374,REPORTS_TO
1124,375,REPORTS_TO
1125,375,REPORTS_TO
1126,375,REPORTS_TO
1127,376,REPORTS_TO
1128,376,REPORTS_TO
1129,376,REPORTS_TO
1130,377,REPORTS_TO
1131,377,REPORTS_TO
1132,377,REPORTS_TO
1133,378,REPORTS_TO
1134,378,REPORTS_TO
1135,378,REPORTS_TO
1136,379,REPORTS_TO
1137,379,REPORTS_TO
1138,379,REPORTS_TO
1139,380,REPORTS_TO
1140,380,REPORTS_TO
1141,380,REPORTS_TO
1142,381,REPORTS_TO
1143,381,REPORTS_TO
1144,381,REPORTS_TO
1145,382,REPORTS_TO
1146,382,REPORTS_TO
1147,382,REPORTS_TO
1148,383,REPORTS_TO
1149,383,REPORTS_TO
1150,383,REPORTS_TO
1151,384,REPORTS_TO
1152,384,REPORTS_TO
1153,384,REPORTS_TO
1154,385,REPORTS_TO
1155,385,REPORTS_TO
1156,385,REPORTS_TO
1157,386,REPORTS_TO
1158,386,REPORTS_TO
1159,386,REPORTS_TO
1160,387,REPORTS_TO
1161,387,REPORTS_TO
1162,387,REPORTS_TO
1163,388,REPORTS_TO
1164,388,REPORTS_TO
1165,388,REPORTS_TO
1166,389,REPORTS_TO
1167,389,REPORTS_TO
1168,389,REPORTS_TO
1169,390,REPORTS_TO
1170,390,REPORTS_TO
1171,390,REPORTS_TO
1172,391,REPORTS_TO
1173,391,REPORTS_TO
1174,391,REPORTS_TO
1175,392,REPORTS_TO
1176,392,REPORTS_TO
1177,392,REPORTS_TO
1178,393,REPORTS_TO
1179,393,REPORTS_TO
1180,393,REPORTS_TO
1181,394,REPORTS_TO
1182,394,REPORTS_TO
1183,394,REPORTS_TO
1184,395,REPORTS_TO
1185,395,REPORTS_TO
1186,395,REPORTS_TO
1187,396,REPORTS_TO
1188,396,REPORTS_TO
1189,396,REPORTS_TO
1190,397,REPORTS_TO
1191,397,REPORTS_TO
1192,397,REPORTS_TO
1193,398,REPORTS_TO
1194,398,REPORTS_TO
1195,398,REPORTS_TO
1196,399,REPORTS_TO
1197,399,REPORTS_TO
1198,399,REPORTS_TO
1199,400,REPORTS_TO
1200,400,REPORTS_TO
1201,400,REPORTS_TO
1202,401,REPORTS_TO
1203,401,REPORTS_TO
1204,401,REPORTS_TO
1205,402,REPORTS_TO
1206,402,REPORTS_TO
1207,402,REPORTS_TO
1208,403,REPORTS_TO
1209,403,REPORTS_TO
1210,403,REPORTS_TO
1211,404,REPORTS_TO
1212,404,REPORTS_TO
1213,404,REPORTS_TO
1214,405,REPORTS_TO
1215,405,REPORTS_TO
1216,405,REPORTS_TO
1217,406,REPORTS_TO
1218,406,REPORTS_TO
1219,406,REPORTS_TO
1220,407,REPORTS_TO
1221,407,REPORTS_TO
1222,407,REPORTS_TO
1223,408,REPORTS_TO
1224,408,REPORTS_TO
1225,408,REPORTS_TO
1226,409,REPORTS_TO
1227,409,REPORTS_TO
1228,409,REPORTS_TO
1229,410,REPORTS_TO
1230,410,REPORTS_TO
1231,410,REPORTS_TO
1232,411,REPORTS_TO
1233,411,REPORTS_TO
1234,411,REPORTS_TO
1235,412,REPORTS_TO
1236,412,REPORTS_TO
1237,412,REPORTS_TO
1238,413,REPORTS_TO
1239,413,REPORTS_TO
1240,413,REPORTS_TO
1241,414,REPORTS_TO
1242,414,REPORTS_TO
1243,414,REPORTS_TO
1244,415,REPORTS_TO
1245,415,REPORTS_TO
1246,415,REPORTS_TO
1247,416,REPORTS_TO
1248,416,REPORTS_TO
1249,416,REPORTS_TO
1250,417,REPORTS_TO
1251,417,REPORTS_TO
1252,417,REPORTS_TO
1253,418,REPORTS_TO
1254,418,REPORTS_TO
1255,418,REPORTS_TO
1256,419,REPORTS_TO
1257,419,REPORTS_TO
1258,419,REPORTS_TO
1259,420,REPORTS_TO
1260,420,REPORTS_TO
1261,420,REPORTS_TO
1262,421,REPORTS_TO
1263,421,REPORTS_TO
1264,421,REPORTS_TO
1265,422,REPORTS_TO
1266,422,REPORTS_TO
1267,422,REPORTS_TO
1268,423,REPORTS_TO
1269,423,REPORTS_TO
1270,423,REPORTS_TO
1271,424,REPORTS_TO
1272,424,REPORTS_TO
1273,424,REPORTS_TO
1274,425,REPORTS_TO
1275,425,REPORTS_TO
1276,425,REPORTS_TO
1277,426,REPORTS_TO
1278,426,REPORTS_TO
1279,426,REPORTS_TO
1280,427,REPORTS_TO
1281,427,REPORTS_TO
1282,427,REPORTS_TO
1283,428,REPORTS_TO
1284,428,REPORTS_TO
1285,428,REPORTS_TO
1286,429,REPORTS_TO
1287,429,REPORTS_TO
1288,429,REPORTS_TO
1289,430,REPORTS_TO
1290,430,REPORTS_TO
1291,430,REPORTS_TO
1292,431,REPORTS_TO
1293,431,REPORTS_TO
1294,431,REPORTS_TO
1295,432,REPORTS_TO
1296,432,REPORTS_TO
1297,432,REPORTS_TO
1298,433,REPORTS_TO
1299,433,REPORTS_TO
1300,433,REPORTS_TO
1301,434,REPORTS_TO
1302,434,REPORTS_TO
1303,434,REPORTS_TO
1304,435,REPORTS_TO
1305,435,REPORTS_TO
1306,435,REPORTS_TO
1307,436,REPORTS_TO
1308,436,REPORTS_TO
1309,436,REPORTS_TO
1310,437,REPORTS_TO
1311,437,REPORTS_TO
1312,437,REPORTS_TO
1313,438,REPORTS_TO
1314,438,REPORTS_TO
1315,438,REPORTS_TO
1316,439,REPORTS_TO
1317,439,REPORTS_TO
1318,439,REPORTS_TO
1319,440,REPORTS_TO
1320,440,REPORTS_TO
1321,440,REPORTS_TO
1322,441,REPORTS_TO
1323,441,REPORTS_TO
1324,441,REPORTS_TO
1325,442,REPORTS_TO
1326,442,REPORTS_TO
1327,442,REPORTS_TO
1328,443,REPORTS_TO
1329,443,REPORTS_TO
1330,443,REPORTS_TO
1331,444,REPORTS_TO
1332,444,REPORTS_TO
1333,444,REPORTS_TO
1334,445,REPORTS_TO
1335,445,REPORTS_TO
1336,445,REPORTS_TO
1337,446,REPORTS_TO
1338,446,REPORTS_TO
1339,446,REPORTS_TO
1340,447,REPORTS_TO
1341,447,REPORTS_TO
1342,447,REPORTS_TO
1343,448,REPORTS_TO
1344,448,REPORTS_TO
1345,448,REPORTS_TO
1346,449,REPORTS_TO
1347,449,REPORTS_TO
1348,449,REPORTS_TO
1349,450,REPORTS_TO
1350,450,REPORTS_TO
1351,450,REPORTS_TO
1352,451,REPORTS_TO
1353,451,REPORTS_TO
1354,451,REPORTS_TO
1355,452,REPORTS_TO
1356,452,REPORTS_TO
1357,452,REPORTS_TO
1358,453,REPORTS_TO
1359,453,REPORTS_TO
1360,453,REPORTS_TO
1361,454,REPORTS_TO
1362,454,REPORTS_TO
1363,454,REPORTS_TO
1364,455,REPORTS_TO
1365,455,REPORTS_TO
1366,455,REPORTS_TO
1367,456,REPORTS_TO
1368,456,REPORTS_TO
1369,456,REPORTS_TO
1370,457,REPORTS_TO
1371,457,REPORTS_TO
1372,457,REPORTS_TO
1373,458,REPORTS_TO
1374,458,REPORTS_TO
1375,458,REPORTS_TO
1376,459,REPORTS_TO
1377,459,REPORTS_TO
1378,459,REPORTS_TO
1379,460,REPORTS_TO
1380,460,REPORTS_TO
1381,460,REPORTS_TO
1382,461,REPORTS_TO
1383,461,REPORTS_TO
1384,461,REPORTS_TO
1385,462,REPORTS_TO
1386,462,REPORTS_TO
1387,462,REPORTS_TO
1388,463,REPORTS_TO
1389,463,REPORTS_TO
1390,463,REPORTS_TO
1391,464,REPORTS_TO
1392,464,REPORTS_TO
1393,464,REPORTS_TO
1394,465,REPORTS_TO
1395,465,REPORTS_TO
1396,465,REPORTS_TO
1397,466,REPORTS_TO
1398,466,REPORTS_TO
1399,466,REPORTS_TO
1400,467,REPORTS_TO
1401,467,REPORTS_TO
1402,467,REPORTS_TO
1403,468,REPORTS_TO
1404,468,REPORTS_TO
1405,468,REPORTS_TO
1406,469,REPORTS_TO
1407,469,REPORTS_TO
1408,469,REPORTS_TO
1409,470,REPORTS_TO
1410,470,REPORTS_TO
1411,470,REPORTS_TO
1412,471,REPORTS_TO
1413,471,REPORTS_TO
1414,471,REPORTS_TO
1415,472,REPORTS_TO
1416,472,REPORTS_TO
1417,472,REPORTS_TO
1418,473,REPORTS_TO
1419,473,REPORTS_TO
1420,473,REPORTS_TO
1421,474,REPORTS_TO
1422,474,REPORTS_TO
1423,474,REPORTS_TO
1424,475,REPORTS_TO
1425,475,REPORTS_TO
1426,475,REPORTS_TO
1427,476,REPORTS_TO
1428,476,REPORTS_TO
1429,476,REPORTS_TO
1430,477,REPORTS_TO
1431,477,REPORTS_TO
1432,477,REPORTS_TO
1433,478,REPORTS_TO
1434,478,REPORTS_TO
1435,478,REPORTS_TO
1436,479,REPORTS_TO
1437,479,REPORTS_TO
1438,479,REPORTS_TO
1439,480,REPORTS_TO
1440,480,REPORTS_TO
1441,480,REPORTS_TO
1442,481,REPORTS_TO
1443,481,REPORTS_TO
1444,481,REPORTS_TO
1445,482,REPORTS_TO
1446,482,REPORTS_TO
1447,482,REPORTS_TO
1448,483,REPORTS_TO
1449,483,REPORTS_TO
1450,483,REPORTS_TO
1451,484,REPORTS_TO
1452,484,REPORTS_TO
1453,484,REPORTS_TO
1454,485,REPORTS_TO
1455,485,REPORTS_TO
1456,485,REPORTS_TO
1457,486,REPORTS_TO
1458,486,REPORTS_TO
1459,486,REPORTS_TO
1460,487,REPORTS_TO
1461,487,REPORTS_TO
1462,487,REPORTS_TO
1463,488,REPORTS_TO
1464,488,REPORTS_TO
1465,488,REPORTS_TO
1466,489,REPORTS_TO
1467,489,REPORTS_TO
1468,489,REPORTS_TO
1469,490,REPORTS_TO
1470,490,REPORTS_TO
1471,490,REPORTS_TO
1472,491,REPORTS_TO
1473,491,REPORTS_TO
1474,491,REPORTS_TO
1475,492,REPORTS_TO
1476,492,REPORTS_TO
1477,492,REPORTS_TO
1478,493,REPORTS_TO
1479,493,REPORTS_TO
1480,493,REPORTS_TO
1481,494,REPORTS_TO
1482,494,REPORTS_TO
1483,494,REPORTS_TO
1484,495,REPORTS_TO
1485,495,REPORTS_TO
1486,495,REPORTS_TO
1487,496,REPORTS_TO
1488,496,REPORTS_TO
1489,496,REPORTS_TO
1490,497,REPORTS_TO
1491,497,REPORTS_TO
1492,497,REPORTS_TO
1493,498,REPORTS_TO
1494,498,REPORTS_TO
1495,498,REPORTS_TO
1496,499,REPORTS_TO
1497,499,REPORTS_TO
1498,499,REPORTS_TO
1499,500,REPORTS_TO
1500,500,REPORTS_TO
1501,500,REPORTS_TO
1502,501,REPORTS_TO
1503,501,REPORTS_TO
1504,501,REPORTS_TO
1505,502,REPORTS_TO
1506,502,REPORTS_TO
1507,502,REPORTS_TO
1508,503,REPORTS_TO
1509,503,REPORTS_TO
1510,503,REPORTS_TO
1511,504,REPORTS_TO
1512,504,REPORTS_TO
1513,504,REPORTS_TO
1514,505,REPORTS_TO
1515,505,REPORTS_TO
1516,505,REPORTS_TO
1517,506,REPORTS_TO
1518,506,REPORTS_TO
1519,506,REPORTS_TO
1520,507,REPORTS_TO
1521,507,REPORTS_TO
1522,507,REPORTS_TO
1523,508,REPORTS_TO
1524,508,REPORTS_TO
1525,508,REPORTS_TO
1526,509,REPORTS_TO
1527,509,REPORTS_TO
1528,509,REPORTS_TO
1529,510,REPORTS_TO
1530,510,REPORTS_TO
1531,510,REPORTS_TO
1532,511,REPORTS_TO
1533,511,REPORTS_TO
1534,511,REPORTS_TO
1535,512,REPORTS_TO
1536,512,REPORTS_TO
1537,512,REPORTS_TO
1538,513,REPORTS_TO
1539,513,REPORTS_TO
1540,513,REPORTS_TO
1541,514,REPORTS_TO
1542,514,REPORTS_TO
1543,514,REPORTS_TO
1544,515,REPORTS_TO
1545,515,REPORTS_TO
1546,515,REPORTS_TO
1547,516,REPORTS_TO
1548,516,REPORTS_TO
1549,516,REPORTS_TO
1550,517,REPORTS_TO
1551,517,REPORTS_TO
1552,517,REPORTS_TO
1553,518,REPORTS_TO
1554,518,REPORTS_TO
1555,518,REPORTS_TO
1556,519,REPORTS_TO
1557,519,REPORTS_TO
1558,519,REPORTS_TO
1559,520,REPORTS_TO
1560,520,REPORTS_TO
1561,520,REPORTS_TO
1562,521,REPORTS_TO
1563,521,REPORTS_TO
1564,521,REPORTS_TO
1565,522,REPORTS_TO
1566,522,REPORTS_TO
1567,522,REPORTS_TO
1568,523,REPORTS_TO
1569,523,REPORTS_TO
1570,523,REPORTS_TO
1571,524,REPORTS_TO
1572,524,REPORTS_TO
1573,524,REPORTS_TO
1574,525,REPORTS_TO
1575,525,REPORTS_TO
1576,525,REPORTS_TO
1577,526,REPORTS_TO
1578,526,REPORTS_TO
1579,526,REPORTS_TO
1580,527,REPORTS_TO
1581,527,REPORTS_TO
1582,527,REPORTS_TO
1583,528,REPORTS_TO
1584,528,REPORTS_TO
1585,528,REPORTS_TO
1586,529,REPORTS_TO
1587,529,REPORTS_TO
1588,529,REPORTS_TO
1589,530,REPORTS_TO
1590,530,REPORTS_TO
1591,530,REPORTS_TO
1592,531,REPORTS_TO
1593,531,REPORTS_TO
1594,531,REPORTS_TO
1595,532,REPORTS_TO
1596,532,REPORTS_TO
1597,532,REPORTS_TO
1598,533,REPORTS_TO
1599,533,REPORTS_TO
1600,533,REPORTS_TO
1601,534,REPORTS_TO
1602,534,REPORTS_TO
1603,534,REPORTS_TO
1604,535,REPORTS_TO
1605,535,REPORTS_TO
1606,535,REPORTS_TO
1607,536,REPORTS_TO
1608,536,REPORTS_TO
1609,536,REPORTS_TO
1610,537,REPORTS_TO
1611,537,REPORTS_TO
1612,537,REPORTS_TO
1613,538,REPORTS_TO
1614,538,REPORTS_TO
1615,538,REPORTS_TO
1616,539,REPORTS_TO
1617,539,REPORTS_TO
1618,539,REPORTS_TO
1619,540,REPORTS_TO
1620,540,REPORTS_TO
1621,540,REPORTS_TO
1622,541,REPORTS_TO
1623,541,REPORTS_TO
1624,541,REPORTS_TO
1625,542,REPORTS_TO
1626,542,REPORTS_TO
1627,542,REPORTS_TO
1628,543,REPORTS_TO
1629,543,REPORTS_TO
1630,543,REPORTS_TO
1631,544,REPORTS_TO
1632,544,REPORTS_TO
1633,544,REPORTS_TO
1634,545,REPORTS_TO
1635,545,REPORTS_TO
1636,545,REPORTS_TO
1637,546,REPORTS_TO
1638,546,REPORTS_TO
1639,546,REPORTS_TO
1640,547,REPORTS_TO
1641,547,REPORTS_TO
1642,547,REPORTS_TO
1643,548,REPORTS_TO
1644,548,REPORTS_TO
1645,548,REPORTS_TO
1646,549,REPORTS_TO
1647,549,REPORTS_TO
1648,549,REPORTS_TO
1649,550,REPORTS_TO
1650,550,REPORTS_TO
1651,550,REPORTS_TO
1652,551,REPORTS_TO
1653,551,REPORTS_TO
1654,551,REPORTS_TO
1655,552,REPORTS_TO
1656,552,REPORTS_TO
1657,552,REPORTS_TO
1658,553,REPORTS_TO
1659,553,REPORTS_TO
1660,553,REPORTS_TO
1661,554,REPORTS_TO
1662,554,REPORTS_TO
1663,554,REPORTS_TO
1664,555,REPORTS_TO
1665,555,REPORTS_TO
1666,555,REPORTS_TO
1667,556,REPORTS_TO
1668,556,REPORTS_TO
1669,556,REPORTS_TO
1670,557,REPORTS_TO
1671,557,REPORTS_TO
1672,557,REPORTS_TO
1673,558,REPORTS_TO
1674,558,REPORTS_TO
1675,558,REPORTS_TO
1676,559,REPORTS_TO
1677,559,REPORTS_TO
1678,559,REPORTS_TO
1679,560,REPORTS_TO
1680,560,REPORTS_TO
1681,560,REPORTS_TO
1682,561,REPORTS_TO
1683,561,REPORTS_TO
1684,561,REPORTS_TO
1685,562,REPORTS_TO
1686,562,REPORTS_TO
1687,562,REPORTS_TO
1688,563,REPORTS_TO
1689,563,REPORTS_TO
1690,563,REPORTS_TO
1691,564,REPORTS_TO
1692,564,REPORTS_TO
1693,564,REPORTS_TO
1694,565,REPORTS_TO
1695,565,REPORTS_TO
1696,565,REPORTS_TO
1697,566,REPORTS_TO
1698,566,REPORTS_TO
1699,566,REPORTS_TO
1700,567,REPORTS_TO
1701,567,REPORTS_TO
1702,567,REPORTS_TO
1703,568,REPORTS_TO
1704,568,REPORTS_TO
1705,568,REPORTS_TO
1706,569,REPORTS_TO
1707,569,REPORTS_TO
1708,569,REPORTS_TO
1709,570,REPORTS_TO
1710,570,REPORTS_TO
1711,570,REPORTS_TO
1712,571,REPORTS_TO
1713,571,REPORTS_TO
1714,571,REPORTS_TO
1715,572,REPORTS_TO
1716,572,REPORTS_TO
1717,572,REPORTS_TO
1718,573,REPORTS_TO
1719,573,REPORTS_TO
1720,573,REPORTS_TO
1721,574,REPORTS_TO
1722,574,REPORTS_TO
1723,574,REPORTS_TO
1724,575,REPORTS_TO
1725,575,REPORTS_TO
1726,575,REPORTS_TO
1727,576,REPORTS_TO
1728,576,REPORTS_TO
1729,576,REPORTS_TO
1730,577,REPORTS_TO
1731,577,REPORTS_TO
1732,577,REPORTS_TO
1733,578,REPORTS_TO
1734,578,REPORTS_TO
1735,578,REPORTS_TO
1736,579,REPORTS_TO
1737,579,REPORTS_TO
1738,579,REPORTS_TO
1739,580,REPORTS_TO
1740,580,REPORTS_TO
1741,580,REPORTS_TO
1742,581,REPORTS_TO
1743,581,REPORTS_TO
1744,581,REPORTS_TO
1745,582,REPORTS_TO
1746,582,REPORTS_TO
1747,582,REPORTS_TO
1748,583,REPORTS_TO
1749,583,REPORTS_TO
1750,583,REPORTS_TO
1751,584,REPORTS_TO
1752,584,REPORTS_TO
1753,584,REPORTS_TO
1754,585,REPORTS_TO
1755,585,REPORTS_TO
1756,585,REPORTS_TO
1757,586,REPORTS_TO
1758,586,REPORTS_TO
1759,586,REPORTS_TO
1760,587,REPORTS_TO
1761,587,REPORTS_TO
1762,587,REPORTS_TO
1763,588,REPORTS_TO
1764,588,REPORTS_TO
1765,588,REPORTS_TO
1766,589,REPORTS_TO
1767,589,REPORTS_TO
1768,589,REPORTS_TO
1769,590,REPORTS_TO
1770,590,REPORTS_TO
1771,590,REPORTS_TO
1772,591,REPORTS_TO
1773,591,REPORTS_TO
1774,591,REPORTS_TO
1775,592,REPORTS_TO
1776,592,REPORTS_TO
1777,592,REPORTS_TO
1778,593,REPORTS_TO
1779,593,REPORTS_TO
1780,593,REPORTS_TO
1781,594,REPORTS_TO
1782,594,REPORTS_TO
1783,594,REPORTS_TO
1784,595,REPORTS_TO
1785,595,REPORTS_TO
1786,595,REPORTS_TO
1787,596,REPORTS_TO
1788,596,REPORTS_TO
1789,596,REPORTS_TO
1790,597,REPORTS_TO
1791,597,REPORTS_TO
1792,597,REPORTS_TO
1793,598,REPORTS_TO
1794,598,REPORTS_TO
1795,598,REPORTS_TO
1796,599,REPORTS_TO
1797,599,REPORTS_TO
1798,599,REPORTS_TO
1799,600,REPORTS_TO
1800,600,REPORTS_TO
1801,600,REPORTS_TO
1802,601,REPORTS_TO
1803,601,REPORTS_TO
1804,601,REPORTS_TO
1805,602,REPORTS_TO
1806,602,REPORTS_TO
1807,602,REPORTS_TO
1808,603,REPORTS_TO
1809,603,REPORTS_TO
1810,603,REPORTS_TO
1811,604,REPORTS_TO
1812,604,REPORTS_TO
1813,604,REPORTS_TO
1814,605,REPORTS_TO
1815,605,REPORTS_TO
1816,605,REPORTS_TO
1817,606,REPORTS_TO
1818,606,REPORTS_TO
1819,606,REPORTS_TO
1820,607,REPORTS_TO
1821,607,REPORTS_TO
1822,607,REPORTS_TO
1823,608,REPORTS_TO
1824,608,REPORTS_TO
1825,608,REPORTS_TO
1826,609,REPORTS_TO
1827,609,REPORTS_TO
1828,609,REPORTS_TO
1829,610,REPORTS_TO
1830,610,REPORTS_TO
1831,610,REPORTS_TO
1832,611,REPORTS_TO
1833,611,REPORTS_TO
1834,611,REPORTS_TO
1835,612,REPORTS_TO
1836,612,REPORTS_TO
1837,612,REPORTS_TO
1838,613,REPORTS_TO
1839,613,REPORTS_TO
1840,613,REPORTS_TO
1841,614,REPORTS_TO
1842,614,REPORTS_TO
1843,614,REPORTS_TO
1844,615,REPORTS_TO
1845,615,REPORTS_TO
1846,615,REPORTS_TO
1847,616,REPORTS_TO
1848,616,REPORTS_TO
1849,616,REPORTS_TO
1850,617,REPORTS_TO
1851,617,REPORTS_TO
1852,617,REPORTS_TO
1853,618,REPORTS_TO
1854,618,REPORTS_TO
1855,618,REPORTS_TO
1856,619,REPORTS_TO
1857,619,REPORTS_TO
1858,619,REPORTS_TO
1859,620,REPORTS_TO
1860,620,REPORTS_TO
1861,620,REPORTS_TO
1862,621,REPORTS_TO
1863,621,REPORTS_TO
1864,621,REPORTS_TO
1865,622,REPORTS_TO
1866,622,REPORTS_TO
1867,622,REPORTS_TO
1868,623,REPORTS_TO
1869,623,REPORTS_TO
1870,623,REPORTS_TO
1871,624,REPORTS_TO
1872,624,REPORTS_TO
1873,624,REPORTS_TO
1874,625,REPORTS_TO
1875,625,REPORTS_TO
1876,625,REPORTS_TO
1877,626,REPORTS_TO
1878,626,REPORTS_TO
1879,626,REPORTS_TO
1880,627,REPORTS_TO
1881,627,REPORTS_TO
1882,627,REPORTS_TO
1883,628,REPORTS_TO
1884,628,REPORTS_TO
1885,628,REPORTS_TO
1886,629,REPORTS_TO
1887,629,REPORTS_TO
1888,629,REPORTS_TO
1889,630,REPORTS_TO
1890,630,REPORTS_TO
1891,630,REPORTS_TO
1892,631,REPORTS_TO
1893,631,REPORTS_TO
1894,631,REPORTS_TO
1895,632,REPORTS_TO
1896,632,REPORTS_TO
1897,632,REPORTS_TO
1898,633,REPORTS_TO
1899,633,REPORTS_TO
1900,633,REPORTS_TO
1901,634,REPORTS_TO
1902,634,REPORTS_TO
1903,634,REPORTS_TO
1904,635,REPORTS_TO
1905,635,REPORTS_TO
1906,635,REPORTS_TO
1907,636,REPORTS_TO
1908,636,REPORTS_TO
1909,636,REPORTS_TO
1910,637,REPORTS_TO
1911,637,REPORTS_TO
1912,637,REPORTS_TO
1913,638,REPORTS_TO
1914,638,REPORTS_TO
1915,638,REPORTS_TO
1916,639,REPORTS_TO
1917,639,REPORTS_TO
1918,639,REPORTS_TO
1919,640,REPORTS_TO
1920,640,REPORTS_TO
1921,640,REPORTS_TO
1922,641,REPORTS_TO
1923,641,REPORTS_TO
1924,641,REPORTS_TO
1925,642,REPORTS_TO
1926,642,REPORTS_TO
1927,642,REPORTS_TO
1928,643,REPORTS_TO
1929,643,REPORTS_TO
1930,643,REPORTS_TO
1931,644,REPORTS_TO
1932,644,REPORTS_TO
1933,644,REPORTS_TO
1934,645,REPORTS_TO
1935,645,REPORTS_TO
1936,645,REPORTS_TO
1937,646,REPORTS_TO
1938,646,REPORTS_TO
1939,646,REPORTS_TO
1940,647,REPORTS_TO
1941,647,REPORTS_TO
1942,647,REPORTS_TO
1943,648,REPORTS_TO
1944,648,REPORTS_TO
1945,648,REPORTS_TO
1946,649,REPORTS_TO
1947,649,REPORTS_TO
1948,649,REPORTS_TO
1949,650,REPORTS_TO
1950,650,REPORTS_TO
1951,650,REPORTS_TO
1952,651,REPORTS_TO
1953,651,REPORTS_TO
1954,651,REPORTS_TO
1955,652,REPORTS_TO
1956,652,REPORTS_TO
1957,652,REPORTS_TO
1958,653,REPORTS_TO
1959,653,REPORTS_TO
1960,653,REPORTS_TO
1961,654,REPORTS_TO
1962,654,REPORTS_TO
1963,654,REPORTS_TO
1964,655,REPORTS_TO
1965,655,REPORTS_TO
1966,655,REPORTS_TO
1967,656,REPORTS_TO
1968,656,REPORTS_TO
1969,656,REPORTS_TO
1970,657,REPORTS_TO
1971,657,REPORTS_TO
1972,657,REPORTS_TO
1973,658,REPORTS_TO
1974,658,REPORTS_TO
1975,658,REPORTS_TO
1976,659,REPORTS_TO
1977,659,REPORTS_TO
1978,659,REPORTS_TO
1979,660,REPORTS_TO
1980,660,REPORTS_TO
1981,660,REPORTS_TO
1982,661,REPORTS_TO
1983,661,REPORTS_TO
1984,661,REPORTS_TO
1985,662,REPORTS_TO
1986,662,REPORTS_TO
1987,662,REPORTS_TO
1988,663,REPORTS_TO
1989,663,REPORTS_TO
1990,663,REPORTS_TO
1991,664,REPORTS_TO
1992,664,REPORTS_TO
1993,664,REPORTS_TO
1994,665,REPORTS_TO
1995,665,REPORTS_TO
1996,665,REPORTS_TO
1997,666,REPORTS_TO
1998,666,REPORTS_TO
1999,666,REPORTS_TO
2000,667,REPORTS_TO
2001,667,REPORTS_TO
2002,667,REPORTS_TO
2003,668,REPORTS_TO
2004,668,REPORTS_TO
2005,668,REPORTS_TO
2006,669,REPORTS_TO
2007,669,REPORTS_TO
2008,669,REPORTS_TO
2009,670,REPORTS_TO
2010,670,REPORTS_TO
2011,670,REPORTS_TO
2012,671,REPORTS_TO
2013,671,REPORTS_TO
2014,671,REPORTS_TO
2015,672,REPORTS_TO
2016,672,REPORTS_TO
2017,672,REPORTS_TO
2018,673,REPORTS_TO
2019,673,REPORTS_TO
2020,673,REPORTS_TO
2021,674,REPORTS_TO
2022,674,REPORTS_TO
2023,674,REPORTS_TO
2024,675,REPORTS_TO
2025,675,REPORTS_TO
2026,675,REPORTS_TO
2027,676,REPORTS_TO
2028,676,REPORTS_TO
2029,676,REPORTS_TO
2030,677,REPORTS_TO
2031,677,REPORTS_TO
2032,677,REPORTS_TO
2033,678,REPORTS_TO
2034,678,REPORTS_TO
2035,678,REPORTS_TO
2036,679,REPORTS_TO
2037,679,REPORTS_TO
2038,679,REPORTS_TO
2039,680,REPORTS_TO
2040,680,REPORTS_TO
2041,680,REPORTS_TO
2042,681,REPORTS_TO
2043,681,REPORTS_TO
2044,681,REPORTS_TO
2045,682,REPORTS_TO
2046,682,REPORTS_TO
2047,682,REPORTS_TO
2048,683,REPORTS_TO
2049,683,REPORTS_TO
2050,683,REPORTS_TO
2051,684,REPORTS_TO
2052,684,REPORTS_TO
2053,684,REPORTS_TO
2054,685,REPORTS_TO
2055,685,REPORTS_TO
2056,685,REPORTS_TO
2057,686,REPORTS_TO
2058,686,REPORTS_TO
2059,686,REPORTS_TO
2060,687,REPORTS_TO
2061,687,REPORTS_TO
2062,687,REPORTS_TO
2063,688,REPORTS_TO
2064,688,REPORTS_TO
2065,688,REPORTS_TO
2066,689,REPORTS_TO
2067,689,REPORTS_TO
2068,689,REPORTS_TO
2069,690,REPORTS_TO
2070,690,REPORTS_TO
2071,690,REPORTS_TO
2072,691,REPORTS_TO
2073,691,REPORTS_TO
2074,691,REPORTS_TO
2075,692,REPORTS_TO
2076,692,REPORTS_TO
2077,692,REPORTS_TO
2078,693,REPORTS_TO
2079,693,REPORTS_TO
2080,693,REPORTS_TO
2081,694,REPORTS_TO
2082,694,REPORTS_TO
2083,694,REPORTS_TO
2084,695,REPORTS_TO
2085,695,REPORTS_TO
2086,695,REPORTS_TO
2087,696,REPORTS_TO
2088,696,REPORTS_TO
2089,696,REPORTS_TO
2090,697,REPORTS_TO
2091,697,REPORTS_TO
2092,697,REPORTS_TO
2093,698,REPORTS_TO
2094,698,REPORTS_TO
2095,698,REPORTS_TO
2096,699,REPORTS_TO
2097,699,REPORTS_TO
2098,699,REPORTS_TO
2099,700,REPORTS_TO
2100,700,REPORTS_TO
2101,700,REPORTS_TO
2102,701,REPORTS_TO
2103,701,REPORTS_TO
2104,701,REPORTS_TO
2105,702,REPORTS_TO
2106,702,REPORTS_TO
2107,702,REPORTS_TO
2108,703,REPORTS_TO
2109,703,REPORTS_TO
2110,703,REPORTS_TO
2111,704,REPORTS_TO
2112,704,REPORTS_TO
2113,704,REPORTS_TO
2114,705,REPORTS_TO
2115,705,REPORTS_TO
2116,705,REPORTS_TO
2117,706,REPORTS_TO
2118,706,REPORTS_TO
2119,706,REPORTS_TO
2120,707,REPORTS_TO
2121,707,REPORTS_TO
2122,707,REPORTS_TO
2123,708,REPORTS_TO
2124,708,REPORTS_TO
2125,708,REPORTS_TO
2126,709,REPORTS_TO
2127,709,REPORTS_TO
2128,709,REPORTS_TO
2129,710,REPORTS_TO
2130,710,REPORTS_TO
2131,710,REPORTS_TO
2132,711,REPORTS_TO
2133,711,REPORTS_TO
2134,711,REPORTS_TO
2135,712,REPORTS_TO
2136,712,REPORTS_TO
2137,712,REPORTS_TO
2138,713,REPORTS_TO
2139,713,REPORTS_TO
2140,713,REPORTS_TO
2141,714,REPORTS_TO
2142,714,REPORTS_TO
2143,714,REPORTS_TO
2144,715,REPORTS_TO
2145,715,REPORTS_TO
2146,715,REPORTS_TO
2147,716,REPORTS_TO
2148,716,REPORTS_TO
2149,716,REPORTS_TO
2150,717,REPORTS_TO
2151,717,REPORTS_TO
2152,717,REPORTS_TO
2153,718,REPORTS_TO
2154,718,REPORTS_TO
2155,718,REPORTS_TO
2156,719,REPORTS_TO
2157,719,REPORTS_TO
2158,719,REPORTS_TO
2159,720,REPORTS_TO
2160,720,REPORTS_TO
2161,720,REPORTS_TO
2162,721,REPORTS_TO
2163,721,REPORTS_TO
2164,721,REPORTS_TO
2165,722,REPORTS_TO
2166,722,REPORTS_TO
2167,722,REPORTS_TO
2168,723,REPORTS_TO
2169,723,REPORTS_TO
2170,723,REPORTS_TO
2171,724,REPORTS_TO
2172,724,REPORTS_TO
2173,724,REPORTS_TO
2174,725,REPORTS_TO
2175,725,REPORTS_TO
2176,725,REPORTS_TO
2177,726,REPORTS_TO
2178,726,REPORTS_TO
2179,726,REPORTS_TO
2180,727,REPORTS_TO
2181,727,REPORTS_TO
2182,727,REPORTS_TO
2183,728,REPORTS_TO
2184,728,REPORTS_TO
2185,728,REPORTS_TO
2186,729,REPORTS_TO
2187,729,REPORTS_TO
2188,729,REPORTS_TO
2189,730,REPORTS_TO
2190,730,REPORTS_TO
2191,730,REPORTS_TO
2192,731,REPORTS_TO
2193,731,REPORTS_TO
2194,731,REPORTS_TO
2195,732,REPORTS_TO
2196,732,REPORTS_TO
2197,732,REPORTS_TO
2198,733,REPORTS_TO
2199,733,REPORTS_TO
2200,733,REPORTS_TO
2201,734,REPORTS_TO
2202,734,REPORTS_TO
2203,734,REPORTS_TO
2204,735,REPORTS_TO
2205,735,REPORTS_TO
2206,735,REPORTS_TO
2207,736,REPORTS_TO
2208,736,REPORTS_TO
2209,736,REPORTS_TO
2210,737,REPORTS_TO
2211,737,REPORTS_TO
2212,737,REPORTS_TO
2213,738,REPORTS_TO
2214,738,REPORTS_TO
2215,738,REPORTS_TO
2216,739,REPORTS_TO
2217,739,REPORTS_TO
2218,739,REPORTS_TO
2219,740,REPORTS_TO
2220,740,REPORTS_TO
2221,740,REPORTS_TO
2222,741,REPORTS_TO
2223,741,REPORTS_TO
2224,741,REPORTS_TO
2225,742,REPORTS_TO
2226,742,REPORTS_TO
2227,742,REPORTS_TO
2228,743,REPORTS_TO
2229,743,REPORTS_TO
2230,743,REPORTS_TO
2231,744,REPORTS_TO
2232,744,REPORTS_TO
2233,744,REPORTS_TO
2234,745,REPORTS_TO
2235,745,REPORTS_TO
2236,745,REPORTS_TO
2237,746,REPORTS_TO
2238,746,REPORTS_TO
2239,746,REPORTS_TO
2240,747,REPORTS_TO
2241,747,REPORTS_TO
2242,747,REPORTS_TO
2243,748,REPORTS_TO
2244,748,REPORTS_TO
2245,748,REPORTS_TO
2246,749,REPORTS_TO
2247,749,REPORTS_TO
2248,749,REPORTS_TO
2249,750,REPORTS_TO
2250,750,REPORTS_TO
2251,750,REPORTS_TO
2252,751,REPORTS_TO
2253,751,REPORTS_TO
2254,751,REPORTS_TO
2255,752,REPORTS_TO
2256,752,REPORTS_TO
2257,752,REPORTS_TO
2258,753,REPORTS_TO
2259,753,REPORTS_TO
2260,753,REPORTS_TO
2261,754,REPORTS_TO
2262,754,REPORTS_TO
2263,754,REPORTS_TO
2264,755,REPORTS_TO
2265,755,REPORTS_TO
2266,755,REPORTS_TO
2267,756,REPORTS_TO
2268,756,REPORTS_TO
2269,756,REPORTS_TO
2270,757,REPORTS_TO
2271,757,REPORTS_TO
2272,757,REPORTS_TO
2273,758,REPORTS_TO
2274,758,REPORTS_TO
2275,758,REPORTS_TO
2276,759,REPORTS_TO
2277,759,REPORTS_TO
2278,759,REPORTS_TO
2279,760,REPORTS_TO
2280,760,REPORTS_TO
2281,760,REPORTS_TO
2282,761,REPORTS_TO
2283,761,REPORTS_TO
2284,761,REPORTS_TO
2285,762,REPORTS_TO
2286,762,REPORTS_TO
2287,762,REPORTS_TO
2288,763,REPORTS_TO
2289,763,REPORTS_TO
2290,763,REPORTS_TO
2291,764,REPORTS_TO
2292,764,REPORTS_TO
2293,764,REPORTS_TO
2294,765,REPORTS_TO
2295,765,REPORTS_TO
2296,765,REPORTS_TO
2297,766,REPORTS_TO
2298,766,REPORTS_TO
2299,766,REPORTS_TO
2300,767,REPORTS_TO
2301,767,REPORTS_TO
2302,767,REPORTS_TO
2303,768,REPORTS_TO
2304,768,REPORTS_TO
2305,768,REPORTS_TO
2306,769,REPORTS_TO
2307,769,REPORTS_TO
2308,769,REPORTS_TO
2309,770,REPORTS_TO
2310,770,REPORTS_TO
2311,770,REPORTS_TO
2312,771,REPORTS_TO
2313,771,REPORTS_TO
2314,771,REPORTS_TO
2315,772,REPORTS_TO
2316,772,REPORTS_TO
2317,772,REPORTS_TO
2318,773,REPORTS_TO
2319,773,REPORTS_TO
2320,773,REPORTS_TO
2321,774,REPORTS_TO
2322,774,REPORTS_TO
2323,774,REPORTS_TO
2324,775,REPORTS_TO
2325,775,REPORTS_TO
2326,775,REPORTS_TO
2327,776,REPORTS_TO
2328,776,REPORTS_TO
2329,776,REPORTS_TO
2330,777,REPORTS_TO
2331,777,REPORTS_TO
2332,777,REPORTS_TO
2333,778,REPORTS_TO
2334,778,REPORTS_TO
2335,778,REPORTS_TO
2336,779,REPORTS_TO
2337,779,REPORTS_TO
2338,779,REPORTS_TO
2339,780,REPORTS_TO
2340,780,REPORTS_TO
2341,780,REPORTS_TO
2342,781,REPORTS_TO
2343,781,REPORTS_TO
2344,781,REPORTS_TO
2345,782,REPORTS_TO
2346,782,REPORTS_TO
2347,782,REPORTS_TO
2348,783,REPORTS_TO
2349,783,REPORTS_TO
2350,783,REPORTS_TO
2351,784,REPORTS_TO
2352,784,REPORTS_TO
2353,784,REPORTS_TO
2354,785,REPORTS_TO
2355,785,REPORTS_TO
2356,785,REPORTS_TO
2357,786,REPORTS_TO
2358,786,REPORTS_TO
2359,786,REPORTS_TO
2360,787,REPORTS_TO
2361,787,REPORTS_TO
2362,787,REPORTS_TO
2363,788,REPORTS_TO
2364,788,REPORTS_TO
2365,788,REPORTS_TO
2366,789,REPORTS_TO
2367,789,REPORTS_TO
2368,789,REPORTS_TO
2369,790,REPORTS_TO
2370,790,REPORTS_TO
2371,790,REPORTS_TO
2372,791,REPORTS_TO
2373,791,REPORTS_TO
2374,791,REPORTS_TO
2375,792,REPORTS_TO
2376,792,REPORTS_TO
2377,792,REPORTS_TO
2378,793,REPORTS_TO
2379,793,REPORTS_TO
2380,793,REPORTS_TO
2381,794,REPORTS_TO
2382,794,REPORTS_TO
2383,794,REPORTS_TO
2384,795,REPORTS_TO
2385,795,REPORTS_TO
2386,795,REPORTS_TO
2387,796,REPORTS_TO
2388,796,REPORTS_TO
2389,796,REPORTS_TO
2390,797,REPORTS_TO
2391,797,REPORTS_TO
2392,797,REPORTS_TO
2393,798,REPORTS_TO
2394,798,REPORTS_TO
2395,798,REPORTS_TO
2396,799,REPORTS_TO
2397,799,REPORTS_TO
2398,799,REPORTS_TO
2399,800,REPORTS_TO
2400,800,REPORTS_TO
2401,800,REPORTS_TO
2402,801,REPORTS_TO
2403,801,REPORTS_TO
2404,801,REPORTS_TO
2405,802,REPORTS_TO
2406,802,REPORTS_TO
2407,802,REPORTS_TO
2408,803,REPORTS_TO
2409,803,REPORTS_TO
2410,803,REPORTS_TO
2411,804,REPORTS_TO
2412,804,REPORTS_TO
2413,804,REPORTS_TO
2414,805,REPORTS_TO
2415,805,REPORTS_TO
2416,805,REPORTS_TO
2417,806,REPORTS_TO
2418,806,REPORTS_TO
2419,806,REPORTS_TO
2420,807,REPORTS_TO
2421,807,REPORTS_TO
2422,807,REPORTS_TO
2423,808,REPORTS_TO
2424,808,REPORTS_TO
2425,808,REPORTS_TO
2426,809,REPORTS_TO
2427,809,REPORTS_TO
2428,809,REPORTS_TO
2429,810,REPORTS_TO
2430,810,REPORTS_TO
2431,810,REPORTS_TO
2432,811,REPORTS_TO
2433,811,REPORTS_TO
2434,811,REPORTS_TO
2435,812,REPORTS_TO
2436,812,REPORTS_TO
2437,812,REPORTS_TO
2438,813,REPORTS_TO
2439,813,REPORTS_TO
2440,813,REPORTS_TO
2441,814,REPORTS_TO
2442,814,REPORTS_TO
2443,814,REPORTS_TO
2444,815,REPORTS_TO
2445,815,REPORTS_TO
2446,815,REPORTS_TO
2447,816,REPORTS_TO
2448,816,REPORTS_TO
2449,816,REPORTS_TO
2450,817,REPORTS_TO
2451,817,REPORTS_TO
2452,817,REPORTS_TO
2453,818,REPORTS_TO
2454,818,REPORTS_TO
2455,818,REPORTS_TO
2456,819,REPORTS_TO
2457,819,REPORTS_TO
2458,819,REPORTS_TO
2459,820,REPORTS_TO
2460,820,REPORTS_TO
2461,820,REPORTS_TO
2462,821,REPORTS_TO
2463,821,REPORTS_TO
2464,821,REPORTS_TO
2465,822,REPORTS_TO
2466,822,REPORTS_TO
2467,822,REPORTS_TO
2468,823,REPORTS_TO
2469,823,REPORTS_TO
2470,823,REPORTS_TO
2471,824,REPORTS_TO
2472,824,REPORTS_TO
2473,824,REPORTS_TO
2474,825,REPORTS_TO
2475,825,REPORTS_TO
2476,825,REPORTS_TO
2477,826,REPORTS_TO
2478,826,REPORTS_TO
2479,826,REPORTS_TO
2480,827,REPORTS_TO
2481,827,REPORTS_TO
2482,827,REPORTS_TO
2483,828,REPORTS_TO
2484,828,REPORTS_TO
2485,828,REPORTS_TO
2486,829,REPORTS_TO
2487,829,REPORTS_TO
2488,829,REPORTS_TO
2489,830,REPORTS_TO
2490,830,REPORTS_TO
2491,830,REPORTS_TO
2492,831,REPORTS_TO
2493,831,REPORTS_TO
2494,831,REPORTS_TO
2495,832,REPORTS_TO
2496,832,REPORTS_TO
2497,832,REPORTS_TO
2498,833,REPORTS_TO
2499,833,REPORTS_TO
2500,833,REPORTS_TO
2501,834,REPORTS_TO
2502,834,REPORTS_TO
2503,834,REPORTS_TO
2504,835,REPORTS_TO
2505,835,REPORTS_TO
2506,835,REPORTS_TO
2507,836,REPORTS_TO
2508,836,REPORTS_TO
2509,836,REPORTS_TO
2510,837,REPORTS_TO
2511,837,REPORTS_TO
2512,837,REPORTS_TO
2513,838,REPORTS_TO
2514,838,REPORTS_TO
2515,838,REPORTS_TO
2516,839,REPORTS_TO
2517,839,REPORTS_TO
2518,839,REPORTS_TO
2519,840,REPORTS_TO
2520,840,REPORTS_TO
2521,840,REPORTS_TO
2522,841,REPORTS_TO
2523,841,REPORTS_TO
2524,841,REPORTS_TO
2525,842,REPORTS_TO
2526,842,REPORTS_TO
2527,842,REPORTS_TO
2528,843,REPORTS_TO
2529,843,REPORTS_TO
2530,843,REPORTS_TO
2531,844,REPORTS_TO
2532,844,REPORTS_TO
2533,844,REPORTS_TO
2534,845,REPORTS_TO
2535,845,REPORTS_TO
2536,845,REPORTS_TO
2537,846,REPORTS_TO
2538,846,REPORTS_TO
2539,846,REPORTS_TO
2540,847,REPORTS_TO
2541,847,REPORTS_TO
2542,847,REPORTS_TO
2543,848,REPORTS_TO
2544,848,REPORTS_TO
2545,848,REPORTS_TO
2546,849,REPORTS_TO
2547,849,REPORTS_TO
2548,849,REPORTS_TO
2549,850,REPORTS_TO
2550,850,REPORTS_TO
2551,850,REPORTS_TO
2552,851,REPORTS_TO
2553,851,REPORTS_TO
2554,851,REPORTS_TO
2555,852,REPORTS_TO
2556,852,REPORTS_TO
2557,852,REPORTS_TO
2558,853,REPORTS_TO
2559,853,REPORTS_TO
2560,853,REPORTS_TO
2561,854,REPORTS_TO
2562,854,REPORTS_TO
2563,854,REPORTS_TO
2564,855,REPORTS_TO
2565,855,REPORTS_TO
2566,855,REPORTS_TO
2567,856,REPORTS_TO
2568,856,REPORTS_TO
2569,856,REPORTS_TO
2570,857,REPORTS_TO
2571,857,REPORTS_TO
2572,857,REPORTS_TO
2573,858,REPORTS_TO
2574,858,REPORTS_TO
2575,858,REPORTS_TO
2576,859,REPORTS_TO
2577,859,REPORTS_TO
2578,859,REPORTS_TO
2579,860,REPORTS_TO
2580,860,REPORTS_TO
2581,860,REPORTS_TO
2582,861,REPORTS_TO
2583,861,REPORTS_TO
2584,861,REPORTS_TO
2585,862,REPORTS_TO
2586,862,REPORTS_TO
2587,862,REPORTS_TO
2588,863,REPORTS_TO
2589,863,REPORTS_TO
2590,863,REPORTS_TO
2591,864,REPORTS_TO
2592,864,REPORTS_TO
2593,864,REPORTS_TO
2594,865,REPORTS_TO
2595,865,REPORTS_TO
2596,865,REPORTS_TO
2597,866,REPORTS_TO
2598,866,REPORTS_TO
2599,866,REPORTS_TO
2600,867,REPORTS_TO
2601,867,REPORTS_TO
2602,867,REPORTS_TO
2603,868,REPORTS_TO
2604,868,REPORTS_TO
2605,868,REPORTS_TO
2606,869,REPORTS_TO
2607,869,REPORTS_TO
2608,869,REPORTS_TO
2609,870,REPORTS_TO
2610,870,REPORTS_TO
2611,870,REPORTS_TO
2612,871,REPORTS_TO
2613,871,REPORTS_TO
2614,871,REPORTS_TO
2615,872,REPORTS_TO
2616,872,REPORTS_TO
2617,872,REPORTS_TO
2618,873,REPORTS_TO
2619,873,REPORTS_TO
2620,873,REPORTS_TO
2621,874,REPORTS_TO
2622,874,REPORTS_TO
2623,874,REPORTS_TO
2624,875,REPORTS_TO
2625,875,REPORTS_TO
2626,875,REPORTS_TO
2627,876,REPORTS_TO
2628,876,REPORTS_TO
2629,876,REPORTS_TO
2630,877,REPORTS_TO
2631,877,REPORTS_TO
2632,877,REPORTS_TO
2633,878,REPORTS_TO
2634,878,REPORTS_TO
2635,878,REPORTS_TO
2636,879,REPORTS_TO
2637,879,REPORTS_TO
2638,879,REPORTS_TO
2639,880,REPORTS_TO
2640,880,REPORTS_TO
2641,880,REPORTS_TO
2642,881,REPORTS_TO
2643,881,REPORTS_TO
2644,881,REPORTS_TO
2645,882,REPORTS_TO
2646,882,REPORTS_TO
2647,882,REPORTS_TO
2648,883,REPORTS_TO
2649,883,REPORTS_TO
2650,883,REPORTS_TO
2651,884,REPORTS_TO
2652,884,REPORTS_TO
2653,884,REPORTS_TO
2654,885,REPORTS_TO
2655,885,REPORTS_TO
2656,885,REPORTS_TO
2657,886,REPORTS_TO
2658,886,REPORTS_TO
2659,886,REPORTS_TO
2660,887,REPORTS_TO
2661,887,REPORTS_TO
2662,887,REPORTS_TO
2663,888,REPORTS_TO
2664,888,REPORTS_TO
2665,888,REPORTS_TO
2666,889,REPORTS_TO
2667,889,REPORTS_TO
2668,889,REPORTS_TO
2669,890,REPORTS_TO
2670,890,REPORTS_TO
2671,890,REPORTS_TO
2672,891,REPORTS_TO
2673,891,REPORTS_TO
2674,891,REPORTS_TO
2675,892,REPORTS_TO
2676,892,REPORTS_TO
2677,892,REPORTS_TO
2678,893,REPORTS_TO
2679,893,REPORTS_TO
2680,893,REPORTS_TO
2681,894,REPORTS_TO
2682,894,REPORTS_TO
2683,894,REPORTS_TO
2684,895,REPORTS_TO
2685,895,REPORTS_TO
2686,895,REPORTS_TO
2687,896,REPORTS_TO
2688,896,REPORTS_TO
2689,896,REPORTS_TO
2690,897,REPORTS_TO
2691,897,REPORTS_TO
2692,897,REPORTS_TO
2693,898,REPORTS_TO
2694,898,REPORTS_TO
2695,898,REPORTS_TO
2696,899,REPORTS_TO
2697,899,REPORTS_TO
2698,899,REPORTS_TO
2699,900,REPORTS_TO
2700,900,REPORTS_TO
2701,900,REPORTS_TO
2702,901,REPORTS_TO
2703,901,REPORTS_TO
2704,901,REPORTS_TO
2705,902,REPORTS_TO
2706,902,REPORTS_TO
2707,902,REPORTS_TO
2708,903,REPORTS_TO
2709,903,REPORTS_TO
2710,903,REPORTS_TO
2711,904,REPORTS_TO
2712,904,REPORTS_TO
2713,904,REPORTS_TO
2714,905,REPORTS_TO
2715,905,REPORTS_TO
2716,905,REPORTS_TO
2717,906,REPORTS_TO
2718,906,REPORTS_TO
2719,906,REPORTS_TO
2720,907,REPORTS_TO
2721,907,REPORTS_TO
2722,907,REPORTS_TO
2723,908,REPORTS_TO
2724,908,REPORTS_TO
2725,908,REPORTS_TO
2726,909,REPORTS_TO
2727,909,REPORTS_TO
2728,909,REPORTS_TO
2729,910,REPORTS_TO
2730,910,REPORTS_TO
2731,910,REPORTS_TO
2732,911,REPORTS_TO
2733,911,REPORTS_TO
2734,911,REPORTS_TO
2735,912,REPORTS_TO
2736,912,REPORTS_TO
2737,912,REPORTS_TO
2738,913,REPORTS_TO
2739,913,REPORTS_TO
2740,913,REPORTS_TO
2741,914,REPORTS_TO
2742,914,REPORTS_TO
2743,914,REPORTS_TO
2744,915,REPORTS_TO
2745,915,REPORTS_TO
2746,915,REPORTS_TO
2747,916,REPORTS_TO
2748,916,REPORTS_TO
2749,916,REPORTS_TO
2750,917,REPORTS_TO
2751,917,REPORTS_TO
2752,917,REPORTS_TO
2753,918,REPORTS_TO
2754,918,REPORTS_TO
2755,918,REPORTS_TO
2756,919,REPORTS_TO
2757,919,REPORTS_TO
2758,919,REPORTS_TO
2759,920,REPORTS_TO
2760,920,REPORTS_TO
2761,920,REPORTS_TO
2762,921,REPORTS_TO
2763,921,REPORTS_TO
2764,921,REPORTS_TO
2765,922,REPORTS_TO
2766,922,REPORTS_TO
2767,922,REPORTS_TO
2768,923,REPORTS_TO
2769,923,REPORTS_TO
2770,923,REPORTS_TO
2771,924,REPORTS_TO
2772,924,REPORTS_TO
2773,924,REPORTS_TO
2774,925,REPORTS_TO
2775,925,REPORTS_TO
2776,925,REPORTS_TO
2777,926,REPORTS_TO
2778,926,REPORTS_TO
2779,926,REPORTS_TO
2780,927,REPORTS_TO
2781,927,REPORTS_TO
2782,927,REPORTS_TO
2783,928,REPORTS_TO
2784,928,REPORTS_TO
2785,928,REPORTS_TO
2786,929,REPORTS_TO
2787,929,REPORTS_TO
2788,929,REPORTS_TO
2789,930,REPORTS_TO
2790,930,REPORTS_TO
2791,930,REPORTS_TO
2792,931,REPORTS_TO
2793,931,REPORTS_TO
2794,931,REPORTS_TO
2795,932,REPORTS_TO
2796,932,REPORTS_TO
2797,932,REPORTS_TO
2798,933,REPORTS_TO
2799,933,REPORTS_TO
2800,933,REPORTS_TO
2801,934,REPORTS_TO
2802,934,REPORTS_TO
2803,934,REPORTS_TO
2804,935,REPORTS_TO
2805,935,REPORTS_TO
2806,935,REPORTS_TO
2807,936,REPORTS_TO
2808,936,REPORTS_TO
2809,936,REPORTS_TO
2810,937,REPORTS_TO
2811,937,REPORTS_TO
2812,937,REPORTS_TO
2813,938,REPORTS_TO
2814,938,REPORTS_TO
2815,938,REPORTS_TO
2816,939,REPORTS_TO
2817,939,REPORTS_TO
2818,939,REPORTS_TO
2819,940,REPORTS_TO
2820,940,REPORTS_TO
2821,940,REPORTS_TO
2822,941,REPORTS_TO
2823,941,REPORTS_TO
2824,941,REPORTS_TO
2825,942,REPORTS_TO
2826,942,REPORTS_TO
2827,942,REPORTS_TO
2828,943,REPORTS_TO
2829,943,REPORTS_TO
2830,943,REPORTS_TO
2831,944,REPORTS_TO
2832,944,REPORTS_TO
2833,944,REPORTS_TO
2834,945,REPORTS_TO
2835,945,REPORTS_TO
2836,945,REPORTS_TO
2837,946,REPORTS_TO
2838,946,REPORTS_TO
2839,946,REPORTS_TO
2840,947,REPORTS_TO
2841,947,REPORTS_TO
2842,947,REPORTS_TO
2843,948,REPORTS_TO
2844,948,REPORTS_TO
2845,948,REPORTS_TO
2846,949,REPORTS_TO
2847,949,REPORTS_TO
2848,949,REPORTS_TO
2849,950,REPORTS_TO
2850,950,REPORTS_TO
2851,950,REPORTS_TO
2852,951,REPORTS_TO
2853,951,REPORTS_TO
2854,951,REPORTS_TO
2855,952,REPORTS_TO
2856,952,REPORTS_TO
2857,952,REPORTS_TO
2858,953,REPORTS_TO
2859,953,REPORTS_TO
2860,953,REPORTS_TO
2861,954,REPORTS_TO
2862,954,REPORTS_TO
2863,954,REPORTS_TO
2864,955,REPORTS_TO
2865,955,REPORTS_TO
2866,955,REPORTS_TO
2867,956,REPORTS_TO
2868,956,REPORTS_TO
2869,956,REPORTS_TO
2870,957,REPORTS_TO
2871,957,REPORTS_TO
2872,957,REPORTS_TO
2873,958,REPORTS_TO
2874,958,REPORTS_TO
2875,958,REPORTS_TO
2876,959,REPORTS_TO
2877,959,REPORTS_TO
2878,959,REPORTS_TO
2879,960,REPORTS_TO
2880,960,REPORTS_TO
2881,960,REPORTS_TO
2882,961,REPORTS_TO
2883,961,REPORTS_TO
2884,961,REPORTS_TO
2885,962,REPORTS_TO
2886,962,REPORTS_TO
2887,962,REPORTS_TO
2888,963,REPORTS_TO
2889,963,REPORTS_TO
2890,963,REPORTS_TO
2891,964,REPORTS_TO
2892,964,REPORTS_TO
2893,964,REPORTS_TO
2894,965,REPORTS_TO
2895,965,REPORTS_TO
2896,965,REPORTS_TO
2897,966,REPORTS_TO
2898,966,REPORTS_TO
2899,966,REPORTS_TO
2900,967,REPORTS_TO
2901,967,REPORTS_TO
2902,967,REPORTS_TO
2903,968,REPORTS_TO
2904,968,REPORTS_TO
2905,968,REPORTS_TO
2906,969,REPORTS_TO
2907,969,REPORTS_TO
2908,969,REPORTS_TO
2909,970,REPORTS_TO
2910,970,REPORTS_TO
2911,970,REPORTS_TO
2912,971,REPORTS_TO
2913,971,REPORTS_TO
2914,971,REPORTS_TO
2915,972,REPORTS_TO
2916,972,REPORTS_TO
2917,972,REPORTS_TO
2918,973,REPORTS_TO
2919,973,REPORTS_TO
2920,973,REPORTS_TO
2921,974,REPORTS_TO
2922,974,REPORTS_TO
2923,974,REPORTS_TO
2924,975,REPORTS_TO
2925,975,REPORTS_TO
2926,975,REPORTS_TO
2927,976,REPORTS_TO
2928,976,REPORTS_TO
2929,976,REPORTS_TO
2930,977,REPORTS_TO
2931,977,REPORTS_TO
2932,977,REPORTS_TO
2933,978,REPORTS_TO
2934,978,REPORTS_TO
2935,978,REPORTS_TO
2936,979,REPORTS_TO
2937,979,REPORTS_TO
2938,979,REPORTS_TO
2939,980,REPORTS_TO
2940,980,REPORTS_TO
2941,980,REPORTS_TO
2942,981,REPORTS_TO
2943,981,REPORTS_TO
2944,981,REPORTS_TO
2945,982,REPORTS_TO
2946,982,REPORTS_TO
2947,982,REPORTS_TO
2948,983,REPORTS_TO
2949,983,REPORTS_TO
2950,983,REPORTS_TO
2951,984,REPORTS_TO
2952,984,REPORTS_TO
2953,984,REPORTS_TO
2954,985,REPORTS_TO
2955,985,REPORTS_TO
2956,985,REPORTS_TO
2957,986,REPORTS_TO
2958,986,REPORTS_TO
2959,986,REPORTS_TO
2960,987,REPORTS_TO
2961,987,REPORTS_TO
2962,987,REPORTS_TO
2963,988,REPORTS_TO
2964,988,REPORTS_TO
2965,988,REPORTS_TO
2966,989,REPORTS_TO
2967,989,REPORTS_TO
2968,989,REPORTS_TO
2969,990,REPORTS_TO
2970,990,REPORTS_TO
2971,990,REPORTS_TO
2972,991,REPORTS_TO
2973,991,REPORTS_TO
2974,991,REPORTS_TO
2975,992,REPORTS_TO
2976,992,REPORTS_TO
2977,992,REPORTS_TO
2978,993,REPORTS_TO
2979,993,REPORTS_TO
2980,993,REPORTS_TO
2981,994,REPORTS_TO
2982,994,REPORTS_TO
2983,994,REPORTS_TO
2984,995,REPORTS_TO
2985,995,REPORTS_TO
2986,995,REPORTS_TO
2987,996,REPORTS_TO
2988,996,REPORTS_TO
2989,996,REPORTS_TO
2990,997,REPORTS_TO
2991,997,REPORTS_TO
2992,997,REPORTS_TO
2993,998,REPORTS_TO
2994,998,REPORTS_TO
2995,998,REPORTS_TO
2996,999,REPORTS_TO
2997,999,REPORTS_TO
2998,999,REPORTS_TO
2999,1000,REPORTS_TO
3000,1000,REPORTS_TO
3001,1000,REPORTS_TO
3002,1001,REPORTS_TO
3003,1001,REPORTS_TO
3004,1001,REPORTS_TO
3005,1002,REPORTS_TO
3006,1002,REPORTS_TO
3007,1002,REPORTS_TO
3008,1003,REPORTS_TO
3009,1003,REPORTS_TO
3010,1003,REPORTS_TO
3011,1004,REPORTS_TO
3012,1004,REPORTS_TO
3013,1004,REPORTS_TO
3014,1005,REPORTS_TO
3015,1005,REPORTS_TO
3016,1005,REPORTS_TO
3017,1006,REPORTS_TO
3018,1006,REPORTS_TO
3019,1006,REPORTS_TO
3020,1007,REPORTS_TO
3021,1007,REPORTS_TO
3022,1007,REPORTS_TO
3023,1008,REPORTS_TO
3024,1008,REPORTS_TO
3025,1008,REPORTS_TO
3026,1009,REPORTS_TO
3027,1009,REPORTS_TO
3028,1009,REPORTS_TO
3029,1010,REPORTS_TO
3030,1010,REPORTS_TO
3031,1010,REPORTS_TO
3032,1011,REPORTS_TO
3033,1011,REPORTS_TO
3034,1011,REPORTS_TO
3035,1012,REPORTS_TO
3036,1012,REPORTS_TO
3037,1012,REPORTS_TO
3038,1013,REPORTS_TO
3039,1013,REPORTS_TO
3040,1013,REPORTS_TO
3041,1014,REPORTS_TO
3042,1014,REPORTS_TO
3043,1014,REPORTS_TO
3044,1015,REPORTS_TO
3045,1015,REPORTS_TO
3046,1015,REPORTS_TO
3047,1016,REPORTS_TO
3048,1016,REPORTS_TO
3049,1016,REPORTS_TO
3050,1017,REPORTS_TO
3051,1017,REPORTS_TO
3052,1017,REPORTS_TO
3053,1018,REPORTS_TO
3054,1018,REPORTS_TO
3055,1018,REPORTS_TO
3056,1019,REPORTS_TO
3057,1019,REPORTS_TO
3058,1019,REPORTS_TO
3059,1020,REPORTS_TO
3060,1020,REPORTS_TO
3061,1020,REPORTS_TO
3062,1021,REPORTS_TO
3063,1021,REPORTS_TO
3064,1021,REPORTS_TO
3065,1022,REPORTS_TO
3066,1022,REPORTS_TO
3067,1022,REPORTS_TO
3068,1023,REPORTS_TO
3069,1023,REPORTS_TO
3070,1023,REPORTS_TO
3071,1024,REPORTS_TO
3072,1024,REPORTS_TO
3073,1024,REPORTS_TO
3074,1025,REPORTS_TO
3075,1025,REPORTS_TO
3076,1025,REPORTS_TO
3077,1026,REPORTS_TO
3078,1026,REPORTS_TO
3079,1026,REPORTS_TO
3080,1027,REPORTS_TO
3081,1027,REPORTS_TO
3082,1027,REPORTS_TO
3083,1028,REPORTS_TO
3084,1028,REPORTS_TO
3085,1028,REPORTS_TO
3086,1029,REPORTS_TO
3087,1029,REPORTS_TO
3088,1029,REPORTS_TO
3089,1030,REPORTS_TO
3090,1030,REPORTS_TO
3091,1030,REPORTS_TO
3092,1031,REPORTS_TO
3093,1031,REPORTS_TO
3094,1031,REPORTS_TO
3095,1032,REPORTS_TO
3096,1032,REPORTS_TO
3097,1032,REPORTS_TO
3098,1033,REPORTS_TO
3099,1033,REPORTS_TO
3100,1033,REPORTS_TO
3101,1034,REPORTS_TO
3102,1034,REPORTS_TO
3103,1034,REPORTS_TO
3104,1035,REPORTS_TO
3105,1035,REPORTS_TO
3106,1035,REPORTS_TO
3107,1036,REPORTS_TO
3108,1036,REPORTS_TO
3109,1036,REPORTS_TO
3110,1037,REPORTS_TO
3111,1037,REPORTS_TO
3112,1037,REPORTS_TO
3113,1038,REPORTS_TO
3114,1038,REPORTS_TO
3115,1038,REPORTS_TO
3116,1039,REPORTS_TO
3117,1039,REPORTS_TO
3118,1039,REPORTS_TO
3119,1040,REPORTS_TO
3120,1040,REPORTS_TO
3121,1040,REPORTS_TO
3122,1041,REPORTS_TO
3123,1041,REPORTS_TO
3124,1041,REPORTS_TO
3125,1042,REPORTS_TO
3126,1042,REPORTS_TO
3127,1042,REPORTS_TO
3128,1043,REPORTS_TO
3129,1043,REPORTS_TO
3130,1043,REPORTS_TO
3131,1044,REPORTS_TO
3132,1044,REPORTS_TO
3133,1044,REPORTS_TO
3134,1045,REPORTS_TO
3135,1045,REPORTS_TO
3136,1045,REPORTS_TO
3137,1046,REPORTS_TO
3138,1046,REPORTS_TO
3139,1046,REPORTS_TO
3140,1047,REPORTS_TO
3141,1047,REPORTS_TO
3142,1047,REPORTS_TO
3143,1048,REPORTS_TO
3144,1048,REPORTS_TO
3145,1048,REPORTS_TO
3146,1049,REPORTS_TO
3147,1049,REPORTS_TO
3148,1049,REPORTS_TO
3149,1050,REPORTS_TO
3150,1050,REPORTS_TO
3151,1050,REPORTS_TO
3152,1051,REPORTS_TO
3153,1051,REPORTS_TO
3154,1051,REPORTS_TO
3155,1052,REPORTS_TO
3156,1052,REPORTS_TO
3157,1052,REPORTS_TO
3158,1053,REPORTS_TO
3159,1053,REPORTS_TO
3160,1053,REPORTS_TO
3161,1054,REPORTS_TO
3162,1054,REPORTS_TO
3163,1054,REPORTS_TO
3164,1055,REPORTS_TO
3165,1055,REPORTS_TO
3166,1055,REPORTS_TO
3167,1056,REPORTS_TO
3168,1056,REPORTS_TO
3169,1056,REPORTS_TO
3170,1057,REPORTS_TO
3171,1057,REPORTS_TO
3172,1057,REPORTS_TO
3173,1058,REPORTS_TO
3174,1058,REPORTS_TO
3175,1058,REPORTS_TO
3176,1059,REPORTS_TO
3177,1059,REPORTS_TO
3178,1059,REPORTS_TO
3179,1060,REPORTS_TO
3180,1060,REPORTS_TO
3181,1060,REPORTS_TO
3182,1061,REPORTS_TO
3183,1061,REPORTS_TO
3184,1061,REPORTS_TO
3185,1062,REPORTS_TO
3186,1062,REPORTS_TO
3187,1062,REPORTS_TO
3188,1063,REPORTS_TO
3189,1063,REPORTS_TO
3190,1063,REPORTS_TO
3191,1064,REPORTS_TO
3192,1064,REPORTS_TO
3193,1064,REPORTS_TO
3194,1065,REPORTS_TO
3195,1065,REPORTS_TO
3196,1065,REPORTS_TO
3197,1066,REPORTS_TO
3198,1066,REPORTS_TO
3199,1066,REPORTS_TO
3200,1067,REPORTS_TO
3201,1067,REPORTS_TO
3202,1067,REPORTS_TO
3203,1068,REPORTS_TO
3204,1068,REPORTS_TO
3205,1068,REPORTS_TO
3206,1069,REPORTS_TO
3207,1069,REPORTS_TO
3208,1069,REPORTS_TO
3209,1070,REPORTS_TO
3210,1070,REPORTS_TO
3211,1070,REPORTS_TO
3212,1071,REPORTS_TO
3213,1071,REPORTS_TO
3214,1071,REPORTS_TO
3215,1072,REPORTS_TO
3216,1072,REPORTS_TO
3217,1072,REPORTS_TO
3218,1073,REPORTS_TO
3219,1073,REPORTS_TO
3220,1073,REPORTS_TO
3221,1074,REPORTS_TO
3222,1074,REPORTS_TO
3223,1074,REPORTS_TO
3224,1075,REPORTS_TO
3225,1075,REPORTS_TO
3226,1075,REPORTS_TO
3227,1076,REPORTS_TO
3228,1076,REPORTS_TO
3229,1076,REPORTS_TO
3230,1077,REPORTS_TO
3231,1077,REPORTS_TO
3232,1077,REPORTS_TO
3233,1078,REPORTS_TO
3234,1078,REPORTS_TO
3235,1078,REPORTS_TO
3236,1079,REPORTS_TO
3237,1079,REPORTS_TO
3238,1079,REPORTS_TO
3239,1080,REPORTS_TO
3240,1080,REPORTS_TO
3241,1080,REPORTS_TO
3242,1081,REPORTS_TO
3243,1081,REPORTS_TO
3244,1081,REPORTS_TO
3245,1082,REPORTS_TO
3246,1082,REPORTS_TO
3247,1082,REPORTS_TO
3248,1083,REPORTS_TO
3249,1083,REPORTS_TO
3250,1083,REPORTS_TO
3251,1084,REPORTS_TO
3252,1084,REPORTS_TO
3253,1084,REPORTS_TO
3254,1085,REPORTS_TO
3255,1085,REPORTS_TO
3256,1085,REPORTS_TO
3257,1086,REPORTS_TO
3258,1086,REPORTS_TO
3259,1086,REPORTS_TO
3260,1087,REPORTS_TO
3261,1087,REPORTS_TO
3262,1087,REPORTS_TO
3263,1088,REPORTS_TO
3264,1088,REPORTS_TO
3265,1088,REPORTS_TO
3266,1089,REPORTS_TO
3267,1089,REPORTS_TO
3268,1089,REPORTS_TO
3269,1090,REPORTS_TO
3270,1090,REPORTS_TO
3271,1090,REPORTS_TO
3272,1091,REPORTS_TO
3273,1091,REPORTS_TO
3274,1091,REPORTS_TO
3275,1092,REPORTS_TO
3276,1092,REPORTS_TO
3277,1092,REPORTS_TO
3278,1093,REPORTS_TO
3279,1093,REPORTS_TO
3280,1093,REPORTS_TO
3281,1094,REPORTS_TO
3282,1094,REPORTS_TO
3283,1094,REPORTS_TO
3284,1095,REPORTS_TO
3285,1095,REPORTS_TO
3286,1095,REPORTS_TO
3287,1096,REPORTS_TO
3288,1096,REPORTS_TO
3289,1096,REPORTS_TO
3290,1097,REPORTS_TO
3291,1097,REPORTS_TO
3292,1097,REPORTS_TO
3293,1098,REPORTS_TO
3294,1098,REPORTS_TO
3295,1098,REPORTS_TO
3296,1099,REPORTS_TO
3297,1099,REPORTS_TO
3298,1099,REPORTS_TO
3299,1100,REPORTS_TO
3300,1100,REPORTS_TO
3301,1100,REPORTS_TO
3302,1101,REPORTS_TO
3303,1101,REPORTS_TO
3304,1101,REPORTS_TO
3305,1102,REPORTS_TO
3306,1102,REPORTS_TO
3307,1102,REPORTS_TO
3308,1103,REPORTS_TO
3309,1103,REPORTS_TO
3310,1103,REPORTS_TO
3311,1104,REPORTS_TO
3312,1104,REPORTS_TO
3313,1104,REPORTS_TO
3314,1105,REPORTS_TO
3315,1105,REPORTS_TO
3316,1105,REPORTS_TO
3317,1106,REPORTS_TO
3318,1106,REPORTS_TO
3319,1106,REPORTS_TO
3320,1107,REPORTS_TO
3321,1107,REPORTS_TO
3322,1107,REPORTS_TO
3323,1108,REPORTS_TO
3324,1108,REPORTS_TO
3325,1108,REPORTS_TO
3326,1109,REPORTS_TO
3327,1109,REPORTS_TO
3328,1109,REPORTS_TO
3329,1110,REPORTS_TO
3330,1110,REPORTS_TO
3331,1110,REPORTS_TO
3332,1111,REPORTS_TO
3333,1111,REPORTS_TO
3334,1111,REPORTS_TO
3335,1112,REPORTS_TO
3336,1112,REPORTS_TO
3337,1112,REPORTS_TO
3338,1113,REPORTS_TO
3339,1113,REPORTS_TO
3340,1113,REPORTS_TO
3341,1114,REPORTS_TO
3342,1114,REPORTS_TO
3343,1114,REPORTS_TO
3344,1115,REPORTS_TO
3345,1115,REPORTS_TO
3346,1115,REPORTS_TO
3347,1116,REPORTS_TO
3348,1116,REPORTS_TO
3349,1116,REPORTS_TO
3350,1117,REPORTS_TO
3351,1117,REPORTS_TO
3352,1117,REPORTS_TO
3353,1118,REPORTS_TO
3354,1118,REPORTS_TO
3355,1118,REPORTS_TO
3356,1119,REPORTS_TO
3357,1119,REPORTS_TO
3358,1119,REPORTS_TO
3359,1120,REPORTS_TO
3360,1120,REPORTS_TO
3361,1120,REPORTS_TO
3362,1121,REPORTS_TO
3363,1121,REPORTS_TO
3364,1121,REPORTS_TO
3365,1122,REPORTS_TO
3366,1122,REPORTS_TO
3367,1122,REPORTS_TO
3368,1123,REPORTS_TO
3369,1123,REPORTS_TO
3370,1123,REPORTS_TO
3371,1124,REPORTS_TO
3372,1124,REPORTS_TO
3373,1124,REPORTS_TO
3374,1125,REPORTS_TO
3375,1125,REPORTS_TO
3376,1125,REPORTS_TO
3377,1126,REPORTS_TO
3378,1126,REPORTS_TO
3379,1126,REPORTS_TO
3380,1127,REPORTS_TO
3381,1127,REPORTS_TO
3382,1127,REPORTS_TO
3383,1128,REPORTS_TO
3384,1128,REPORTS_TO
3385,1128,REPORTS_TO
3386,1129,REPORTS_TO
3387,1129,REPORTS_TO
3388,1129,REPORTS_TO
3389,1130,REPORTS_TO
3390,1130,REPORTS_TO
3391,1130,REPORTS_TO
3392,1131,REPORTS_TO
3393,1131,REPORTS_TO
3394,1131,REPORTS_TO
3395,1132,REPORTS_TO
3396,1132,REPORTS_TO
3397,1132,REPORTS_TO
3398,1133,REPORTS_TO
3399,1133,REPORTS_TO
3400,1133,REPORTS_TO
3401,1134,REPORTS_TO
3402,1134,REPORTS_TO
3403,1134,REPORTS_TO
3404,1135,REPORTS_TO
3405,1135,REPORTS_TO
3406,1135,REPORTS_TO
3407,1136,REPORTS_TO
3408,1136,REPORTS_TO
3409,1136,REPORTS_TO
3410,1137,REPORTS_TO
3411,1137,REPORTS_TO
3412,1137,REPORTS_TO
3413,1138,REPORTS_TO
3414,1138,REPORTS_TO
3415,1138,REPORTS_TO
3416,1139,REPORTS_TO
3417,1139,REPORTS_TO
3418,1139,REPORTS_TO
3419,1140,REPORTS_TO
3420,1140,REPORTS_TO
3421,1140,REPORTS_TO
3422,1141,REPORTS_TO
3423,1141,REPORTS_TO
3424,1141,REPORTS_TO
3425,1142,REPORTS_TO
3426,1142,REPORTS_TO
3427,1142,REPORTS_TO
3428,1143,REPORTS_TO
3429,1143,REPORTS_TO
3430,1143,REPORTS_TO
3431,1144,REPORTS_TO
3432,1144,REPORTS_TO
3433,1144,REPORTS_TO
3434,1145,REPORTS_TO
3435,1145,REPORTS_TO
3436,1145,REPORTS_TO
3437,1146,REPORTS_TO
3438,1146,REPORTS_TO
3439,1146,REPORTS_TO
3440,1147,REPORTS_TO
3441,1147,REPORTS_TO
3442,1147,REPORTS_TO
3443,1148,REPORTS_TO
3444,1148,REPORTS_TO
3445,1148,REPORTS_TO
3446,1149,REPORTS_TO
3447,1149,REPORTS_TO
3448,1149,REPORTS_TO
3449,1150,REPORTS_TO
3450,1150,REPORTS_TO
3451,1150,REPORTS_TO
3452,1151,REPORTS_TO
3453,1151,REPORTS_TO
3454,1151,REPORTS_TO
3455,1152,REPORTS_TO
3456,1152,REPORTS_TO
3457,1152,REPORTS_TO
3458,1153,REPORTS_TO
3459,1153,REPORTS_TO
3460,1153,REPORTS_TO
3461,1154,REPORTS_TO
3462,1154,REPORTS_TO
3463,1154,REPORTS_TO
3464,1155,REPORTS_TO
3465,1155,REPORTS_TO
3466,1155,REPORTS_TO
3467,1156,REPORTS_TO
3468,1156,REPORTS_TO
3469,1156,REPORTS_TO
3470,1157,REPORTS_TO
3471,1157,REPORTS_TO
3472,1157,REPORTS_TO
3473,1158,REPORTS_TO
3474,1158,REPORTS_TO
3475,1158,REPORTS_TO
3476,1159,REPORTS_TO
3477,1159,REPORTS_TO
3478,1159,REPORTS_TO
3479,1160,REPORTS_TO
3480,1160,REPORTS_TO
3481,1160,REPORTS_TO
3482,1161,REPORTS_TO
3483,1161,REPORTS_TO
3484,1161,REPORTS_TO
3485,1162,REPORTS_TO
3486,1162,REPORTS_TO
3487,1162,REPORTS_TO
3488,1163,REPORTS_TO
3489,1163,REPORTS_TO
3490,1163,REPORTS_TO
3491,1164,REPORTS_TO
3492,1164,REPORTS_TO
3493,1164,REPORTS_TO
3494,1165,REPORTS_TO
3495,1165,REPORTS_TO
3496,1165,REPORTS_TO
3497,1166,REPORTS_TO
3498,1166,REPORTS_TO
3499,1166,REPORTS_TO
3500,1167,REPORTS_TO
3501,1167,REPORTS_TO
3502,1167,REPORTS_TO
3503,1168,REPORTS_TO
3504,1168,REPORTS_TO
3505,1168,REPORTS_TO
3506,1169,REPORTS_TO
3507,1169,REPORTS_TO
3508,1169,REPORTS_TO
3509,1170,REPORTS_TO
3510,1170,REPORTS_TO
3511,1170,REPORTS_TO
3512,1171,REPORTS_TO
3513,1171,REPORTS_TO
3514,1171,REPORTS_TO
3515,1172,REPORTS_TO
3516,1172,REPORTS_TO
3517,1172,REPORTS_TO
3518,1173,REPORTS_TO
3519,1173,REPORTS_TO
3520,1173,REPORTS_TO
3521,1174,REPORTS_TO
3522,1174,REPORTS_TO
3523,1174,REPORTS_TO
3524,1175,REPORTS_TO
3525,1175,REPORTS_TO
3526,1175,REPORTS_TO
3527,1176,REPORTS_TO
3528,1176,REPORTS_TO
3529,1176,REPORTS_TO
3530,1177,REPORTS_TO
3531,1177,REPORTS_TO
3532,1177,REPORTS_TO
3533,1178,REPORTS_TO
3534,1178,REPORTS_TO
3535,1178,REPORTS_TO
3536,1179,REPORTS_TO
3537,1179,REPORTS_TO
3538,1179,REPORTS_TO
3539,1180,REPORTS_TO
3540,1180,REPORTS_TO
3541,1180,REPORTS_TO
3542,1181,REPORTS_TO
3543,1181,REPORTS_TO
3544,1181,REPORTS_TO
3545,1182,REPORTS_TO
3546,1182,REPORTS_TO
3547,1182,REPORTS_TO
3548,1183,REPORTS_TO
3549,1183,REPORTS_TO
3550,1183,REPORTS_TO
3551,1184,REPORTS_TO
3552,1184,REPORTS_TO
3553,1184,REPORTS_TO
3554,1185,REPORTS_TO
3555,1185,REPORTS_TO
3556,1185,REPORTS_TO
3557,1186,REPORTS_TO
3558,1186,REPORTS_TO
3559,1186,REPORTS_TO
3560,1187,REPORTS_TO
3561,1187,REPORTS_TO
3562,1187,REPORTS_TO
3563,1188,REPORTS_TO
3564,1188,REPORTS_TO
3565,1188,REPORTS_TO
3566,1189,REPORTS_TO
3567,1189,REPORTS_TO
3568,1189,REPORTS_TO
3569,1190,REPORTS_TO
3570,1190,REPORTS_TO
3571,1190,REPORTS_TO
3572,1191,REPORTS_TO
3573,1191,REPORTS_TO
3574,1191,REPORTS_TO
3575,1192,REPORTS_TO
3576,1192,REPORTS_TO
3577,1192,REPORTS_TO
3578,1193,REPORTS_TO
3579,1193,REPORTS_TO
3580,1193,REPORTS_TO
3581,1194,REPORTS_TO
3582,1194,REPORTS_TO
3583,1194,REPORTS_TO
3584,1195,REPORTS_TO
3585,1195,REPORTS_TO
3586,1195,REPORTS_TO
3587,1196,REPORTS_TO
3588,1196,REPORTS_TO
3589,1196,REPORTS_TO
3590,1197,REPORTS_TO
3591,1197,REPORTS_TO
3592,1197,REPORTS_TO
3593,1198,REPORTS_TO
3594,1198,REPORTS_TO
3595,1198,REPORTS_TO
3596,1199,REPORTS_TO
3597,1199,REPORTS_TO
3598,1199,REPORTS_TO
3599,1200,REPORTS_TO
3600,1200,REPORTS_TO
3601,1200,REPORTS_TO
3602,1201,REPORTS_TO
3603,1201,REPORTS_TO
3604,1201,REPORTS_TO
3605,1202,REPORTS_TO
3606,1202,REPORTS_TO
3607,1202,REPORTS_TO
3608,1203,REPORTS_TO
3609,1203,REPORTS_TO
3610,1203,REPORTS_TO
3611,1204,REPORTS_TO
3612,1204,REPORTS_TO
3613,1204,REPORTS_TO
3614,1205,REPORTS_TO
3615,1205,REPORTS_TO
3616,1205,REPORTS_TO
3617,1206,REPORTS_TO
3618,1206,REPORTS_TO
3619,1206,REPORTS_TO
3620,1207,REPORTS_TO
3621,1207,REPORTS_TO
3622,1207,REPORTS_TO
3623,1208,REPORTS_TO
3624,1208,REPORTS_TO
3625,1208,REPORTS_TO
3626,1209,REPORTS_TO
3627,1209,REPORTS_TO
3628,1209,REPORTS_TO
3629,1210,REPORTS_TO
3630,1210,REPORTS_TO
3631,1210,REPORTS_TO
3632,1211,REPORTS_TO
3633,1211,REPORTS_TO
3634,1211,REPORTS_TO
3635,1212,REPORTS_TO
3636,1212,REPORTS_TO
3637,1212,REPORTS_TO
3638,1213,REPORTS_TO
3639,1213,REPORTS_TO
3640,1213,REPORTS_TO
3641,1214,REPORTS_TO
3642,1214,REPORTS_TO
3643,1214,REPORTS_TO
3644,1215,REPORTS_TO
3645,1215,REPORTS_TO
3646,1215,REPORTS_TO
3647,1216,REPORTS_TO
3648,1216,REPORTS_TO
3649,1216,REPORTS_TO
3650,1217,REPORTS_TO
3651,1217,REPORTS_TO
3652,1217,REPORTS_TO
3653,1218,REPORTS_TO
3654,1218,REPORTS_TO
3655,1218,REPORTS_TO
3656,1219,REPORTS_TO
3657,1219,REPORTS_TO
3658,1219,REPORTS_TO
3659,1220,REPORTS_TO
3660,1220,REPORTS_TO
3661,1220,REPORTS_TO
3662,1221,REPORTS_TO
3663,1221,REPORTS_TO
3664,1221,REPORTS_TO
3665,1222,REPORTS_TO
3666,1222,REPORTS_TO
3667,1222,REPORTS_TO
3668,1223,REPORTS_TO
3669,1223,REPORTS_TO
3670,1223,REPORTS_TO
3671,1224,REPORTS_TO
3672,1224,REPORTS_TO
3673,1224,REPORTS_TO
3674,1225,REPORTS_TO
3675,1225,REPORTS_TO
3676,1225,REPORTS_TO
3677,1226,REPORTS_TO
3678,1226,REPORTS_TO
3679,1226,REPORTS_TO
3680,1227,REPORTS_TO
3681,1227,REPORTS_TO
3682,1227,REPORTS_TO
3683,1228,REPORTS_TO
3684,1228,REPORTS_TO
3685,1228,REPORTS_TO
3686,1229,REPORTS_TO
3687,1229,REPORTS_TO
3688,1229,REPORTS_TO
3689,1230,REPORTS_TO
3690,1230,REPORTS_TO
3691,1230,REPORTS_TO
3692,1231,REPORTS_TO
3693,1231,REPORTS_TO
3694,1231,REPORTS_TO
3695,1232,REPORTS_TO
3696,1232,REPORTS_TO
3697,1232,REPORTS_TO
3698,1233,REPORTS_TO
3699,1233,REPORTS_TO
3700,1233,REPORTS_TO
3701,1234,REPORTS_TO
3702,1234,REPORTS_TO
3703,1234,REPORTS_TO
3704,1235,REPORTS_TO
3705,1235,REPORTS_TO
3706,1235,REPORTS_TO
3707,1236,REPORTS_TO
3708,1236,REPORTS_TO
3709,1236,REPORTS_TO
3710,1237,REPORTS_TO
3711,1237,REPORTS_TO
3712,1237,REPORTS_TO
3713,1238,REPORTS_TO
3714,1238,REPORTS_TO
3715,1238,REPORTS_TO
3716,1239,REPORTS_TO
3717,1239,REPORTS_TO
3718,1239,REPORTS_TO
3719,1240,REPORTS_TO
3720,1240,REPORTS_TO
3721,1240,REPORTS_TO
3722,1241,REPORTS_TO
3723,1241,REPORTS_TO
3724,1241,REPORTS_TO
3725,1242,REPORTS_TO
3726,1242,REPORTS_TO
3727,1242,REPORTS_TO
3728,1243,REPORTS_TO
3729,1243,REPORTS_TO
3730,1243,REPORTS_TO
3731,1244,REPORTS_TO
3732,1244,REPORTS_TO
3733,1244,REPORTS_TO
3734,1245,REPORTS_TO
3735,1245,REPORTS_TO
3736,1245,REPORTS_TO
3737,1246,REPORTS_TO
3738,1246,REPORTS_TO
3739,1246,REPORTS_TO
3740,1247,REPORTS_TO
3741,1247,REPORTS_TO
3742,1247,REPORTS_TO
3743,1248,REPORTS_TO
3744,1248,REPORTS_TO
3745,1248,REPORTS_TO
3746,1249,REPORTS_TO
3747,1249,REPORTS_TO
3748,1249,REPORTS_TO
3749,1250,REPORTS_TO
3750,1250,REPORTS_TO
3751,1250,REPORTS_TO
3752,1251,REPORTS_TO
3753,1251,REPORTS_TO
3754,1251,REPORTS_TO
3755,1252,REPORTS_TO
3756,1252,REPORTS_TO
3757,1252,REPORTS_TO
3758,1253,REPORTS_TO
3759,1253,REPORTS_TO
3760,1253,REPORTS_TO
3761,1254,REPORTS_TO
3762,1254,REPORTS_TO
3763,1254,REPORTS_TO
3764,1255,REPORTS_TO
3765,1255,REPORTS_TO
3766,1255,REPORTS_TO
3767,1256,REPORTS_TO
3768,1256,REPORTS_TO
3769,1256,REPORTS_TO
3770,1257,REPORTS_TO
3771,1257,REPORTS_TO
3772,1257,REPORTS_TO
3773,1258,REPORTS_TO
3774,1258,REPORTS_TO
3775,1258,REPORTS_TO
3776,1259,REPORTS_TO
3777,1259,REPORTS_TO
3778,1259,REPORTS_TO
3779,1260,REPORTS_TO
3780,1260,REPORTS_TO
3781,1260,REPORTS_TO
3782,1261,REPORTS_TO
3783,1261,REPORTS_TO
3784,1261,REPORTS_TO
3785,1262,REPORTS_TO
3786,1262,REPORTS_TO
3787,1262,REPORTS_TO
3788,1263,REPORTS_TO
3789,1263,REPORTS_TO
3790,1263,REPORTS_TO
3791,1264,REPORTS_TO
3792,1264,REPORTS_TO
3793,1264,REPORTS_TO
3794,1265,REPORTS_TO
3795,1265,REPORTS_TO
3796,1265,REPORTS_TO
3797,1266,REPORTS_TO
3798,1266,REPORTS_TO
3799,1266,REPORTS_TO
3800,1267,REPORTS_TO
3801,1267,REPORTS_TO
3802,1267,REPORTS_TO
3803,1268,REPORTS_TO
3804,1268,REPORTS_TO
3805,1268,REPORTS_TO
3806,1269,REPORTS_TO
3807,1269,REPORTS_TO
3808,1269,REPORTS_TO
3809,1270,REPORTS_TO
3810,1270,REPORTS_TO
3811,1270,REPORTS_TO
3812,1271,REPORTS_TO
3813,1271,REPORTS_TO
3814,1271,REPORTS_TO
3815,1272,REPORTS_TO
3816,1272,REPORTS_TO
3817,1272,REPORTS_TO
3818,1273,REPORTS_TO
3819,1273,REPORTS_TO
3820,1273,REPORTS_TO
3821,1274,REPORTS_TO
3822,1274,REPORTS_TO
3823,1274,REPORTS_TO
3824,1275,REPORTS_TO
3825,1275,REPORTS_TO
3826,1275,REPORTS_TO
3827,1276,REPORTS_TO
3828,1276,REPORTS_TO
3829,1276,REPORTS_TO
3830,1277,REPORTS_TO
3831,1277,REPORTS_TO
3832,1277,REPORTS_TO
3833,1278,REPORTS_TO
3834,1278,REPORTS_TO
3835,1278,REPORTS_TO
3836,1279,REPORTS_TO
3837,1279,REPORTS_TO
3838,1279,REPORTS_TO
3839,1280,REPORTS_TO
3840,1280,REPORTS_TO
3841,1280,REPORTS_TO
3842,1281,REPORTS_TO
3843,1281,REPORTS_TO
3844,1281,REPORTS_TO
3845,1282,REPORTS_TO
3846,1282,REPORTS_TO
3847,1282,REPORTS_TO
3848,1283,REPORTS_TO
3849,1283,REPORTS_TO
3850,1283,REPORTS_TO
3851,1284,REPORTS_TO
3852,1284,REPORTS_TO
3853,1284,REPORTS_TO
3854,1285,REPORTS_TO
3855,1285,REPORTS_TO
3856,1285,REPORTS_TO
3857,1286,REPORTS_TO
3858,1286,REPORTS_TO
3859,1286,REPORTS_TO
3860,1287,REPORTS_TO
3861,1287,REPORTS_TO
3862,1287,REPORTS_TO
3863,1288,REPORTS_TO
3864,1288,REPORTS_TO
3865,1288,REPORTS_TO
3866,1289,REPORTS_TO
3867,1289,REPORTS_TO
3868,1289,REPORTS_TO
3869,1290,REPORTS_TO
3870,1290,REPORTS_TO
3871,1290,REPORTS_TO
3872,1291,REPORTS_TO
3873,1291,REPORTS_TO
3874,1291,REPORTS_TO
3875,1292,REPORTS_TO
3876,1292,REPORTS_TO
3877,1292,REPORTS_TO
3878,1293,REPORTS_TO
3879,1293,REPORTS_TO
3880,1293,REPORTS_TO
3881,1294,REPORTS_TO
3882,1294,REPORTS_TO
3883,1294,REPORTS_TO
3884,1295,REPORTS_TO
3885,1295,REPORTS_TO
3886,1295,REPORTS_TO
3887,1296,REPORTS_TO
3888,1296,REPORTS_TO
3889,1296,REPORTS_TO
3890,1297,REPORTS_TO
3891,1297,REPORTS_TO
3892,1297,REPORTS_TO
3893,1298,REPORTS_TO
3894,1298,REPORTS_TO
3895,1298,REPORTS_TO
3896,1299,REPORTS_TO
3897,1299,REPORTS_TO
3898,1299,REPORTS_TO
3899,1300,REPORTS_TO
3900,1300,REPORTS_TO
3901,1300,REPORTS_TO
3902,1301,REPORTS_TO
3903,1301,REPORTS_TO
3904,1301,REPORTS_TO
3905,1302,REPORTS_TO
3906,1302,REPORTS_TO
3907,1302,REPORTS_TO
3908,1303,REPORTS_TO
3909,1303,REPORTS_TO
3910,1303,REPORTS_TO
3911,1304,REPORTS_TO
3912,1304,REPORTS_TO
3913,1304,REPORTS_TO
3914,1305,REPORTS_TO
3915,1305,REPORTS_TO
3916,1305,REPORTS_TO
3917,1306,REPORTS_TO
3918,1306,REPORTS_TO
3919,1306,REPORTS_TO
3920,1307,REPORTS_TO
3921,1307,REPORTS_TO
3922,1307,REPORTS_TO
3923,1308,REPORTS_TO
3924,1308,REPORTS_TO
3925,1308,REPORTS_TO
3926,1309,REPORTS_TO
3927,1309,REPORTS_TO
3928,1309,REPORTS_TO
3929,1310,REPORTS_TO
3930,1310,REPORTS_TO
3931,1310,REPORTS_TO
3932,1311,REPORTS_TO
3933,1311,REPORTS_TO
3934,1311,REPORTS_TO
3935,1312,REPORTS_TO
3936,1312,REPORTS_TO
3937,1312,REPORTS_TO
3938,1313,REPORTS_TO
3939,1313,REPORTS_TO
3940,1313,REPORTS_TO
3941,1314,REPORTS_TO
3942,1314,REPORTS_TO
3943,1314,REPORTS_TO
3944,1315,REPORTS_TO
3945,1315,REPORTS_TO
3946,1315,REPORTS_TO
3947,1316,REPORTS_TO
3948,1316,REPORTS_TO
3949,1316,REPORTS_TO
3950,1317,REPORTS_TO
3951,1317,REPORTS_TO
3952,1317,REPORTS_TO
3953,1318,REPORTS_TO
3954,1318,REPORTS_TO
3955,1318,REPORTS_TO
3956,1319,REPORTS_TO
3957,1319,REPORTS_TO
3958,1319,REPORTS_TO
3959,1320,REPORTS_TO
3960,1320,REPORTS_TO
3961,1320,REPORTS_TO
3962,1321,REPORTS_TO
3963,1321,REPORTS_TO
3964,1321,REPORTS_TO
3965,1322,REPORTS_TO
3966,1322,REPORTS_TO
3967,1322,REPORTS_TO
3968,1323,REPORTS_TO
3969,1323,REPORTS_TO
3970,1323,REPORTS_TO
3971,1324,REPORTS_TO
3972,1324,REPORTS_TO
3973,1324,REPORTS_TO
3974,1325,REPORTS_TO
3975,1325,REPORTS_TO
3976,1325,REPORTS_TO
3977,1326,REPORTS_TO
3978,1326,REPORTS_TO
3979,1326,REPORTS_TO
3980,1327,REPORTS_TO
3981,1327,REPORTS_TO
3982,1327,REPORTS_TO
3983,1328,REPORTS_TO
3984,1328,REPORTS_TO
3985,1328,REPORTS_TO
3986,1329,REPORTS_TO
3987,1329,REPORTS_TO
3988,1329,REPORTS_TO
3989,1330,REPORTS_TO
3990,1330,REPORTS_TO
3991,1330,REPORTS_TO
3992,1331,REPORTS_TO
3993,1331,REPORTS_TO
3994,1331,REPORTS_TO
3995,1332,REPORTS_TO
3996,1332,REPORTS_TO
3997,1332,REPORTS_TO
3998,1333,REPORTS_TO
3999,1333,REPORTS_TO
4000,1333,REPORTS_TO
4001,1334,REPORTS_TO
4002,1334,REPORTS_TO
4003,1334,REPORTS_TO
4004,1335,REPORTS_TO
4005,1335,REPORTS_TO
4006,1335,REPORTS_TO
4007,1336,REPORTS_TO
4008,1336,REPORTS_TO
4009,1336,REPORTS_TO
4010,1337,REPORTS_TO
4011,1337,REPORTS_TO
4012,1337,REPORTS_TO
4013,1338,REPORTS_TO
4014,1338,REPORTS_TO
4015,1338,REPORTS_TO
4016,1339,REPORTS_TO
4017,1339,REPORTS_TO
4018,1339,REPORTS_TO
4019,1340,REPORTS_TO
4020,1340,REPORTS_TO
4021,1340,REPORTS_TO
4022,1341,REPORTS_TO
4023,1341,REPORTS_TO
4024,1341,REPORTS_TO
4025,1342,REPORTS_TO
4026,1342,REPORTS_TO
4027,1342,REPORTS_TO
4028,1343,REPORTS_TO
4029,1343,REPORTS_TO
4030,1343,REPORTS_TO
4031,1344,REPORTS_TO
4032,1344,REPORTS_TO
4033,1344,REPORTS_TO
4034,1345,REPORTS_TO
4035,1345,REPORTS_TO
4036,1345,REPORTS_TO
4037,1346,REPORTS_TO
4038,1346,REPORTS_TO
4039,1346,REPORTS_TO
4040,1347,REPORTS_TO
4041,1347,REPORTS_TO
4042,1347,REPORTS_TO
4043,1348,REPORTS_TO
4044,1348,REPORTS_TO
4045,1348,REPORTS_TO
4046,1349,REPORTS_TO
4047,1349,REPORTS_TO
4048,1349,REPORTS_TO
4049,1350,REPORTS_TO
4050,1350,REPORTS_TO
4051,1350,REPORTS_TO
4052,1351,REPORTS_TO
4053,1351,REPORTS_TO
4054,1351,REPORTS_TO
4055,1352,REPORTS_TO
4056,1352,REPORTS_TO
4057,1352,REPORTS_TO
4058,1353,REPORTS_TO
4059,1353,REPORTS_TO
4060,1353,REPORTS_TO
4061,1354,REPORTS_TO
4062,1354,REPORTS_TO
4063,1354,REPORTS_TO
4064,1355,REPORTS_TO
4065,1355,REPORTS_TO
4066,1355,REPORTS_TO
4067,1356,REPORTS_TO
4068,1356,REPORTS_TO
4069,1356,REPORTS_TO
4070,1357,REPORTS_TO
4071,1357,REPORTS_TO
4072,1357,REPORTS_TO
4073,1358,REPORTS_TO
4074,1358,REPORTS_TO
4075,1358,REPORTS_TO
4076,1359,REPORTS_TO
4077,1359,REPORTS_TO
4078,1359,REPORTS_TO
4079,1360,REPORTS_TO
4080,1360,REPORTS_TO
4081,1360,REPORTS_TO
4082,1361,REPORTS_TO
4083,1361,REPORTS_TO
4084,1361,REPORTS_TO
4085,1362,REPORTS_TO
4086,1362,REPORTS_TO
4087,1362,REPORTS_TO
4088,1363,REPORTS_TO
4089,1363,REPORTS_TO
4090,1363,REPORTS_TO
4091,1364,REPORTS_TO
4092,1364,REPORTS_TO
4093,1364,REPORTS_TO
4094,1365,REPORTS_TO
4095,1365,REPORTS_TO
4096,1365,REPORTS_TO
4097,1366,REPORTS_TO
4098,1366,REPORTS_TO
4099,1366,REPORTS_TO
4100,1367,REPORTS_TO
4101,1367,REPORTS_TO
4102,1367,REPORTS_TO
4103,1368,REPORTS_TO
4104,1368,REPORTS_TO
4105,1368,REPORTS_TO
4106,1369,REPORTS_TO
4107,1369,REPORTS_TO
4108,1369,REPORTS_TO
4109,1370,REPORTS_TO
4110,1370,REPORTS_TO
4111,1370,REPORTS_TO
4112,1371,REPORTS_TO
4113,1371,REPORTS_TO
4114,1371,REPORTS_TO
4115,1372,REPORTS_TO
4116,1372,REPORTS_TO
4117,1372,REPORTS_TO
4118,1373,REPORTS_TO
4119,1373,REPORTS_TO
4120,1373,REPORTS_TO
4121,1374,REPORTS_TO
4122,1374,REPORTS_TO
4123,1374,REPORTS_TO
4124,1375,REPORTS_TO
4125,1375,REPORTS_TO
4126,1375,REPORTS_TO
4127,1376,REPORTS_TO
4128,1376,REPORTS_TO
4129,1376,REPORTS_TO
4130,1377,REPORTS_TO
4131,1377,REPORTS_TO
4132,1377,REPORTS_TO
4133,1378,REPORTS_TO
4134,1378,REPORTS_TO
4135,1378,REPORTS_TO
4136,1379,REPORTS_TO
4137,1379,REPORTS_TO
4138,1379,REPORTS_TO
4139,1380,REPORTS_TO
4140,1380,REPORTS_TO
4141,1380,REPORTS_TO
4142,1381,REPORTS_TO
4143,1381,REPORTS_TO
4144,1381,REPORTS_TO
4145,1382,REPORTS_TO
4146,1382,REPORTS_TO
4147,1382,REPORTS_TO
4148,1383,REPORTS_TO
4149,1383,REPORTS_TO
4150,1383,REPORTS_TO
4151,1384,REPORTS_TO
4152,1384,REPORTS_TO
4153,1384,REPORTS_TO
4154,1385,REPORTS_TO
4155,1385,REPORTS_TO
4156,1385,REPORTS_TO
4157,1386,REPORTS_TO
4158,1386,REPORTS_TO
4159,1386,REPORTS_TO
4160,1387,REPORTS_TO
4161,1387,REPORTS_TO
4162,1387,REPORTS_TO
4163,1388,REPORTS_TO
4164,1388,REPORTS_TO
4165,1388,REPORTS_TO
4166,1389,REPORTS_TO
4167,1389,REPORTS_TO
4168,1389,REPORTS_TO
4169,1390,REPORTS_TO
4170,1390,REPORTS_TO
4171,1390,REPORTS_TO
4172,1391,REPORTS_TO
4173,1391,REPORTS_TO
4174,1391,REPORTS_TO
4175,1392,REPORTS_TO
4176,1392,REPORTS_TO
4177,1392,REPORTS_TO
4178,1393,REPORTS_TO
4179,1393,REPORTS_TO
4180,1393,REPORTS_TO
4181,1394,REPORTS_TO
4182,1394,REPORTS_TO
4183,1394,REPORTS_TO
4184,1395,REPORTS_TO
4185,1395,REPORTS_TO
4186,1395,REPORTS_TO
4187,1396,REPORTS_TO
4188,1396,REPORTS_TO
4189,1396,REPORTS_TO
4190,1397,REPORTS_TO
4191,1397,REPORTS_TO
4192,1397,REPORTS_TO
4193,1398,REPORTS_TO
4194,1398,REPORTS_TO
4195,1398,REPORTS_TO
4196,1399,REPORTS_TO
4197,1399,REPORTS_TO
4198,1399,REPORTS_TO
4199,1400,REPORTS_TO
4200,1400,REPORTS_TO
4201,1400,REPORTS_TO
4202,1401,REPORTS_TO
4203,1401,REPORTS_TO
4204,1401,REPORTS_TO
4205,1402,REPORTS_TO
4206,1402,REPORTS_TO
4207,1402,REPORTS_TO
4208,1403,REPORTS_TO
4209,1403,REPORTS_TO
4210,1403,REPORTS_TO
4211,1404,REPORTS_TO
4212,1404,REPORTS_TO
4213,1404,REPORTS_TO
4214,1405,REPORTS_TO
4215,1405,REPORTS_TO
4216,1405,REPORTS_TO
4217,1406,REPORTS_TO
4218,1406,REPORTS_TO
4219,1406,REPORTS_TO
4220,1407,REPORTS_TO
4221,1407,REPORTS_TO
4222,1407,REPORTS_TO
4223,1408,REPORTS_TO
4224,1408,REPORTS_TO
4225,1408,REPORTS_TO
4226,1409,REPORTS_TO
4227,1409,REPORTS_TO
4228,1409,REPORTS_TO
4229,1410,REPORTS_TO
4230,1410,REPORTS_TO
4231,1410,REPORTS_TO
4232,1411,REPORTS_TO
4233,1411,REPORTS_TO
4234,1411,REPORTS_TO
4235,1412,REPORTS_TO
4236,1412,REPORTS_TO
4237,1412,REPORTS_TO
4238,1413,REPORTS_TO
4239,1413,REPORTS_TO
4240,1413,REPORTS_TO
4241,1414,REPORTS_TO
4242,1414,REPORTS_TO
4243,1414,REPORTS_TO
4244,1415,REPORTS_TO
4245,1415,REPORTS_TO
4246,1415,REPORTS_TO
4247,1416,REPORTS_TO
4248,1416,REPORTS_TO
4249,1416,REPORTS_TO
4250,1417,REPORTS_TO
4251,1417,REPORTS_TO
4252,1417,REPORTS_TO
4253,1418,REPORTS_TO
4254,1418,REPORTS_TO
4255,1418,REPORTS_TO
4256,1419,REPORTS_TO
4257,1419,REPORTS_TO
4258,1419,REPORTS_TO
4259,1420,REPORTS_TO
4260,1420,REPORTS_TO
4261,1420,REPORTS_TO
4262,1421,REPORTS_TO
4263,1421,REPORTS_TO
4264,1421,REPORTS_TO
4265,1422,REPORTS_TO
4266,1422,REPORTS_TO
4267,1422,REPORTS_TO
4268,1423,REPORTS_TO
4269,1423,REPORTS_TO
4270,1423,REPORTS_TO
4271,1424,REPORTS_TO
4272,1424,REPORTS_TO
4273,1424,REPORTS_TO
4274,1425,REPORTS_TO
4275,1425,REPORTS_TO
4276,1425,REPORTS_TO
4277,1426,REPORTS_TO
4278,1426,REPORTS_TO
4279,1426,REPORTS_TO
4280,1427,REPORTS_TO
4281,1427,REPORTS_TO
4282,1427,REPORTS_TO
4283,1428,REPORTS_TO
4284,1428,REPORTS_TO
4285,1428,REPORTS_TO
4286,1429,REPORTS_TO
4287,1429,REPORTS_TO
4288,1429,REPORTS_TO
4289,1430,REPORTS_TO
4290,1430,REPORTS_TO
4291,1430,REPORTS_TO
4292,1431,REPORTS_TO
4293,1431,REPORTS_TO
4294,1431,REPORTS_TO
4295,1432,REPORTS_TO
4296,1432,REPORTS_TO
4297,1432,REPORTS_TO
4298,1433,REPORTS_TO
4299,1433,REPORTS_TO
4300,1433,REPORTS_TO
4301,1434,REPORTS_TO
4302,1434,REPORTS_TO
4303,1434,REPORTS_TO
4304,1435,REPORTS_TO
4305,1435,REPORTS_TO
4306,1435,REPORTS_TO
4307,1436,REPORTS_TO
4308,1436,REPORTS_TO
4309,1436,REPORTS_TO
4310,1437,REPORTS_TO
4311,1437,REPORTS_TO
4312,1437,REPORTS_TO
4313,1438,REPORTS_TO
4314,1438,REPORTS_TO
4315,1438,REPORTS_TO
4316,1439,REPORTS_TO
4317,1439,REPORTS_TO
4318,1439,REPORTS_TO
4319,1440,REPORTS_TO
4320,1440,REPORTS_TO
4321,1440,REPORTS_TO
4322,1441,REPORTS_TO
4323,1441,REPORTS_TO
4324,1441,REPORTS_TO
4325,1442,REPORTS_TO
4326,1442,REPORTS_TO
4327,1442,REPORTS_TO
4328,1443,REPORTS_TO
4329,1443,REPORTS_TO
4330,1443,REPORTS_TO
4331,1444,REPORTS_TO
4332,1444,REPORTS_TO
4333,1444,REPORTS_TO
4334,1445,REPORTS_TO
4335,1445,REPORTS_TO
4336,1445,REPORTS_TO
4337,1446,REPORTS_TO
4338,1446,REPORTS_TO
4339,1446,REPORTS_TO
4340,1447,REPORTS_TO
4341,1447,REPORTS_TO
4342,1447,REPORTS_TO
4343,1448,REPORTS_TO
4344,1448,REPORTS_TO
4345,1448,REPORTS_TO
4346,1449,REPORTS_TO
4347,1449,REPORTS_TO
4348,1449,REPORTS_TO
4349,1450,REPORTS_TO
4350,1450,REPORTS_TO
4351,1450,REPORTS_TO
4352,1451,REPORTS_TO
4353,1451,REPORTS_TO
4354,1451,REPORTS_TO
4355,1452,REPORTS_TO
4356,1452,REPORTS_TO
4357,1452,REPORTS_TO
4358,1453,REPORTS_TO
4359,1453,REPORTS_TO
4360,1453,REPORTS_TO
4361,1454,REPORTS_TO
4362,1454,REPORTS_TO
4363,1454,REPORTS_TO
4364,1455,REPORTS_TO
4365,1455,REPORTS_TO
4366,1455,REPORTS_TO
4367,1456,REPORTS_TO
4368,1456,REPORTS_TO
4369,1456,REPORTS_TO
4370,1457,REPORTS_TO
4371,1457,REPORTS_TO
4372,1457,REPORTS_TO
4373,1458,REPORTS_TO
4374,1458,REPORTS_TO
4375,1458,REPORTS_TO
4376,1459,REPORTS_TO
4377,1459,REPORTS_TO
4378,1459,REPORTS_TO
4379,1460,REPORTS_TO
4380,1460,REPORTS_TO
4381,1460,REPORTS_TO
4382,1461,REPORTS_TO
4383,1461,REPORTS_TO
4384,1461,REPORTS_TO
4385,1462,REPORTS_TO
4386,1462,REPORTS_TO
4387,1462,REPORTS_TO
4388,1463,REPORTS_TO
4389,1463,REPORTS_TO
4390,1463,REPORTS_TO
4391,1464,REPORTS_TO
4392,1464,REPORTS_TO
4393,1464,REPORTS_TO
4394,1465,REPORTS_TO
4395,1465,REPORTS_TO
4396,1465,REPORTS_TO
4397,1466,REPORTS_TO
4398,1466,REPORTS_TO
4399,1466,REPORTS_TO
4400,1467,REPORTS_TO
4401,1467,REPORTS_TO
4402,1467,REPORTS_TO
4403,1468,REPORTS_TO
4404,1468,REPORTS_TO
4405,1468,REPORTS_TO
4406,1469,REPORTS_TO
4407,1469,REPORTS_TO
4408,1469,REPORTS_TO
4409,1470,REPORTS_TO
4410,1470,REPORTS_TO
4411,1470,REPORTS_TO
4412,1471,REPORTS_TO
4413,1471,REPORTS_TO
4414,1471,REPORTS_TO
4415,1472,REPORTS_TO
4416,1472,REPORTS_TO
4417,1472,REPORTS_TO
4418,1473,REPORTS_TO
4419,1473,REPORTS_TO
4420,1473,REPORTS_TO
4421,1474,REPORTS_TO
4422,1474,REPORTS_TO
4423,1474,REPORTS_TO
4424,1475,REPORTS_TO
4425,1475,REPORTS_TO
4426,1475,REPORTS_TO
4427,1476,REPORTS_TO
4428,1476,REPORTS_TO
4429,1476,REPORTS_TO
4430,1477,REPORTS_TO
4431,1477,REPORTS_TO
4432,1477,REPORTS_TO
4433,1478,REPORTS_TO
4434,1478,REPORTS_TO
4435,1478,REPORTS_TO
4436,1479,REPORTS_TO
4437,1479,REPORTS_TO
4438,1479,REPORTS_TO
4439,1480,REPORTS_TO
4440,1480,REPORTS_TO
4441,1480,REPORTS_TO
4442,1481,REPORTS_TO
4443,1481,REPORTS_TO
4444,1481,REPORTS_TO
4445,1482,REPORTS_TO
4446,1482,REPORTS_TO
4447,1482,REPORTS_TO
4448,1483,REPORTS_TO
4449,1483,REPORTS_TO
4450,1483,REPORTS_TO
4451,1484,REPORTS_TO
4452,1484,REPORTS_TO
4453,1484,REPORTS_TO
4454,1485,REPORTS_TO
4455,1485,REPORTS_TO
4456,1485,REPORTS_TO
4457,1486,REPORTS_TO
4458,1486,REPORTS_TO
4459,1486,REPORTS_TO
4460,1487,REPORTS_TO
4461,1487,REPORTS_TO
4462,1487,REPORTS_TO
4463,1488,REPORTS_TO
4464,1488,REPORTS_TO
4465,1488,REPORTS_TO
4466,1489,REPORTS_TO
4467,1489,REPORTS_TO
4468,1489,REPORTS_TO
4469,1490,REPORTS_TO
4470,1490,REPORTS_TO
4471,1490,REPORTS_TO
4472,1491,REPORTS_TO
4473,1491,REPORTS_TO
4474,1491,REPORTS_TO
4475,1492,REPORTS_TO
4476,1492,REPORTS_TO
4477,1492,REPORTS_TO
4478,1493,REPORTS_TO
4479,1493,REPORTS_TO
4480,1493,REPORTS_TO
4481,1494,REPORTS_TO
4482,1494,REPORTS_TO
4483,1494,REPORTS_TO
4484,1495,REPORTS_TO
4485,1495,REPORTS_TO
4486,1495,REPORTS_TO
4487,1496,REPORTS_TO
4488,1496,REPORTS_TO
4489,1496,REPORTS_TO
4490,1497,REPORTS_TO
4491,1497,REPORTS_TO
4492,1497,REPORTS_TO
4493,1498,REPORTS_TO
4494,1498,REPORTS_TO
4495,1498,REPORTS_TO
4496,1499,REPORTS_TO
4497,1499,REPORTS_TO
4498,1499,REPORTS_TO
4499,1500,REPORTS_TO
4500,1500,REPORTS_TO
4501,1500,REPORTS_TO
4502,1501,REPORTS_TO
4503,1501,REPORTS_TO
4504,1501,REPORTS_TO
4505,1502,REPORTS_TO
4506,1502,REPORTS_TO
4507,1502,REPORTS_TO
4508,1503,REPORTS_TO
4509,1503,REPORTS_TO
4510,1503,REPORTS_TO
4511,1504,REPORTS_TO
4512,1504,REPORTS_TO
4513,1504,REPORTS_TO
4514,1505,REPORTS_TO
4515,1505,REPORTS_TO
4516,1505,REPORTS_TO
4517,1506,REPORTS_TO
4518,1506,REPORTS_TO
4519,1506,REPORTS_TO
4520,1507,REPORTS_TO
4521,1507,REPORTS_TO
4522,1507,REPORTS_TO
4523,1508,REPORTS_TO
4524,1508,REPORTS_TO
4525,1508,REPORTS_TO
4526,1509,REPORTS_TO
4527,1509,REPORTS_TO
4528,1509,REPORTS_TO
4529,1510,REPORTS_TO
4530,1510,REPORTS_TO
4531,1510,REPORTS_TO
4532,1511,REPORTS_TO
4533,1511,REPORTS_TO
4534,1511,REPORTS_TO
4535,1512,REPORTS_TO
4536,1512,REPORTS_TO
4537,1512,REPORTS_TO
4538,1513,REPORTS_TO
4539,1513,REPORTS_TO
4540,1513,REPORTS_TO
4541,1514,REPORTS_TO
4542,1514,REPORTS_TO
4543,1514,REPORTS_TO
4544,1515,REPORTS_TO
4545,1515,REPORTS_TO
4546,1515,REPORTS_TO
4547,1516,REPORTS_TO
4548,1516,REPORTS_TO
4549,1516,REPORTS_TO
4550,1517,REPORTS_TO
4551,1517,REPORTS_TO
4552,1517,REPORTS_TO
4553,1518,REPORTS_TO
4554,1518,REPORTS_TO
4555,1518,REPORTS_TO
4556,1519,REPORTS_TO
4557,1519,REPORTS_TO
4558,1519,REPORTS_TO
4559,1520,REPORTS_TO
4560,1520,REPORTS_TO
4561,1520,REPORTS_TO
4562,1521,REPORTS_TO
4563,1521,REPORTS_TO
4564,1521,REPORTS_TO
4565,1522,REPORTS_TO
4566,1522,REPORTS_TO
4567,1522,REPORTS_TO
4568,1523,REPORTS_TO
4569,1523,REPORTS_TO
4570,1523,REPORTS_TO
4571,1524,REPORTS_TO
4572,1524,REPORTS_TO
4573,1524,REPORTS_TO
4574,1525,REPORTS_TO
4575,1525,REPORTS_TO
4576,1525,REPORTS_TO
4577,1526,REPORTS_TO
4578,1526,REPORTS_TO
4579,1526,REPORTS_TO
4580,1527,REPORTS_TO
4581,1527,REPORTS_TO
4582,1527,REPORTS_TO
4583,1528,REPORTS_TO
4584,1528,REPORTS_TO
4585,1528,REPORTS_TO
4586,1529,REPORTS_TO
4587,1529,REPORTS_TO
4588,1529,REPORTS_TO
4589,1530,REPORTS_TO
4590,1530,REPORTS_TO
4591,1530,REPORTS_TO
4592,1531,REPORTS_TO
4593,1531,REPORTS_TO
4594,1531,REPORTS_TO
4595,1532,REPORTS_TO
4596,1532,REPORTS_TO
4597,1532,REPORTS_TO
4598,1533,REPORTS_TO
4599,1533,REPORTS_TO
4600,1533,REPORTS_TO
4601,1534,REPORTS_TO
4602,1534,REPORTS_TO
4603,1534,REPORTS_TO
4604,1535,REPORTS_TO
4605,1535,REPORTS_TO
4606,1535,REPORTS_TO
4607,1536,REPORTS_TO
4608,1536,REPORTS_TO
4609,1536,REPORTS_TO
4610,1537,REPORTS_TO
4611,1537,REPORTS_TO
4612,1537,REPORTS_TO
4613,1538,REPORTS_TO
4614,1538,REPORTS_TO
4615,1538,REPORTS_TO
4616,1539,REPORTS_TO
4617,1539,REPORTS_TO
4618,1539,REPORTS_TO
4619,1540,REPORTS_TO
4620,1540,REPORTS_TO
4621,1540,REPORTS_TO
4622,1541,REPORTS_TO
4623,1541,REPORTS_TO
4624,1541,REPORTS_TO
4625,1542,REPORTS_TO
4626,1542,REPORTS_TO
4627,1542,REPORTS_TO
4628,1543,REPORTS_TO
4629,1543,REPORTS_TO
4630,1543,REPORTS_TO
4631,1544,REPORTS_TO
4632,1544,REPORTS_TO
4633,1544,REPORTS_TO
4634,1545,REPORTS_TO
4635,1545,REPORTS_TO
4636,1545,REPORTS_TO
4637,1546,REPORTS_TO
4638,1546,REPORTS_TO
4639,1546,REPORTS_TO
4640,1547,REPORTS_TO
4641,1547,REPORTS_TO
4642,1547,REPORTS_TO
4643,1548,REPORTS_TO
4644,1548,REPORTS_TO
4645,1548,REPORTS_TO
4646,1549,REPORTS_TO
4647,1549,REPORTS_TO
4648,1549,REPORTS_TO
4649,1550,REPORTS_TO
4650,1550,REPORTS_TO
4651,1550,REPORTS_TO
4652,1551,REPORTS_TO
4653,1551,REPORTS_TO
4654,1551,REPORTS_TO
4655,1552,REPORTS_TO
4656,1552,REPORTS_TO
4657,1552,REPORTS_TO
4658,1553,REPORTS_TO
4659,1553,REPORTS_TO
4660,1553,REPORTS_TO
4661,1554,REPORTS_TO
4662,1554,REPORTS_TO
4663,1554,REPORTS_TO
4664,1555,REPORTS_TO
4665,1555,REPORTS_TO
4666,1555,REPORTS_TO
4667,1556,REPORTS_TO
4668,1556,REPORTS_TO
4669,1556,REPORTS_TO
4670,1557,REPORTS_TO
4671,1557,REPORTS_TO
4672,1557,REPORTS_TO
4673,1558,REPORTS_TO
4674,1558,REPORTS_TO
4675,1558,REPORTS_TO
4676,1559,REPORTS_TO
4677,1559,REPORTS_TO
4678,1559,REPORTS_TO
4679,1560,REPORTS_TO
4680,1560,REPORTS_TO
4681,1560,REPORTS_TO
4682,1561,REPORTS_TO
4683,1561,REPORTS_TO
4684,1561,REPORTS_TO
4685,1562,REPORTS_TO
4686,1562,REPORTS_TO
4687,1562,REPORTS_TO
4688,1563,REPORTS_TO
4689,1563,REPORTS_TO
4690,1563,REPORTS_TO
4691,1564,REPORTS_TO
4692,1564,REPORTS_TO
4693,1564,REPORTS_TO
4694,1565,REPORTS_TO
4695,1565,REPORTS_TO
4696,1565,REPORTS_TO
4697,1566,REPORTS_TO
4698,1566,REPORTS_TO
4699,1566,REPORTS_TO
4700,1567,REPORTS_TO
4701,1567,REPORTS_TO
4702,1567,REPORTS_TO
4703,1568,REPORTS_TO
4704,1568,REPORTS_TO
4705,1568,REPORTS_TO
4706,1569,REPORTS_TO
4707,1569,REPORTS_TO
4708,1569,REPORTS_TO
4709,1570,REPORTS_TO
4710,1570,REPORTS_TO
4711,1570,REPORTS_TO
4712,1571,REPORTS_TO
4713,1571,REPORTS_TO
4714,1571,REPORTS_TO
4715,1572,REPORTS_TO
4716,1572,REPORTS_TO
4717,1572,REPORTS_TO
4718,1573,REPORTS_TO
4719,1573,REPORTS_TO
4720,1573,REPORTS_TO
4721,1574,REPORTS_TO
4722,1574,REPORTS_TO
4723,1574,REPORTS_TO
4724,1575,REPORTS_TO
4725,1575,REPORTS_TO
4726,1575,REPORTS_TO
4727,1576,REPORTS_TO
4728,1576,REPORTS_TO
4729,1576,REPORTS_TO
4730,1577,REPORTS_TO
4731,1577,REPORTS_TO
4732,1577,REPORTS_TO
4733,1578,REPORTS_TO
4734,1578,REPORTS_TO
4735,1578,REPORTS_TO
4736,1579,REPORTS_TO
4737,1579,REPORTS_TO
4738,1579,REPORTS_TO
4739,1580,REPORTS_TO
4740,1580,REPORTS_TO
4741,1580,REPORTS_TO
4742,1581,REPORTS_TO
4743,1581,REPORTS_TO
4744,1581,REPORTS_TO
4745,1582,REPORTS_TO
4746,1582,REPORTS_TO
4747,1582,REPORTS_TO
4748,1583,REPORTS_TO
4749,1583,REPORTS_TO
4750,1583,REPORTS_TO
4751,1584,REPORTS_TO
4752,1584,REPORTS_TO
4753,1584,REPORTS_TO
4754,1585,REPORTS_TO
4755,1585,REPORTS_TO
4756,1585,REPORTS_TO
4757,1586,REPORTS_TO
4758,1586,REPORTS_TO
4759,1586,REPORTS_TO
4760,1587,REPORTS_TO
4761,1587,REPORTS_TO
4762,1587,REPORTS_TO
4763,1588,REPORTS_TO
4764,1588,REPORTS_TO
4765,1588,REPORTS_TO
4766,1589,REPORTS_TO
4767,1589,REPORTS_TO
4768,1589,REPORTS_TO
4769,1590,REPORTS_TO
4770,1590,REPORTS_TO
4771,1590,REPORTS_TO
4772,1591,REPORTS_TO
4773,1591,REPORTS_TO
4774,1591,REPORTS_TO
4775,1592,REPORTS_TO
4776,1592,REPORTS_TO
4777,1592,REPORTS_TO
4778,1593,REPORTS_TO
4779,1593,REPORTS_TO
4780,1593,REPORTS_TO
4781,1594,REPORTS_TO
4782,1594,REPORTS_TO
4783,1594,REPORTS_TO
4784,1595,REPORTS_TO
4785,1595,REPORTS_TO
4786,1595,REPORTS_TO
4787,1596,REPORTS_TO
4788,1596,REPORTS_TO
4789,1596,REPORTS_TO
4790,1597,REPORTS_TO
4791,1597,REPORTS_TO
4792,1597,REPORTS_TO
4793,1598,REPORTS_TO
4794,1598,REPORTS_TO
4795,1598,REPORTS_TO
4796,1599,REPORTS_TO
4797,1599,REPORTS_TO
4798,1599,REPORTS_TO
4799,1600,REPORTS_TO
4800,1600,REPORTS_TO
4801,1600,REPORTS_TO
4802,1601,REPORTS_TO
4803,1601,REPORTS_TO
4804,1601,REPORTS_TO
4805,1602,REPORTS_TO
4806,1602,REPORTS_TO
4807,1602,REPORTS_TO
4808,1603,REPORTS_TO
4809,1603,REPORTS_TO
4810,1603,REPORTS_TO
4811,1604,REPORTS_TO
4812,1604,REPORTS_TO
4813,1604,REPORTS_TO
4814,1605,REPORTS_TO
4815,1605,REPORTS_TO
4816,1605,REPORTS_TO
4817,1606,REPORTS_TO
4818,1606,REPORTS_TO
4819,1606,REPORTS_TO
4820,1607,REPORTS_TO
4821,1607,REPORTS_TO
4822,1607,REPORTS_TO
4823,1608,REPORTS_TO
4824,1608,REPORTS_TO
4825,1608,REPORTS_TO
4826,1609,REPORTS_TO
4827,1609,REPORTS_TO
4828,1609,REPORTS_TO
4829,1610,REPORTS_TO
4830,1610,REPORTS_TO
4831,1610,REPORTS_TO
4832,1611,REPORTS_TO
4833,1611,REPORTS_TO
4834,1611,REPORTS_TO
4835,1612,REPORTS_TO
4836,1612,REPORTS_TO
4837,1612,REPORTS_TO
4838,1613,REPORTS_TO
4839,1613,REPORTS_TO
4840,1613,REPORTS_TO
4841,1614,REPORTS_TO
4842,1614,REPORTS_TO
4843,1614,REPORTS_TO
4844,1615,REPORTS_TO
4845,1615,REPORTS_TO
4846,1615,REPORTS_TO
4847,1616,REPORTS_TO
4848,1616,REPORTS_TO
4849,1616,REPORTS_TO
4850,1617,REPORTS_TO
4851,1617,REPORTS_TO
4852,1617,REPORTS_TO
4853,1618,REPORTS_TO
4854,1618,REPORTS_TO
4855,1618,REPORTS_TO
4856,1619,REPORTS_TO
4857,1619,REPORTS_TO
4858,1619,REPORTS_TO
4859,1620,REPORTS_TO
4860,1620,REPORTS_TO
4861,1620,REPORTS_TO
4862,1621,REPORTS_TO
4863,1621,REPORTS_TO
4864,1621,REPORTS_TO
4865,1622,REPORTS_TO
4866,1622,REPORTS_TO
4867,1622,REPORTS_TO
4868,1623,REPORTS_TO
4869,1623,REPORTS_TO
4870,1623,REPORTS_TO
4871,1624,REPORTS_TO
4872,1624,REPORTS_TO
4873,1624,REPORTS_TO
4874,1625,REPORTS_TO
4875,1625,REPORTS_TO
4876,1625,REPORTS_TO
4877,1626,REPORTS_TO
4878,1626,REPORTS_TO
4879,1626,REPORTS_TO
4880,1627,REPORTS_TO
4881,1627,REPORTS_TO
4882,1627,REPORTS_TO
4883,1628,REPORTS_TO
4884,1628,REPORTS_TO
4885,1628,REPORTS_TO
4886,1629,REPORTS_TO
4887,1629,REPORTS_TO
4888,1629,REPORTS_TO
4889,1630,REPORTS_TO
4890,1630,REPORTS_TO
4891,1630,REPORTS_TO
4892,1631,REPORTS_TO
4893,1631,REPORTS_TO
4894,1631,REPORTS_TO
4895,1632,REPORTS_TO
4896,1632,REPORTS_TO
4897,1632,REPORTS_TO
4898,1633,REPORTS_TO
4899,1633,REPORTS_TO
4900,1633,REPORTS_TO
4901,1634,REPORTS_TO
4902,1634,REPORTS_TO
4903,1634,REPORTS_TO
4904,1635,REPORTS_TO
4905,1635,REPORTS_TO
4906,1635,REPORTS_TO
4907,1636,REPORTS_TO
4908,1636,REPORTS_TO
4909,1636,REPORTS_TO
4910,1637,REPORTS_TO
4911,1637,REPORTS_TO
4912,1637,REPORTS_TO
4913,1638,REPORTS_TO
4914,1638,REPORTS_TO
4915,1638,REPORTS_TO
4916,1639,REPORTS_TO
4917,1639,REPORTS_TO
4918,1639,REPORTS_TO
4919,1640,REPORTS_TO
4920,1640,REPORTS_TO
4921,1640,REPORTS_TO
4922,1641,REPORTS_TO
4923,1641,REPORTS_TO
4924,1641,REPORTS_TO
4925,1642,REPORTS_TO
4926,1642,REPORTS_TO
4927,1642,REPORTS_TO
4928,1643,REPORTS_TO
4929,1643,REPORTS_TO
4930,1643,REPORTS_TO
4931,1644,REPORTS_TO
4932,1644,REPORTS_TO
4933,1644,REPORTS_TO
4934,1645,REPORTS_TO
4935,1645,REPORTS_TO
4936,1645,REPORTS_TO
4937,1646,REPORTS_TO
4938,1646,REPORTS_TO
4939,1646,REPORTS_TO
4940,1647,REPORTS_TO
4941,1647,REPORTS_TO
4942,1647,REPORTS_TO
4943,1648,REPORTS_TO
4944,1648,REPORTS_TO
4945,1648,REPORTS_TO
4946,1649,REPORTS_TO
4947,1649,REPORTS_TO
4948,1649,REPORTS_TO
4949,1650,REPORTS_TO
4950,1650,REPORTS_TO
4951,1650,REPORTS_TO
4952,1651,REPORTS_TO
4953,1651,REPORTS_TO
4954,1651,REPORTS_TO
4955,1652,REPORTS_TO
4956,1652,REPORTS_TO
4957,1652,REPORTS_TO
4958,1653,REPORTS_TO
4959,1653,REPORTS_TO
4960,1653,REPORTS_TO
4961,1654,REPORTS_TO
4962,1654,REPORTS_TO
4963,1654,REPORTS_TO
4964,1655,REPORTS_TO
4965,1655,REPORTS_TO
4966,1655,REPORTS_TO
4967,1656,REPORTS_TO
4968,1656,REPORTS_TO
4969,1656,REPORTS_TO
4970,1657,REPORTS_TO
4971,1657,REPORTS_TO
4972,1657,REPORTS_TO
4973,1658,REPORTS_TO
4974,1658,REPORTS_TO
4975,1658,REPORTS_TO
4976,1659,REPORTS_TO
4977,1659,REPORTS_TO
4978,1659,REPORTS_TO
4979,1660,REPORTS_TO
4980,1660,REPORTS_TO
4981,1660,REPORTS_TO
4982,1661,REPORTS_TO
4983,1661,REPORTS_TO
4984,1661,REPORTS_TO
4985,1662,REPORTS_TO
4986,1662,REPORTS_TO
4987,1662,REPORTS_TO
4988,1663,REPORTS_TO
4989,1663,REPORTS_TO
4990,1663,REPORTS_TO
4991,1664,REPORTS_TO
4992,1664,REPORTS_TO
4993,1664,REPORTS_TO
4994,1665,REPORTS_TO
4995,1665,REPORTS_TO
4996,1665,REPORTS_TO
4997,1666,REPORTS_TO
4998,1666,REPORTS_TO
4999,1666,REPORTS_TO
5000,1667,REPORTS_TO
5001,1667,REPORTS_TO
5002,1667,REPORTS_TO
5003,1668,REPORTS_TO
5004,1668,REPORTS_TO
5005,1668,REPORTS_TO
5006,1669,REPORTS_TO
5007,1669,REPORTS_TO
5008,1669,REPORTS_TO
5009,1670,REPORTS_TO
5010,1670,REPORTS_TO
5011,1670,REPORTS_TO
5012,1671,REPORTS_TO
5013,1671,REPORTS_TO
5014,1671,REPORTS_TO
5015,1672,REPORTS_TO
5016,1672,REPORTS_TO
5017,1672,REPORTS_TO
5018,1673,REPORTS_TO
5019,1673,REPORTS_TO
5020,1673,REPORTS_TO
5021,1674,REPORTS_TO
5022,1674,REPORTS_TO
5023,1674,REPORTS_TO
5024,1675,REPORTS_TO
5025,1675,REPORTS_TO
5026,1675,REPORTS_TO
5027,1676,REPORTS_TO
5028,1676,REPORTS_TO
5029,1676,REPORTS_TO
5030,1677,REPORTS_TO
5031,1677,REPORTS_TO
5032,1677,REPORTS_TO
5033,1678,REPORTS_TO
5034,1678,REPORTS_TO
5035,1678,REPORTS_TO
5036,1679,REPORTS_TO
5037,1679,REPORTS_TO
5038,1679,REPORTS_TO
5039,1680,REPORTS_TO
5040,1680,REPORTS_TO
5041,1680,REPORTS_TO
5042,1681,REPORTS_TO
5043,1681,REPORTS_TO
5044,1681,REPORTS_TO
5045,1682,REPORTS_TO
5046,1682,REPORTS_TO
5047,1682,REPORTS_TO
5048,1683,REPORTS_TO
5049,1683,REPORTS_TO
5050,1683,REPORTS_TO
5051,1684,REPORTS_TO
5052,1684,REPORTS_TO
5053,1684,REPORTS_TO
5054,1685,REPORTS_TO
5055,1685,REPORTS_TO
5056,1685,REPORTS_TO
5057,1686,REPORTS_TO
5058,1686,REPORTS_TO
5059,1686,REPORTS_TO
5060,1687,REPORTS_TO
5061,1687,REPORTS_TO
5062,1687,REPORTS_TO
5063,1688,REPORTS_TO
5064,1688,REPORTS_TO
5065,1688,REPORTS_TO
5066,1689,REPORTS_TO
5067,1689,REPORTS_TO
5068,1689,REPORTS_TO
5069,1690,REPORTS_TO
5070,1690,REPORTS_TO
5071,1690,REPORTS_TO
5072,1691,REPORTS_TO
5073,1691,REPORTS_TO
5074,1691,REPORTS_TO
5075,1692,REPORTS_TO
5076,1692,REPORTS_TO
5077,1692,REPORTS_TO
5078,1693,REPORTS_TO
5079,1693,REPORTS_TO
5080,1693,REPORTS_TO
5081,1694,REPORTS_TO
5082,1694,REPORTS_TO
5083,1694,REPORTS_TO
5084,1695,REPORTS_TO
5085,1695,REPORTS_TO
5086,1695,REPORTS_TO
5087,1696,REPORTS_TO
5088,1696,REPORTS_TO
5089,1696,REPORTS_TO
5090,1697,REPORTS_TO
5091,1697,REPORTS_TO
5092,1697,REPORTS_TO
5093,1698,REPORTS_TO
5094,1698,REPORTS_TO
5095,1698,REPORTS_TO
5096,1699,REPORTS_TO
5097,1699,REPORTS_TO
5098,1699,REPORTS_TO
5099,1700,REPORTS_TO
5100,1700,REPORTS_TO
5101,1700,REPORTS_TO
5102,1701,REPORTS_TO
5103,1701,REPORTS_TO
5104,1701,REPORTS_TO
5105,1702,REPORTS_TO
5106,1702,REPORTS_TO
5107,1702,REPORTS_TO
5108,1703,REPORTS_TO
5109,1703,REPORTS_TO
5110,1703,REPORTS_TO
5111,1704,REPORTS_TO
5112,1704,REPORTS_TO
5113,1704,REPORTS_TO
5114,1705,REPORTS_TO
5115,1705,REPORTS_TO
5116,1705,REPORTS_TO
5117,1706,REPORTS_TO
5118,1706,REPORTS_TO
5119,1706,REPORTS_TO
5120,1707,REPORTS_TO
5121,1707,REPORTS_TO
5122,1707,REPORTS_TO
5123,1708,REPORTS_TO
5124,1708,REPORTS_TO
5125,1708,REPORTS_TO
5126,1709,REPORTS_TO
5127,1709,REPORTS_TO
5128,1709,REPORTS_TO
5129,1710,REPORTS_TO
5130,1710,REPORTS_TO
5131,1710,REPORTS_TO
5132,1711,REPORTS_TO
5133,1711,REPORTS_TO
5134,1711,REPORTS_TO
5135,1712,REPORTS_TO
5136,1712,REPORTS_TO
5137,1712,REPORTS_TO
5138,1713,REPORTS_TO
5139,1713,REPORTS_TO
5140,1713,REPORTS_TO
5141,1714,REPORTS_TO
5142,1714,REPORTS_TO
5143,1714,REPORTS_TO
5144,1715,REPORTS_TO
5145,1715,REPORTS_TO
5146,1715,REPORTS_TO
5147,1716,REPORTS_TO
5148,1716,REPORTS_TO
5149,1716,REPORTS_TO
5150,1717,REPORTS_TO
5151,1717,REPORTS_TO
5152,1717,REPORTS_TO
5153,1718,REPORTS_TO
5154,1718,REPORTS_TO
5155,1718,REPORTS_TO
5156,1719,REPORTS_TO
5157,1719,REPORTS_TO
5158,1719,REPORTS_TO
5159,1720,REPORTS_TO
5160,1720,REPORTS_TO
5161,1720,REPORTS_TO
5162,1721,REPORTS_TO
5163,1721,REPORTS_TO
5164,1721,REPORTS_TO
5165,1722,REPORTS_TO
5166,1722,REPORTS_TO
5167,1722,REPORTS_TO
5168,1723,REPORTS_TO
5169,1723,REPORTS_TO
5170,1723,REPORTS_TO
5171,1724,REPORTS_TO
5172,1724,REPORTS_TO
5173,1724,REPORTS_TO
5174,1725,REPORTS_TO
5175,1725,REPORTS_TO
5176,1725,REPORTS_TO
5177,1726,REPORTS_TO
5178,1726,REPORTS_TO
5179,1726,REPORTS_TO
5180,1727,REPORTS_TO
5181,1727,REPORTS_TO
5182,1727,REPORTS_TO
5183,1728,REPORTS_TO
5184,1728,REPORTS_TO
5185,1728,REPORTS_TO
5186,1729,REPORTS_TO
5187,1729,REPORTS_TO
5188,1729,REPORTS_TO
5189,1730,REPORTS_TO
5190,1730,REPORTS_TO
5191,1730,REPORTS_TO
5192,1731,REPORTS_TO
5193,1731,REPORTS_TO
5194,1731,REPORTS_TO
5195,1732,REPORTS_TO
5196,1732,REPORTS_TO
5197,1732,REPORTS_TO
5198,1733,REPORTS_TO
5199,1733,REPORTS_TO
5200,1733,REPORTS_TO
5201,1734,REPORTS_TO
5202,1734,REPORTS_TO
5203,1734,REPORTS_TO
5204,1735,REPORTS_TO
5205,1735,REPORTS_TO
5206,1735,REPORTS_TO
5207,1736,REPORTS_TO
5208,1736,REPORTS_TO
5209,1736,REPORTS_TO
5210,1737,REPORTS_TO
5211,1737,REPORTS_TO
5212,1737,REPORTS_TO
5213,1738,REPORTS_TO
5214,1738,REPORTS_TO
5215,1738,REPORTS_TO
5216,1739,REPORTS_TO
5217,1739,REPORTS_TO
5218,1739,REPORTS_TO
5219,1740,REPORTS_TO
5220,1740,REPORTS_TO
5221,1740,REPORTS_TO
5222,1741,REPORTS_TO
5223,1741,REPORTS_TO
5224,1741,REPORTS_TO
5225,1742,REPORTS_TO
5226,1742,REPORTS_TO
5227,1742,REPORTS_TO
5228,1743,REPORTS_TO
5229,1743,REPORTS_TO
5230,1743,REPORTS_TO
5231,1744,REPORTS_TO
5232,1744,REPORTS_TO
5233,1744,REPORTS_TO
5234,1745,REPORTS_TO
5235,1745,REPORTS_TO
5236,1745,REPORTS_TO
5237,1746,REPORTS_TO
5238,1746,REPORTS_TO
5239,1746,REPORTS_TO
5240,1747,REPORTS_TO
5241,1747,REPORTS_TO
5242,1747,REPORTS_TO
5243,1748,REPORTS_TO
5244,1748,REPORTS_TO
5245,1748,REPORTS_TO
5246,1749,REPORTS_TO
5247,1749,REPORTS_TO
5248,1749,REPORTS_TO
5249,1750,REPORTS_TO
5250,1750,REPORTS_TO
5251,1750,REPORTS_TO
5252,1751,REPORTS_TO
5253,1751,REPORTS_TO
5254,1751,REPORTS_TO
5255,1752,REPORTS_TO
5256,1752,REPORTS_TO
5257,1752,REPORTS_TO
5258,1753,REPORTS_TO
5259,1753,REPORTS_TO
5260,1753,REPORTS_TO
5261,1754,REPORTS_TO
5262,1754,REPORTS_TO
5263,1754,REPORTS_TO
5264,1755,REPORTS_TO
5265,1755,REPORTS_TO
5266,1755,REPORTS_TO
5267,1756,REPORTS_TO
5268,1756,REPORTS_TO
5269,1756,REPORTS_TO
5270,1757,REPORTS_TO
5271,1757,REPORTS_TO
5272,1757,REPORTS_TO
5273,1758,REPORTS_TO
5274,1758,REPORTS_TO
5275,1758,REPORTS_TO
5276,1759,REPORTS_TO
5277,1759,REPORTS_TO
5278,1759,REPORTS_TO
5279,1760,REPORTS_TO
5280,1760,REPORTS_TO
5281,1760,REPORTS_TO
5282,1761,REPORTS_TO
5283,1761,REPORTS_TO
5284,1761,REPORTS_TO
5285,1762,REPORTS_TO
5286,1762,REPORTS_TO
5287,1762,REPORTS_TO
5288,1763,REPORTS_TO
5289,1763,REPORTS_TO
5290,1763,REPORTS_TO
5291,1764,REPORTS_TO
5292,1764,REPORTS_TO
5293,1764,REPORTS_TO
5294,1765,REPORTS_TO
5295,1765,REPORTS_TO
5296,1765,REPORTS_TO
5297,1766,REPORTS_TO
5298,1766,REPORTS_TO
5299,1766,REPORTS_TO
5300,1767,REPORTS_TO
5301,1767,REPORTS_TO
5302,1767,REPORTS_TO
5303,1768,REPORTS_TO
5304,1768,REPORTS_TO
5305,1768,REPORTS_TO
5306,1769,REPORTS_TO
5307,1769,REPORTS_TO
5308,1769,REPORTS_TO
5309,1770,REPORTS_TO
5310,1770,REPORTS_TO
5311,1770,REPORTS_TO
5312,1771,REPORTS_TO
5313,1771,REPORTS_TO
5314,1771,REPORTS_TO
5315,1772,REPORTS_TO
5316,1772,REPORTS_TO
5317,1772,REPORTS_TO
5318,1773,REPORTS_TO
5319,1773,REPORTS_TO
5320,1773,REPORTS_TO
5321,1774,REPORTS_TO
5322,1774,REPORTS_TO
5323,1774,REPORTS_TO
5324,1775,REPORTS_TO
5325,1775,REPORTS_TO
5326,1775,REPORTS_TO
5327,1776,REPORTS_TO
5328,1776,REPORTS_TO
5329,1776,REPORTS_TO
5330,1777,REPORTS_TO
5331,1777,REPORTS_TO
5332,1777,REPORTS_TO
5333,1778,REPORTS_TO
5334,1778,REPORTS_TO
5335,1778,REPORTS_TO
5336,1779,REPORTS_TO
5337,1779,REPORTS_TO
5338,1779,REPORTS_TO
5339,1780,REPORTS_TO
5340,1780,REPORTS_TO
5341,1780,REPORTS_TO
5342,1781,REPORTS_TO
5343,1781,REPORTS_TO
5344,1781,REPORTS_TO
5345,1782,REPORTS_TO
5346,1782,REPORTS_TO
5347,1782,REPORTS_TO
5348,1783,REPORTS_TO
5349,1783,REPORTS_TO
5350,1783,REPORTS_TO
5351,1784,REPORTS_TO
5352,1784,REPORTS_TO
5353,1784,REPORTS_TO
5354,1785,REPORTS_TO
5355,1785,REPORTS_TO
5356,1785,REPORTS_TO
5357,1786,REPORTS_TO
5358,1786,REPORTS_TO
5359,1786,REPORTS_TO
5360,1787,REPORTS_TO
5361,1787,REPORTS_TO
5362,1787,REPORTS_TO
5363,1788,REPORTS_TO
5364,1788,REPORTS_TO
5365,1788,REPORTS_TO
5366,1789,REPORTS_TO
5367,1789,REPORTS_TO
5368,1789,REPORTS_TO
5369,1790,REPORTS_TO
5370,1790,REPORTS_TO
5371,1790,REPORTS_TO
5372,1791,REPORTS_TO
5373,1791,REPORTS_TO
5374,1791,REPORTS_TO
5375,1792,REPORTS_TO
5376,1792,REPORTS_TO
5377,1792,REPORTS_TO
5378,1793,REPORTS_TO
5379,1793,REPORTS_TO
5380,1793,REPORTS_TO
5381,1794,REPORTS_TO
5382,1794,REPORTS_TO
5383,1794,REPORTS_TO
5384,1795,REPORTS_TO
5385,1795,REPORTS_TO
5386,1795,REPORTS_TO
5387,1796,REPORTS_TO
5388,1796,REPORTS_TO
5389,1796,REPORTS_TO
5390,1797,REPORTS_TO
5391,1797,REPORTS_TO
5392,1797,REPORTS_TO
5393,1798,REPORTS_TO
5394,1798,REPORTS_TO
5395,1798,REPORTS_TO
5396,1799,REPORTS_TO
5397,1799,REPORTS_TO
5398,1799,REPORTS_TO
5399,1800,REPORTS_TO
5400,1800,REPORTS_TO
5401,1800,REPORTS_TO
5402,1801,REPORTS_TO
5403,1801,REPORTS_TO
5404,1801,REPORTS_TO
5405,1802,REPORTS_TO
5406,1802,REPORTS_TO
5407,1802,REPORTS_TO
5408,1803,REPORTS_TO
5409,1803,REPORTS_TO
5410,1803,REPORTS_TO
5411,1804,REPORTS_TO
5412,1804,REPORTS_TO
5413,1804,REPORTS_TO
5414,1805,REPORTS_TO
5415,1805,REPORTS_TO
5416,1805,REPORTS_TO
5417,1806,REPORTS_TO
5418,1806,REPORTS_TO
5419,1806,REPORTS_TO
5420,1807,REPORTS_TO
5421,1807,REPORTS_TO
5422,1807,REPORTS_TO
5423,1808,REPORTS_TO
5424,1808,REPORTS_TO
5425,1808,REPORTS_TO
5426,1809,REPORTS_TO
5427,1809,REPORTS_TO
5428,1809,REPORTS_TO
5429,1810,REPORTS_TO
5430,1810,REPORTS_TO
5431,1810,REPORTS_TO
5432,1811,REPORTS_TO
5433,1811,REPORTS_TO
5434,1811,REPORTS_TO
5435,1812,REPORTS_TO
5436,1812,REPORTS_TO
5437,1812,REPORTS_TO
5438,1813,REPORTS_TO
5439,1813,REPORTS_TO
5440,1813,REPORTS_TO
5441,1814,REPORTS_TO
5442,1814,REPORTS_TO
5443,1814,REPORTS_TO
5444,1815,REPORTS_TO
5445,1815,REPORTS_TO
5446,1815,REPORTS_TO
5447,1816,REPORTS_TO
5448,1816,REPORTS_TO
5449,1816,REPORTS_TO
5450,1817,REPORTS_TO
5451,1817,REPORTS_TO
5452,1817,REPORTS_TO
5453,1818,REPORTS_TO
5454,1818,REPORTS_TO
5455,1818,REPORTS_TO
5456,1819,REPORTS_TO
5457,1819,REPORTS_TO
5458,1819,REPORTS_TO
5459,1820,REPORTS_TO
5460,1820,REPORTS_TO
5461,1820,REPORTS_TO
5462,1821,REPORTS_TO
5463,1821,REPORTS_TO
5464,1821,REPORTS_TO
5465,1822,REPORTS_TO
5466,1822,REPORTS_TO
5467,1822,REPORTS_TO
5468,1823,REPORTS_TO
5469,1823,REPORTS_TO
5470,1823,REPORTS_TO
5471,1824,REPORTS_TO
5472,1824,REPORTS_TO
5473,1824,REPORTS_TO
5474,1825,REPORTS_TO
5475,1825,REPORTS_TO
5476,1825,REPORTS_TO
5477,1826,REPORTS_TO
5478,1826,REPORTS_TO
5479,1826,REPORTS_TO
5480,1827,REPORTS_TO
5481,1827,REPORTS_TO
5482,1827,REPORTS_TO
5483,1828,REPORTS_TO
5484,1828,REPORTS_TO
5485,1828,REPORTS_TO
5486,1829,REPORTS_TO
5487,1829,REPORTS_TO
5488,1829,REPORTS_TO
5489,1830,REPORTS_TO
5490,1830,REPORTS_TO
5491,1830,REPORTS_TO
5492,1831,REPORTS_TO
5493,1831,REPORTS_TO
5494,1831,REPORTS_TO
5495,1832,REPORTS_TO
5496,1832,REPORTS_TO
5497,1832,REPORTS_TO
5498,1833,REPORTS_TO
5499,1833,REPORTS_TO
5500,1833,REPORTS_TO
5501,1834,REPORTS_TO
5502,1834,REPORTS_TO
5503,1834,REPORTS_TO
5504,1835,REPORTS_TO
5505,1835,REPORTS_TO
5506,1835,REPORTS_TO
5507,1836,REPORTS_TO
5508,1836,REPORTS_TO
5509,1836,REPORTS_TO
5510,1837,REPORTS_TO
5511,1837,REPORTS_TO
5512,1837,REPORTS_TO
5513,1838,REPORTS_TO
5514,1838,REPORTS_TO
5515,1838,REPORTS_TO
5516,1839,REPORTS_TO
5517,1839,REPORTS_TO
5518,1839,REPORTS_TO
5519,1840,REPORTS_TO
5520,1840,REPORTS_TO
5521,1840,REPORTS_TO
5522,1841,REPORTS_TO
5523,1841,REPORTS_TO
5524,1841,REPORTS_TO
5525,1842,REPORTS_TO
5526,1842,REPORTS_TO
5527,1842,REPORTS_TO
5528,1843,REPORTS_TO
5529,1843,REPORTS_TO
5530,1843,REPORTS_TO
5531,1844,REPORTS_TO
5532,1844,REPORTS_TO
5533,1844,REPORTS_TO
5534,1845,REPORTS_TO
5535,1845,REPORTS_TO
5536,1845,REPORTS_TO
5537,1846,REPORTS_TO
5538,1846,REPORTS_TO
5539,1846,REPORTS_TO
5540,1847,REPORTS_TO
5541,1847,REPORTS_TO
5542,1847,REPORTS_TO
5543,1848,REPORTS_TO
5544,1848,REPORTS_TO
5545,1848,REPORTS_TO
5546,1849,REPORTS_TO
5547,1849,REPORTS_TO
5548,1849,REPORTS_TO
5549,1850,REPORTS_TO
5550,1850,REPORTS_TO
5551,1850,REPORTS_TO
5552,1851,REPORTS_TO
5553,1851,REPORTS_TO
5554,1851,REPORTS_TO
5555,1852,REPORTS_TO
5556,1852,REPORTS_TO
5557,1852,REPORTS_TO
5558,1853,REPORTS_TO
5559,1853,REPORTS_TO
5560,1853,REPORTS_TO
5561,1854,REPORTS_TO
5562,1854,REPORTS_TO
5563,1854,REPORTS_TO
5564,1855,REPORTS_TO
5565,1855,REPORTS_TO
5566,1855,REPORTS_TO
5567,1856,REPORTS_TO
5568,1856,REPORTS_TO
5569,1856,REPORTS_TO
5570,1857,REPORTS_TO
5571,1857,REPORTS_TO
5572,1857,REPORTS_TO
5573,1858,REPORTS_TO
5574,1858,REPORTS_TO
5575,1858,REPORTS_TO
5576,1859,REPORTS_TO
5577,1859,REPORTS_TO
5578,1859,REPORTS_TO
5579,1860,REPORTS_TO
5580,1860,REPORTS_TO
5581,1860,REPORTS_TO
5582,1861,REPORTS_TO
5583,1861,REPORTS_TO
5584,1861,REPORTS_TO
5585,1862,REPORTS_TO
5586,1862,REPORTS_TO
5587,1862,REPORTS_TO
5588,1863,REPORTS_TO
5589,1863,REPORTS_TO
5590,1863,REPORTS_TO
5591,1864,REPORTS_TO
5592,1864,REPORTS_TO
5593,1864,REPORTS_TO
5594,1865,REPORTS_TO
5595,1865,REPORTS_TO
5596,1865,REPORTS_TO
5597,1866,REPORTS_TO
5598,1866,REPORTS_TO
5599,1866,REPORTS_TO
5600,1867,REPORTS_TO
5601,1867,REPORTS_TO
5602,1867,REPORTS_TO
5603,1868,REPORTS_TO
5604,1868,REPORTS_TO
5605,1868,REPORTS_TO
5606,1869,REPORTS_TO
5607,1869,REPORTS_TO
5608,1869,REPORTS_TO
5609,1870,REPORTS_TO
5610,1870,REPORTS_TO
5611,1870,REPORTS_TO
5612,1871,REPORTS_TO
5613,1871,REPORTS_TO
5614,1871,REPORTS_TO
5615,1872,REPORTS_TO
5616,1872,REPORTS_TO
5617,1872,REPORTS_TO
5618,1873,REPORTS_TO
5619,1873,REPORTS_TO
5620,1873,REPORTS_TO
5621,1874,REPORTS_TO
5622,1874,REPORTS_TO
5623,1874,REPORTS_TO
5624,1875,REPORTS_TO
5625,1875,REPORTS_TO
5626,1875,REPORTS_TO
5627,1876,REPORTS_TO
5628,1876,REPORTS_TO
5629,1876,REPORTS_TO
5630,1877,REPORTS_TO
5631,1877,REPORTS_TO
5632,1877,REPORTS_TO
5633,1878,REPORTS_TO
5634,1878,REPORTS_TO
5635,1878,REPORTS_TO
5636,1879,REPORTS_TO
5637,1879,REPORTS_TO
5638,1879,REPORTS_TO
5639,1880,REPORTS_TO
5640,1880,REPORTS_TO
5641,1880,REPORTS_TO
5642,1881,REPORTS_TO
5643,1881,REPORTS_TO
5644,1881,REPORTS_TO
5645,1882,REPORTS_TO
5646,1882,REPORTS_TO
5647,1882,REPORTS_TO
5648,1883,REPORTS_TO
5649,1883,REPORTS_TO
5650,1883,REPORTS_TO
5651,1884,REPORTS_TO
5652,1884,REPORTS_TO
5653,1884,REPORTS_TO
5654,1885,REPORTS_TO
5655,1885,REPORTS_TO
5656,1885,REPORTS_TO
5657,1886,REPORTS_TO
5658,1886,REPORTS_TO
5659,1886,REPORTS_TO
5660,1887,REPORTS_TO
5661,1887,REPORTS_TO
5662,1887,REPORTS_TO
5663,1888,REPORTS_TO
5664,1888,REPORTS_TO
5665,1888,REPORTS_TO
5666,1889,REPORTS_TO
5667,1889,REPORTS_TO
5668,1889,REPORTS_TO
5669,1890,REPORTS_TO
5670,1890,REPORTS_TO
5671,1890,REPORTS_TO
5672,1891,REPORTS_TO
5673,1891,REPORTS_TO
5674,1891,REPORTS_TO
5675,1892,REPORTS_TO
5676,1892,REPORTS_TO
5677,1892,REPORTS_TO
5678,1893,REPORTS_TO
5679,1893,REPORTS_TO
5680,1893,REPORTS_TO
5681,1894,REPORTS_TO
5682,1894,REPORTS_TO
5683,1894,REPORTS_TO
5684,1895,REPORTS_TO
5685,1895,REPORTS_TO
5686,1895,REPORTS_TO
5687,1896,REPORTS_TO
5688,1896,REPORTS_TO
5689,1896,REPORTS_TO
5690,1897,REPORTS_TO
5691,1897,REPORTS_TO
5692,1897,REPORTS_TO
5693,1898,REPORTS_TO
5694,1898,REPORTS_TO
5695,1898,REPORTS_TO
5696,1899,REPORTS_TO
5697,1899,REPORTS_TO
5698,1899,REPORTS_TO
5699,1900,REPORTS_TO
5700,1900,REPORTS_TO
5701,1900,REPORTS_TO
5702,1901,REPORTS_TO
5703,1901,REPORTS_TO
5704,1901,REPORTS_TO
5705,1902,REPORTS_TO
5706,1902,REPORTS_TO
5707,1902,REPORTS_TO
5708,1903,REPORTS_TO
5709,1903,REPORTS_TO
5710,1903,REPORTS_TO
5711,1904,REPORTS_TO
5712,1904,REPORTS_TO
5713,1904,REPORTS_TO
5714,1905,REPORTS_TO
5715,1905,REPORTS_TO
5716,1905,REPORTS_TO
5717,1906,REPORTS_TO
5718,1906,REPORTS_TO
5719,1906,REPORTS_TO
5720,1907,REPORTS_TO
5721,1907,REPORTS_TO
5722,1907,REPORTS_TO
5723,1908,REPORTS_TO
5724,1908,REPORTS_TO
5725,1908,REPORTS_TO
5726,1909,REPORTS_TO
5727,1909,REPORTS_TO
5728,1909,REPORTS_TO
5729,1910,REPORTS_TO
5730,1910,REPORTS_TO
5731,1910,REPORTS_TO
5732,1911,REPORTS_TO
5733,1911,REPORTS_TO
5734,1911,REPORTS_TO
5735,1912,REPORTS_TO
5736,1912,REPORTS_TO
5737,1912,REPORTS_TO
5738,1913,REPORTS_TO
5739,1913,REPORTS_TO
5740,1913,REPORTS_TO
5741,1914,REPORTS_TO
5742,1914,REPORTS_TO
5743,1914,REPORTS_TO
5744,1915,REPORTS_TO
5745,1915,REPORTS_TO
5746,1915,REPORTS_TO
5747,1916,REPORTS_TO
5748,1916,REPORTS_TO
5749,1916,REPORTS_TO
5750,1917,REPORTS_TO
5751,1917,REPORTS_TO
5752,1917,REPORTS_TO
5753,1918,REPORTS_TO
5754,1918,REPORTS_TO
5755,1918,REPORTS_TO
5756,1919,REPORTS_TO
5757,1919,REPORTS_TO
5758,1919,REPORTS_TO
5759,1920,REPORTS_TO
5760,1920,REPORTS_TO
5761,1920,REPORTS_TO
5762,1921,REPORTS_TO
5763,1921,REPORTS_TO
5764,1921,REPORTS_TO
5765,1922,REPORTS_TO
5766,1922,REPORTS_TO
5767,1922,REPORTS_TO
5768,1923,REPORTS_TO
5769,1923,REPORTS_TO
5770,1923,REPORTS_TO
5771,1924,REPORTS_TO
5772,1924,REPORTS_TO
5773,1924,REPORTS_TO
5774,1925,REPORTS_TO
5775,1925,REPORTS_TO
5776,1925,REPORTS_TO
5777,1926,REPORTS_TO
5778,1926,REPORTS_TO
5779,1926,REPORTS_TO
5780,1927,REPORTS_TO
5781,1927,REPORTS_TO
5782,1927,REPORTS_TO
5783,1928,REPORTS_TO
5784,1928,REPORTS_TO
5785,1928,REPORTS_TO
5786,1929,REPORTS_TO
5787,1929,REPORTS_TO
5788,1929,REPORTS_TO
5789,1930,REPORTS_TO
5790,1930,REPORTS_TO
5791,1930,REPORTS_TO
5792,1931,REPORTS_TO
5793,1931,REPORTS_TO
5794,1931,REPORTS_TO
5795,1932,REPORTS_TO
5796,1932,REPORTS_TO
5797,1932,REPORTS_TO
5798,1933,REPORTS_TO
5799,1933,REPORTS_TO
5800,1933,REPORTS_TO
5801,1934,REPORTS_TO
5802,1934,REPORTS_TO
5803,1934,REPORTS_TO
5804,1935,REPORTS_TO
5805,1935,REPORTS_TO
5806,1935,REPORTS_TO
5807,1936,REPORTS_TO
5808,1936,REPORTS_TO
5809,1936,REPORTS_TO
5810,1937,REPORTS_TO
5811,1937,REPORTS_TO
5812,1937,REPORTS_TO
5813,1938,REPORTS_TO
5814,1938,REPORTS_TO
5815,1938,REPORTS_TO
5816,1939,REPORTS_TO
5817,1939,REPORTS_TO
5818,1939,REPORTS_TO
5819,1940,REPORTS_TO
5820,1940,REPORTS_TO
5821,1940,REPORTS_TO
5822,1941,REPORTS_TO
5823,1941,REPORTS_TO
5824,1941,REPORTS_TO
5825,1942,REPORTS_TO
5826,1942,REPORTS_TO
5827,1942,REPORTS_TO
5828,1943,REPORTS_TO
5829,1943,REPORTS_TO
5830,1943,REPORTS_TO
5831,1944,REPORTS_TO
5832,1944,REPORTS_TO
5833,1944,REPORTS_TO
5834,1945,REPORTS_TO
5835,1945,REPORTS_TO
5836,1945,REPORTS_TO
5837,1946,REPORTS_TO
5838,1946,REPORTS_TO
5839,1946,REPORTS_TO
5840,1947,REPORTS_TO
5841,1947,REPORTS_TO
5842,1947,REPORTS_TO
5843,1948,REPORTS_TO
5844,1948,REPORTS_TO
5845,1948,REPORTS_TO
5846,1949,REPORTS_TO
5847,1949,REPORTS_TO
5848,1949,REPORTS_TO
5849,1950,REPORTS_TO
5850,1950,REPORTS_TO
5851,1950,REPORTS_TO
5852,1951,REPORTS_TO
5853,1951,REPORTS_TO
5854,1951,REPORTS_TO
5855,1952,REPORTS_TO
5856,1952,REPORTS_TO
5857,1952,REPORTS_TO
5858,1953,REPORTS_TO
5859,1953,REPORTS_TO
5860,1953,REPORTS_TO
5861,1954,REPORTS_TO
5862,1954,REPORTS_TO
5863,1954,REPORTS_TO
5864,1955,REPORTS_TO
5865,1955,REPORTS_TO
5866,1955,REPORTS_TO
5867,1956,REPORTS_TO
5868,1956,REPORTS_TO
5869,1956,REPORTS_TO
5870,1957,REPORTS_TO
5871,1957,REPORTS_TO
5872,1957,REPORTS_TO
5873,1958,REPORTS_TO
5874,1958,REPORTS_TO
5875,1958,REPORTS_TO
5876,1959,REPORTS_TO
5877,1959,REPORTS_TO
5878,1959,REPORTS_TO
5879,1960,REPORTS_TO
5880,1960,REPORTS_TO
5881,1960,REPORTS_TO
5882,1961,REPORTS_TO
5883,1961,REPORTS_TO
5884,1961,REPORTS_TO
5885,1962,REPORTS_TO
5886,1962,REPORTS_TO
5887,1962,REPORTS_TO
5888,1963,REPORTS_TO
5889,1963,REPORTS_TO
5890,1963,REPORTS_TO
5891,1964,REPORTS_TO
5892,1964,REPORTS_TO
5893,1964,REPORTS_TO
5894,1965,REPORTS_TO
5895,1965,REPORTS_TO
5896,1965,REPORTS_TO
5897,1966,REPORTS_TO
5898,1966,REPORTS_TO
5899,1966,REPORTS_TO
5900,1967,REPORTS_TO
5901,1967,REPORTS_TO
5902,1967,REPORTS_TO
5903,1968,REPORTS_TO
5904,1968,REPORTS_TO
5905,1968,REPORTS_TO
5906,1969,REPORTS_TO
5907,1969,REPORTS_TO
5908,1969,REPORTS_TO
5909,1970,REPORTS_TO
5910,1970,REPORTS_TO
5911,1970,REPORTS_TO
5912,1971,REPORTS_TO
5913,1971,REPORTS_TO
5914,1971,REPORTS_TO
5915,1972,REPORTS_TO
5916,1972,REPORTS_TO
5917,1972,REPORTS_TO
5918,1973,REPORTS_TO
5919,1973,REPORTS_TO
5920,1973,REPORTS_TO
5921,1974,REPORTS_TO
5922,1974,REPORTS_TO
5923,1974,REPORTS_TO
5924,1975,REPORTS_TO
5925,1975,REPORTS_TO
5926,1975,REPORTS_TO
5927,1976,REPORTS_TO
5928,1976,REPORTS_TO
5929,1976,REPORTS_TO
5930,1977,REPORTS_TO
5931,1977,REPORTS_TO
5932,1977,REPORTS_TO
5933,1978,REPORTS_TO
5934,1978,REPORTS_TO
5935,1978,REPORTS_TO
5936,1979,REPORTS_TO
5937,1979,REPORTS_TO
5938,1979,REPORTS_TO
5939,1980,REPORTS_TO
5940,1980,REPORTS_TO
5941,1980,REPORTS_TO
5942,1981,REPORTS_TO
5943,1981,REPORTS_TO
5944,1981,REPORTS_TO
5945,1982,REPORTS_TO
5946,1982,REPORTS_TO
5947,1982,REPORTS_TO
5948,1983,REPORTS_TO
5949,1983,REPORTS_TO
5950,1983,REPORTS_TO
5951,1984,REPORTS_TO
5952,1984,REPORTS_TO
5953,1984,REPORTS_TO
5954,1985,REPORTS_TO
5955,1985,REPORTS_TO
5956,1985,REPORTS_TO
5957,1986,REPORTS_TO
5958,1986,REPORTS_TO
5959,1986,REPORTS_TO
5960,1987,REPORTS_TO
5961,1987,REPORTS_TO
5962,1987,REPORTS_TO
5963,1988,REPORTS_TO
5964,1988,REPORTS_TO
5965,1988,REPORTS_TO
5966,1989,REPORTS_TO
5967,1989,REPORTS_TO
5968,1989,REPORTS_TO
5969,1990,REPORTS_TO
5970,1990,REPORTS_TO
5971,1990,REPORTS_TO
5972,1991,REPORTS_TO
5973,1991,REPORTS_TO
5974,1991,REPORTS_TO
5975,1992,REPORTS_TO
5976,1992,REPORTS_TO
5977,1992,REPORTS_TO
5978,1993,REPORTS_TO
5979,1993,REPORTS_TO
5980,1993,REPORTS_TO
5981,1994,REPORTS_TO
5982,1994,REPORTS_TO
5983,1994,REPORTS_TO
5984,1995,REPORTS_TO
5985,1995,REPORTS_TO
5986,1995,REPORTS_TO
5987,1996,REPORTS_TO
5988,1996,REPORTS_TO
5989,1996,REPORTS_TO
5990,1997,REPORTS_TO
5991,1997,REPORTS_TO
5992,1997,REPORTS_TO
5993,1998,REPORTS_TO
5994,1998,REPORTS_TO
5995,1998,REPORTS_TO
5996,1999,REPORTS_TO
5997,1999,REPORTS_TO
5998,1999,REPORTS_TO
5999,2000,REPORTS_TO
6000,2000,REPORTS_TO
6001,2000,REPORTS_TO
6002,2001,REPORTS_TO
6003,2001,REPORTS_TO
6004,2001,REPORTS_TO
6005,2002,REPORTS_TO
6006,2002,REPORTS_TO
6007,2002,REPORTS_TO
6008,2003,REPORTS_TO
6009,2003,REPORTS_TO
6010,2003,REPORTS_TO
6011,2004,REPORTS_TO
6012,2004,REPORTS_TO
6013,2004,REPORTS_TO
6014,2005,REPORTS_TO
6015,2005,REPORTS_TO
6016,2005,REPORTS_TO
6017,2006,REPORTS_TO
6018,2006,REPORTS_TO
6019,2006,REPORTS_TO
6020,2007,REPORTS_TO
6021,2007,REPORTS_TO
6022,2007,REPORTS_TO
6023,2008,REPORTS_TO
6024,2008,REPORTS_TO
6025,2008,REPORTS_TO
6026,2009,REPORTS_TO
6027,2009,REPORTS_TO
6028,2009,REPORTS_TO
6029,2010,REPORTS_TO
6030,2010,REPORTS_TO
6031,2010,REPORTS_TO
6032,2011,REPORTS_TO
6033,2011,REPORTS_TO
6034,2011,REPORTS_TO
6035,2012,REPORTS_TO
6036,2012,REPORTS_TO
6037,2012,REPORTS_TO
6038,2013,REPORTS_TO
6039,2013,REPORTS_TO
6040,2013,REPORTS_TO
6041,2014,REPORTS_TO
6042,2014,REPORTS_TO
6043,2014,REPORTS_TO
6044,2015,REPORTS_TO
6045,2015,REPORTS_TO
6046,2015,REPORTS_TO
6047,2016,REPORTS_TO
6048,2016,REPORTS_TO
6049,2016,REPORTS_TO
6050,2017,REPORTS_TO
6051,2017,REPORTS_TO
6052,2017,REPORTS_TO
6053,2018,REPORTS_TO
6054,2018,REPORTS_TO
6055,2018,REPORTS_TO
6056,2019,REPORTS_TO
6057,2019,REPORTS_TO
6058,2019,REPORTS_TO
6059,2020,REPORTS_TO
6060,2020,REPORTS_TO
6061,2020,REPORTS_TO
6062,2021,REPORTS_TO
6063,2021,REPORTS_TO
6064,2021,REPORTS_TO
6065,2022,REPORTS_TO
6066,2022,REPORTS_TO
6067,2022,REPORTS_TO
6068,2023,REPORTS_TO
6069,2023,REPORTS_TO
6070,2023,REPORTS_TO
6071,2024,REPORTS_TO
6072,2024,REPORTS_TO
6073,2024,REPORTS_TO
6074,2025,REPORTS_TO
6075,2025,REPORTS_TO
6076,2025,REPORTS_TO
6077,2026,REPORTS_TO
6078,2026,REPORTS_TO
6079,2026,REPORTS_TO
6080,2027,REPORTS_TO
6081,2027,REPORTS_TO
6082,2027,REPORTS_TO
6083,2028,REPORTS_TO
6084,2028,REPORTS_TO
6085,2028,REPORTS_TO
6086,2029,REPORTS_TO
6087,2029,REPORTS_TO
6088,2029,REPORTS_TO
6089,2030,REPORTS_TO
6090,2030,REPORTS_TO
6091,2030,REPORTS_TO
6092,2031,REPORTS_TO
6093,2031,REPORTS_TO
6094,2031,REPORTS_TO
6095,2032,REPORTS_TO
6096,2032,REPORTS_TO
6097,2032,REPORTS_TO
6098,2033,REPORTS_TO
6099,2033,REPORTS_TO
6100,2033,REPORTS_TO
6101,2034,REPORTS_TO
6102,2034,REPORTS_TO
6103,2034,REPORTS_TO
6104,2035,REPORTS_TO
6105,2035,REPORTS_TO
6106,2035,REPORTS_TO
6107,2036,REPORTS_TO
6108,2036,REPORTS_TO
6109,2036,REPORTS_TO
6110,2037,REPORTS_TO
6111,2037,REPORTS_TO
6112,2037,REPORTS_TO
6113,2038,REPORTS_TO
6114,2038,REPORTS_TO
6115,2038,REPORTS_TO
6116,2039,REPORTS_TO
6117,2039,REPORTS_TO
6118,2039,REPORTS_TO
6119,2040,REPORTS_TO
6120,2040,REPORTS_TO
6121,2040,REPORTS_TO
6122,2041,REPORTS_TO
6123,2041,REPORTS_TO
6124,2041,REPORTS_TO
6125,2042,REPORTS_TO
6126,2042,REPORTS_TO
6127,2042,REPORTS_TO
6128,2043,REPORTS_TO
6129,2043,REPORTS_TO
6130,2043,REPORTS_TO
6131,2044,REPORTS_TO
6132,2044,REPORTS_TO
6133,2044,REPORTS_TO
6134,2045,REPORTS_TO
6135,2045,REPORTS_TO
6136,2045,REPORTS_TO
6137,2046,REPORTS_TO
6138,2046,REPORTS_TO
6139,2046,REPORTS_TO
6140,2047,REPORTS_TO
6141,2047,REPORTS_TO
6142,2047,REPORTS_TO
6143,2048,REPORTS_TO
6144,2048,REPORTS_TO
6145,2048,REPORTS_TO
6146,2049,REPORTS_TO
6147,2049,REPORTS_TO
6148,2049,REPORTS_TO
6149,2050,REPORTS_TO
6150,2050,REPORTS_TO
6151,2050,REPORTS_TO
6152,2051,REPORTS_TO
6153,2051,REPORTS_TO
6154,2051,REPORTS_TO
6155,2052,REPORTS_TO
6156,2052,REPORTS_TO
6157,2052,REPORTS_TO
6158,2053,REPORTS_TO
6159,2053,REPORTS_TO
6160,2053,REPORTS_TO
6161,2054,REPORTS_TO
6162,2054,REPORTS_TO
6163,2054,REPORTS_TO
6164,2055,REPORTS_TO
6165,2055,REPORTS_TO
6166,2055,REPORTS_TO
6167,2056,REPORTS_TO
6168,2056,REPORTS_TO
6169,2056,REPORTS_TO
6170,2057,REPORTS_TO
6171,2057,REPORTS_TO
6172,2057,REPORTS_TO
6173,2058,REPORTS_TO
6174,2058,REPORTS_TO
6175,2058,REPORTS_TO
6176,2059,REPORTS_TO
6177,2059,REPORTS_TO
6178,2059,REPORTS_TO
6179,2060,REPORTS_TO
6180,2060,REPORTS_TO
6181,2060,REPORTS_TO
6182,2061,REPORTS_TO
6183,2061,REPORTS_TO
6184,2061,REPORTS_TO
6185,2062,REPORTS_TO
6186,2062,REPORTS_TO
6187,2062,REPORTS_TO
6188,2063,REPORTS_TO
6189,2063,REPORTS_TO
6190,2063,REPORTS_TO
6191,2064,REPORTS_TO
6192,2064,REPORTS_TO
6193,2064,REPORTS_TO
6194,2065,REPORTS_TO
6195,2065,REPORTS_TO
6196,2065,REPORTS_TO
6197,2066,REPORTS_TO
6198,2066,REPORTS_TO
6199,2066,REPORTS_TO
6200,2067,REPORTS_TO
6201,2067,REPORTS_TO
6202,2067,REPORTS_TO
6203,2068,REPORTS_TO
6204,2068,REPORTS_TO
6205,2068,REPORTS_TO
6206,2069,REPORTS_TO
6207,2069,REPORTS_TO
6208,2069,REPORTS_TO
6209,2070,REPORTS_TO
6210,2070,REPORTS_TO
6211,2070,REPORTS_TO
6212,2071,REPORTS_TO
6213,2071,REPORTS_TO
6214,2071,REPORTS_TO
6215,2072,REPORTS_TO
6216,2072,REPORTS_TO
6217,2072,REPORTS_TO
6218,2073,REPORTS_TO
6219,2073,REPORTS_TO
6220,2073,REPORTS_TO
6221,2074,REPORTS_TO
6222,2074,REPORTS_TO
6223,2074,REPORTS_TO
6224,2075,REPORTS_TO
6225,2075,REPORTS_TO
6226,2075,REPORTS_TO
6227,2076,REPORTS_TO
6228,2076,REPORTS_TO
6229,2076,REPORTS_TO
6230,2077,REPORTS_TO
6231,2077,REPORTS_TO
6232,2077,REPORTS_TO
6233,2078,REPORTS_TO
6234,2078,REPORTS_TO
6235,2078,REPORTS_TO
6236,2079,REPORTS_TO
6237,2079,REPORTS_TO
6238,2079,REPORTS_TO
6239,2080,REPORTS_TO
6240,2080,REPORTS_TO
6241,2080,REPORTS_TO
6242,2081,REPORTS_TO
6243,2081,REPORTS_TO
6244,2081,REPORTS_TO
6245,2082,REPORTS_TO
6246,2082,REPORTS_TO
6247,2082,REPORTS_TO
6248,2083,REPORTS_TO
6249,2083,REPORTS_TO
6250,2083,REPORTS_TO
6251,2084,REPORTS_TO
6252,2084,REPORTS_TO
6253,2084,REPORTS_TO
6254,2085,REPORTS_TO
6255,2085,REPORTS_TO
6256,2085,REPORTS_TO
6257,2086,REPORTS_TO
6258,2086,REPORTS_TO
6259,2086,REPORTS_TO
6260,2087,REPORTS_TO
6261,2087,REPORTS_TO
6262,2087,REPORTS_TO
6263,2088,REPORTS_TO
6264,2088,REPORTS_TO
6265,2088,REPORTS_TO
6266,2089,REPORTS_TO
6267,2089,REPORTS_TO
6268,2089,REPORTS_TO
6269,2090,REPORTS_TO
6270,2090,REPORTS_TO
6271,2090,REPORTS_TO
6272,2091,REPORTS_TO
6273,2091,REPORTS_TO
6274,2091,REPORTS_TO
6275,2092,REPORTS_TO
6276,2092,REPORTS_TO
6277,2092,REPORTS_TO
6278,2093,REPORTS_TO
6279,2093,REPORTS_TO
6280,2093,REPORTS_TO
6281,2094,REPORTS_TO
6282,2094,REPORTS_TO
6283,2094,REPORTS_TO
6284,2095,REPORTS_TO
6285,2095,REPORTS_TO
6286,2095,REPORTS_TO
6287,2096,REPORTS_TO
6288,2096,REPORTS_TO
6289,2096,REPORTS_TO
6290,2097,REPORTS_TO
6291,2097,REPORTS_TO
6292,2097,REPORTS_TO
6293,2098,REPORTS_TO
6294,2098,REPORTS_TO
6295,2098,REPORTS_TO
6296,2099,REPORTS_TO
6297,2099,REPORTS_TO
6298,2099,REPORTS_TO
6299,2100,REPORTS_TO
6300,2100,REPORTS_TO
6301,2100,REPORTS_TO
6302,2101,REPORTS_TO
6303,2101,REPORTS_TO
6304,2101,REPORTS_TO
6305,2102,REPORTS_TO
6306,2102,REPORTS_TO
6307,2102,REPORTS_TO
6308,2103,REPORTS_TO
6309,2103,REPORTS_TO
6310,2103,REPORTS_TO
6311,2104,REPORTS_TO
6312,2104,REPORTS_TO
6313,2104,REPORTS_TO
6314,2105,REPORTS_TO
6315,2105,REPORTS_TO
6316,2105,REPORTS_TO
6317,2106,REPORTS_TO
6318,2106,REPORTS_TO
6319,2106,REPORTS_TO
6320,2107,REPORTS_TO
6321,2107,REPORTS_TO
6322,2107,REPORTS_TO
6323,2108,REPORTS_TO
6324,2108,REPORTS_TO
6325,2108,REPORTS_TO
6326,2109,REPORTS_TO
6327,2109,REPORTS_TO
6328,2109,REPORTS_TO
6329,2110,REPORTS_TO
6330,2110,REPORTS_TO
6331,2110,REPORTS_TO
6332,2111,REPORTS_TO
6333,2111,REPORTS_TO
6334,2111,REPORTS_TO
6335,2112,REPORTS_TO
6336,2112,REPORTS_TO
6337,2112,REPORTS_TO
6338,2113,REPORTS_TO
6339,2113,REPORTS_TO
6340,2113,REPORTS_TO
6341,2114,REPORTS_TO
6342,2114,REPORTS_TO
6343,2114,REPORTS_TO
6344,2115,REPORTS_TO
6345,2115,REPORTS_TO
6346,2115,REPORTS_TO
6347,2116,REPORTS_TO
6348,2116,REPORTS_TO
6349,2116,REPORTS_TO
6350,2117,REPORTS_TO
6351,2117,REPORTS_TO
6352,2117,REPORTS_TO
6353,2118,REPORTS_TO
6354,2118,REPORTS_TO
6355,2118,REPORTS_TO
6356,2119,REPORTS_TO
6357,2119,REPORTS_TO
6358,2119,REPORTS_TO
6359,2120,REPORTS_TO
6360,2120,REPORTS_TO
6361,2120,REPORTS_TO
6362,2121,REPORTS_TO
6363,2121,REPORTS_TO
6364,2121,REPORTS_TO
6365,2122,REPORTS_TO
6366,2122,REPORTS_TO
6367,2122,REPORTS_TO
6368,2123,REPORTS_TO
6369,2123,REPORTS_TO
6370,2123,REPORTS_TO
6371,2124,REPORTS_TO
6372,2124,REPORTS_TO
6373,2124,REPORTS_TO
6374,2125,REPORTS_TO
6375,2125,REPORTS_TO
6376,2125,REPORTS_TO
6377,2126,REPORTS_TO
6378,2126,REPORTS_TO
6379,2126,REPORTS_TO
6380,2127,REPORTS_TO
6381,2127,REPORTS_TO
6382,2127,REPORTS_TO
6383,2128,REPORTS_TO
6384,2128,REPORTS_TO
6385,2128,REPORTS_TO
6386,2129,REPORTS_TO
6387,2129,REPORTS_TO
6388,2129,REPORTS_TO
6389,2130,REPORTS_TO
6390,2130,REPORTS_TO
6391,2130,REPORTS_TO
6392,2131,REPORTS_TO
6393,2131,REPORTS_TO
6394,2131,REPORTS_TO
6395,2132,REPORTS_TO
6396,2132,REPORTS_TO
6397,2132,REPORTS_TO
6398,2133,REPORTS_TO
6399,2133,REPORTS_TO
6400,2133,REPORTS_TO
6401,2134,REPORTS_TO
6402,2134,REPORTS_TO
6403,2134,REPORTS_TO
6404,2135,REPORTS_TO
6405,2135,REPORTS_TO
6406,2135,REPORTS_TO
6407,2136,REPORTS_TO
6408,2136,REPORTS_TO
6409,2136,REPORTS_TO
6410,2137,REPORTS_TO
6411,2137,REPORTS_TO
6412,2137,REPORTS_TO
6413,2138,REPORTS_TO
6414,2138,REPORTS_TO
6415,2138,REPORTS_TO
6416,2139,REPORTS_TO
6417,2139,REPORTS_TO
6418,2139,REPORTS_TO
6419,2140,REPORTS_TO
6420,2140,REPORTS_TO
6421,2140,REPORTS_TO
6422,2141,REPORTS_TO
6423,2141,REPORTS_TO
6424,2141,REPORTS_TO
6425,2142,REPORTS_TO
6426,2142,REPORTS_TO
6427,2142,REPORTS_TO
6428,2143,REPORTS_TO
6429,2143,REPORTS_TO
6430,2143,REPORTS_TO
6431,2144,REPORTS_TO
6432,2144,REPORTS_TO
6433,2144,REPORTS_TO
6434,2145,REPORTS_TO
6435,2145,REPORTS_TO
6436,2145,REPORTS_TO
6437,2146,REPORTS_TO
6438,2146,REPORTS_TO
6439,2146,REPORTS_TO
6440,2147,REPORTS_TO
6441,2147,REPORTS_TO
6442,2147,REPORTS_TO
6443,2148,REPORTS_TO
6444,2148,REPORTS_TO
6445,2148,REPORTS_TO
6446,2149,REPORTS_TO
6447,2149,REPORTS_TO
6448,2149,REPORTS_TO
6449,2150,REPORTS_TO
6450,2150,REPORTS_TO
6451,2150,REPORTS_TO
6452,2151,REPORTS_TO
6453,2151,REPORTS_TO
6454,2151,REPORTS_TO
6455,2152,REPORTS_TO
6456,2152,REPORTS_TO
6457,2152,REPORTS_TO
6458,2153,REPORTS_TO
6459,2153,REPORTS_TO
6460,2153,REPORTS_TO
6461,2154,REPORTS_TO
6462,2154,REPORTS_TO
6463,2154,REPORTS_TO
6464,2155,REPORTS_TO
6465,2155,REPORTS_TO
6466,2155,REPORTS_TO
6467,2156,REPORTS_TO
6468,2156,REPORTS_TO
6469,2156,REPORTS_TO
6470,2157,REPORTS_TO
6471,2157,REPORTS_TO
6472,2157,REPORTS_TO
6473,2158,REPORTS_TO
6474,2158,REPORTS_TO
6475,2158,REPORTS_TO
6476,2159,REPORTS_TO
6477,2159,REPORTS_TO
6478,2159,REPORTS_TO
6479,2160,REPORTS_TO
6480,2160,REPORTS_TO
6481,2160,REPORTS_TO
6482,2161,REPORTS_TO
6483,2161,REPORTS_TO
6484,2161,REPORTS_TO
6485,2162,REPORTS_TO
6486,2162,REPORTS_TO
6487,2162,REPORTS_TO
6488,2163,REPORTS_TO
6489,2163,REPORTS_TO
6490,2163,REPORTS_TO
6491,2164,REPORTS_TO
6492,2164,REPORTS_TO
6493,2164,REPORTS_TO
6494,2165,REPORTS_TO
6495,2165,REPORTS_TO
6496,2165,REPORTS_TO
6497,2166,REPORTS_TO
6498,2166,REPORTS_TO
6499,2166,REPORTS_TO
6500,2167,REPORTS_TO
6501,2167,REPORTS_TO
6502,2167,REPORTS_TO
6503,2168,REPORTS_TO
6504,2168,REPORTS_TO
6505,2168,REPORTS_TO
6506,2169,REPORTS_TO
6507,2169,REPORTS_TO
6508,2169,REPORTS_TO
6509,2170,REPORTS_TO
6510,2170,REPORTS_TO
6511,2170,REPORTS_TO
6512,2171,REPORTS_TO
6513,2171,REPORTS_TO
6514,2171,REPORTS_TO
6515,2172,REPORTS_TO
6516,2172,REPORTS_TO
6517,2172,REPORTS_TO
6518,2173,REPORTS_TO
6519,2173,REPORTS_TO
6520,2173,REPORTS_TO
6521,2174,REPORTS_TO
6522,2174,REPORTS_TO
6523,2174,REPORTS_TO
6524,2175,REPORTS_TO
6525,2175,REPORTS_TO
6526,2175,REPORTS_TO
6527,2176,REPORTS_TO
6528,2176,REPORTS_TO
6529,2176,REPORTS_TO
6530,2177,REPORTS_TO
6531,2177,REPORTS_TO
6532,2177,REPORTS_TO
6533,2178,REPORTS_TO
6534,2178,REPORTS_TO
6535,2178,REPORTS_TO
6536,2179,REPORTS_TO
6537,2179,REPORTS_TO
6538,2179,REPORTS_TO
6539,2180,REPORTS_TO
6540,2180,REPORTS_TO
6541,2180,REPORTS_TO
6542,2181,REPORTS_TO
6543,2181,REPORTS_TO
6544,2181,REPORTS_TO
6545,2182,REPORTS_TO
6546,2182,REPORTS_TO
6547,2182,REPORTS_TO
6548,2183,REPORTS_TO
6549,2183,REPORTS_TO
6550,2183,REPORTS_TO
6551,2184,REPORTS_TO
6552,2184,REPORTS_TO
6553,2184,REPORTS_TO
6554,2185,REPORTS_TO
6555,2185,REPORTS_TO
6556,2185,REPORTS_TO
6557,2186,REPORTS_TO
6558,2186,REPORTS_TO
6559,2186,REPORTS_TO
6560,2187,REPORTS_TO
6561,2187,REPORTS_TO
6562,2187,REPORTS_TO
6563,2188,REPORTS_TO
6564,2188,REPORTS_TO
6565,2188,REPORTS_TO
6566,2189,REPORTS_TO
6567,2189,REPORTS_TO
6568,2189,REPORTS_TO
6569,2190,REPORTS_TO
6570,2190,REPORTS_TO
6571,2190,REPORTS_TO
6572,2191,REPORTS_TO
6573,2191,REPORTS_TO
6574,2191,REPORTS_TO
6575,2192,REPORTS_TO
6576,2192,REPORTS_TO
6577,2192,REPORTS_TO
6578,2193,REPORTS_TO
6579,2193,REPORTS_TO
6580,2193,REPORTS_TO
6581,2194,REPORTS_TO
6582,2194,REPORTS_TO
6583,2194,REPORTS_TO
6584,2195,REPORTS_TO
6585,2195,REPORTS_TO
6586,2195,REPORTS_TO
6587,2196,REPORTS_TO
6588,2196,REPORTS_TO
6589,2196,REPORTS_TO
6590,2197,REPORTS_TO
6591,2197,REPORTS_TO
6592,2197,REPORTS_TO
6593,2198,REPORTS_TO
6594,2198,REPORTS_TO
6595,2198,REPORTS_TO
6596,2199,REPORTS_TO
6597,2199,REPORTS_TO
6598,2199,REPORTS_TO
6599,2200,REPORTS_TO
6600,2200,REPORTS_TO
6601,2200,REPORTS_TO
6602,2201,REPORTS_TO
6603,2201,REPORTS_TO
6604,2201,REPORTS_TO
6605,2202,REPORTS_TO
6606,2202,REPORTS_TO
6607,2202,REPORTS_TO
6608,2203,REPORTS_TO
6609,2203,REPORTS_TO
6610,2203,REPORTS_TO
6611,2204,REPORTS_TO
6612,2204,REPORTS_TO
6613,2204,REPORTS_TO
6614,2205,REPORTS_TO
6615,2205,REPORTS_TO
6616,2205,REPORTS_TO
6617,2206,REPORTS_TO
6618,2206,REPORTS_TO
6619,2206,REPORTS_TO
6620,2207,REPORTS_TO
6621,2207,REPORTS_TO
6622,2207,REPORTS_TO
6623,2208,REPORTS_TO
6624,2208,REPORTS_TO
6625,2208,REPORTS_TO
6626,2209,REPORTS_TO
6627,2209,REPORTS_TO
6628,2209,REPORTS_TO
6629,2210,REPORTS_TO
6630,2210,REPORTS_TO
6631,2210,REPORTS_TO
6632,2211,REPORTS_TO
6633,2211,REPORTS_TO
6634,2211,REPORTS_TO
6635,2212,REPORTS_TO
6636,2212,REPORTS_TO
6637,2212,REPORTS_TO
6638,2213,REPORTS_TO
6639,2213,REPORTS_TO
6640,2213,REPORTS_TO
6641,2214,REPORTS_TO
6642,2214,REPORTS_TO
6643,2214,REPORTS_TO
6644,2215,REPORTS_TO
6645,2215,REPORTS_TO
6646,2215,REPORTS_TO
6647,2216,REPORTS_TO
6648,2216,REPORTS_TO
6649,2216,REPORTS_TO
6650,2217,REPORTS_TO
6651,2217,REPORTS_TO
6652,2217,REPORTS_TO
6653,2218,REPORTS_TO
6654,2218,REPORTS_TO
6655,2218,REPORTS_TO
6656,2219,REPORTS_TO
6657,2219,REPORTS_TO
6658,2219,REPORTS_TO
6659,2220,REPORTS_TO
6660,2220,REPORTS_TO
6661,2220,REPORTS_TO
6662,2221,REPORTS_TO
6663,2221,REPORTS_TO
6664,2221,REPORTS_TO
6665,2222,REPORTS_TO
6666,2222,REPORTS_TO
6667,2222,REPORTS_TO
6668,2223,REPORTS_TO
6669,2223,REPORTS_TO
6670,2223,REPORTS_TO
6671,2224,REPORTS_TO
6672,2224,REPORTS_TO
6673,2224,REPORTS_TO
6674,2225,REPORTS_TO
6675,2225,REPORTS_TO
6676,2225,REPORTS_TO
6677,2226,REPORTS_TO
6678,2226,REPORTS_TO
6679,2226,REPORTS_TO
6680,2227,REPORTS_TO
6681,2227,REPORTS_TO
6682,2227,REPORTS_TO
6683,2228,REPORTS_TO
6684,2228,REPORTS_TO
6685,2228,REPORTS_TO
6686,2229,REPORTS_TO
6687,2229,REPORTS_TO
6688,2229,REPORTS_TO
6689,2230,REPORTS_TO
6690,2230,REPORTS_TO
6691,2230,REPORTS_TO
6692,2231,REPORTS_TO
6693,2231,REPORTS_TO
6694,2231,REPORTS_TO
6695,2232,REPORTS_TO
6696,2232,REPORTS_TO
6697,2232,REPORTS_TO
6698,2233,REPORTS_TO
6699,2233,REPORTS_TO
6700,2233,REPORTS_TO
6701,2234,REPORTS_TO
6702,2234,REPORTS_TO
6703,2234,REPORTS_TO
6704,2235,REPORTS_TO
6705,2235,REPORTS_TO
6706,2235,REPORTS_TO
6707,2236,REPORTS_TO
6708,2236,REPORTS_TO
6709,2236,REPORTS_TO
6710,2237,REPORTS_TO
6711,2237,REPORTS_TO
6712,2237,REPORTS_TO
6713,2238,REPORTS_TO
6714,2238,REPORTS_TO
6715,2238,REPORTS_TO
6716,2239,REPORTS_TO
6717,2239,REPORTS_TO
6718,2239,REPORTS_TO
6719,2240,REPORTS_TO
6720,2240,REPORTS_TO
6721,2240,REPORTS_TO
6722,2241,REPORTS_TO
6723,2241,REPORTS_TO
6724,2241,REPORTS_TO
6725,2242,REPORTS_TO
6726,2242,REPORTS_TO
6727,2242,REPORTS_TO
6728,2243,REPORTS_TO
6729,2243,REPORTS_TO
6730,2243,REPORTS_TO
6731,2244,REPORTS_TO
6732,2244,REPORTS_TO
6733,2244,REPORTS_TO
6734,2245,REPORTS_TO
6735,2245,REPORTS_TO
6736,2245,REPORTS_TO
6737,2246,REPORTS_TO
6738,2246,REPORTS_TO
6739,2246,REPORTS_TO
6740,2247,REPORTS_TO
6741,2247,REPORTS_TO
6742,2247,REPORTS_TO
6743,2248,REPORTS_TO
6744,2248,REPORTS_TO
6745,2248,REPORTS_TO
6746,2249,REPORTS_TO
6747,2249,REPORTS_TO
6748,2249,REPORTS_TO
6749,2250,REPORTS_TO
6750,2250,REPORTS_TO
6751,2250,REPORTS_TO
6752,2251,REPORTS_TO
6753,2251,REPORTS_TO
6754,2251,REPORTS_TO
6755,2252,REPORTS_TO
6756,2252,REPORTS_TO
6757,2252,REPORTS_TO
6758,2253,REPORTS_TO
6759,2253,REPORTS_TO
6760,2253,REPORTS_TO
6761,2254,REPORTS_TO
6762,2254,REPORTS_TO
6763,2254,REPORTS_TO
6764,2255,REPORTS_TO
6765,2255,REPORTS_TO
6766,2255,REPORTS_TO
6767,2256,REPORTS_TO
6768,2256,REPORTS_TO
6769,2256,REPORTS_TO
6770,2257,REPORTS_TO
6771,2257,REPORTS_TO
6772,2257,REPORTS_TO
6773,2258,REPORTS_TO
6774,2258,REPORTS_TO
6775,2258,REPORTS_TO
6776,2259,REPORTS_TO
6777,2259,REPORTS_TO
6778,2259,REPORTS_TO
6779,2260,REPORTS_TO
6780,2260,REPORTS_TO
6781,2260,REPORTS_TO
6782,2261,REPORTS_TO
6783,2261,REPORTS_TO
6784,2261,REPORTS_TO
6785,2262,REPORTS_TO
6786,2262,REPORTS_TO
6787,2262,REPORTS_TO
6788,2263,REPORTS_TO
6789,2263,REPORTS_TO
6790,2263,REPORTS_TO
6791,2264,REPORTS_TO
6792,2264,REPORTS_TO
6793,2264,REPORTS_TO
6794,2265,REPORTS_TO
6795,2265,REPORTS_TO
6796,2265,REPORTS_TO
6797,2266,REPORTS_TO
6798,2266,REPORTS_TO
6799,2266,REPORTS_TO
6800,2267,REPORTS_TO
6801,2267,REPORTS_TO
6802,2267,REPORTS_TO
6803,2268,REPORTS_TO
6804,2268,REPORTS_TO
6805,2268,REPORTS_TO
6806,2269,REPORTS_TO
6807,2269,REPORTS_TO
6808,2269,REPORTS_TO
6809,2270,REPORTS_TO
6810,2270,REPORTS_TO
6811,2270,REPORTS_TO
6812,2271,REPORTS_TO
6813,2271,REPORTS_TO
6814,2271,REPORTS_TO
6815,2272,REPORTS_TO
6816,2272,REPORTS_TO
6817,2272,REPORTS_TO
6818,2273,REPORTS_TO
6819,2273,REPORTS_TO
6820,2273,REPORTS_TO
6821,2274,REPORTS_TO
6822,2274,REPORTS_TO
6823,2274,REPORTS_TO
6824,2275,REPORTS_TO
6825,2275,REPORTS_TO
6826,2275,REPORTS_TO
6827,2276,REPORTS_TO
6828,2276,REPORTS_TO
6829,2276,REPORTS_TO
6830,2277,REPORTS_TO
6831,2277,REPORTS_TO
6832,2277,REPORTS_TO
6833,2278,REPORTS_TO
6834,2278,REPORTS_TO
6835,2278,REPORTS_TO
6836,2279,REPORTS_TO
6837,2279,REPORTS_TO
6838,2279,REPORTS_TO
6839,2280,REPORTS_TO
6840,2280,REPORTS_TO
6841,2280,REPORTS_TO
6842,2281,REPORTS_TO
6843,2281,REPORTS_TO
6844,2281,REPORTS_TO
6845,2282,REPORTS_TO
6846,2282,REPORTS_TO
6847,2282,REPORTS_TO
6848,2283,REPORTS_TO
6849,2283,REPORTS_TO
6850,2283,REPORTS_TO
6851,2284,REPORTS_TO
6852,2284,REPORTS_TO
6853,2284,REPORTS_TO
6854,2285,REPORTS_TO
6855,2285,REPORTS_TO
6856,2285,REPORTS_TO
6857,2286,REPORTS_TO
6858,2286,REPORTS_TO
6859,2286,REPORTS_TO
6860,2287,REPORTS_TO
6861,2287,REPORTS_TO
6862,2287,REPORTS_TO
6863,2288,REPORTS_TO
6864,2288,REPORTS_TO
6865,2288,REPORTS_TO
6866,2289,REPORTS_TO
6867,2289,REPORTS_TO
6868,2289,REPORTS_TO
6869,2290,REPORTS_TO
6870,2290,REPORTS_TO
6871,2290,REPORTS_TO
6872,2291,REPORTS_TO
6873,2291,REPORTS_TO
6874,2291,REPORTS_TO
6875,2292,REPORTS_TO
6876,2292,REPORTS_TO
6877,2292,REPORTS_TO
6878,2293,REPORTS_TO
6879,2293,REPORTS_TO
6880,2293,REPORTS_TO
6881,2294,REPORTS_TO
6882,2294,REPORTS_TO
6883,2294,REPORTS_TO
6884,2295,REPORTS_TO
6885,2295,REPORTS_TO
6886,2295,REPORTS_TO
6887,2296,REPORTS_TO
6888,2296,REPORTS_TO
6889,2296,REPORTS_TO
6890,2297,REPORTS_TO
6891,2297,REPORTS_TO
6892,2297,REPORTS_TO
6893,2298,REPORTS_TO
6894,2298,REPORTS_TO
6895,2298,REPORTS_TO
6896,2299,REPORTS_TO
6897,2299,REPORTS_TO
6898,2299,REPORTS_TO
6899,2300,REPORTS_TO
6900,2300,REPORTS_TO
6901,2300,REPORTS_TO
6902,2301,REPORTS_TO
6903,2301,REPORTS_TO
6904,2301,REPORTS_TO
6905,2302,REPORTS_TO
6906,2302,REPORTS_TO
6907,2302,REPORTS_TO
6908,2303,REPORTS_TO
6909,2303,REPORTS_TO
6910,2303,REPORTS_TO
6911,2304,REPORTS_TO
6912,2304,REPORTS_TO
6913,2304,REPORTS_TO
6914,2305,REPORTS_TO
6915,2305,REPORTS_TO
6916,2305,REPORTS_TO
6917,2306,REPORTS_TO
6918,2306,REPORTS_TO
6919,2306,REPORTS_TO
6920,2307,REPORTS_TO
6921,2307,REPORTS_TO
6922,2307,REPORTS_TO
6923,2308,REPORTS_TO
6924,2308,REPORTS_TO
6925,2308,REPORTS_TO
6926,2309,REPORTS_TO
6927,2309,REPORTS_TO
6928,2309,REPORTS_TO
6929,2310,REPORTS_TO
6930,2310,REPORTS_TO
6931,2310,REPORTS_TO
6932,2311,REPORTS_TO
6933,2311,REPORTS_TO
6934,2311,REPORTS_TO
6935,2312,REPORTS_TO
6936,2312,REPORTS_TO
6937,2312,REPORTS_TO
6938,2313,REPORTS_TO
6939,2313,REPORTS_TO
6940,2313,REPORTS_TO
6941,2314,REPORTS_TO
6942,2314,REPORTS_TO
6943,2314,REPORTS_TO
6944,2315,REPORTS_TO
6945,2315,REPORTS_TO
6946,2315,REPORTS_TO
6947,2316,REPORTS_TO
6948,2316,REPORTS_TO
6949,2316,REPORTS_TO
6950,2317,REPORTS_TO
6951,2317,REPORTS_TO
6952,2317,REPORTS_TO
6953,2318,REPORTS_TO
6954,2318,REPORTS_TO
6955,2318,REPORTS_TO
6956,2319,REPORTS_TO
6957,2319,REPORTS_TO
6958,2319,REPORTS_TO
6959,2320,REPORTS_TO
6960,2320,REPORTS_TO
6961,2320,REPORTS_TO
6962,2321,REPORTS_TO
6963,2321,REPORTS_TO
6964,2321,REPORTS_TO
6965,2322,REPORTS_TO
6966,2322,REPORTS_TO
6967,2322,REPORTS_TO
6968,2323,REPORTS_TO
6969,2323,REPORTS_TO
6970,2323,REPORTS_TO
6971,2324,REPORTS_TO
6972,2324,REPORTS_TO
6973,2324,REPORTS_TO
6974,2325,REPORTS_TO
6975,2325,REPORTS_TO
6976,2325,REPORTS_TO
6977,2326,REPORTS_TO
6978,2326,REPORTS_TO
6979,2326,REPORTS_TO
6980,2327,REPORTS_TO
6981,2327,REPORTS_TO
6982,2327,REPORTS_TO
6983,2328,REPORTS_TO
6984,2328,REPORTS_TO
6985,2328,REPORTS_TO
6986,2329,REPORTS_TO
6987,2329,REPORTS_TO
6988,2329,REPORTS_TO
6989,2330,REPORTS_TO
6990,2330,REPORTS_TO
6991,2330,REPORTS_TO
6992,2331,REPORTS_TO
6993,2331,REPORTS_TO
6994,2331,REPORTS_TO
6995,2332,REPORTS_TO
6996,2332,REPORTS_TO
6997,2332,REPORTS_TO
6998,2333,REPORTS_TO
6999,2333,REPORTS_TO
7000,2333,REPORTS_TO
7001,2334,REPORTS_TO
7002,2334,REPORTS_TO
7003,2334,REPORTS_TO
7004,2335,REPORTS_TO
7005,2335,REPORTS_TO
7006,2335,REPORTS_TO
7007,2336,REPORTS_TO
7008,2336,REPORTS_TO
7009,2336,REPORTS_TO
7010,2337,REPORTS_TO
7011,2337,REPORTS_TO
7012,2337,REPORTS_TO
7013,2338,REPORTS_TO
7014,2338,REPORTS_TO
7015,2338,REPORTS_TO
7016,2339,REPORTS_TO
7017,2339,REPORTS_TO
7018,2339,REPORTS_TO
7019,2340,REPORTS_TO
7020,2340,REPORTS_TO
7021,2340,REPORTS_TO
7022,2341,REPORTS_TO
7023,2341,REPORTS_TO
7024,2341,REPORTS_TO
7025,2342,REPORTS_TO
7026,2342,REPORTS_TO
7027,2342,REPORTS_TO
7028,2343,REPORTS_TO
7029,2343,REPORTS_TO
7030,2343,REPORTS_TO
7031,2344,REPORTS_TO
7032,2344,REPORTS_TO
7033,2344,REPORTS_TO
7034,2345,REPORTS_TO
7035,2345,REPORTS_TO
7036,2345,REPORTS_TO
7037,2346,REPORTS_TO
7038,2346,REPORTS_TO
7039,2346,REPORTS_TO
7040,2347,REPORTS_TO
7041,2347,REPORTS_TO
7042,2347,REPORTS_TO
7043,2348,REPORTS_TO
7044,2348,REPORTS_TO
7045,2348,REPORTS_TO
7046,2349,REPORTS_TO
7047,2349,REPORTS_TO
7048,2349,REPORTS_TO
7049,2350,REPORTS_TO
7050,2350,REPORTS_TO
7051,2350,REPORTS_TO
7052,2351,REPORTS_TO
7053,2351,REPORTS_TO
7054,2351,REPORTS_TO
7055,2352,REPORTS_TO
7056,2352,REPORTS_TO
7057,2352,REPORTS_TO
7058,2353,REPORTS_TO
7059,2353,REPORTS_TO
7060,2353,REPORTS_TO
7061,2354,REPORTS_TO
7062,2354,REPORTS_TO
7063,2354,REPORTS_TO
7064,2355,REPORTS_TO
7065,2355,REPORTS_TO
7066,2355,REPORTS_TO
7067,2356,REPORTS_TO
7068,2356,REPORTS_TO
7069,2356,REPORTS_TO
7070,2357,REPORTS_TO
7071,2357,REPORTS_TO
7072,2357,REPORTS_TO
7073,2358,REPORTS_TO
7074,2358,REPORTS_TO
7075,2358,REPORTS_TO
7076,2359,REPORTS_TO
7077,2359,REPORTS_TO
7078,2359,REPORTS_TO
7079,2360,REPORTS_TO
7080,2360,REPORTS_TO
7081,2360,REPORTS_TO
7082,2361,REPORTS_TO
7083,2361,REPORTS_TO
7084,2361,REPORTS_TO
7085,2362,REPORTS_TO
7086,2362,REPORTS_TO
7087,2362,REPORTS_TO
7088,2363,REPORTS_TO
7089,2363,REPORTS_TO
7090,2363,REPORTS_TO
7091,2364,REPORTS_TO
7092,2364,REPORTS_TO
7093,2364,REPORTS_TO
7094,2365,REPORTS_TO
7095,2365,REPORTS_TO
7096,2365,REPORTS_TO
7097,2366,REPORTS_TO
7098,2366,REPORTS_TO
7099,2366,REPORTS_TO
7100,2367,REPORTS_TO
7101,2367,REPORTS_TO
7102,2367,REPORTS_TO
7103,2368,REPORTS_TO
7104,2368,REPORTS_TO
7105,2368,REPORTS_TO
7106,2369,REPORTS_TO
7107,2369,REPORTS_TO
7108,2369,REPORTS_TO
7109,2370,REPORTS_TO
7110,2370,REPORTS_TO
7111,2370,REPORTS_TO
7112,2371,REPORTS_TO
7113,2371,REPORTS_TO
7114,2371,REPORTS_TO
7115,2372,REPORTS_TO
7116,2372,REPORTS_TO
7117,2372,REPORTS_TO
7118,2373,REPORTS_TO
7119,2373,REPORTS_TO
7120,2373,REPORTS_TO
7121,2374,REPORTS_TO
7122,2374,REPORTS_TO
7123,2374,REPORTS_TO
7124,2375,REPORTS_TO
7125,2375,REPORTS_TO
7126,2375,REPORTS_TO
7127,2376,REPORTS_TO
7128,2376,REPORTS_TO
7129,2376,REPORTS_TO
7130,2377,REPORTS_TO
7131,2377,REPORTS_TO
7132,2377,REPORTS_TO
7133,2378,REPORTS_TO
7134,2378,REPORTS_TO
7135,2378,REPORTS_TO
7136,2379,REPORTS_TO
7137,2379,REPORTS_TO
7138,2379,REPORTS_TO
7139,2380,REPORTS_TO
7140,2380,REPORTS_TO
7141,2380,REPORTS_TO
7142,2381,REPORTS_TO
7143,2381,REPORTS_TO
7144,2381,REPORTS_TO
7145,2382,REPORTS_TO
7146,2382,REPORTS_TO
7147,2382,REPORTS_TO
7148,2383,REPORTS_TO
7149,2383,REPORTS_TO
7150,2383,REPORTS_TO
7151,2384,REPORTS_TO
7152,2384,REPORTS_TO
7153,2384,REPORTS_TO
7154,2385,REPORTS_TO
7155,2385,REPORTS_TO
7156,2385,REPORTS_TO
7157,2386,REPORTS_TO
7158,2386,REPORTS_TO
7159,2386,REPORTS_TO
7160,2387,REPORTS_TO
7161,2387,REPORTS_TO
7162,2387,REPORTS_TO
7163,2388,REPORTS_TO
7164,2388,REPORTS_TO
7165,2388,REPORTS_TO
7166,2389,REPORTS_TO
7167,2389,REPORTS_TO
7168,2389,REPORTS_TO
7169,2390,REPORTS_TO
7170,2390,REPORTS_TO
7171,2390,REPORTS_TO
7172,2391,REPORTS_TO
7173,2391,REPORTS_TO
7174,2391,REPORTS_TO
7175,2392,REPORTS_TO
7176,2392,REPORTS_TO
7177,2392,REPORTS_TO
7178,2393,REPORTS_TO
7179,2393,REPORTS_TO
7180,2393,REPORTS_TO
7181,2394,REPORTS_TO
7182,2394,REPORTS_TO
7183,2394,REPORTS_TO
7184,2395,REPORTS_TO
7185,2395,REPORTS_TO
7186,2395,REPORTS_TO
7187,2396,REPORTS_TO
7188,2396,REPORTS_TO
7189,2396,REPORTS_TO
7190,2397,REPORTS_TO
7191,2397,REPORTS_TO
7192,2397,REPORTS_TO
7193,2398,REPORTS_TO
7194,2398,REPORTS_TO
7195,2398,REPORTS_TO
7196,2399,REPORTS_TO
7197,2399,REPORTS_TO
7198,2399,REPORTS_TO
7199,2400,REPORTS_TO
7200,2400,REPORTS_TO
7201,2400,REPORTS_TO
7202,2401,REPORTS_TO
7203,2401,REPORTS_TO
7204,2401,REPORTS_TO
7205,2402,REPORTS_TO
7206,2402,REPORTS_TO
7207,2402,REPORTS_TO
7208,2403,REPORTS_TO
7209,2403,REPORTS_TO
7210,2403,REPORTS_TO
7211,2404,REPORTS_TO
7212,2404,REPORTS_TO
7213,2404,REPORTS_TO
7214,2405,REPORTS_TO
7215,2405,REPORTS_TO
7216,2405,REPORTS_TO
7217,2406,REPORTS_TO
7218,2406,REPORTS_TO
7219,2406,REPORTS_TO
7220,2407,REPORTS_TO
7221,2407,REPORTS_TO
7222,2407,REPORTS_TO
7223,2408,REPORTS_TO
7224,2408,REPORTS_TO
7225,2408,REPORTS_TO
7226,2409,REPORTS_TO
7227,2409,REPORTS_TO
7228,2409,REPORTS_TO
7229,2410,REPORTS_TO
7230,2410,REPORTS_TO
7231,2410,REPORTS_TO
7232,2411,REPORTS_TO
7233,2411,REPORTS_TO
7234,2411,REPORTS_TO
7235,2412,REPORTS_TO
7236,2412,REPORTS_TO
7237,2412,REPORTS_TO
7238,2413,REPORTS_TO
7239,2413,REPORTS_TO
7240,2413,REPORTS_TO
7241,2414,REPORTS_TO
7242,2414,REPORTS_TO
7243,2414,REPORTS_TO
7244,2415,REPORTS_TO
7245,2415,REPORTS_TO
7246,2415,REPORTS_TO
7247,2416,REPORTS_TO
7248,2416,REPORTS_TO
7249,2416,REPORTS_TO
7250,2417,REPORTS_TO
7251,2417,REPORTS_TO
7252,2417,REPORTS_TO
7253,2418,REPORTS_TO
7254,2418,REPORTS_TO
7255,2418,REPORTS_TO
7256,2419,REPORTS_TO
7257,2419,REPORTS_TO
7258,2419,REPORTS_TO
7259,2420,REPORTS_TO
7260,2420,REPORTS_TO
7261,2420,REPORTS_TO
7262,2421,REPORTS_TO
7263,2421,REPORTS_TO
7264,2421,REPORTS_TO
7265,2422,REPORTS_TO
7266,2422,REPORTS_TO
7267,2422,REPORTS_TO
7268,2423,REPORTS_TO
7269,2423,REPORTS_TO
7270,2423,REPORTS_TO
7271,2424,REPORTS_TO
7272,2424,REPORTS_TO
7273,2424,REPORTS_TO
7274,2425,REPORTS_TO
7275,2425,REPORTS_TO
7276,2425,REPORTS_TO
7277,2426,REPORTS_TO
7278,2426,REPORTS_TO
7279,2426,REPORTS_TO
7280,2427,REPORTS_TO
7281,2427,REPORTS_TO
7282,2427,REPORTS_TO
7283,2428,REPORTS_TO
7284,2428,REPORTS_TO
7285,2428,REPORTS_TO
7286,2429,REPORTS_TO
7287,2429,REPORTS_TO
7288,2429,REPORTS_TO
7289,2430,REPORTS_TO
7290,2430,REPORTS_TO
7291,2430,REPORTS_TO
7292,2431,REPORTS_TO
7293,2431,REPORTS_TO
7294,2431,REPORTS_TO
7295,2432,REPORTS_TO
7296,2432,REPORTS_TO
7297,2432,REPORTS_TO
7298,2433,REPORTS_TO
7299,2433,REPORTS_TO
7300,2433,REPORTS_TO
7301,2434,REPORTS_TO
7302,2434,REPORTS_TO
7303,2434,REPORTS_TO
7304,2435,REPORTS_TO
7305,2435,REPORTS_TO
7306,2435,REPORTS_TO
7307,2436,REPORTS_TO
7308,2436,REPORTS_TO
7309,2436,REPORTS_TO
7310,2437,REPORTS_TO
7311,2437,REPORTS_TO
7312,2437,REPORTS_TO
7313,2438,REPORTS_TO
7314,2438,REPORTS_TO
7315,2438,REPORTS_TO
7316,2439,REPORTS_TO
7317,2439,REPORTS_TO
7318,2439,REPORTS_TO
7319,2440,REPORTS_TO
7320,2440,REPORTS_TO
7321,2440,REPORTS_TO
7322,2441,REPORTS_TO
7323,2441,REPORTS_TO
7324,2441,REPORTS_TO
7325,2442,REPORTS_TO
7326,2442,REPORTS_TO
7327,2442,REPORTS_TO
7328,2443,REPORTS_TO
7329,2443,REPORTS_TO
7330,2443,REPORTS_TO
7331,2444,REPORTS_TO
7332,2444,REPORTS_TO
7333,2444,REPORTS_TO
7334,2445,REPORTS_TO
7335,2445,REPORTS_TO
7336,2445,REPORTS_TO
7337,2446,REPORTS_TO
7338,2446,REPORTS_TO
7339,2446,REPORTS_TO
7340,2447,REPORTS_TO
7341,2447,REPORTS_TO
7342,2447,REPORTS_TO
7343,2448,REPORTS_TO
7344,2448,REPORTS_TO
7345,2448,REPORTS_TO
7346,2449,REPORTS_TO
7347,2449,REPORTS_TO
7348,2449,REPORTS_TO
7349,2450,REPORTS_TO
7350,2450,REPORTS_TO
7351,2450,REPORTS_TO
7352,2451,REPORTS_TO
7353,2451,REPORTS_TO
7354,2451,REPORTS_TO
7355,2452,REPORTS_TO
7356,2452,REPORTS_TO
7357,2452,REPORTS_TO
7358,2453,REPORTS_TO
7359,2453,REPORTS_TO
7360,2453,REPORTS_TO
7361,2454,REPORTS_TO
7362,2454,REPORTS_TO
7363,2454,REPORTS_TO
7364,2455,REPORTS_TO
7365,2455,REPORTS_TO
7366,2455,REPORTS_TO
7367,2456,REPORTS_TO
7368,2456,REPORTS_TO
7369,2456,REPORTS_TO
7370,2457,REPORTS_TO
7371,2457,REPORTS_TO
7372,2457,REPORTS_TO
7373,2458,REPORTS_TO
7374,2458,REPORTS_TO
7375,2458,REPORTS_TO
7376,2459,REPORTS_TO
7377,2459,REPORTS_TO
7378,2459,REPORTS_TO
7379,2460,REPORTS_TO
7380,2460,REPORTS_TO
7381,2460,REPORTS_TO
7382,2461,REPORTS_TO
7383,2461,REPORTS_TO
7384,2461,REPORTS_TO
7385,2462,REPORTS_TO
7386,2462,REPORTS_TO
7387,2462,REPORTS_TO
7388,2463,REPORTS_TO
7389,2463,REPORTS_TO
7390,2463,REPORTS_TO
7391,2464,REPORTS_TO
7392,2464,REPORTS_TO
7393,2464,REPORTS_TO
7394,2465,REPORTS_TO
7395,2465,REPORTS_TO
7396,2465,REPORTS_TO
7397,2466,REPORTS_TO
7398,2466,REPORTS_TO
7399,2466,REPORTS_TO
7400,2467,REPORTS_TO
7401,2467,REPORTS_TO
7402,2467,REPORTS_TO
7403,2468,REPORTS_TO
7404,2468,REPORTS_TO
7405,2468,REPORTS_TO
7406,2469,REPORTS_TO
7407,2469,REPORTS_TO
7408,2469,REPORTS_TO
7409,2470,REPORTS_TO
7410,2470,REPORTS_TO
7411,2470,REPORTS_TO
7412,2471,REPORTS_TO
7413,2471,REPORTS_TO
7414,2471,REPORTS_TO
7415,2472,REPORTS_TO
7416,2472,REPORTS_TO
7417,2472,REPORTS_TO
7418,2473,REPORTS_TO
7419,2473,REPORTS_TO
7420,2473,REPORTS_TO
7421,2474,REPORTS_TO
7422,2474,REPORTS_TO
7423,2474,REPORTS_TO
7424,2475,REPORTS_TO
7425,2475,REPORTS_TO
7426,2475,REPORTS_TO
7427,2476,REPORTS_TO
7428,2476,REPORTS_TO
7429,2476,REPORTS_TO
7430,2477,REPORTS_TO
7431,2477,REPORTS_TO
7432,2477,REPORTS_TO
7433,2478,REPORTS_TO
7434,2478,REPORTS_TO
7435,2478,REPORTS_TO
7436,2479,REPORTS_TO
7437,2479,REPORTS_TO
7438,2479,REPORTS_TO
7439,2480,REPORTS_TO
7440,2480,REPORTS_TO
7441,2480,REPORTS_TO
7442,2481,REPORTS_TO
7443,2481,REPORTS_TO
7444,2481,REPORTS_TO
7445,2482,REPORTS_TO
7446,2482,REPORTS_TO
7447,2482,REPORTS_TO
7448,2483,REPORTS_TO
7449,2483,REPORTS_TO
7450,2483,REPORTS_TO
7451,2484,REPORTS_TO
7452,2484,REPORTS_TO
7453,2484,REPORTS_TO
7454,2485,REPORTS_TO
7455,2485,REPORTS_TO
7456,2485,REPORTS_TO
7457,2486,REPORTS_TO
7458,2486,REPORTS_TO
7459,2486,REPORTS_TO
7460,2487,REPORTS_TO
7461,2487,REPORTS_TO
7462,2487,REPORTS_TO
7463,2488,REPORTS_TO
7464,2488,REPORTS_TO
7465,2488,REPORTS_TO
7466,2489,REPORTS_TO
7467,2489,REPORTS_TO
7468,2489,REPORTS_TO
7469,2490,REPORTS_TO
7470,2490,REPORTS_TO
7471,2490,REPORTS_TO
7472,2491,REPORTS_TO
7473,2491,REPORTS_TO
7474,2491,REPORTS_TO
7475,2492,REPORTS_TO
7476,2492,REPORTS_TO
7477,2492,REPORTS_TO
7478,2493,REPORTS_TO
7479,2493,REPORTS_TO
7480,2493,REPORTS_TO
7481,2494,REPORTS_TO
7482,2494,REPORTS_TO
7483,2494,REPORTS_TO
7484,2495,REPORTS_TO
7485,2495,REPORTS_TO
7486,2495,REPORTS_TO
7487,2496,REPORTS_TO
7488,2496,REPORTS_TO
7489,2496,REPORTS_TO
7490,2497,REPORTS_TO
7491,2497,REPORTS_TO
7492,2497,REPORTS_TO
7493,2498,REPORTS_TO
7494,2498,REPORTS_TO
7495,2498,REPORTS_TO
7496,2499,REPORTS_TO
7497,2499,REPORTS_TO
7498,2499,REPORTS_TO
7499,2500,REPORTS_TO
7500,2500,REPORTS_TO
7501,2500,REPORTS_TO
7502,2501,REPORTS_TO
7503,2501,REPORTS_TO
7504,2501,REPORTS_TO
7505,2502,REPORTS_TO
7506,2502,REPORTS_TO
7507,2502,REPORTS_TO
7508,2503,REPORTS_TO
7509,2503,REPORTS_TO
7510,2503,REPORTS_TO
7511,2504,REPORTS_TO
7512,2504,REPORTS_TO
7513,2504,REPORTS_TO
7514,2505,REPORTS_TO
7515,2505,REPORTS_TO
7516,2505,REPORTS_TO
7517,2506,REPORTS_TO
7518,2506,REPORTS_TO
7519,2506,REPORTS_TO
7520,2507,REPORTS_TO
7521,2507,REPORTS_TO
7522,2507,REPORTS_TO
7523,2508,REPORTS_TO
7524,2508,REPORTS_TO
7525,2508,REPORTS_TO
7526,2509,REPORTS_TO
7527,2509,REPORTS_TO
7528,2509,REPORTS_TO
7529,2510,REPORTS_TO
7530,2510,REPORTS_TO
7531,2510,REPORTS_TO
7532,2511,REPORTS_TO
7533,2511,REPORTS_TO
7534,2511,REPORTS_TO
7535,2512,REPORTS_TO
7536,2512,REPORTS_TO
7537,2512,REPORTS_TO
7538,2513,REPORTS_TO
7539,2513,REPORTS_TO
7540,2513,REPORTS_TO
7541,2514,REPORTS_TO
7542,2514,REPORTS_TO
7543,2514,REPORTS_TO
7544,2515,REPORTS_TO
7545,2515,REPORTS_TO
7546,2515,REPORTS_TO
7547,2516,REPORTS_TO
7548,2516,REPORTS_TO
7549,2516,REPORTS_TO
7550,2517,REPORTS_TO
7551,2517,REPORTS_TO
7552,2517,REPORTS_TO
7553,2518,REPORTS_TO
7554,2518,REPORTS_TO
7555,2518,REPORTS_TO
7556,2519,REPORTS_TO
7557,2519,REPORTS_TO
7558,2519,REPORTS_TO
7559,2520,REPORTS_TO
7560,2520,REPORTS_TO
7561,2520,REPORTS_TO
7562,2521,REPORTS_TO
7563,2521,REPORTS_TO
7564,2521,REPORTS_TO
7565,2522,REPORTS_TO
7566,2522,REPORTS_TO
7567,2522,REPORTS_TO
7568,2523,REPORTS_TO
7569,2523,REPORTS_TO
7570,2523,REPORTS_TO
7571,2524,REPORTS_TO
7572,2524,REPORTS_TO
7573,2524,REPORTS_TO
7574,2525,REPORTS_TO
7575,2525,REPORTS_TO
7576,2525,REPORTS_TO
7577,2526,REPORTS_TO
7578,2526,REPORTS_TO
7579,2526,REPORTS_TO
7580,2527,REPORTS_TO
7581,2527,REPORTS_TO
7582,2527,REPORTS_TO
7583,2528,REPORTS_TO
7584,2528,REPORTS_TO
7585,2528,REPORTS_TO
7586,2529,REPORTS_TO
7587,2529,REPORTS_TO
7588,2529,REPORTS_TO
7589,2530,REPORTS_TO
7590,2530,REPORTS_TO
7591,2530,REPORTS_TO
7592,2531,REPORTS_TO
7593,2531,REPORTS_TO
7594,2531,REPORTS_TO
7595,2532,REPORTS_TO
7596,2532,REPORTS_TO
7597,2532,REPORTS_TO
7598,2533,REPORTS_TO
7599,2533,REPORTS_TO
7600,2533,REPORTS_TO
7601,2534,REPORTS_TO
7602,2534,REPORTS_TO
7603,2534,REPORTS_TO
7604,2535,REPORTS_TO
7605,2535,REPORTS_TO
7606,2535,REPORTS_TO
7607,2536,REPORTS_TO
7608,2536,REPORTS_TO
7609,2536,REPORTS_TO
7610,2537,REPORTS_TO
7611,2537,REPORTS_TO
7612,2537,REPORTS_TO
7613,2538,REPORTS_TO
7614,2538,REPORTS_TO
7615,2538,REPORTS_TO
7616,2539,REPORTS_TO
7617,2539,REPORTS_TO
7618,2539,REPORTS_TO
7619,2540,REPORTS_TO
7620,2540,REPORTS_TO
7621,2540,REPORTS_TO
7622,2541,REPORTS_TO
7623,2541,REPORTS_TO
7624,2541,REPORTS_TO
7625,2542,REPORTS_TO
7626,2542,REPORTS_TO
7627,2542,REPORTS_TO
7628,2543,REPORTS_TO
7629,2543,REPORTS_TO
7630,2543,REPORTS_TO
7631,2544,REPORTS_TO
7632,2544,REPORTS_TO
7633,2544,REPORTS_TO
7634,2545,REPORTS_TO
7635,2545,REPORTS_TO
7636,2545,REPORTS_TO
7637,2546,REPORTS_TO
7638,2546,REPORTS_TO
7639,2546,REPORTS_TO
7640,2547,REPORTS_TO
7641,2547,REPORTS_TO
7642,2547,REPORTS_TO
7643,2548,REPORTS_TO
7644,2548,REPORTS_TO
7645,2548,REPORTS_TO
7646,2549,REPORTS_TO
7647,2549,REPORTS_TO
7648,2549,REPORTS_TO
7649,2550,REPORTS_TO
7650,2550,REPORTS_TO
7651,2550,REPORTS_TO
7652,2551,REPORTS_TO
7653,2551,REPORTS_TO
7654,2551,REPORTS_TO
7655,2552,REPORTS_TO
7656,2552,REPORTS_TO
7657,2552,REPORTS_TO
7658,2553,REPORTS_TO
7659,2553,REPORTS_TO
7660,2553,REPORTS_TO
7661,2554,REPORTS_TO
7662,2554,REPORTS_TO
7663,2554,REPORTS_TO
7664,2555,REPORTS_TO
7665,2555,REPORTS_TO
7666,2555,REPORTS_TO
7667,2556,REPORTS_TO
7668,2556,REPORTS_TO
7669,2556,REPORTS_TO
7670,2557,REPORTS_TO
7671,2557,REPORTS_TO
7672,2557,REPORTS_TO
7673,2558,REPORTS_TO
7674,2558,REPORTS_TO
7675,2558,REPORTS_TO
7676,2559,REPORTS_TO
7677,2559,REPORTS_TO
7678,2559,REPORTS_TO
7679,2560,REPORTS_TO
7680,2560,REPORTS_TO
7681,2560,REPORTS_TO
7682,2561,REPORTS_TO
7683,2561,REPORTS_TO
7684,2561,REPORTS_TO
7685,2562,REPORTS_TO
7686,2562,REPORTS_TO
7687,2562,REPORTS_TO
7688,2563,REPORTS_TO
7689,2563,REPORTS_TO
7690,2563,REPORTS_TO
7691,2564,REPORTS_TO
7692,2564,REPORTS_TO
7693,2564,REPORTS_TO
7694,2565,REPORTS_TO
7695,2565,REPORTS_TO
7696,2565,REPORTS_TO
7697,2566,REPORTS_TO
7698,2566,REPORTS_TO
7699,2566,REPORTS_TO
7700,2567,REPORTS_TO
7701,2567,REPORTS_TO
7702,2567,REPORTS_TO
7703,2568,REPORTS_TO
7704,2568,REPORTS_TO
7705,2568,REPORTS_TO
7706,2569,REPORTS_TO
7707,2569,REPORTS_TO
7708,2569,REPORTS_TO
7709,2570,REPORTS_TO
7710,2570,REPORTS_TO
7711,2570,REPORTS_TO
7712,2571,REPORTS_TO
7713,2571,REPORTS_TO
7714,2571,REPORTS_TO
7715,2572,REPORTS_TO
7716,2572,REPORTS_TO
7717,2572,REPORTS_TO
7718,2573,REPORTS_TO
7719,2573,REPORTS_TO
7720,2573,REPORTS_TO
7721,2574,REPORTS_TO
7722,2574,REPORTS_TO
7723,2574,REPORTS_TO
7724,2575,REPORTS_TO
7725,2575,REPORTS_TO
7726,2575,REPORTS_TO
7727,2576,REPORTS_TO
7728,2576,REPORTS_TO
7729,2576,REPORTS_TO
7730,2577,REPORTS_TO
7731,2577,REPORTS_TO
7732,2577,REPORTS_TO
7733,2578,REPORTS_TO
7734,2578,REPORTS_TO
7735,2578,REPORTS_TO
7736,2579,REPORTS_TO
7737,2579,REPORTS_TO
7738,2579,REPORTS_TO
7739,2580,REPORTS_TO
7740,2580,REPORTS_TO
7741,2580,REPORTS_TO
7742,2581,REPORTS_TO
7743,2581,REPORTS_TO
7744,2581,REPORTS_TO
7745,2582,REPORTS_TO
7746,2582,REPORTS_TO
7747,2582,REPORTS_TO
7748,2583,REPORTS_TO
7749,2583,REPORTS_TO
7750,2583,REPORTS_TO
7751,2584,REPORTS_TO
7752,2584,REPORTS_TO
7753,2584,REPORTS_TO
7754,2585,REPORTS_TO
7755,2585,REPORTS_TO
7756,2585,REPORTS_TO
7757,2586,REPORTS_TO
7758,2586,REPORTS_TO
7759,2586,REPORTS_TO
7760,2587,REPORTS_TO
7761,2587,REPORTS_TO
7762,2587,REPORTS_TO
7763,2588,REPORTS_TO
7764,2588,REPORTS_TO
7765,2588,REPORTS_TO
7766,2589,REPORTS_TO
7767,2589,REPORTS_TO
7768,2589,REPORTS_TO
7769,2590,REPORTS_TO
7770,2590,REPORTS_TO
7771,2590,REPORTS_TO
7772,2591,REPORTS_TO
7773,2591,REPORTS_TO
7774,2591,REPORTS_TO
7775,2592,REPORTS_TO
7776,2592,REPORTS_TO
7777,2592,REPORTS_TO
7778,2593,REPORTS_TO
7779,2593,REPORTS_TO
7780,2593,REPORTS_TO
7781,2594,REPORTS_TO
7782,2594,REPORTS_TO
7783,2594,REPORTS_TO
7784,2595,REPORTS_TO
7785,2595,REPORTS_TO
7786,2595,REPORTS_TO
7787,2596,REPORTS_TO
7788,2596,REPORTS_TO
7789,2596,REPORTS_TO
7790,2597,REPORTS_TO
7791,2597,REPORTS_TO
7792,2597,REPORTS_TO
7793,2598,REPORTS_TO
7794,2598,REPORTS_TO
7795,2598,REPORTS_TO
7796,2599,REPORTS_TO
7797,2599,REPORTS_TO
7798,2599,REPORTS_TO
7799,2600,REPORTS_TO
7800,2600,REPORTS_TO
7801,2600,REPORTS_TO
7802,2601,REPORTS_TO
7803,2601,REPORTS_TO
7804,2601,REPORTS_TO
7805,2602,REPORTS_TO
7806,2602,REPORTS_TO
7807,2602,REPORTS_TO
7808,2603,REPORTS_TO
7809,2603,REPORTS_TO
7810,2603,REPORTS_TO
7811,2604,REPORTS_TO
7812,2604,REPORTS_TO
7813,2604,REPORTS_TO
7814,2605,REPORTS_TO
7815,2605,REPORTS_TO
7816,2605,REPORTS_TO
7817,2606,REPORTS_TO
7818,2606,REPORTS_TO
7819,2606,REPORTS_TO
7820,2607,REPORTS_TO
7821,2607,REPORTS_TO
7822,2607,REPORTS_TO
7823,2608,REPORTS_TO
7824,2608,REPORTS_TO
7825,2608,REPORTS_TO
7826,2609,REPORTS_TO
7827,2609,REPORTS_TO
7828,2609,REPORTS_TO
7829,2610,REPORTS_TO
7830,2610,REPORTS_TO
7831,2610,REPORTS_TO
7832,2611,REPORTS_TO
7833,2611,REPORTS_TO
7834,2611,REPORTS_TO
7835,2612,REPORTS_TO
7836,2612,REPORTS_TO
7837,2612,REPORTS_TO
7838,2613,REPORTS_TO
7839,2613,REPORTS_TO
7840,2613,REPORTS_TO
7841,2614,REPORTS_TO
7842,2614,REPORTS_TO
7843,2614,REPORTS_TO
7844,2615,REPORTS_TO
7845,2615,REPORTS_TO
7846,2615,REPORTS_TO
7847,2616,REPORTS_TO
7848,2616,REPORTS_TO
7849,2616,REPORTS_TO
7850,2617,REPORTS_TO
7851,2617,REPORTS_TO
7852,2617,REPORTS_TO
7853,2618,REPORTS_TO
7854,2618,REPORTS_TO
7855,2618,REPORTS_TO
7856,2619,REPORTS_TO
7857,2619,REPORTS_TO
7858,2619,REPORTS_TO
7859,2620,REPORTS_TO
7860,2620,REPORTS_TO
7861,2620,REPORTS_TO
7862,2621,REPORTS_TO
7863,2621,REPORTS_TO
7864,2621,REPORTS_TO
7865,2622,REPORTS_TO
7866,2622,REPORTS_TO
7867,2622,REPORTS_TO
7868,2623,REPORTS_TO
7869,2623,REPORTS_TO
7870,2623,REPORTS_TO
7871,2624,REPORTS_TO
7872,2624,REPORTS_TO
7873,2624,REPORTS_TO
7874,2625,REPORTS_TO
7875,2625,REPORTS_TO
7876,2625,REPORTS_TO
7877,2626,REPORTS_TO
7878,2626,REPORTS_TO
7879,2626,REPORTS_TO
7880,2627,REPORTS_TO
7881,2627,REPORTS_TO
7882,2627,REPORTS_TO
7883,2628,REPORTS_TO
7884,2628,REPORTS_TO
7885,2628,REPORTS_TO
7886,2629,REPORTS_TO
7887,2629,REPORTS_TO
7888,2629,REPORTS_TO
7889,2630,REPORTS_TO
7890,2630,REPORTS_TO
7891,2630,REPORTS_TO
7892,2631,REPORTS_TO
7893,2631,REPORTS_TO
7894,2631,REPORTS_TO
7895,2632,REPORTS_TO
7896,2632,REPORTS_TO
7897,2632,REPORTS_TO
7898,2633,REPORTS_TO
7899,2633,REPORTS_TO
7900,2633,REPORTS_TO
7901,2634,REPORTS_TO
7902,2634,REPORTS_TO
7903,2634,REPORTS_TO
7904,2635,REPORTS_TO
7905,2635,REPORTS_TO
7906,2635,REPORTS_TO
7907,2636,REPORTS_TO
7908,2636,REPORTS_TO
7909,2636,REPORTS_TO
7910,2637,REPORTS_TO
7911,2637,REPORTS_TO
7912,2637,REPORTS_TO
7913,2638,REPORTS_TO
7914,2638,REPORTS_TO
7915,2638,REPORTS_TO
7916,2639,REPORTS_TO
7917,2639,REPORTS_TO
7918,2639,REPORTS_TO
7919,2640,REPORTS_TO
7920,2640,REPORTS_TO
7921,2640,REPORTS_TO
7922,2641,REPORTS_TO
7923,2641,REPORTS_TO
7924,2641,REPORTS_TO
7925,2642,REPORTS_TO
7926,2642,REPORTS_TO
7927,2642,REPORTS_TO
7928,2643,REPORTS_TO
7929,2643,REPORTS_TO
7930,2643,REPORTS_TO
7931,2644,REPORTS_TO
7932,2644,REPORTS_TO
7933,2644,REPORTS_TO
7934,2645,REPORTS_TO
7935,2645,REPORTS_TO
7936,2645,REPORTS_TO
7937,2646,REPORTS_TO
7938,2646,REPORTS_TO
7939,2646,REPORTS_TO
7940,2647,REPORTS_TO
7941,2647,REPORTS_TO
7942,2647,REPORTS_TO
7943,2648,REPORTS_TO
7944,2648,REPORTS_TO
7945,2648,REPORTS_TO
7946,2649,REPORTS_TO
7947,2649,REPORTS_TO
7948,2649,REPORTS_TO
7949,2650,REPORTS_TO
7950,2650,REPORTS_TO
7951,2650,REPORTS_TO
7952,2651,REPORTS_TO
7953,2651,REPORTS_TO
7954,2651,REPORTS_TO
7955,2652,REPORTS_TO
7956,2652,REPORTS_TO
7957,2652,REPORTS_TO
7958,2653,REPORTS_TO
7959,2653,REPORTS_TO
7960,2653,REPORTS_TO
7961,2654,REPORTS_TO
7962,2654,REPORTS_TO
7963,2654,REPORTS_TO
7964,2655,REPORTS_TO
7965,2655,REPORTS_TO
7966,2655,REPORTS_TO
7967,2656,REPORTS_TO
7968,2656,REPORTS_TO
7969,2656,REPORTS_TO
7970,2657,REPORTS_TO
7971,2657,REPORTS_TO
7972,2657,REPORTS_TO
7973,2658,REPORTS_TO
7974,2658,REPORTS_TO
7975,2658,REPORTS_TO
7976,2659,REPORTS_TO
7977,2659,REPORTS_TO
7978,2659,REPORTS_TO
7979,2660,REPORTS_TO
7980,2660,REPORTS_TO
7981,2660,REPORTS_TO
7982,2661,REPORTS_TO
7983,2661,REPORTS_TO
7984,2661,REPORTS_TO
7985,2662,REPORTS_TO
7986,2662,REPORTS_TO
7987,2662,REPORTS_TO
7988,2663,REPORTS_TO
7989,2663,REPORTS_TO
7990,2663,REPORTS_TO
7991,2664,REPORTS_TO
7992,2664,REPORTS_TO
7993,2664,REPORTS_TO
7994,2665,REPORTS_TO
7995,2665,REPORTS_TO
7996,2665,REPORTS_TO
7997,2666,REPORTS_TO
7998,2666,REPORTS_TO
7999,2666,REPORTS_TO
8000,2667,REPORTS_TO
8001,2667,REPORTS_TO
8002,2667,REPORTS_TO
8003,2668,REPORTS_TO
8004,2668,REPORTS_TO
8005,2668,REPORTS_TO
8006,2669,REPORTS_TO
8007,2669,REPORTS_TO
8008,2669,REPORTS_TO
8009,2670,REPORTS_TO
8010,2670,REPORTS_TO
8011,2670,REPORTS_TO
8012,2671,REPORTS_TO
8013,2671,REPORTS_TO
8014,2671,REPORTS_TO
8015,2672,REPORTS_TO
8016,2672,REPORTS_TO
8017,2672,REPORTS_TO
8018,2673,REPORTS_TO
8019,2673,REPORTS_TO
8020,2673,REPORTS_TO
8021,2674,REPORTS_TO
8022,2674,REPORTS_TO
8023,2674,REPORTS_TO
8024,2675,REPORTS_TO
8025,2675,REPORTS_TO
8026,2675,REPORTS_TO
8027,2676,REPORTS_TO
8028,2676,REPORTS_TO
8029,2676,REPORTS_TO
8030,2677,REPORTS_TO
8031,2677,REPORTS_TO
8032,2677,REPORTS_TO
8033,2678,REPORTS_TO
8034,2678,REPORTS_TO
8035,2678,REPORTS_TO
8036,2679,REPORTS_TO
8037,2679,REPORTS_TO
8038,2679,REPORTS_TO
8039,2680,REPORTS_TO
8040,2680,REPORTS_TO
8041,2680,REPORTS_TO
8042,2681,REPORTS_TO
8043,2681,REPORTS_TO
8044,2681,REPORTS_TO
8045,2682,REPORTS_TO
8046,2682,REPORTS_TO
8047,2682,REPORTS_TO
8048,2683,REPORTS_TO
8049,2683,REPORTS_TO
8050,2683,REPORTS_TO
8051,2684,REPORTS_TO
8052,2684,REPORTS_TO
8053,2684,REPORTS_TO
8054,2685,REPORTS_TO
8055,2685,REPORTS_TO
8056,2685,REPORTS_TO
8057,2686,REPORTS_TO
8058,2686,REPORTS_TO
8059,2686,REPORTS_TO
8060,2687,REPORTS_TO
8061,2687,REPORTS_TO
8062,2687,REPORTS_TO
8063,2688,REPORTS_TO
8064,2688,REPORTS_TO
8065,2688,REPORTS_TO
8066,2689,REPORTS_TO
8067,2689,REPORTS_TO
8068,2689,REPORTS_TO
8069,2690,REPORTS_TO
8070,2690,REPORTS_TO
8071,2690,REPORTS_TO
8072,2691,REPORTS_TO
8073,2691,REPORTS_TO
8074,2691,REPORTS_TO
8075,2692,REPORTS_TO
8076,2692,REPORTS_TO
8077,2692,REPORTS_TO
8078,2693,REPORTS_TO
8079,2693,REPORTS_TO
8080,2693,REPORTS_TO
8081,2694,REPORTS_TO
8082,2694,REPORTS_TO
8083,2694,REPORTS_TO
8084,2695,REPORTS_TO
8085,2695,REPORTS_TO
8086,2695,REPORTS_TO
8087,2696,REPORTS_TO
8088,2696,REPORTS_TO
8089,2696,REPORTS_TO
8090,2697,REPORTS_TO
8091,2697,REPORTS_TO
8092,2697,REPORTS_TO
8093,2698,REPORTS_TO
8094,2698,REPORTS_TO
8095,2698,REPORTS_TO
8096,2699,REPORTS_TO
8097,2699,REPORTS_TO
8098,2699,REPORTS_TO
8099,2700,REPORTS_TO
8100,2700,REPORTS_TO
8101,2700,REPORTS_TO
8102,2701,REPORTS_TO
8103,2701,REPORTS_TO
8104,2701,REPORTS_TO
8105,2702,REPORTS_TO
8106,2702,REPORTS_TO
8107,2702,REPORTS_TO
8108,2703,REPORTS_TO
8109,2703,REPORTS_TO
8110,2703,REPORTS_TO
8111,2704,REPORTS_TO
8112,2704,REPORTS_TO
8113,2704,REPORTS_TO
8114,2705,REPORTS_TO
8115,2705,REPORTS_TO
8116,2705,REPORTS_TO
8117,2706,REPORTS_TO
8118,2706,REPORTS_TO
8119,2706,REPORTS_TO
8120,2707,REPORTS_TO
8121,2707,REPORTS_TO
8122,2707,REPORTS_TO
8123,2708,REPORTS_TO
8124,2708,REPORTS_TO
8125,2708,REPORTS_TO
8126,2709,REPORTS_TO
8127,2709,REPORTS_TO
8128,2709,REPORTS_TO
8129,2710,REPORTS_TO
8130,2710,REPORTS_TO
8131,2710,REPORTS_TO
8132,2711,REPORTS_TO
8133,2711,REPORTS_TO
8134,2711,REPORTS_TO
8135,2712,REPORTS_TO
8136,2712,REPORTS_TO
8137,2712,REPORTS_TO
8138,2713,REPORTS_TO
8139,2713,REPORTS_TO
8140,2713,REPORTS_TO
8141,2714,REPORTS_TO
8142,2714,REPORTS_TO
8143,2714,REPORTS_TO
8144,2715,REPORTS_TO
8145,2715,REPORTS_TO
8146,2715,REPORTS_TO
8147,2716,REPORTS_TO
8148,2716,REPORTS_TO
8149,2716,REPORTS_TO
8150,2717,REPORTS_TO
8151,2717,REPORTS_TO
8152,2717,REPORTS_TO
8153,2718,REPORTS_TO
8154,2718,REPORTS_TO
8155,2718,REPORTS_TO
8156,2719,REPORTS_TO
8157,2719,REPORTS_TO
8158,2719,REPORTS_TO
8159,2720,REPORTS_TO
8160,2720,REPORTS_TO
8161,2720,REPORTS_TO
8162,2721,REPORTS_TO
8163,2721,REPORTS_TO
8164,2721,REPORTS_TO
8165,2722,REPORTS_TO
8166,2722,REPORTS_TO
8167,2722,REPORTS_TO
8168,2723,REPORTS_TO
8169,2723,REPORTS_TO
8170,2723,REPORTS_TO
8171,2724,REPORTS_TO
8172,2724,REPORTS_TO
8173,2724,REPORTS_TO
8174,2725,REPORTS_TO
8175,2725,REPORTS_TO
8176,2725,REPORTS_TO
8177,2726,REPORTS_TO
8178,2726,REPORTS_TO
8179,2726,REPORTS_TO
8180,2727,REPORTS_TO
8181,2727,REPORTS_TO
8182,2727,REPORTS_TO
8183,2728,REPORTS_TO
8184,2728,REPORTS_TO
8185,2728,REPORTS_TO
8186,2729,REPORTS_TO
8187,2729,REPORTS_TO
8188,2729,REPORTS_TO
8189,2730,REPORTS_TO
8190,2730,REPORTS_TO
8191,2730,REPORTS_TO
8192,2731,REPORTS_TO
8193,2731,REPORTS_TO
8194,2731,REPORTS_TO
8195,2732,REPORTS_TO
8196,2732,REPORTS_TO
8197,2732,REPORTS_TO
8198,2733,REPORTS_TO
8199,2733,REPORTS_TO
8200,2733,REPORTS_TO
8201,2734,REPORTS_TO
8202,2734,REPORTS_TO
8203,2734,REPORTS_TO
8204,2735,REPORTS_TO
8205,2735,REPORTS_TO
8206,2735,REPORTS_TO
8207,2736,REPORTS_TO
8208,2736,REPORTS_TO
8209,2736,REPORTS_TO
8210,2737,REPORTS_TO
8211,2737,REPORTS_TO
8212,2737,REPORTS_TO
8213,2738,REPORTS_TO
8214,2738,REPORTS_TO
8215,2738,REPORTS_TO
8216,2739,REPORTS_TO
8217,2739,REPORTS_TO
8218,2739,REPORTS_TO
8219,2740,REPORTS_TO
8220,2740,REPORTS_TO
8221,2740,REPORTS_TO
8222,2741,REPORTS_TO
8223,2741,REPORTS_TO
8224,2741,REPORTS_TO
8225,2742,REPORTS_TO
8226,2742,REPORTS_TO
8227,2742,REPORTS_TO
8228,2743,REPORTS_TO
8229,2743,REPORTS_TO
8230,2743,REPORTS_TO
8231,2744,REPORTS_TO
8232,2744,REPORTS_TO
8233,2744,REPORTS_TO
8234,2745,REPORTS_TO
8235,2745,REPORTS_TO
8236,2745,REPORTS_TO
8237,2746,REPORTS_TO
8238,2746,REPORTS_TO
8239,2746,REPORTS_TO
8240,2747,REPORTS_TO
8241,2747,REPORTS_TO
8242,2747,REPORTS_TO
8243,2748,REPORTS_TO
8244,2748,REPORTS_TO
8245,2748,REPORTS_TO
8246,2749,REPORTS_TO
8247,2749,REPORTS_TO
8248,2749,REPORTS_TO
8249,2750,REPORTS_TO
8250,2750,REPORTS_TO
8251,2750,REPORTS_TO
8252,2751,REPORTS_TO
8253,2751,REPORTS_TO
8254,2751,REPORTS_TO
8255,2752,REPORTS_TO
8256,2752,REPORTS_TO
8257,2752,REPORTS_TO
8258,2753,REPORTS_TO
8259,2753,REPORTS_TO
8260,2753,REPORTS_TO
8261,2754,REPORTS_TO
8262,2754,REPORTS_TO
8263,2754,REPORTS_TO
8264,2755,REPORTS_TO
8265,2755,REPORTS_TO
8266,2755,REPORTS_TO
8267,2756,REPORTS_TO
8268,2756,REPORTS_TO
8269,2756,REPORTS_TO
8270,2757,REPORTS_TO
8271,2757,REPORTS_TO
8272,2757,REPORTS_TO
8273,2758,REPORTS_TO
8274,2758,REPORTS_TO
8275,2758,REPORTS_TO
8276,2759,REPORTS_TO
8277,2759,REPORTS_TO
8278,2759,REPORTS_TO
8279,2760,REPORTS_TO
8280,2760,REPORTS_TO
8281,2760,REPORTS_TO
8282,2761,REPORTS_TO
8283,2761,REPORTS_TO
8284,2761,REPORTS_TO
8285,2762,REPORTS_TO
8286,2762,REPORTS_TO
8287,2762,REPORTS_TO
8288,2763,REPORTS_TO
8289,2763,REPORTS_TO
8290,2763,REPORTS_TO
8291,2764,REPORTS_TO
8292,2764,REPORTS_TO
8293,2764,REPORTS_TO
8294,2765,REPORTS_TO
8295,2765,REPORTS_TO
8296,2765,REPORTS_TO
8297,2766,REPORTS_TO
8298,2766,REPORTS_TO
8299,2766,REPORTS_TO
8300,2767,REPORTS_TO
8301,2767,REPORTS_TO
8302,2767,REPORTS_TO
8303,2768,REPORTS_TO
8304,2768,REPORTS_TO
8305,2768,REPORTS_TO
8306,2769,REPORTS_TO
8307,2769,REPORTS_TO
8308,2769,REPORTS_TO
8309,2770,REPORTS_TO
8310,2770,REPORTS_TO
8311,2770,REPORTS_TO
8312,2771,REPORTS_TO
8313,2771,REPORTS_TO
8314,2771,REPORTS_TO
8315,2772,REPORTS_TO
8316,2772,REPORTS_TO
8317,2772,REPORTS_TO
8318,2773,REPORTS_TO
8319,2773,REPORTS_TO
8320,2773,REPORTS_TO
8321,2774,REPORTS_TO
8322,2774,REPORTS_TO
8323,2774,REPORTS_TO
8324,2775,REPORTS_TO
8325,2775,REPORTS_TO
8326,2775,REPORTS_TO
8327,2776,REPORTS_TO
8328,2776,REPORTS_TO
8329,2776,REPORTS_TO
8330,2777,REPORTS_TO
8331,2777,REPORTS_TO
8332,2777,REPORTS_TO
8333,2778,REPORTS_TO
8334,2778,REPORTS_TO
8335,2778,REPORTS_TO
8336,2779,REPORTS_TO
8337,2779,REPORTS_TO
8338,2779,REPORTS_TO
8339,2780,REPORTS_TO
8340,2780,REPORTS_TO
8341,2780,REPORTS_TO
8342,2781,REPORTS_TO
8343,2781,REPORTS_TO
8344,2781,REPORTS_TO
8345,2782,REPORTS_TO
8346,2782,REPORTS_TO
8347,2782,REPORTS_TO
8348,2783,REPORTS_TO
8349,2783,REPORTS_TO
8350,2783,REPORTS_TO
8351,2784,REPORTS_TO
8352,2784,REPORTS_TO
8353,2784,REPORTS_TO
8354,2785,REPORTS_TO
8355,2785,REPORTS_TO
8356,2785,REPORTS_TO
8357,2786,REPORTS_TO
8358,2786,REPORTS_TO
8359,2786,REPORTS_TO
8360,2787,REPORTS_TO
8361,2787,REPORTS_TO
8362,2787,REPORTS_TO
8363,2788,REPORTS_TO
8364,2788,REPORTS_TO
8365,2788,REPORTS_TO
8366,2789,REPORTS_TO
8367,2789,REPORTS_TO
8368,2789,REPORTS_TO
8369,2790,REPORTS_TO
8370,2790,REPORTS_TO
8371,2790,REPORTS_TO
8372,2791,REPORTS_TO
8373,2791,REPORTS_TO
8374,2791,REPORTS_TO
8375,2792,REPORTS_TO
8376,2792,REPORTS_TO
8377,2792,REPORTS_TO
8378,2793,REPORTS_TO
8379,2793,REPORTS_TO
8380,2793,REPORTS_TO
8381,2794,REPORTS_TO
8382,2794,REPORTS_TO
8383,2794,REPORTS_TO
8384,2795,REPORTS_TO
8385,2795,REPORTS_TO
8386,2795,REPORTS_TO
8387,2796,REPORTS_TO
8388,2796,REPORTS_TO
8389,2796,REPORTS_TO
8390,2797,REPORTS_TO
8391,2797,REPORTS_TO
8392,2797,REPORTS_TO
8393,2798,REPORTS_TO
8394,2798,REPORTS_TO
8395,2798,REPORTS_TO
8396,2799,REPORTS_TO
8397,2799,REPORTS_TO
8398,2799,REPORTS_TO
8399,2800,REPORTS_TO
8400,2800,REPORTS_TO
8401,2800,REPORTS_TO
8402,2801,REPORTS_TO
8403,2801,REPORTS_TO
8404,2801,REPORTS_TO
8405,2802,REPORTS_TO
8406,2802,REPORTS_TO
8407,2802,REPORTS_TO
8408,2803,REPORTS_TO
8409,2803,REPORTS_TO
8410,2803,REPORTS_TO
8411,2804,REPORTS_TO
8412,2804,REPORTS_TO
8413,2804,REPORTS_TO
8414,2805,REPORTS_TO
8415,2805,REPORTS_TO
8416,2805,REPORTS_TO
8417,2806,REPORTS_TO
8418,2806,REPORTS_TO
8419,2806,REPORTS_TO
8420,2807,REPORTS_TO
8421,2807,REPORTS_TO
8422,2807,REPORTS_TO
8423,2808,REPORTS_TO
8424,2808,REPORTS_TO
8425,2808,REPORTS_TO
8426,2809,REPORTS_TO
8427,2809,REPORTS_TO
8428,2809,REPORTS_TO
8429,2810,REPORTS_TO
8430,2810,REPORTS_TO
8431,2810,REPORTS_TO
8432,2811,REPORTS_TO
8433,2811,REPORTS_TO
8434,2811,REPORTS_TO
8435,2812,REPORTS_TO
8436,2812,REPORTS_TO
8437,2812,REPORTS_TO
8438,2813,REPORTS_TO
8439,2813,REPORTS_TO
8440,2813,REPORTS_TO
8441,2814,REPORTS_TO
8442,2814,REPORTS_TO
8443,2814,REPORTS_TO
8444,2815,REPORTS_TO
8445,2815,REPORTS_TO
8446,2815,REPORTS_TO
8447,2816,REPORTS_TO
8448,2816,REPORTS_TO
8449,2816,REPORTS_TO
8450,2817,REPORTS_TO
8451,2817,REPORTS_TO
8452,2817,REPORTS_TO
8453,2818,REPORTS_TO
8454,2818,REPORTS_TO
8455,2818,REPORTS_TO
8456,2819,REPORTS_TO
8457,2819,REPORTS_TO
8458,2819,REPORTS_TO
8459,2820,REPORTS_TO
8460,2820,REPORTS_TO
8461,2820,REPORTS_TO
8462,2821,REPORTS_TO
8463,2821,REPORTS_TO
8464,2821,REPORTS_TO
8465,2822,REPORTS_TO
8466,2822,REPORTS_TO
8467,2822,REPORTS_TO
8468,2823,REPORTS_TO
8469,2823,REPORTS_TO
8470,2823,REPORTS_TO
8471,2824,REPORTS_TO
8472,2824,REPORTS_TO
8473,2824,REPORTS_TO
8474,2825,REPORTS_TO
8475,2825,REPORTS_TO
8476,2825,REPORTS_TO
8477,2826,REPORTS_TO
8478,2826,REPORTS_TO
8479,2826,REPORTS_TO
8480,2827,REPORTS_TO
8481,2827,REPORTS_TO
8482,2827,REPORTS_TO
8483,2828,REPORTS_TO
8484,2828,REPORTS_TO
8485,2828,REPORTS_TO
8486,2829,REPORTS_TO
8487,2829,REPORTS_TO
8488,2829,REPORTS_TO
8489,2830,REPORTS_TO
8490,2830,REPORTS_TO
8491,2830,REPORTS_TO
8492,2831,REPORTS_TO
8493,2831,REPORTS_TO
8494,2831,REPORTS_TO
8495,2832,REPORTS_TO
8496,2832,REPORTS_TO
8497,2832,REPORTS_TO
8498,2833,REPORTS_TO
8499,2833,REPORTS_TO
8500,2833,REPORTS_TO
8501,2834,REPORTS_TO
8502,2834,REPORTS_TO
8503,2834,REPORTS_TO
8504,2835,REPORTS_TO
8505,2835,REPORTS_TO
8506,2835,REPORTS_TO
8507,2836,REPORTS_TO
8508,2836,REPORTS_TO
8509,2836,REPORTS_TO
8510,2837,REPORTS_TO
8511,2837,REPORTS_TO
8512,2837,REPORTS_TO
8513,2838,REPORTS_TO
8514,2838,REPORTS_TO
8515,2838,REPORTS_TO
8516,2839,REPORTS_TO
8517,2839,REPORTS_TO
8518,2839,REPORTS_TO
8519,2840,REPORTS_TO
8520,2840,REPORTS_TO
8521,2840,REPORTS_TO
8522,2841,REPORTS_TO
8523,2841,REPORTS_TO
8524,2841,REPORTS_TO
8525,2842,REPORTS_TO
8526,2842,REPORTS_TO
8527,2842,REPORTS_TO
8528,2843,REPORTS_TO
8529,2843,REPORTS_TO
8530,2843,REPORTS_TO
8531,2844,REPORTS_TO
8532,2844,REPORTS_TO
8533,2844,REPORTS_TO
8534,2845,REPORTS_TO
8535,2845,REPORTS_TO
8536,2845,REPORTS_TO
8537,2846,REPORTS_TO
8538,2846,REPORTS_TO
8539,2846,REPORTS_TO
8540,2847,REPORTS_TO
8541,2847,REPORTS_TO
8542,2847,REPORTS_TO
8543,2848,REPORTS_TO
8544,2848,REPORTS_TO
8545,2848,REPORTS_TO
8546,2849,REPORTS_TO
8547,2849,REPORTS_TO
8548,2849,REPORTS_TO
8549,2850,REPORTS_TO
8550,2850,REPORTS_TO
8551,2850,REPORTS_TO
8552,2851,REPORTS_TO
8553,2851,REPORTS_TO
8554,2851,REPORTS_TO
8555,2852,REPORTS_TO
8556,2852,REPORTS_TO
8557,2852,REPORTS_TO
8558,2853,REPORTS_TO
8559,2853,REPORTS_TO
8560,2853,REPORTS_TO
8561,2854,REPORTS_TO
8562,2854,REPORTS_TO
8563,2854,REPORTS_TO
8564,2855,REPORTS_TO
8565,2855,REPORTS_TO
8566,2855,REPORTS_TO
8567,2856,REPORTS_TO
8568,2856,REPORTS_TO
8569,2856,REPORTS_TO
8570,2857,REPORTS_TO
8571,2857,REPORTS_TO
8572,2857,REPORTS_TO
8573,2858,REPORTS_TO
8574,2858,REPORTS_TO
8575,2858,REPORTS_TO
8576,2859,REPORTS_TO
8577,2859,REPORTS_TO
8578,2859,REPORTS_TO
8579,2860,REPORTS_TO
8580,2860,REPORTS_TO
8581,2860,REPORTS_TO
8582,2861,REPORTS_TO
8583,2861,REPORTS_TO
8584,2861,REPORTS_TO
8585,2862,REPORTS_TO
8586,2862,REPORTS_TO
8587,2862,REPORTS_TO
8588,2863,REPORTS_TO
8589,2863,REPORTS_TO
8590,2863,REPORTS_TO
8591,2864,REPORTS_TO
8592,2864,REPORTS_TO
8593,2864,REPORTS_TO
8594,2865,REPORTS_TO
8595,2865,REPORTS_TO
8596,2865,REPORTS_TO
8597,2866,REPORTS_TO
8598,2866,REPORTS_TO
8599,2866,REPORTS_TO
8600,2867,REPORTS_TO
8601,2867,REPORTS_TO
8602,2867,REPORTS_TO
8603,2868,REPORTS_TO
8604,2868,REPORTS_TO
8605,2868,REPORTS_TO
8606,2869,REPORTS_TO
8607,2869,REPORTS_TO
8608,2869,REPORTS_TO
8609,2870,REPORTS_TO
8610,2870,REPORTS_TO
8611,2870,REPORTS_TO
8612,2871,REPORTS_TO
8613,2871,REPORTS_TO
8614,2871,REPORTS_TO
8615,2872,REPORTS_TO
8616,2872,REPORTS_TO
8617,2872,REPORTS_TO
8618,2873,REPORTS_TO
8619,2873,REPORTS_TO
8620,2873,REPORTS_TO
8621,2874,REPORTS_TO
8622,2874,REPORTS_TO
8623,2874,REPORTS_TO
8624,2875,REPORTS_TO
8625,2875,REPORTS_TO
8626,2875,REPORTS_TO
8627,2876,REPORTS_TO
8628,2876,REPORTS_TO
8629,2876,REPORTS_TO
8630,2877,REPORTS_TO
8631,2877,REPORTS_TO
8632,2877,REPORTS_TO
8633,2878,REPORTS_TO
8634,2878,REPORTS_TO
8635,2878,REPORTS_TO
8636,2879,REPORTS_TO
8637,2879,REPORTS_TO
8638,2879,REPORTS_TO
8639,2880,REPORTS_TO
8640,2880,REPORTS_TO
8641,2880,REPORTS_TO
8642,2881,REPORTS_TO
8643,2881,REPORTS_TO
8644,2881,REPORTS_TO
8645,2882,REPORTS_TO
8646,2882,REPORTS_TO
8647,2882,REPORTS_TO
8648,2883,REPORTS_TO
8649,2883,REPORTS_TO
8650,2883,REPORTS_TO
8651,2884,REPORTS_TO
8652,2884,REPORTS_TO
8653,2884,REPORTS_TO
8654,2885,REPORTS_TO
8655,2885,REPORTS_TO
8656,2885,REPORTS_TO
8657,2886,REPORTS_TO
8658,2886,REPORTS_TO
8659,2886,REPORTS_TO
8660,2887,REPORTS_TO
8661,2887,REPORTS_TO
8662,2887,REPORTS_TO
8663,2888,REPORTS_TO
8664,2888,REPORTS_TO
8665,2888,REPORTS_TO
8666,2889,REPORTS_TO
8667,2889,REPORTS_TO
8668,2889,REPORTS_TO
8669,2890,REPORTS_TO
8670,2890,REPORTS_TO
8671,2890,REPORTS_TO
8672,2891,REPORTS_TO
8673,2891,REPORTS_TO
8674,2891,REPORTS_TO
8675,2892,REPORTS_TO
8676,2892,REPORTS_TO
8677,2892,REPORTS_TO
8678,2893,REPORTS_TO
8679,2893,REPORTS_TO
8680,2893,REPORTS_TO
8681,2894,REPORTS_TO
8682,2894,REPORTS_TO
8683,2894,REPORTS_TO
8684,2895,REPORTS_TO
8685,2895,REPORTS_TO
8686,2895,REPORTS_TO
8687,2896,REPORTS_TO
8688,2896,REPORTS_TO
8689,2896,REPORTS_TO
8690,2897,REPORTS_TO
8691,2897,REPORTS_TO
8692,2897,REPORTS_TO
8693,2898,REPORTS_TO
8694,2898,REPORTS_TO
8695,2898,REPORTS_TO
8696,2899,REPORTS_TO
8697,2899,REPORTS_TO
8698,2899,REPORTS_TO
8699,2900,REPORTS_TO
8700,2900,REPORTS_TO
8701,2900,REPORTS_TO
8702,2901,REPORTS_TO
8703,2901,REPORTS_TO
8704,2901,REPORTS_TO
8705,2902,REPORTS_TO
8706,2902,REPORTS_TO
8707,2902,REPORTS_TO
8708,2903,REPORTS_TO
8709,2903,REPORTS_TO
8710,2903,REPORTS_TO
8711,2904,REPORTS_TO
8712,2904,REPORTS_TO
8713,2904,REPORTS_TO
8714,2905,REPORTS_TO
8715,2905,REPORTS_TO
8716,2905,REPORTS_TO
8717,2906,REPORTS_TO
8718,2906,REPORTS_TO
8719,2906,REPORTS_TO
8720,2907,REPORTS_TO
8721,2907,REPORTS_TO
8722,2907,REPORTS_TO
8723,2908,REPORTS_TO
8724,2908,REPORTS_TO
8725,2908,REPORTS_TO
8726,2909,REPORTS_TO
8727,2909,REPORTS_TO
8728,2909,REPORTS_TO
8729,2910,REPORTS_TO
8730,2910,REPORTS_TO
8731,2910,REPORTS_TO
8732,2911,REPORTS_TO
8733,2911,REPORTS_TO
8734,2911,REPORTS_TO
8735,2912,REPORTS_TO
8736,2912,REPORTS_TO
8737,2912,REPORTS_TO
8738,2913,REPORTS_TO
8739,2913,REPORTS_TO
8740,2913,REPORTS_TO
8741,2914,REPORTS_TO
8742,2914,REPORTS_TO
8743,2914,REPORTS_TO
8744,2915,REPORTS_TO
8745,2915,REPORTS_TO
8746,2915,REPORTS_TO
8747,2916,REPORTS_TO
8748,2916,REPORTS_TO
8749,2916,REPORTS_TO
8750,2917,REPORTS_TO
8751,2917,REPORTS_TO
8752,2917,REPORTS_TO
8753,2918,REPORTS_TO
8754,2918,REPORTS_TO
8755,2918,REPORTS_TO
8756,2919,REPORTS_TO
8757,2919,REPORTS_TO
8758,2919,REPORTS_TO
8759,2920,REPORTS_TO
8760,2920,REPORTS_TO
8761,2920,REPORTS_TO
8762,2921,REPORTS_TO
8763,2921,REPORTS_TO
8764,2921,REPORTS_TO
8765,2922,REPORTS_TO
8766,2922,REPORTS_TO
8767,2922,REPORTS_TO
8768,2923,REPORTS_TO
8769,2923,REPORTS_TO
8770,2923,REPORTS_TO
8771,2924,REPORTS_TO
8772,2924,REPORTS_TO
8773,2924,REPORTS_TO
8774,2925,REPORTS_TO
8775,2925,REPORTS_TO
8776,2925,REPORTS_TO
8777,2926,REPORTS_TO
8778,2926,REPORTS_TO
8779,2926,REPORTS_TO
8780,2927,REPORTS_TO
8781,2927,REPORTS_TO
8782,2927,REPORTS_TO
8783,2928,REPORTS_TO
8784,2928,REPORTS_TO
8785,2928,REPORTS_TO
8786,2929,REPORTS_TO
8787,2929,REPORTS_TO
8788,2929,REPORTS_TO
8789,2930,REPORTS_TO
8790,2930,REPORTS_TO
8791,2930,REPORTS_TO
8792,2931,REPORTS_TO
8793,2931,REPORTS_TO
8794,2931,REPORTS_TO
8795,2932,REPORTS_TO
8796,2932,REPORTS_TO
8797,2932,REPORTS_TO
8798,2933,REPORTS_TO
8799,2933,REPORTS_TO
8800,2933,REPORTS_TO
8801,2934,REPORTS_TO
8802,2934,REPORTS_TO
8803,2934,REPORTS_TO
8804,2935,REPORTS_TO
8805,2935,REPORTS_TO
8806,2935,REPORTS_TO
8807,2936,REPORTS_TO
8808,2936,REPORTS_TO
8809,2936,REPORTS_TO
8810,2937,REPORTS_TO
8811,2937,REPORTS_TO
8812,2937,REPORTS_TO
8813,2938,REPORTS_TO
8814,2938,REPORTS_TO
8815,2938,REPORTS_TO
8816,2939,REPORTS_TO
8817,2939,REPORTS_TO
8818,2939,REPORTS_TO
8819,2940,REPORTS_TO
8820,2940,REPORTS_TO
8821,2940,REPORTS_TO
8822,2941,REPORTS_TO
8823,2941,REPORTS_TO
8824,2941,REPORTS_TO
8825,2942,REPORTS_TO
8826,2942,REPORTS_TO
8827,2942,REPORTS_TO
8828,2943,REPORTS_TO
8829,2943,REPORTS_TO
8830,2943,REPORTS_TO
8831,2944,REPORTS_TO
8832,2944,REPORTS_TO
8833,2944,REPORTS_TO
8834,2945,REPORTS_TO
8835,2945,REPORTS_TO
8836,2945,REPORTS_TO
8837,2946,REPORTS_TO
8838,2946,REPORTS_TO
8839,2946,REPORTS_TO
8840,2947,REPORTS_TO
8841,2947,REPORTS_TO
8842,2947,REPORTS_TO
8843,2948,REPORTS_TO
8844,2948,REPORTS_TO
8845,2948,REPORTS_TO
8846,2949,REPORTS_TO
8847,2949,REPORTS_TO
8848,2949,REPORTS_TO
8849,2950,REPORTS_TO
8850,2950,REPORTS_TO
8851,2950,REPORTS_TO
8852,2951,REPORTS_TO
8853,2951,REPORTS_TO
8854,2951,REPORTS_TO
8855,2952,REPORTS_TO
8856,2952,REPORTS_TO
8857,2952,REPORTS_TO
8858,2953,REPORTS_TO
8859,2953,REPORTS_TO
8860,2953,REPORTS_TO
8861,2954,REPORTS_TO
8862,2954,REPORTS_TO
8863,2954,REPORTS_TO
8864,2955,REPORTS_TO
8865,2955,REPORTS_TO
8866,2955,REPORTS_TO
8867,2956,REPORTS_TO
8868,2956,REPORTS_TO
8869,2956,REPORTS_TO
8870,2957,REPORTS_TO
8871,2957,REPORTS_TO
8872,2957,REPORTS_TO
8873,2958,REPORTS_TO
8874,2958,REPORTS_TO
8875,2958,REPORTS_TO
8876,2959,REPORTS_TO
8877,2959,REPORTS_TO
8878,2959,REPORTS_TO
8879,2960,REPORTS_TO
8880,2960,REPORTS_TO
8881,2960,REPORTS_TO
8882,2961,REPORTS_TO
8883,2961,REPORTS_TO
8884,2961,REPORTS_TO
8885,2962,REPORTS_TO
8886,2962,REPORTS_TO
8887,2962,REPORTS_TO
8888,2963,REPORTS_TO
8889,2963,REPORTS_TO
8890,2963,REPORTS_TO
8891,2964,REPORTS_TO
8892,2964,REPORTS_TO
8893,2964,REPORTS_TO
8894,2965,REPORTS_TO
8895,2965,REPORTS_TO
8896,2965,REPORTS_TO
8897,2966,REPORTS_TO
8898,2966,REPORTS_TO
8899,2966,REPORTS_TO
8900,2967,REPORTS_TO
8901,2967,REPORTS_TO
8902,2967,REPORTS_TO
8903,2968,REPORTS_TO
8904,2968,REPORTS_TO
8905,2968,REPORTS_TO
8906,2969,REPORTS_TO
8907,2969,REPORTS_TO
8908,2969,REPORTS_TO
8909,2970,REPORTS_TO
8910,2970,REPORTS_TO
8911,2970,REPORTS_TO
8912,2971,REPORTS_TO
8913,2971,REPORTS_TO
8914,2971,REPORTS_TO
8915,2972,REPORTS_TO
8916,2972,REPORTS_TO
8917,2972,REPORTS_TO
8918,2973,REPORTS_TO
8919,2973,REPORTS_TO
8920,2973,REPORTS_TO
8921,2974,REPORTS_TO
8922,2974,REPORTS_TO
8923,2974,REPORTS_TO
8924,2975,REPORTS_TO
8925,2975,REPORTS_TO
8926,2975,REPORTS_TO
8927,2976,REPORTS_TO
8928,2976,REPORTS_TO
8929,2976,REPORTS_TO
8930,2977,REPORTS_TO
8931,2977,REPORTS_TO
8932,2977,REPORTS_TO
8933,2978,REPORTS_TO
8934,2978,REPORTS_TO
8935,2978,REPORTS_TO
8936,2979,REPORTS_TO
8937,2979,REPORTS_TO
8938,2979,REPORTS_TO
8939,2980,REPORTS_TO
8940,2980,REPORTS_TO
8941,2980,REPORTS_TO
8942,2981,REPORTS_TO
8943,2981,REPORTS_TO
8944,2981,REPORTS_TO
8945,2982,REPORTS_TO
8946,2982,REPORTS_TO
8947,2982,REPORTS_TO
8948,2983,REPORTS_TO
8949,2983,REPORTS_TO
8950,2983,REPORTS_TO
8951,2984,REPORTS_TO
8952,2984,REPORTS_TO
8953,2984,REPORTS_TO
8954,2985,REPORTS_TO
8955,2985,REPORTS_TO
8956,2985,REPORTS_TO
8957,2986,REPORTS_TO
8958,2986,REPORTS_TO
8959,2986,REPORTS_TO
8960,2987,REPORTS_TO
8961,2987,REPORTS_TO
8962,2987,REPORTS_TO
8963,2988,REPORTS_TO
8964,2988,REPORTS_TO
8965,2988,REPORTS_TO
8966,2989,REPORTS_TO
8967,2989,REPORTS_TO
8968,2989,REPORTS_TO
8969,2990,REPORTS_TO
8970,2990,REPORTS_TO
8971,2990,REPORTS_TO
8972,2991,REPORTS_TO
8973,2991,REPORTS_TO
8974,2991,REPORTS_TO
8975,2992,REPORTS_TO
8976,2992,REPORTS_TO
8977,2992,REPORTS_TO
8978,2993,REPORTS_TO
8979,2993,REPORTS_TO
8980,2993,REPORTS_TO
8981,2994,REPORTS_TO
8982,2994,REPORTS_TO
8983,2994,REPORTS_TO
8984,2995,REPORTS_TO
8985,2995,REPORTS_TO
8986,2995,REPORTS_TO
8987,2996,REPORTS_TO
8988,2996,REPORTS_TO
8989,2996,REPORTS_TO
8990,2997,REPORTS_TO
8991,2997,REPORTS_TO
8992,2997,REPORTS_TO
8993,2998,REPORTS_TO
8994,2998,REPORTS_TO
8995,2998,REPORTS_TO
8996,2999,REPORTS_TO
8997,2999,REPORTS_TO
8998,2999,REPORTS_TO
8999,3000,REPORTS_TO
9000,3000,REPORTS_TO
9001,3000,REPORTS_TO
9002,3001,REPORTS_TO
9003,3001,REPORTS_TO
9004,3001,REPORTS_TO
9005,3002,REPORTS_TO
9006,3002,REPORTS_TO
9007,3002,REPORTS_TO
9008,3003,REPORTS_TO
9009,3003,REPORTS_TO
9010,3003,REPORTS_TO
9011,3004,REPORTS_TO
9012,3004,REPORTS_TO
9013,3004,REPORTS_TO
9014,3005,REPORTS_TO
9015,3005,REPORTS_TO
9016,3005,REPORTS_TO
9017,3006,REPORTS_TO
9018,3006,REPORTS_TO
9019,3006,REPORTS_TO
9020,3007,REPORTS_TO
9021,3007,REPORTS_TO
9022,3007,REPORTS_TO
9023,3008,REPORTS_TO
9024,3008,REPORTS_TO
9025,3008,REPORTS_TO
9026,3009,REPORTS_TO
9027,3009,REPORTS_TO
9028,3009,REPORTS_TO
9029,3010,REPORTS_TO
9030,3010,REPORTS_TO
9031,3010,REPORTS_TO
9032,3011,REPORTS_TO
9033,3011,REPORTS_TO
9034,3011,REPORTS_TO
9035,3012,REPORTS_TO
9036,3012,REPORTS_TO
9037,3012,REPORTS_TO
9038,3013,REPORTS_TO
9039,3013,REPORTS_TO
9040,3013,REPORTS_TO
9041,3014,REPORTS_TO
9042,3014,REPORTS_TO
9043,3014,REPORTS_TO
9044,3015,REPORTS_TO
9045,3015,REPORTS_TO
9046,3015,REPORTS_TO
9047,3016,REPORTS_TO
9048,3016,REPORTS_TO
9049,3016,REPORTS_TO
9050,3017,REPORTS_TO
9051,3017,REPORTS_TO
9052,3017,REPORTS_TO
9053,3018,REPORTS_TO
9054,3018,REPORTS_TO
9055,3018,REPORTS_TO
9056,3019,REPORTS_TO
9057,3019,REPORTS_TO
9058,3019,REPORTS_TO
9059,3020,REPORTS_TO
9060,3020,REPORTS_TO
9061,3020,REPORTS_TO
9062,3021,REPORTS_TO
9063,3021,REPORTS_TO
9064,3021,REPORTS_TO
9065,3022,REPORTS_TO
9066,3022,REPORTS_TO
9067,3022,REPORTS_TO
9068,3023,REPORTS_TO
9069,3023,REPORTS_TO
9070,3023,REPORTS_TO
9071,3024,REPORTS_TO
9072,3024,REPORTS_TO
9073,3024,REPORTS_TO
9074,3025,REPORTS_TO
9075,3025,REPORTS_TO
9076,3025,REPORTS_TO
9077,3026,REPORTS_TO
9078,3026,REPORTS_TO
9079,3026,REPORTS_TO
9080,3027,REPORTS_TO
9081,3027,REPORTS_TO
9082,3027,REPORTS_TO
9083,3028,REPORTS_TO
9084,3028,REPORTS_TO
9085,3028,REPORTS_TO
9086,3029,REPORTS_TO
9087,3029,REPORTS_TO
9088,3029,REPORTS_TO
9089,3030,REPORTS_TO
9090,3030,REPORTS_TO
9091,3030,REPORTS_TO
9092,3031,REPORTS_TO
9093,3031,REPORTS_TO
9094,3031,REPORTS_TO
9095,3032,REPORTS_TO
9096,3032,REPORTS_TO
9097,3032,REPORTS_TO
9098,3033,REPORTS_TO
9099,3033,REPORTS_TO
9100,3033,REPORTS_TO
9101,3034,REPORTS_TO
9102,3034,REPORTS_TO
9103,3034,REPORTS_TO
9104,3035,REPORTS_TO
9105,3035,REPORTS_TO
9106,3035,REPORTS_TO
9107,3036,REPORTS_TO
9108,3036,REPORTS_TO
9109,3036,REPORTS_TO
9110,3037,REPORTS_TO
9111,3037,REPORTS_TO
9112,3037,REPORTS_TO
9113,3038,REPORTS_TO
9114,3038,REPORTS_TO
9115,3038,REPORTS_TO
9116,3039,REPORTS_TO
9117,3039,REPORTS_TO
9118,3039,REPORTS_TO
9119,3040,REPORTS_TO
9120,3040,REPORTS_TO
9121,3040,REPORTS_TO
9122,3041,REPORTS_TO
9123,3041,REPORTS_TO
9124,3041,REPORTS_TO
9125,3042,REPORTS_TO
9126,3042,REPORTS_TO
9127,3042,REPORTS_TO
9128,3043,REPORTS_TO
9129,3043,REPORTS_TO
9130,3043,REPORTS_TO
9131,3044,REPORTS_TO
9132,3044,REPORTS_TO
9133,3044,REPORTS_TO
9134,3045,REPORTS_TO
9135,3045,REPORTS_TO
9136,3045,REPORTS_TO
9137,3046,REPORTS_TO
9138,3046,REPORTS_TO
9139,3046,REPORTS_TO
9140,3047,REPORTS_TO
9141,3047,REPORTS_TO
9142,3047,REPORTS_TO
9143,3048,REPORTS_TO
9144,3048,REPORTS_TO
9145,3048,REPORTS_TO
9146,3049,REPORTS_TO
9147,3049,REPORTS_TO
9148,3049,REPORTS_TO
9149,3050,REPORTS_TO
9150,3050,REPORTS_TO
9151,3050,REPORTS_TO
9152,3051,REPORTS_TO
9153,3051,REPORTS_TO
9154,3051,REPORTS_TO
9155,3052,REPORTS_TO
9156,3052,REPORTS_TO
9157,3052,REPORTS_TO
9158,3053,REPORTS_TO
9159,3053,REPORTS_TO
9160,3053,REPORTS_TO
9161,3054,REPORTS_TO
9162,3054,REPORTS_TO
9163,3054,REPORTS_TO
9164,3055,REPORTS_TO
9165,3055,REPORTS_TO
9166,3055,REPORTS_TO
9167,3056,REPORTS_TO
9168,3056,REPORTS_TO
9169,3056,REPORTS_TO
9170,3057,REPORTS_TO
9171,3057,REPORTS_TO
9172,3057,REPORTS_TO
9173,3058,REPORTS_TO
9174,3058,REPORTS_TO
9175,3058,REPORTS_TO
9176,3059,REPORTS_TO
9177,3059,REPORTS_TO
9178,3059,REPORTS_TO
9179,3060,REPORTS_TO
9180,3060,REPORTS_TO
9181,3060,REPORTS_TO
9182,3061,REPORTS_TO
9183,3061,REPORTS_TO
9184,3061,REPORTS_TO
9185,3062,REPORTS_TO
9186,3062,REPORTS_TO
9187,3062,REPORTS_TO
9188,3063,REPORTS_TO
9189,3063,REPORTS_TO
9190,3063,REPORTS_TO
9191,3064,REPORTS_TO
9192,3064,REPORTS_TO
9193,3064,REPORTS_TO
9194,3065,REPORTS_TO
9195,3065,REPORTS_TO
9196,3065,REPORTS_TO
9197,3066,REPORTS_TO
9198,3066,REPORTS_TO
9199,3066,REPORTS_TO
9200,3067,REPORTS_TO
9201,3067,REPORTS_TO
9202,3067,REPORTS_TO
9203,3068,REPORTS_TO
9204,3068,REPORTS_TO
9205,3068,REPORTS_TO
9206,3069,REPORTS_TO
9207,3069,REPORTS_TO
9208,3069,REPORTS_TO
9209,3070,REPORTS_TO
9210,3070,REPORTS_TO
9211,3070,REPORTS_TO
9212,3071,REPORTS_TO
9213,3071,REPORTS_TO
9214,3071,REPORTS_TO
9215,3072,REPORTS_TO
9216,3072,REPORTS_TO
9217,3072,REPORTS_TO
9218,3073,REPORTS_TO
9219,3073,REPORTS_TO
9220,3073,REPORTS_TO
9221,3074,REPORTS_TO
9222,3074,REPORTS_TO
9223,3074,REPORTS_TO
9224,3075,REPORTS_TO
9225,3075,REPORTS_TO
9226,3075,REPORTS_TO
9227,3076,REPORTS_TO
9228,3076,REPORTS_TO
9229,3076,REPORTS_TO
9230,3077,REPORTS_TO
9231,3077,REPORTS_TO
9232,3077,REPORTS_TO
9233,3078,REPORTS_TO
9234,3078,REPORTS_TO
9235,3078,REPORTS_TO
9236,3079,REPORTS_TO
9237,3079,REPORTS_TO
9238,3079,REPORTS_TO
9239,3080,REPORTS_TO
9240,3080,REPORTS_TO
9241,3080,REPORTS_TO
9242,3081,REPORTS_TO
9243,3081,REPORTS_TO
9244,3081,REPORTS_TO
9245,3082,REPORTS_TO
9246,3082,REPORTS_TO
9247,3082,REPORTS_TO
9248,3083,REPORTS_TO
9249,3083,REPORTS_TO
9250,3083,REPORTS_TO
9251,3084,REPORTS_TO
9252,3084,REPORTS_TO
9253,3084,REPORTS_TO
9254,3085,REPORTS_TO
9255,3085,REPORTS_TO
9256,3085,REPORTS_TO
9257,3086,REPORTS_TO
9258,3086,REPORTS_TO
9259,3086,REPORTS_TO
9260,3087,REPORTS_TO
9261,3087,REPORTS_TO
9262,3087,REPORTS_TO
9263,3088,REPORTS_TO
9264,3088,REPORTS_TO
9265,3088,REPORTS_TO
9266,3089,REPORTS_TO
9267,3089,REPORTS_TO
9268,3089,REPORTS_TO
9269,3090,REPORTS_TO
9270,3090,REPORTS_TO
9271,3090,REPORTS_TO
9272,3091,REPORTS_TO
9273,3091,REPORTS_TO
9274,3091,REPORTS_TO
9275,3092,REPORTS_TO
9276,3092,REPORTS_TO
9277,3092,REPORTS_TO
9278,3093,REPORTS_TO
9279,3093,REPORTS_TO
9280,3093,REPORTS_TO
9281,3094,REPORTS_TO
9282,3094,REPORTS_TO
9283,3094,REPORTS_TO
9284,3095,REPORTS_TO
9285,3095,REPORTS_TO
9286,3095,REPORTS_TO
9287,3096,REPORTS_TO
9288,3096,REPORTS_TO
9289,3096,REPORTS_TO
9290,3097,REPORTS_TO
9291,3097,REPORTS_TO
9292,3097,REPORTS_TO
9293,3098,REPORTS_TO
9294,3098,REPORTS_TO
9295,3098,REPORTS_TO
9296,3099,REPORTS_TO
9297,3099,REPORTS_TO
9298,3099,REPORTS_TO
9299,3100,REPORTS_TO
9300,3100,REPORTS_TO
9301,3100,REPORTS_TO
9302,3101,REPORTS_TO
9303,3101,REPORTS_TO
9304,3101,REPORTS_TO
9305,3102,REPORTS_TO
9306,3102,REPORTS_TO
9307,3102,REPORTS_TO
9308,3103,REPORTS_TO
9309,3103,REPORTS_TO
9310,3103,REPORTS_TO
9311,3104,REPORTS_TO
9312,3104,REPORTS_TO
9313,3104,REPORTS_TO
9314,3105,REPORTS_TO
9315,3105,REPORTS_TO
9316,3105,REPORTS_TO
9317,3106,REPORTS_TO
9318,3106,REPORTS_TO
9319,3106,REPORTS_TO
9320,3107,REPORTS_TO
9321,3107,REPORTS_TO
9322,3107,REPORTS_TO
9323,3108,REPORTS_TO
9324,3108,REPORTS_TO
9325,3108,REPORTS_TO
9326,3109,REPORTS_TO
9327,3109,REPORTS_TO
9328,3109,REPORTS_TO
9329,3110,REPORTS_TO
9330,3110,REPORTS_TO
9331,3110,REPORTS_TO
9332,3111,REPORTS_TO
9333,3111,REPORTS_TO
9334,3111,REPORTS_TO
9335,3112,REPORTS_TO
9336,3112,REPORTS_TO
9337,3112,REPORTS_TO
9338,3113,REPORTS_TO
9339,3113,REPORTS_TO
9340,3113,REPORTS_TO
9341,3114,REPORTS_TO
9342,3114,REPORTS_TO
9343,3114,REPORTS_TO
9344,3115,REPORTS_TO
9345,3115,REPORTS_TO
9346,3115,REPORTS_TO
9347,3116,REPORTS_TO
9348,3116,REPORTS_TO
9349,3116,REPORTS_TO
9350,3117,REPORTS_TO
9351,3117,REPORTS_TO
9352,3117,REPORTS_TO
9353,3118,REPORTS_TO
9354,3118,REPORTS_TO
9355,3118,REPORTS_TO
9356,3119,REPORTS_TO
9357,3119,REPORTS_TO
9358,3119,REPORTS_TO
9359,3120,REPORTS_TO
9360,3120,REPORTS_TO
9361,3120,REPORTS_TO
9362,3121,REPORTS_TO
9363,3121,REPORTS_TO
9364,3121,REPORTS_TO
9365,3122,REPORTS_TO
9366,3122,REPORTS_TO
9367,3122,REPORTS_TO
9368,3123,REPORTS_TO
9369,3123,REPORTS_TO
9370,3123,REPORTS_TO
9371,3124,REPORTS_TO
9372,3124,REPORTS_TO
9373,3124,REPORTS_TO
9374,3125,REPORTS_TO
9375,3125,REPORTS_TO
9376,3125,REPORTS_TO
9377,3126,REPORTS_TO
9378,3126,REPORTS_TO
9379,3126,REPORTS_TO
9380,3127,REPORTS_TO
9381,3127,REPORTS_TO
9382,3127,REPORTS_TO
9383,3128,REPORTS_TO
9384,3128,REPORTS_TO
9385,3128,REPORTS_TO
9386,3129,REPORTS_TO
9387,3129,REPORTS_TO
9388,3129,REPORTS_TO
9389,3130,REPORTS_TO
9390,3130,REPORTS_TO
9391,3130,REPORTS_TO
9392,3131,REPORTS_TO
9393,3131,REPORTS_TO
9394,3131,REPORTS_TO
9395,3132,REPORTS_TO
9396,3132,REPORTS_TO
9397,3132,REPORTS_TO
9398,3133,REPORTS_TO
9399,3133,REPORTS_TO
9400,3133,REPORTS_TO
9401,3134,REPORTS_TO
9402,3134,REPORTS_TO
9403,3134,REPORTS_TO
9404,3135,REPORTS_TO
9405,3135,REPORTS_TO
9406,3135,REPORTS_TO
9407,3136,REPORTS_TO
9408,3136,REPORTS_TO
9409,3136,REPORTS_TO
9410,3137,REPORTS_TO
9411,3137,REPORTS_TO
9412,3137,REPORTS_TO
9413,3138,REPORTS_TO
9414,3138,REPORTS_TO
9415,3138,REPORTS_TO
9416,3139,REPORTS_TO
9417,3139,REPORTS_TO
9418,3139,REPORTS_TO
9419,3140,REPORTS_TO
9420,3140,REPORTS_TO
9421,3140,REPORTS_TO
9422,3141,REPORTS_TO
9423,3141,REPORTS_TO
9424,3141,REPORTS_TO
9425,3142,REPORTS_TO
9426,3142,REPORTS_TO
9427,3142,REPORTS_TO
9428,3143,REPORTS_TO
9429,3143,REPORTS_TO
9430,3143,REPORTS_TO
9431,3144,REPORTS_TO
9432,3144,REPORTS_TO
9433,3144,REPORTS_TO
9434,3145,REPORTS_TO
9435,3145,REPORTS_TO
9436,3145,REPORTS_TO
9437,3146,REPORTS_TO
9438,3146,REPORTS_TO
9439,3146,REPORTS_TO
9440,3147,REPORTS_TO
9441,3147,REPORTS_TO
9442,3147,REPORTS_TO
9443,3148,REPORTS_TO
9444,3148,REPORTS_TO
9445,3148,REPORTS_TO
9446,3149,REPORTS_TO
9447,3149,REPORTS_TO
9448,3149,REPORTS_TO
9449,3150,REPORTS_TO
9450,3150,REPORTS_TO
9451,3150,REPORTS_TO
9452,3151,REPORTS_TO
9453,3151,REPORTS_TO
9454,3151,REPORTS_TO
9455,3152,REPORTS_TO
9456,3152,REPORTS_TO
9457,3152,REPORTS_TO
9458,3153,REPORTS_TO
9459,3153,REPORTS_TO
9460,3153,REPORTS_TO
9461,3154,REPORTS_TO
9462,3154,REPORTS_TO
9463,3154,REPORTS_TO
9464,3155,REPORTS_TO
9465,3155,REPORTS_TO
9466,3155,REPORTS_TO
9467,3156,REPORTS_TO
9468,3156,REPORTS_TO
9469,3156,REPORTS_TO
9470,3157,REPORTS_TO
9471,3157,REPORTS_TO
9472,3157,REPORTS_TO
9473,3158,REPORTS_TO
9474,3158,REPORTS_TO
9475,3158,REPORTS_TO
9476,3159,REPORTS_TO
9477,3159,REPORTS_TO
9478,3159,REPORTS_TO
9479,3160,REPORTS_TO
9480,3160,REPORTS_TO
9481,3160,REPORTS_TO
9482,3161,REPORTS_TO
9483,3161,REPORTS_TO
9484,3161,REPORTS_TO
9485,3162,REPORTS_TO
9486,3162,REPORTS_TO
9487,3162,REPORTS_TO
9488,3163,REPORTS_TO
9489,3163,REPORTS_TO
9490,3163,REPORTS_TO
9491,3164,REPORTS_TO
9492,3164,REPORTS_TO
9493,3164,REPORTS_TO
9494,3165,REPORTS_TO
9495,3165,REPORTS_TO
9496,3165,REPORTS_TO
9497,3166,REPORTS_TO
9498,3166,REPORTS_TO
9499,3166,REPORTS_TO
9500,3167,REPORTS_TO
9501,3167,REPORTS_TO
9502,3167,REPORTS_TO
9503,3168,REPORTS_TO
9504,3168,REPORTS_TO
9505,3168,REPORTS_TO
9506,3169,REPORTS_TO
9507,3169,REPORTS_TO
9508,3169,REPORTS_TO
9509,3170,REPORTS_TO
9510,3170,REPORTS_TO
9511,3170,REPORTS_TO
9512,3171,REPORTS_TO
9513,3171,REPORTS_TO
9514,3171,REPORTS_TO
9515,3172,REPORTS_TO
9516,3172,REPORTS_TO
9517,3172,REPORTS_TO
9518,3173,REPORTS_TO
9519,3173,REPORTS_TO
9520,3173,REPORTS_TO
9521,3174,REPORTS_TO
9522,3174,REPORTS_TO
9523,3174,REPORTS_TO
9524,3175,REPORTS_TO
9525,3175,REPORTS_TO
9526,3175,REPORTS_TO
9527,3176,REPORTS_TO
9528,3176,REPORTS_TO
9529,3176,REPORTS_TO
9530,3177,REPORTS_TO
9531,3177,REPORTS_TO
9532,3177,REPORTS_TO
9533,3178,REPORTS_TO
9534,3178,REPORTS_TO
9535,3178,REPORTS_TO
9536,3179,REPORTS_TO
9537,3179,REPORTS_TO
9538,3179,REPORTS_TO
9539,3180,REPORTS_TO
9540,3180,REPORTS_TO
9541,3180,REPORTS_TO
9542,3181,REPORTS_TO
9543,3181,REPORTS_TO
9544,3181,REPORTS_TO
9545,3182,REPORTS_TO
9546,3182,REPORTS_TO
9547,3182,REPORTS_TO
9548,3183,REPORTS_TO
9549,3183,REPORTS_TO
9550,3183,REPORTS_TO
9551,3184,REPORTS_TO
9552,3184,REPORTS_TO
9553,3184,REPORTS_TO
9554,3185,REPORTS_TO
9555,3185,REPORTS_TO
9556,3185,REPORTS_TO
9557,3186,REPORTS_TO
9558,3186,REPORTS_TO
9559,3186,REPORTS_TO
9560,3187,REPORTS_TO
9561,3187,REPORTS_TO
9562,3187,REPORTS_TO
9563,3188,REPORTS_TO
9564,3188,REPORTS_TO
9565,3188,REPORTS_TO
9566,3189,REPORTS_TO
9567,3189,REPORTS_TO
9568,3189,REPORTS_TO
9569,3190,REPORTS_TO
9570,3190,REPORTS_TO
9571,3190,REPORTS_TO
9572,3191,REPORTS_TO
9573,3191,REPORTS_TO
9574,3191,REPORTS_TO
9575,3192,REPORTS_TO
9576,3192,REPORTS_TO
9577,3192,REPORTS_TO
9578,3193,REPORTS_TO
9579,3193,REPORTS_TO
9580,3193,REPORTS_TO
9581,3194,REPORTS_TO
9582,3194,REPORTS_TO
9583,3194,REPORTS_TO
9584,3195,REPORTS_TO
9585,3195,REPORTS_TO
9586,3195,REPORTS_TO
9587,3196,REPORTS_TO
9588,3196,REPORTS_TO
9589,3196,REPORTS_TO
9590,3197,REPORTS_TO
9591,3197,REPORTS_TO
9592,3197,REPORTS_TO
9593,3198,REPORTS_TO
9594,3198,REPORTS_TO
9595,3198,REPORTS_TO
9596,3199,REPORTS_TO
9597,3199,REPORTS_TO
9598,3199,REPORTS_TO
9599,3200,REPORTS_TO
9600,3200,REPORTS_TO
9601,3200,REPORTS_TO
9602,3201,REPORTS_TO
9603,3201,REPORTS_TO
9604,3201,REPORTS_TO
9605,3202,REPORTS_TO
9606,3202,REPORTS_TO
9607,3202,REPORTS_TO
9608,3203,REPORTS_TO
9609,3203,REPORTS_TO
9610,3203,REPORTS_TO
9611,3204,REPORTS_TO
9612,3204,REPORTS_TO
9613,3204,REPORTS_TO
9614,3205,REPORTS_TO
9615,3205,REPORTS_TO
9616,3205,REPORTS_TO
9617,3206,REPORTS_TO
9618,3206,REPORTS_TO
9619,3206,REPORTS_TO
9620,3207,REPORTS_TO
9621,3207,REPORTS_TO
9622,3207,REPORTS_TO
9623,3208,REPORTS_TO
9624,3208,REPORTS_TO
9625,3208,REPORTS_TO
9626,3209,REPORTS_TO
9627,3209,REPORTS_TO
9628,3209,REPORTS_TO
9629,3210,REPORTS_TO
9630,3210,REPORTS_TO
9631,3210,REPORTS_TO
9632,3211,REPORTS_TO
9633,3211,REPORTS_TO
9634,3211,REPORTS_TO
9635,3212,REPORTS_TO
9636,3212,REPORTS_TO
9637,3212,REPORTS_TO
9638,3213,REPORTS_TO
9639,3213,REPORTS_TO
9640,3213,REPORTS_TO
9641,3214,REPORTS_TO
9642,3214,REPORTS_TO
9643,3214,REPORTS_TO
9644,3215,REPORTS_TO
9645,3215,REPORTS_TO
9646,3215,REPORTS_TO
9647,3216,REPORTS_TO
9648,3216,REPORTS_TO
9649,3216,REPORTS_TO
9650,3217,REPORTS_TO
9651,3217,REPORTS_TO
9652,3217,REPORTS_TO
9653,3218,REPORTS_TO
9654,3218,REPORTS_TO
9655,3218,REPORTS_TO
9656,3219,REPORTS_TO
9657,3219,REPORTS_TO
9658,3219,REPORTS_TO
9659,3220,REPORTS_TO
9660,3220,REPORTS_TO
9661,3220,REPORTS_TO
9662,3221,REPORTS_TO
9663,3221,REPORTS_TO
9664,3221,REPORTS_TO
9665,3222,REPORTS_TO
9666,3222,REPORTS_TO
9667,3222,REPORTS_TO
9668,3223,REPORTS_TO
9669,3223,REPORTS_TO
9670,3223,REPORTS_TO
9671,3224,REPORTS_TO
9672,3224,REPORTS_TO
9673,3224,REPORTS_TO
9674,3225,REPORTS_TO
9675,3225,REPORTS_TO
9676,3225,REPORTS_TO
9677,3226,REPORTS_TO
9678,3226,REPORTS_TO
9679,3226,REPORTS_TO
9680,3227,REPORTS_TO
9681,3227,REPORTS_TO
9682,3227,REPORTS_TO
9683,3228,REPORTS_TO
9684,3228,REPORTS_TO
9685,3228,REPORTS_TO
9686,3229,REPORTS_TO
9687,3229,REPORTS_TO
9688,3229,REPORTS_TO
9689,3230,REPORTS_TO
9690,3230,REPORTS_TO
9691,3230,REPORTS_TO
9692,3231,REPORTS_TO
9693,3231,REPORTS_TO
9694,3231,REPORTS_TO
9695,3232,REPORTS_TO
9696,3232,REPORTS_TO
9697,3232,REPORTS_TO
9698,3233,REPORTS_TO
9699,3233,REPORTS_TO
9700,3233,REPORTS_TO
9701,3234,REPORTS_TO
9702,3234,REPORTS_TO
9703,3234,REPORTS_TO
9704,3235,REPORTS_TO
9705,3235,REPORTS_TO
9706,3235,REPORTS_TO
9707,3236,REPORTS_TO
9708,3236,REPORTS_TO
9709,3236,REPORTS_TO
9710,3237,REPORTS_TO
9711,3237,REPORTS_TO
9712,3237,REPORTS_TO
9713,3238,REPORTS_TO
9714,3238,REPORTS_TO
9715,3238,REPORTS_TO
9716,3239,REPORTS_TO
9717,3239,REPORTS_TO
9718,3239,REPORTS_TO
9719,3240,REPORTS_TO
9720,3240,REPORTS_TO
9721,3240,REPORTS_TO
9722,3241,REPORTS_TO
9723,3241,REPORTS_TO
9724,3241,REPORTS_TO
9725,3242,REPORTS_TO
9726,3242,REPORTS_TO
9727,3242,REPORTS_TO
9728,3243,REPORTS_TO
9729,3243,REPORTS_TO
9730,3243,REPORTS_TO
9731,3244,REPORTS_TO
9732,3244,REPORTS_TO
9733,3244,REPORTS_TO
9734,3245,REPORTS_TO
9735,3245,REPORTS_TO
9736,3245,REPORTS_TO
9737,3246,REPORTS_TO
9738,3246,REPORTS_TO
9739,3246,REPORTS_TO
9740,3247,REPORTS_TO
9741,3247,REPORTS_TO
9742,3247,REPORTS_TO
9743,3248,REPORTS_TO
9744,3248,REPORTS_TO
9745,3248,REPORTS_TO
9746,3249,REPORTS_TO
9747,3249,REPORTS_TO
9748,3249,REPORTS_TO
9749,3250,REPORTS_TO
9750,3250,REPORTS_TO
9751,3250,REPORTS_TO
9752,3251,REPORTS_TO
9753,3251,REPORTS_TO
9754,3251,REPORTS_TO
9755,3252,REPORTS_TO
9756,3252,REPORTS_TO
9757,3252,REPORTS_TO
9758,3253,REPORTS_TO
9759,3253,REPORTS_TO
9760,3253,REPORTS_TO
9761,3254,REPORTS_TO
9762,3254,REPORTS_TO
9763,3254,REPORTS_TO
9764,3255,REPORTS_TO
9765,3255,REPORTS_TO
9766,3255,REPORTS_TO
9767,3256,REPORTS_TO
9768,3256,REPORTS_TO
9769,3256,REPORTS_TO
9770,3257,REPORTS_TO
9771,3257,REPORTS_TO
9772,3257,REPORTS_TO
9773,3258,REPORTS_TO
9774,3258,REPORTS_TO
9775,3258,REPORTS_TO
9776,3259,REPORTS_TO
9777,3259,REPORTS_TO
9778,3259,REPORTS_TO
9779,3260,REPORTS_TO
9780,3260,REPORTS_TO
9781,3260,REPORTS_TO
9782,3261,REPORTS_TO
9783,3261,REPORTS_TO
9784,3261,REPORTS_TO
9785,3262,REPORTS_TO
9786,3262,REPORTS_TO
9787,3262,REPORTS_TO
9788,3263,REPORTS_TO
9789,3263,REPORTS_TO
9790,3263,REPORTS_TO
9791,3264,REPORTS_TO
9792,3264,REPORTS_TO
9793,3264,REPORTS_TO
9794,3265,REPORTS_TO
9795,3265,REPORTS_TO
9796,3265,REPORTS_TO
9797,3266,REPORTS_TO
9798,3266,REPORTS_TO
9799,3266,REPORTS_TO
9800,3267,REPORTS_TO
9801,3267,REPORTS_TO
9802,3267,REPORTS_TO
9803,3268,REPORTS_TO
9804,3268,REPORTS_TO
9805,3268,REPORTS_TO
9806,3269,REPORTS_TO
9807,3269,REPORTS_TO
9808,3269,REPORTS_TO
9809,3270,REPORTS_TO
9810,3270,REPORTS_TO
9811,3270,REPORTS_TO
9812,3271,REPORTS_TO
9813,3271,REPORTS_TO
9814,3271,REPORTS_TO
9815,3272,REPORTS_TO
9816,3272,REPORTS_TO
9817,3272,REPORTS_TO
9818,3273,REPORTS_TO
9819,3273,REPORTS_TO
9820,3273,REPORTS_TO
9821,3274,REPORTS_TO
9822,3274,REPORTS_TO
9823,3274,REPORTS_TO
9824,3275,REPORTS_TO
9825,3275,REPORTS_TO
9826,3275,REPORTS_TO
9827,3276,REPORTS_TO
9828,3276,REPORTS_TO
9829,3276,REPORTS_TO
9830,3277,REPORTS_TO
9831,3277,REPORTS_TO
9832,3277,REPORTS_TO
9833,3278,REPORTS_TO
9834,3278,REPORTS_TO
9835,3278,REPORTS_TO
9836,3279,REPORTS_TO
9837,3279,REPORTS_TO
9838,3279,REPORTS_TO
9839,3280,REPORTS_TO
9840,3280,REPORTS_TO
9841,3280,REPORTS_TO
9842,3281,REPORTS_TO
9843,3281,REPORTS_TO
9844,3281,REPORTS_TO
9845,3282,REPORTS_TO
9846,3282,REPORTS_TO
9847,3282,REPORTS_TO
9848,3283,REPORTS_TO
9849,3283,REPORTS_TO
9850,3283,REPORTS_TO
9851,3284,REPORTS_TO
9852,3284,REPORTS_TO
9853,3284,REPORTS_TO
9854,3285,REPORTS_TO
9855,3285,REPORTS_TO
9856,3285,REPORTS_TO
9857,3286,REPORTS_TO
9858,3286,REPORTS_TO
9859,3286,REPORTS_TO
9860,3287,REPORTS_TO
9861,3287,REPORTS_TO
9862,3287,REPORTS_TO
9863,3288,REPORTS_TO
9864,3288,REPORTS_TO
9865,3288,REPORTS_TO
9866,3289,REPORTS_TO
9867,3289,REPORTS_TO
9868,3289,REPORTS_TO
9869,3290,REPORTS_TO
9870,3290,REPORTS_TO
9871,3290,REPORTS_TO
9872,3291,REPORTS_TO
9873,3291,REPORTS_TO
9874,3291,REPORTS_TO
9875,3292,REPORTS_TO
9876,3292,REPORTS_TO
9877,3292,REPORTS_TO
9878,3293,REPORTS_TO
9879,3293,REPORTS_TO
9880,3293,REPORTS_TO
9881,3294,REPORTS_TO
9882,3294,REPORTS_TO
9883,3294,REPORTS_TO
9884,3295,REPORTS_TO
9885,3295,REPORTS_TO
9886,3295,REPORTS_TO
9887,3296,REPORTS_TO
9888,3296,REPORTS_TO
9889,3296,REPORTS_TO
9890,3297,REPORTS_TO
9891,3297,REPORTS_TO
9892,3297,REPORTS_TO
9893,3298,REPORTS_TO
9894,3298,REPORTS_TO
9895,3298,REPORTS_TO
9896,3299,REPORTS_TO
9897,3299,REPORTS_TO
9898,3299,REPORTS_TO
9899,3300,REPORTS_TO
9900,3300,REPORTS_TO
9901,3300,REPORTS_TO
9902,3301,REPORTS_TO
9903,3301,REPORTS_TO
9904,3301,REPORTS_TO
9905,3302,REPORTS_TO
9906,3302,REPORTS_TO
9907,3302,REPORTS_TO
9908,3303,REPORTS_TO
9909,3303,REPORTS_TO
9910,3303,REPORTS_TO
9911,3304,REPORTS_TO
9912,3304,REPORTS_TO
9913,3304,REPORTS_TO
9914,3305,REPORTS_TO
9915,3305,REPORTS_TO
9916,3305,REPORTS_TO
9917,3306,REPORTS_TO
9918,3306,REPORTS_TO
9919,3306,REPORTS_TO
9920,3307,REPORTS_TO
9921,3307,REPORTS_TO
9922,3307,REPORTS_TO
9923,3308,REPORTS_TO
9924,3308,REPORTS_TO
9925,3308,REPORTS_TO
9926,3309,REPORTS_TO
9927,3309,REPORTS_TO
9928,3309,REPORTS_TO
9929,3310,REPORTS_TO
9930,3310,REPORTS_TO
9931,3310,REPORTS_TO
9932,3311,REPORTS_TO
9933,3311,REPORTS_TO
9934,3311,REPORTS_TO
9935,3312,REPORTS_TO
9936,3312,REPORTS_TO
9937,3312,REPORTS_TO
9938,3313,REPORTS_TO
9939,3313,REPORTS_TO
9940,3313,REPORTS_TO
9941,3314,REPORTS_TO
9942,3314,REPORTS_TO
9943,3314,REPORTS_TO
9944,3315,REPORTS_TO
9945,3315,REPORTS_TO
9946,3315,REPORTS_TO
9947,3316,REPORTS_TO
9948,3316,REPORTS_TO
9949,3316,REPORTS_TO
9950,3317,REPORTS_TO
9951,3317,REPORTS_TO
9952,3317,REPORTS_TO
9953,3318,REPORTS_TO
9954,3318,REPORTS_TO
9955,3318,REPORTS_TO
9956,3319,REPORTS_TO
9957,3319,REPORTS_TO
9958,3319,REPORTS_TO
9959,3320,REPORTS_TO
9960,3320,REPORTS_TO
9961,3320,REPORTS_TO
9962,3321,REPORTS_TO
9963,3321,REPORTS_TO
9964,3321,REPORTS_TO
9965,3322,REPORTS_TO
9966,3322,REPORTS_TO
9967,3322,REPORTS_TO
9968,3323,REPORTS_TO
9969,3323,REPORTS_TO
9970,3323,REPORTS_TO
9971,3324,REPORTS_TO
9972,3324,REPORTS_TO
9973,3324,REPORTS_TO
9974,3325,REPORTS_TO
9975,3325,REPORTS_TO
9976,3325,REPORTS_TO
9977,3326,REPORTS_TO
9978,3326,REPORTS_TO
9979,3326,REPORTS_TO
9980,3327,REPORTS_TO
9981,3327,REPORTS_TO
9982,3327,REPORTS_TO
9983,3328,REPORTS_TO
9984,3328,REPORTS_TO
9985,3328,REPORTS_TO
9986,3329,REPORTS_TO
9987,3329,REPORTS_TO
9988,3329,REPORTS_TO
9989,3330,REPORTS_TO
9990,3330,REPORTS_TO
9991,3330,REPORTS_TO
9992,3331,REPORTS_TO
9993,3331,REPORTS_TO
9994,3331,REPORTS_TO
9995,3332,REPORTS_TO
9996,3332,REPORTS_TO
9997,3332,REPORTS_TO
9998,3333,REPORTS_TO
9999,3333,REPORTS_TO
10000,3333,REPORTS_TO
10001,3334,REPORTS_TO
10002,3334,REPORTS_TO
10003,3334,REPORTS_TO
10004,3335,REPORTS_TO
10005,3335,REPORTS_TO
10006,3335,REPORTS_TO
10007,3336,REPORTS_TO
10008,3336,REPORTS_TO
10009,3336,REPORTS_TO
10010,3337,REPORTS_TO
10011,3337,REPORTS_TO
10012,3337,REPORTS_TO
10013,3338,REPORTS_TO
10014,3338,REPORTS_TO
10015,3338,REPORTS_TO
10016,3339,REPORTS_TO
10017,3339,REPORTS_TO
10018,3339,REPORTS_TO
10019,3340,REPORTS_TO
10020,3340,REPORTS_TO
10021,3340,REPORTS_TO
10022,3341,REPORTS_TO
10023,3341,REPORTS_TO
10024,3341,REPORTS_TO
10025,3342,REPORTS_TO
10026,3342,REPORTS_TO
10027,3342,REPORTS_TO
10028,3343,REPORTS_TO
10029,3343,REPORTS_TO
10030,3343,REPORTS_TO
10031,3344,REPORTS_TO
10032,3344,REPORTS_TO
10033,3344,REPORTS_TO
10034,3345,REPORTS_TO
10035,3345,REPORTS_TO
10036,3345,REPORTS_TO
10037,3346,REPORTS_TO
10038,3346,REPORTS_TO
10039,3346,REPORTS_TO
10040,3347,REPORTS_TO
10041,3347,REPORTS_TO
10042,3347,REPORTS_TO
10043,3348,REPORTS_TO
10044,3348,REPORTS_TO
10045,3348,REPORTS_TO
10046,3349,REPORTS_TO
10047,3349,REPORTS_TO
10048,3349,REPORTS_TO
10049,3350,REPORTS_TO
10050,3350,REPORTS_TO
10051,3350,REPORTS_TO
10052,3351,REPORTS_TO
10053,3351,REPORTS_TO
10054,3351,REPORTS_TO
10055,3352,REPORTS_TO
10056,3352,REPORTS_TO
10057,3352,REPORTS_TO
10058,3353,REPORTS_TO
10059,3353,REPORTS_TO
10060,3353,REPORTS_TO
10061,3354,REPORTS_TO
10062,3354,REPORTS_TO
10063,3354,REPORTS_TO
10064,3355,REPORTS_TO
10065,3355,REPORTS_TO
10066,3355,REPORTS_TO
10067,3356,REPORTS_TO
10068,3356,REPORTS_TO
10069,3356,REPORTS_TO
10070,3357,REPORTS_TO
10071,3357,REPORTS_TO
10072,3357,REPORTS_TO
10073,3358,REPORTS_TO
10074,3358,REPORTS_TO
10075,3358,REPORTS_TO
10076,3359,REPORTS_TO
10077,3359,REPORTS_TO
10078,3359,REPORTS_TO
10079,3360,REPORTS_TO
10080,3360,REPORTS_TO
10081,3360,REPORTS_TO
10082,3361,REPORTS_TO
10083,3361,REPORTS_TO
10084,3361,REPORTS_TO
10085,3362,REPORTS_TO
10086,3362,REPORTS_TO
10087,3362,REPORTS_TO
10088,3363,REPORTS_TO
10089,3363,REPORTS_TO
10090,3363,REPORTS_TO
10091,3364,REPORTS_TO
10092,3364,REPORTS_TO
10093,3364,REPORTS_TO
10094,3365,REPORTS_TO
10095,3365,REPORTS_TO
10096,3365,REPORTS_TO
10097,3366,REPORTS_TO
10098,3366,REPORTS_TO
10099,3366,REPORTS_TO
10100,3367,REPORTS_TO
10101,3367,REPORTS_TO
10102,3367,REPORTS_TO
10103,3368,REPORTS_TO
10104,3368,REPORTS_TO
10105,3368,REPORTS_TO
10106,3369,REPORTS_TO
10107,3369,REPORTS_TO
10108,3369,REPORTS_TO
10109,3370,REPORTS_TO
10110,3370,REPORTS_TO
10111,3370,REPORTS_TO
10112,3371,REPORTS_TO
10113,3371,REPORTS_TO
10114,3371,REPORTS_TO
10115,3372,REPORTS_TO
10116,3372,REPORTS_TO
10117,3372,REPORTS_TO
10118,3373,REPORTS_TO
10119,3373,REPORTS_TO
10120,3373,REPORTS_TO
10121,3374,REPORTS_TO
10122,3374,REPORTS_TO
10123,3374,REPORTS_TO
10124,3375,REPORTS_TO
10125,3375,REPORTS_TO
10126,3375,REPORTS_TO
10127,3376,REPORTS_TO
10128,3376,REPORTS_TO
10129,3376,REPORTS_TO
10130,3377,REPORTS_TO
10131,3377,REPORTS_TO
10132,3377,REPORTS_TO
10133,3378,REPORTS_TO
10134,3378,REPORTS_TO
10135,3378,REPORTS_TO
10136,3379,REPORTS_TO
10137,3379,REPORTS_TO
10138,3379,REPORTS_TO
10139,3380,REPORTS_TO
10140,3380,REPORTS_TO
10141,3380,REPORTS_TO
10142,3381,REPORTS_TO
10143,3381,REPORTS_TO
10144,3381,REPORTS_TO
10145,3382,REPORTS_TO
10146,3382,REPORTS_TO
10147,3382,REPORTS_TO
10148,3383,REPORTS_TO
10149,3383,REPORTS_TO
10150,3383,REPORTS_TO
10151,3384,REPORTS_TO
10152,3384,REPORTS_TO
10153,3384,REPORTS_TO
10154,3385,REPORTS_TO
10155,3385,REPORTS_TO
10156,3385,REPORTS_TO
10157,3386,REPORTS_TO
10158,3386,REPORTS_TO
10159,3386,REPORTS_TO
10160,3387,REPORTS_TO
10161,3387,REPORTS_TO
10162,3387,REPORTS_TO
10163,3388,REPORTS_TO
10164,3388,REPORTS_TO
10165,3388,REPORTS_TO
10166,3389,REPORTS_TO
10167,3389,REPORTS_TO
10168,3389,REPORTS_TO
10169,3390,REPORTS_TO
10170,3390,REPORTS_TO
10171,3390,REPORTS_TO
10172,3391,REPORTS_TO
10173,3391,REPORTS_TO
10174,3391,REPORTS_TO
10175,3392,REPORTS_TO
10176,3392,REPORTS_TO
10177,3392,REPORTS_TO
10178,3393,REPORTS_TO
10179,3393,REPORTS_TO
10180,3393,REPORTS_TO
10181,3394,REPORTS_TO
10182,3394,REPORTS_TO
10183,3394,REPORTS_TO
10184,3395,REPORTS_TO
10185,3395,REPORTS_TO
10186,3395,REPORTS_TO
10187,3396,REPORTS_TO
10188,3396,REPORTS_TO
10189,3396,REPORTS_TO
10190,3397,REPORTS_TO
10191,3397,REPORTS_TO
10192,3397,REPORTS_TO
10193,3398,REPORTS_TO
10194,3398,REPORTS_TO
10195,3398,REPORTS_TO
10196,3399,REPORTS_TO
10197,3399,REPORTS_TO
10198,3399,REPORTS_TO
10199,3400,REPORTS_TO
10200,3400,REPORTS_TO
10201,3400,REPORTS_TO
10202,3401,REPORTS_TO
10203,3401,REPORTS_TO
10204,3401,REPORTS_TO
10205,3402,REPORTS_TO
10206,3402,REPORTS_TO
10207,3402,REPORTS_TO
10208,3403,REPORTS_TO
10209,3403,REPORTS_TO
10210,3403,REPORTS_TO
10211,3404,REPORTS_TO
10212,3404,REPORTS_TO
10213,3404,REPORTS_TO
10214,3405,REPORTS_TO
10215,3405,REPORTS_TO
10216,3405,REPORTS_TO
10217,3406,REPORTS_TO
10218,3406,REPORTS_TO
10219,3406,REPORTS_TO
10220,3407,REPORTS_TO
10221,3407,REPORTS_TO
10222,3407,REPORTS_TO
10223,3408,REPORTS_TO
10224,3408,REPORTS_TO
10225,3408,REPORTS_TO
10226,3409,REPORTS_TO
10227,3409,REPORTS_TO
10228,3409,REPORTS_TO
10229,3410,REPORTS_TO
10230,3410,REPORTS_TO
10231,3410,REPORTS_TO
10232,3411,REPORTS_TO
10233,3411,REPORTS_TO
10234,3411,REPORTS_TO
10235,3412,REPORTS_TO
10236,3412,REPORTS_TO
10237,3412,REPORTS_TO
10238,3413,REPORTS_TO
10239,3413,REPORTS_TO
10240,3413,REPORTS_TO
10241,3414,REPORTS_TO
10242,3414,REPORTS_TO
10243,3414,REPORTS_TO
10244,3415,REPORTS_TO
10245,3415,REPORTS_TO
10246,3415,REPORTS_TO
10247,3416,REPORTS_TO
10248,3416,REPORTS_TO
10249,3416,REPORTS_TO
10250,3417,REPORTS_TO
10251,3417,REPORTS_TO
10252,3417,REPORTS_TO
10253,3418,REPORTS_TO
10254,3418,REPORTS_TO
10255,3418,REPORTS_TO
10256,3419,REPORTS_TO
10257,3419,REPORTS_TO
10258,3419,REPORTS_TO
10259,3420,REPORTS_TO
10260,3420,REPORTS_TO
10261,3420,REPORTS_TO
10262,3421,REPORTS_TO
10263,3421,REPORTS_TO
10264,3421,REPORTS_TO
10265,3422,REPORTS_TO
10266,3422,REPORTS_TO
10267,3422,REPORTS_TO
10268,3423,REPORTS_TO
10269,3423,REPORTS_TO
10270,3423,REPORTS_TO
10271,3424,REPORTS_TO
10272,3424,REPORTS_TO
10273,3424,REPORTS_TO
10274,3425,REPORTS_TO
10275,3425,REPORTS_TO
10276,3425,REPORTS_TO
10277,3426,REPORTS_TO
10278,3426,REPORTS_TO
10279,3426,REPORTS_TO
10280,3427,REPORTS_TO
10281,3427,REPORTS_TO
10282,3427,REPORTS_TO
10283,3428,REPORTS_TO
10284,3428,REPORTS_TO
10285,3428,REPORTS_TO
10286,3429,REPORTS_TO
10287,3429,REPORTS_TO
10288,3429,REPORTS_TO
10289,3430,REPORTS_TO
10290,3430,REPORTS_TO
10291,3430,REPORTS_TO
10292,3431,REPORTS_TO
10293,3431,REPORTS_TO
10294,3431,REPORTS_TO
10295,3432,REPORTS_TO
10296,3432,REPORTS_TO
10297,3432,REPORTS_TO
10298,3433,REPORTS_TO
10299,3433,REPORTS_TO
10300,3433,REPORTS_TO
10301,3434,REPORTS_TO
10302,3434,REPORTS_TO
10303,3434,REPORTS_TO
10304,3435,REPORTS_TO
10305,3435,REPORTS_TO
10306,3435,REPORTS_TO
10307,3436,REPORTS_TO
10308,3436,REPORTS_TO
10309,3436,REPORTS_TO
10310,3437,REPORTS_TO
10311,3437,REPORTS_TO
10312,3437,REPORTS_TO
10313,3438,REPORTS_TO
10314,3438,REPORTS_TO
10315,3438,REPORTS_TO
10316,3439,REPORTS_TO
10317,3439,REPORTS_TO
10318,3439,REPORTS_TO
10319,3440,REPORTS_TO
10320,3440,REPORTS_TO
10321,3440,REPORTS_TO
10322,3441,REPORTS_TO
10323,3441,REPORTS_TO
10324,3441,REPORTS_TO
10325,3442,REPORTS_TO
10326,3442,REPORTS_TO
10327,3442,REPORTS_TO
10328,3443,REPORTS_TO
10329,3443,REPORTS_TO
10330,3443,REPORTS_TO
10331,3444,REPORTS_TO
10332,3444,REPORTS_TO
10333,3444,REPORTS_TO
10334,3445,REPORTS_TO
10335,3445,REPORTS_TO
10336,3445,REPORTS_TO
10337,3446,REPORTS_TO
10338,3446,REPORTS_TO
10339,3446,REPORTS_TO
10340,3447,REPORTS_TO
10341,3447,REPORTS_TO
10342,3447,REPORTS_TO
10343,3448,REPORTS_TO
10344,3448,REPORTS_TO
10345,3448,REPORTS_TO
10346,3449,REPORTS_TO
10347,3449,REPORTS_TO
10348,3449,REPORTS_TO
10349,3450,REPORTS_TO
10350,3450,REPORTS_TO
10351,3450,REPORTS_TO
10352,3451,REPORTS_TO
10353,3451,REPORTS_TO
10354,3451,REPORTS_TO
10355,3452,REPORTS_TO
10356,3452,REPORTS_TO
10357,3452,REPORTS_TO
10358,3453,REPORTS_TO
10359,3453,REPORTS_TO
10360,3453,REPORTS_TO
10361,3454,REPORTS_TO
10362,3454,REPORTS_TO
10363,3454,REPORTS_TO
10364,3455,REPORTS_TO
10365,3455,REPORTS_TO
10366,3455,REPORTS_TO
10367,3456,REPORTS_TO
10368,3456,REPORTS_TO
10369,3456,REPORTS_TO
10370,3457,REPORTS_TO
10371,3457,REPORTS_TO
10372,3457,REPORTS_TO
10373,3458,REPORTS_TO
10374,3458,REPORTS_TO
10375,3458,REPORTS_TO
10376,3459,REPORTS_TO
10377,3459,REPORTS_TO
10378,3459,REPORTS_TO
10379,3460,REPORTS_TO
10380,3460,REPORTS_TO
10381,3460,REPORTS_TO
10382,3461,REPORTS_TO
10383,3461,REPORTS_TO
10384,3461,REPORTS_TO
10385,3462,REPORTS_TO
10386,3462,REPORTS_TO
10387,3462,REPORTS_TO
10388,3463,REPORTS_TO
10389,3463,REPORTS_TO
10390,3463,REPORTS_TO
10391,3464,REPORTS_TO
10392,3464,REPORTS_TO
10393,3464,REPORTS_TO
10394,3465,REPORTS_TO
10395,3465,REPORTS_TO
10396,3465,REPORTS_TO
10397,3466,REPORTS_TO
10398,3466,REPORTS_TO
10399,3466,REPORTS_TO
10400,3467,REPORTS_TO
10401,3467,REPORTS_TO
10402,3467,REPORTS_TO
10403,3468,REPORTS_TO
10404,3468,REPORTS_TO
10405,3468,REPORTS_TO
10406,3469,REPORTS_TO
10407,3469,REPORTS_TO
10408,3469,REPORTS_TO
10409,3470,REPORTS_TO
10410,3470,REPORTS_TO
10411,3470,REPORTS_TO
10412,3471,REPORTS_TO
10413,3471,REPORTS_TO
10414,3471,REPORTS_TO
10415,3472,REPORTS_TO
10416,3472,REPORTS_TO
10417,3472,REPORTS_TO
10418,3473,REPORTS_TO
10419,3473,REPORTS_TO
10420,3473,REPORTS_TO
10421,3474,REPORTS_TO
10422,3474,REPORTS_TO
10423,3474,REPORTS_TO
10424,3475,REPORTS_TO
10425,3475,REPORTS_TO
10426,3475,REPORTS_TO
10427,3476,REPORTS_TO
10428,3476,REPORTS_TO
10429,3476,REPORTS_TO
10430,3477,REPORTS_TO
10431,3477,REPORTS_TO
10432,3477,REPORTS_TO
10433,3478,REPORTS_TO
10434,3478,REPORTS_TO
10435,3478,REPORTS_TO
10436,3479,REPORTS_TO
10437,3479,REPORTS_TO
10438,3479,REPORTS_TO
10439,3480,REPORTS_TO
10440,3480,REPORTS_TO
10441,3480,REPORTS_TO
10442,3481,REPORTS_TO
10443,3481,REPORTS_TO
10444,3481,REPORTS_TO
10445,3482,REPORTS_TO
10446,3482,REPORTS_TO
10447,3482,REPORTS_TO
10448,3483,REPORTS_TO
10449,3483,REPORTS_TO
10450,3483,REPORTS_TO
10451,3484,REPORTS_TO
10452,3484,REPORTS_TO
10453,3484,REPORTS_TO
10454,3485,REPORTS_TO
10455,3485,REPORTS_TO
10456,3485,REPORTS_TO
10457,3486,REPORTS_TO
10458,3486,REPORTS_TO
10459,3486,REPORTS_TO
10460,3487,REPORTS_TO
10461,3487,REPORTS_TO
10462,3487,REPORTS_TO
10463,3488,REPORTS_TO
10464,3488,REPORTS_TO
10465,3488,REPORTS_TO
10466,3489,REPORTS_TO
10467,3489,REPORTS_TO
10468,3489,REPORTS_TO
10469,3490,REPORTS_TO
10470,3490,REPORTS_TO
10471,3490,REPORTS_TO
10472,3491,REPORTS_TO
10473,3491,REPORTS_TO
10474,3491,REPORTS_TO
10475,3492,REPORTS_TO
10476,3492,REPORTS_TO
10477,3492,REPORTS_TO
10478,3493,REPORTS_TO
10479,3493,REPORTS_TO
10480,3493,REPORTS_TO
10481,3494,REPORTS_TO
10482,3494,REPORTS_TO
10483,3494,REPORTS_TO
10484,3495,REPORTS_TO
10485,3495,REPORTS_TO
10486,3495,REPORTS_TO
10487,3496,REPORTS_TO
10488,3496,REPORTS_TO
10489,3496,REPORTS_TO
10490,3497,REPORTS_TO
10491,3497,REPORTS_TO
10492,3497,REPORTS_TO
10493,3498,REPORTS_TO
10494,3498,REPORTS_TO
10495,3498,REPORTS_TO
10496,3499,REPORTS_TO
10497,3499,REPORTS_TO
10498,3499,REPORTS_TO
10499,3500,REPORTS_TO
10500,3500,REPORTS_TO
10501,3500,REPORTS_TO
10502,3501,REPORTS_TO
10503,3501,REPORTS_TO
10504,3501,REPORTS_TO
10505,3502,REPORTS_TO
10506,3502,REPORTS_TO
10507,3502,REPORTS_TO
10508,3503,REPORTS_TO
10509,3503,REPORTS_TO
10510,3503,REPORTS_TO
10511,3504,REPORTS_TO
10512,3504,REPORTS_TO
10513,3504,REPORTS_TO
10514,3505,REPORTS_TO
10515,3505,REPORTS_TO
10516,3505,REPORTS_TO
10517,3506,REPORTS_TO
10518,3506,REPORTS_TO
10519,3506,REPORTS_TO
10520,3507,REPORTS_TO
10521,3507,REPORTS_TO
10522,3507,REPORTS_TO
10523,3508,REPORTS_TO
10524,3508,REPORTS_TO
10525,3508,REPORTS_TO
10526,3509,REPORTS_TO
10527,3509,REPORTS_TO
10528,3509,REPORTS_TO
10529,3510,REPORTS_TO
10530,3510,REPORTS_TO
10531,3510,REPORTS_TO
10532,3511,REPORTS_TO
10533,3511,REPORTS_TO
10534,3511,REPORTS_TO
10535,3512,REPORTS_TO
10536,3512,REPORTS_TO
10537,3512,REPORTS_TO
10538,3513,REPORTS_TO
10539,3513,REPORTS_TO
10540,3513,REPORTS_TO
10541,3514,REPORTS_TO
10542,3514,REPORTS_TO
10543,3514,REPORTS_TO
10544,3515,REPORTS_TO
10545,3515,REPORTS_TO
10546,3515,REPORTS_TO
10547,3516,REPORTS_TO
10548,3516,REPORTS_TO
10549,3516,REPORTS_TO
10550,3517,REPORTS_TO
10551,3517,REPORTS_TO
10552,3517,REPORTS_TO
10553,3518,REPORTS_TO
10554,3518,REPORTS_TO
10555,3518,REPORTS_TO
10556,3519,REPORTS_TO
10557,3519,REPORTS_TO
10558,3519,REPORTS_TO
10559,3520,REPORTS_TO
10560,3520,REPORTS_TO
10561,3520,REPORTS_TO
10562,3521,REPORTS_TO
10563,3521,REPORTS_TO
10564,3521,REPORTS_TO
10565,3522,REPORTS_TO
10566,3522,REPORTS_TO
10567,3522,REPORTS_TO
10568,3523,REPORTS_TO
10569,3523,REPORTS_TO
10570,3523,REPORTS_TO
10571,3524,REPORTS_TO
10572,3524,REPORTS_TO
10573,3524,REPORTS_TO
10574,3525,REPORTS_TO
10575,3525,REPORTS_TO
10576,3525,REPORTS_TO
10577,3526,REPORTS_TO
10578,3526,REPORTS_TO
10579,3526,REPORTS_TO
10580,3527,REPORTS_TO
10581,3527,REPORTS_TO
10582,3527,REPORTS_TO
10583,3528,REPORTS_TO
10584,3528,REPORTS_TO
10585,3528,REPORTS_TO
10586,3529,REPORTS_TO
10587,3529,REPORTS_TO
10588,3529,REPORTS_TO
10589,3530,REPORTS_TO
10590,3530,REPORTS_TO
10591,3530,REPORTS_TO
10592,3531,REPORTS_TO
10593,3531,REPORTS_TO
10594,3531,REPORTS_TO
10595,3532,REPORTS_TO
10596,3532,REPORTS_TO
10597,3532,REPORTS_TO
10598,3533,REPORTS_TO
10599,3533,REPORTS_TO
10600,3533,REPORTS_TO
10601,3534,REPORTS_TO
10602,3534,REPORTS_TO
10603,3534,REPORTS_TO
10604,3535,REPORTS_TO
10605,3535,REPORTS_TO
10606,3535,REPORTS_TO
10607,3536,REPORTS_TO
10608,3536,REPORTS_TO
10609,3536,REPORTS_TO
10610,3537,REPORTS_TO
10611,3537,REPORTS_TO
10612,3537,REPORTS_TO
10613,3538,REPORTS_TO
10614,3538,REPORTS_TO
10615,3538,REPORTS_TO
10616,3539,REPORTS_TO
10617,3539,REPORTS_TO
10618,3539,REPORTS_TO
10619,3540,REPORTS_TO
10620,3540,REPORTS_TO
10621,3540,REPORTS_TO
10622,3541,REPORTS_TO
10623,3541,REPORTS_TO
10624,3541,REPORTS_TO
10625,3542,REPORTS_TO
10626,3542,REPORTS_TO
10627,3542,REPORTS_TO
10628,3543,REPORTS_TO
10629,3543,REPORTS_TO
10630,3543,REPORTS_TO
10631,3544,REPORTS_TO
10632,3544,REPORTS_TO
10633,3544,REPORTS_TO
10634,3545,REPORTS_TO
10635,3545,REPORTS_TO
10636,3545,REPORTS_TO
10637,3546,REPORTS_TO
10638,3546,REPORTS_TO
10639,3546,REPORTS_TO
10640,3547,REPORTS_TO
10641,3547,REPORTS_TO
10642,3547,REPORTS_TO
10643,3548,REPORTS_TO
10644,3548,REPORTS_TO
10645,3548,REPORTS_TO
10646,3549,REPORTS_TO
10647,3549,REPORTS_TO
10648,3549,REPORTS_TO
10649,3550,REPORTS_TO
10650,3550,REPORTS_TO
10651,3550,REPORTS_TO
10652,3551,REPORTS_TO
10653,3551,REPORTS_TO
10654,3551,REPORTS_TO
10655,3552,REPORTS_TO
10656,3552,REPORTS_TO
10657,3552,REPORTS_TO
10658,3553,REPORTS_TO
10659,3553,REPORTS_TO
10660,3553,REPORTS_TO
10661,3554,REPORTS_TO
10662,3554,REPORTS_TO
10663,3554,REPORTS_TO
10664,3555,REPORTS_TO
10665,3555,REPORTS_TO
10666,3555,REPORTS_TO
10667,3556,REPORTS_TO
10668,3556,REPORTS_TO
10669,3556,REPORTS_TO
10670,3557,REPORTS_TO
10671,3557,REPORTS_TO
10672,3557,REPORTS_TO
10673,3558,REPORTS_TO
10674,3558,REPORTS_TO
10675,3558,REPORTS_TO
10676,3559,REPORTS_TO
10677,3559,REPORTS_TO
10678,3559,REPORTS_TO
10679,3560,REPORTS_TO
10680,3560,REPORTS_TO
10681,3560,REPORTS_TO
10682,3561,REPORTS_TO
10683,3561,REPORTS_TO
10684,3561,REPORTS_TO
10685,3562,REPORTS_TO
10686,3562,REPORTS_TO
10687,3562,REPORTS_TO
10688,3563,REPORTS_TO
10689,3563,REPORTS_TO
10690,3563,REPORTS_TO
10691,3564,REPORTS_TO
10692,3564,REPORTS_TO
10693,3564,REPORTS_TO
10694,3565,REPORTS_TO
10695,3565,REPORTS_TO
10696,3565,REPORTS_TO
10697,3566,REPORTS_TO
10698,3566,REPORTS_TO
10699,3566,REPORTS_TO
10700,3567,REPORTS_TO
10701,3567,REPORTS_TO
10702,3567,REPORTS_TO
10703,3568,REPORTS_TO
10704,3568,REPORTS_TO
10705,3568,REPORTS_TO
10706,3569,REPORTS_TO
10707,3569,REPORTS_TO
10708,3569,REPORTS_TO
10709,3570,REPORTS_TO
10710,3570,REPORTS_TO
10711,3570,REPORTS_TO
10712,3571,REPORTS_TO
10713,3571,REPORTS_TO
10714,3571,REPORTS_TO
10715,3572,REPORTS_TO
10716,3572,REPORTS_TO
10717,3572,REPORTS_TO
10718,3573,REPORTS_TO
10719,3573,REPORTS_TO
10720,3573,REPORTS_TO
10721,3574,REPORTS_TO
10722,3574,REPORTS_TO
10723,3574,REPORTS_TO
10724,3575,REPORTS_TO
10725,3575,REPORTS_TO
10726,3575,REPORTS_TO
10727,3576,REPORTS_TO
10728,3576,REPORTS_TO
10729,3576,REPORTS_TO
10730,3577,REPORTS_TO
10731,3577,REPORTS_TO
10732,3577,REPORTS_TO
10733,3578,REPORTS_TO
10734,3578,REPORTS_TO
10735,3578,REPORTS_TO
10736,3579,REPORTS_TO
10737,3579,REPORTS_TO
10738,3579,REPORTS_TO
10739,3580,REPORTS_TO
10740,3580,REPORTS_TO
10741,3580,REPORTS_TO
10742,3581,REPORTS_TO
10743,3581,REPORTS_TO
10744,3581,REPORTS_TO
10745,3582,REPORTS_TO
10746,3582,REPORTS_TO
10747,3582,REPORTS_TO
10748,3583,REPORTS_TO
10749,3583,REPORTS_TO
10750,3583,REPORTS_TO
10751,3584,REPORTS_TO
10752,3584,REPORTS_TO
10753,3584,REPORTS_TO
10754,3585,REPORTS_TO
10755,3585,REPORTS_TO
10756,3585,REPORTS_TO
10757,3586,REPORTS_TO
10758,3586,REPORTS_TO
10759,3586,REPORTS_TO
10760,3587,REPORTS_TO
10761,3587,REPORTS_TO
10762,3587,REPORTS_TO
10763,3588,REPORTS_TO
10764,3588,REPORTS_TO
10765,3588,REPORTS_TO
10766,3589,REPORTS_TO
10767,3589,REPORTS_TO
10768,3589,REPORTS_TO
10769,3590,REPORTS_TO
10770,3590,REPORTS_TO
10771,3590,REPORTS_TO
10772,3591,REPORTS_TO
10773,3591,REPORTS_TO
10774,3591,REPORTS_TO
10775,3592,REPORTS_TO
10776,3592,REPORTS_TO
10777,3592,REPORTS_TO
10778,3593,REPORTS_TO
10779,3593,REPORTS_TO
10780,3593,REPORTS_TO
10781,3594,REPORTS_TO
10782,3594,REPORTS_TO
10783,3594,REPORTS_TO
10784,3595,REPORTS_TO
10785,3595,REPORTS_TO
10786,3595,REPORTS_TO
10787,3596,REPORTS_TO
10788,3596,REPORTS_TO
10789,3596,REPORTS_TO
10790,3597,REPORTS_TO
10791,3597,REPORTS_TO
10792,3597,REPORTS_TO
10793,3598,REPORTS_TO
10794,3598,REPORTS_TO
10795,3598,REPORTS_TO
10796,3599,REPORTS_TO
10797,3599,REPORTS_TO
10798,3599,REPORTS_TO
10799,3600,REPORTS_TO
10800,3600,REPORTS_TO
10801,3600,REPORTS_TO
10802,3601,REPORTS_TO
10803,3601,REPORTS_TO
10804,3601,REPORTS_TO
10805,3602,REPORTS_TO
10806,3602,REPORTS_TO
10807,3602,REPORTS_TO
10808,3603,REPORTS_TO
10809,3603,REPORTS_TO
10810,3603,REPORTS_TO
10811,3604,REPORTS_TO
10812,3604,REPORTS_TO
10813,3604,REPORTS_TO
10814,3605,REPORTS_TO
10815,3605,REPORTS_TO
10816,3605,REPORTS_TO
10817,3606,REPORTS_TO
10818,3606,REPORTS_TO
10819,3606,REPORTS_TO
10820,3607,REPORTS_TO
10821,3607,REPORTS_TO
10822,3607,REPORTS_TO
10823,3608,REPORTS_TO
10824,3608,REPORTS_TO
10825,3608,REPORTS_TO
10826,3609,REPORTS_TO
10827,3609,REPORTS_TO
10828,3609,REPORTS_TO
10829,3610,REPORTS_TO
10830,3610,REPORTS_TO
10831,3610,REPORTS_TO
10832,3611,REPORTS_TO
10833,3611,REPORTS_TO
10834,3611,REPORTS_TO
10835,3612,REPORTS_TO
10836,3612,REPORTS_TO
10837,3612,REPORTS_TO
10838,3613,REPORTS_TO
10839,3613,REPORTS_TO
10840,3613,REPORTS_TO
10841,3614,REPORTS_TO
10842,3614,REPORTS_TO
10843,3614,REPORTS_TO
10844,3615,REPORTS_TO
10845,3615,REPORTS_TO
10846,3615,REPORTS_TO
10847,3616,REPORTS_TO
10848,3616,REPORTS_TO
10849,3616,REPORTS_TO
10850,3617,REPORTS_TO
10851,3617,REPORTS_TO
10852,3617,REPORTS_TO
10853,3618,REPORTS_TO
10854,3618,REPORTS_TO
10855,3618,REPORTS_TO
10856,3619,REPORTS_TO
10857,3619,REPORTS_TO
10858,3619,REPORTS_TO
10859,3620,REPORTS_TO
10860,3620,REPORTS_TO
10861,3620,REPORTS_TO
10862,3621,REPORTS_TO
10863,3621,REPORTS_TO
10864,3621,REPORTS_TO
10865,3622,REPORTS_TO
10866,3622,REPORTS_TO
10867,3622,REPORTS_TO
10868,3623,REPORTS_TO
10869,3623,REPORTS_TO
10870,3623,REPORTS_TO
10871,3624,REPORTS_TO
10872,3624,REPORTS_TO
10873,3624,REPORTS_TO
10874,3625,REPORTS_TO
10875,3625,REPORTS_TO
10876,3625,REPORTS_TO
10877,3626,REPORTS_TO
10878,3626,REPORTS_TO
10879,3626,REPORTS_TO
10880,3627,REPORTS_TO
10881,3627,REPORTS_TO
10882,3627,REPORTS_TO
10883,3628,REPORTS_TO
10884,3628,REPORTS_TO
10885,3628,REPORTS_TO
10886,3629,REPORTS_TO
10887,3629,REPORTS_TO
10888,3629,REPORTS_TO
10889,3630,REPORTS_TO
10890,3630,REPORTS_TO
10891,3630,REPORTS_TO
10892,3631,REPORTS_TO
10893,3631,REPORTS_TO
10894,3631,REPORTS_TO
10895,3632,REPORTS_TO
10896,3632,REPORTS_TO
10897,3632,REPORTS_TO
10898,3633,REPORTS_TO
10899,3633,REPORTS_TO
10900,3633,REPORTS_TO
10901,3634,REPORTS_TO
10902,3634,REPORTS_TO
10903,3634,REPORTS_TO
10904,3635,REPORTS_TO
10905,3635,REPORTS_TO
10906,3635,REPORTS_TO
10907,3636,REPORTS_TO
10908,3636,REPORTS_TO
10909,3636,REPORTS_TO
10910,3637,REPORTS_TO
10911,3637,REPORTS_TO
10912,3637,REPORTS_TO
10913,3638,REPORTS_TO
10914,3638,REPORTS_TO
10915,3638,REPORTS_TO
10916,3639,REPORTS_TO
10917,3639,REPORTS_TO
10918,3639,REPORTS_TO
10919,3640,REPORTS_TO
10920,3640,REPORTS_TO
10921,3640,REPORTS_TO
10922,3641,REPORTS_TO
10923,3641,REPORTS_TO
10924,3641,REPORTS_TO
10925,3642,REPORTS_TO
10926,3642,REPORTS_TO
10927,3642,REPORTS_TO
10928,3643,REPORTS_TO
10929,3643,REPORTS_TO
10930,3643,REPORTS_TO
10931,3644,REPORTS_TO
10932,3644,REPORTS_TO
10933,3644,REPORTS_TO
10934,3645,REPORTS_TO
10935,3645,REPORTS_TO
10936,3645,REPORTS_TO
10937,3646,REPORTS_TO
10938,3646,REPORTS_TO
10939,3646,REPORTS_TO
10940,3647,REPORTS_TO
10941,3647,REPORTS_TO
10942,3647,REPORTS_TO
10943,3648,REPORTS_TO
10944,3648,REPORTS_TO
10945,3648,REPORTS_TO
10946,3649,REPORTS_TO
10947,3649,REPORTS_TO
10948,3649,REPORTS_TO
10949,3650,REPORTS_TO
10950,3650,REPORTS_TO
10951,3650,REPORTS_TO
10952,3651,REPORTS_TO
10953,3651,REPORTS_TO
10954,3651,REPORTS_TO
10955,3652,REPORTS_TO
10956,3652,REPORTS_TO
10957,3652,REPORTS_TO
10958,3653,REPORTS_TO
10959,3653,REPORTS_TO
10960,3653,REPORTS_TO
10961,3654,REPORTS_TO
10962,3654,REPORTS_TO
10963,3654,REPORTS_TO
10964,3655,REPORTS_TO
10965,3655,REPORTS_TO
10966,3655,REPORTS_TO
10967,3656,REPORTS_TO
10968,3656,REPORTS_TO
10969,3656,REPORTS_TO
10970,3657,REPORTS_TO
10971,3657,REPORTS_TO
10972,3657,REPORTS_TO
10973,3658,REPORTS_TO
10974,3658,REPORTS_TO
10975,3658,REPORTS_TO
10976,3659,REPORTS_TO
10977,3659,REPORTS_TO
10978,3659,REPORTS_TO
10979,3660,REPORTS_TO
10980,3660,REPORTS_TO
10981,3660,REPORTS_TO
10982,3661,REPORTS_TO
10983,3661,REPORTS_TO
10984,3661,REPORTS_TO
10985,3662,REPORTS_TO
10986,3662,REPORTS_TO
10987,3662,REPORTS_TO
10988,3663,REPORTS_TO
10989,3663,REPORTS_TO
10990,3663,REPORTS_TO
10991,3664,REPORTS_TO
10992,3664,REPORTS_TO
10993,3664,REPORTS_TO
10994,3665,REPORTS_TO
10995,3665,REPORTS_TO
10996,3665,REPORTS_TO
10997,3666,REPORTS_TO
10998,3666,REPORTS_TO
10999,3666,REPORTS_TO
11000,3667,REPORTS_TO
11001,3667,REPORTS_TO
11002,3667,REPORTS_TO
11003,3668,REPORTS_TO
11004,3668,REPORTS_TO
11005,3668,REPORTS_TO
11006,3669,REPORTS_TO
11007,3669,REPORTS_TO
11008,3669,REPORTS_TO
11009,3670,REPORTS_TO
11010,3670,REPORTS_TO
11011,3670,REPORTS_TO
11012,3671,REPORTS_TO
11013,3671,REPORTS_TO
11014,3671,REPORTS_TO
11015,3672,REPORTS_TO
11016,3672,REPORTS_TO
11017,3672,REPORTS_TO
11018,3673,REPORTS_TO
11019,3673,REPORTS_TO
11020,3673,REPORTS_TO
11021,3674,REPORTS_TO
11022,3674,REPORTS_TO
11023,3674,REPORTS_TO
11024,3675,REPORTS_TO
11025,3675,REPORTS_TO
11026,3675,REPORTS_TO
11027,3676,REPORTS_TO
11028,3676,REPORTS_TO
11029,3676,REPORTS_TO
11030,3677,REPORTS_TO
11031,3677,REPORTS_TO
11032,3677,REPORTS_TO
11033,3678,REPORTS_TO
11034,3678,REPORTS_TO
11035,3678,REPORTS_TO
11036,3679,REPORTS_TO
11037,3679,REPORTS_TO
11038,3679,REPORTS_TO
11039,3680,REPORTS_TO
11040,3680,REPORTS_TO
11041,3680,REPORTS_TO
11042,3681,REPORTS_TO
11043,3681,REPORTS_TO
11044,3681,REPORTS_TO
11045,3682,REPORTS_TO
11046,3682,REPORTS_TO
11047,3682,REPORTS_TO
11048,3683,REPORTS_TO
11049,3683,REPORTS_TO
11050,3683,REPORTS_TO
11051,3684,REPORTS_TO
11052,3684,REPORTS_TO
11053,3684,REPORTS_TO
11054,3685,REPORTS_TO
11055,3685,REPORTS_TO
11056,3685,REPORTS_TO
11057,3686,REPORTS_TO
11058,3686,REPORTS_TO
11059,3686,REPORTS_TO
11060,3687,REPORTS_TO
11061,3687,REPORTS_TO
11062,3687,REPORTS_TO
11063,3688,REPORTS_TO
11064,3688,REPORTS_TO
11065,3688,REPORTS_TO
11066,3689,REPORTS_TO
11067,3689,REPORTS_TO
11068,3689,REPORTS_TO
11069,3690,REPORTS_TO
11070,3690,REPORTS_TO
11071,3690,REPORTS_TO
11072,3691,REPORTS_TO
11073,3691,REPORTS_TO
11074,3691,REPORTS_TO
11075,3692,REPORTS_TO
11076,3692,REPORTS_TO
11077,3692,REPORTS_TO
11078,3693,REPORTS_TO
11079,3693,REPORTS_TO
11080,3693,REPORTS_TO
11081,3694,REPORTS_TO
11082,3694,REPORTS_TO
11083,3694,REPORTS_TO
11084,3695,REPORTS_TO
11085,3695,REPORTS_TO
11086,3695,REPORTS_TO
11087,3696,REPORTS_TO
11088,3696,REPORTS_TO
11089,3696,REPORTS_TO
11090,3697,REPORTS_TO
11091,3697,REPORTS_TO
11092,3697,REPORTS_TO
11093,3698,REPORTS_TO
11094,3698,REPORTS_TO
11095,3698,REPORTS_TO
11096,3699,REPORTS_TO
11097,3699,REPORTS_TO
11098,3699,REPORTS_TO
11099,3700,REPORTS_TO
11100,3700,REPORTS_TO
11101,3700,REPORTS_TO
11102,3701,REPORTS_TO
11103,3701,REPORTS_TO
11104,3701,REPORTS_TO
11105,3702,REPORTS_TO
11106,3702,REPORTS_TO
11107,3702,REPORTS_TO
11108,3703,REPORTS_TO
11109,3703,REPORTS_TO
11110,3703,REPORTS_TO
11111,3704,REPORTS_TO
11112,3704,REPORTS_TO
11113,3704,REPORTS_TO
11114,3705,REPORTS_TO
11115,3705,REPORTS_TO
11116,3705,REPORTS_TO
11117,3706,REPORTS_TO
11118,3706,REPORTS_TO
11119,3706,REPORTS_TO
11120,3707,REPORTS_TO
11121,3707,REPORTS_TO
11122,3707,REPORTS_TO
11123,3708,REPORTS_TO
11124,3708,REPORTS_TO
11125,3708,REPORTS_TO
11126,3709,REPORTS_TO
11127,3709,REPORTS_TO
11128,3709,REPORTS_TO
11129,3710,REPORTS_TO
11130,3710,REPORTS_TO
11131,3710,REPORTS_TO
11132,3711,REPORTS_TO
11133,3711,REPORTS_TO
11134,3711,REPORTS_TO
11135,3712,REPORTS_TO
11136,3712,REPORTS_TO
11137,3712,REPORTS_TO
11138,3713,REPORTS_TO
11139,3713,REPORTS_TO
11140,3713,REPORTS_TO
11141,3714,REPORTS_TO
11142,3714,REPORTS_TO
11143,3714,REPORTS_TO
11144,3715,REPORTS_TO
11145,3715,REPORTS_TO
11146,3715,REPORTS_TO
11147,3716,REPORTS_TO
11148,3716,REPORTS_TO
11149,3716,REPORTS_TO
11150,3717,REPORTS_TO
11151,3717,REPORTS_TO
11152,3717,REPORTS_TO
11153,3718,REPORTS_TO
11154,3718,REPORTS_TO
11155,3718,REPORTS_TO
11156,3719,REPORTS_TO
11157,3719,REPORTS_TO
11158,3719,REPORTS_TO
11159,3720,REPORTS_TO
11160,3720,REPORTS_TO
11161,3720,REPORTS_TO
11162,3721,REPORTS_TO
11163,3721,REPORTS_TO
11164,3721,REPORTS_TO
11165,3722,REPORTS_TO
11166,3722,REPORTS_TO
11167,3722,REPORTS_TO
11168,3723,REPORTS_TO
11169,3723,REPORTS_TO
11170,3723,REPORTS_TO
11171,3724,REPORTS_TO
11172,3724,REPORTS_TO
11173,3724,REPORTS_TO
11174,3725,REPORTS_TO
11175,3725,REPORTS_TO
11176,3725,REPORTS_TO
11177,3726,REPORTS_TO
11178,3726,REPORTS_TO
11179,3726,REPORTS_TO
11180,3727,REPORTS_TO
11181,3727,REPORTS_TO
11182,3727,REPORTS_TO
11183,3728,REPORTS_TO
11184,3728,REPORTS_TO
11185,3728,REPORTS_TO
11186,3729,REPORTS_TO
11187,3729,REPORTS_TO
11188,3729,REPORTS_TO
11189,3730,REPORTS_TO
11190,3730,REPORTS_TO
11191,3730,REPORTS_TO
11192,3731,REPORTS_TO
11193,3731,REPORTS_TO
11194,3731,REPORTS_TO
11195,3732,REPORTS_TO
11196,3732,REPORTS_TO
11197,3732,REPORTS_TO
11198,3733,REPORTS_TO
11199,3733,REPORTS_TO
11200,3733,REPORTS_TO
11201,3734,REPORTS_TO
11202,3734,REPORTS_TO
11203,3734,REPORTS_TO
11204,3735,REPORTS_TO
11205,3735,REPORTS_TO
11206,3735,REPORTS_TO
11207,3736,REPORTS_TO
11208,3736,REPORTS_TO
11209,3736,REPORTS_TO
11210,3737,REPORTS_TO
11211,3737,REPORTS_TO
11212,3737,REPORTS_TO
11213,3738,REPORTS_TO
11214,3738,REPORTS_TO
11215,3738,REPORTS_TO
11216,3739,REPORTS_TO
11217,3739,REPORTS_TO
11218,3739,REPORTS_TO
11219,3740,REPORTS_TO
11220,3740,REPORTS_TO
11221,3740,REPORTS_TO
11222,3741,REPORTS_TO
11223,3741,REPORTS_TO
11224,3741,REPORTS_TO
11225,3742,REPORTS_TO
11226,3742,REPORTS_TO
11227,3742,REPORTS_TO
11228,3743,REPORTS_TO
11229,3743,REPORTS_TO
11230,3743,REPORTS_TO
11231,3744,REPORTS_TO
11232,3744,REPORTS_TO
11233,3744,REPORTS_TO
11234,3745,REPORTS_TO
11235,3745,REPORTS_TO
11236,3745,REPORTS_TO
11237,3746,REPORTS_TO
11238,3746,REPORTS_TO
11239,3746,REPORTS_TO
11240,3747,REPORTS_TO
11241,3747,REPORTS_TO
11242,3747,REPORTS_TO
11243,3748,REPORTS_TO
11244,3748,REPORTS_TO
11245,3748,REPORTS_TO
11246,3749,REPORTS_TO
11247,3749,REPORTS_TO
11248,3749,REPORTS_TO
11249,3750,REPORTS_TO
11250,3750,REPORTS_TO
11251,3750,REPORTS_TO
11252,3751,REPORTS_TO
11253,3751,REPORTS_TO
11254,3751,REPORTS_TO
11255,3752,REPORTS_TO
11256,3752,REPORTS_TO
11257,3752,REPORTS_TO
11258,3753,REPORTS_TO
11259,3753,REPORTS_TO
11260,3753,REPORTS_TO
11261,3754,REPORTS_TO
11262,3754,REPORTS_TO
11263,3754,REPORTS_TO
11264,3755,REPORTS_TO
11265,3755,REPORTS_TO
11266,3755,REPORTS_TO
11267,3756,REPORTS_TO
11268,3756,REPORTS_TO
11269,3756,REPORTS_TO
11270,3757,REPORTS_TO
11271,3757,REPORTS_TO
11272,3757,REPORTS_TO
11273,3758,REPORTS_TO
11274,3758,REPORTS_TO
11275,3758,REPORTS_TO
11276,3759,REPORTS_TO
11277,3759,REPORTS_TO
11278,3759,REPORTS_TO
11279,3760,REPORTS_TO
11280,3760,REPORTS_TO
11281,3760,REPORTS_TO
11282,3761,REPORTS_TO
11283,3761,REPORTS_TO
11284,3761,REPORTS_TO
11285,3762,REPORTS_TO
11286,3762,REPORTS_TO
11287,3762,REPORTS_TO
11288,3763,REPORTS_TO
11289,3763,REPORTS_TO
11290,3763,REPORTS_TO
11291,3764,REPORTS_TO
11292,3764,REPORTS_TO
11293,3764,REPORTS_TO
11294,3765,REPORTS_TO
11295,3765,REPORTS_TO
11296,3765,REPORTS_TO
11297,3766,REPORTS_TO
11298,3766,REPORTS_TO
11299,3766,REPORTS_TO
11300,3767,REPORTS_TO
11301,3767,REPORTS_TO
11302,3767,REPORTS_TO
11303,3768,REPORTS_TO
11304,3768,REPORTS_TO
11305,3768,REPORTS_TO
11306,3769,REPORTS_TO
11307,3769,REPORTS_TO
11308,3769,REPORTS_TO
11309,3770,REPORTS_TO
11310,3770,REPORTS_TO
11311,3770,REPORTS_TO
11312,3771,REPORTS_TO
11313,3771,REPORTS_TO
11314,3771,REPORTS_TO
11315,3772,REPORTS_TO
11316,3772,REPORTS_TO
11317,3772,REPORTS_TO
11318,3773,REPORTS_TO
11319,3773,REPORTS_TO
11320,3773,REPORTS_TO
11321,3774,REPORTS_TO
11322,3774,REPORTS_TO
11323,3774,REPORTS_TO
11324,3775,REPORTS_TO
11325,3775,REPORTS_TO
11326,3775,REPORTS_TO
11327,3776,REPORTS_TO
11328,3776,REPORTS_TO
11329,3776,REPORTS_TO
11330,3777,REPORTS_TO
11331,3777,REPORTS_TO
11332,3777,REPORTS_TO
11333,3778,REPORTS_TO
11334,3778,REPORTS_TO
11335,3778,REPORTS_TO
11336,3779,REPORTS_TO
11337,3779,REPORTS_TO
11338,3779,REPORTS_TO
11339,3780,REPORTS_TO
11340,3780,REPORTS_TO
11341,3780,REPORTS_TO
11342,3781,REPORTS_TO
11343,3781,REPORTS_TO
11344,3781,REPORTS_TO
11345,3782,REPORTS_TO
11346,3782,REPORTS_TO
11347,3782,REPORTS_TO
11348,3783,REPORTS_TO
11349,3783,REPORTS_TO
11350,3783,REPORTS_TO
11351,3784,REPORTS_TO
11352,3784,REPORTS_TO
11353,3784,REPORTS_TO
11354,3785,REPORTS_TO
11355,3785,REPORTS_TO
11356,3785,REPORTS_TO
11357,3786,REPORTS_TO
11358,3786,REPORTS_TO
11359,3786,REPORTS_TO
11360,3787,REPORTS_TO
11361,3787,REPORTS_TO
11362,3787,REPORTS_TO
11363,3788,REPORTS_TO
11364,3788,REPORTS_TO
11365,3788,REPORTS_TO
11366,3789,REPORTS_TO
11367,3789,REPORTS_TO
11368,3789,REPORTS_TO
11369,3790,REPORTS_TO
11370,3790,REPORTS_TO
11371,3790,REPORTS_TO
11372,3791,REPORTS_TO
11373,3791,REPORTS_TO
11374,3791,REPORTS_TO
11375,3792,REPORTS_TO
11376,3792,REPORTS_TO
11377,3792,REPORTS_TO
11378,3793,REPORTS_TO
11379,3793,REPORTS_TO
11380,3793,REPORTS_TO
11381,3794,REPORTS_TO
11382,3794,REPORTS_TO
11383,3794,REPORTS_TO
11384,3795,REPORTS_TO
11385,3795,REPORTS_TO
11386,3795,REPORTS_TO
11387,3796,REPORTS_TO
11388,3796,REPORTS_TO
11389,3796,REPORTS_TO
11390,3797,REPORTS_TO
11391,3797,REPORTS_TO
11392,3797,REPORTS_TO
11393,3798,REPORTS_TO
11394,3798,REPORTS_TO
11395,3798,REPORTS_TO
11396,3799,REPORTS_TO
11397,3799,REPORTS_TO
11398,3799,REPORTS_TO
11399,3800,REPORTS_TO
11400,3800,REPORTS_TO
11401,3800,REPORTS_TO
11402,3801,REPORTS_TO
11403,3801,REPORTS_TO
11404,3801,REPORTS_TO
11405,3802,REPORTS_TO
11406,3802,REPORTS_TO
11407,3802,REPORTS_TO
11408,3803,REPORTS_TO
11409,3803,REPORTS_TO
11410,3803,REPORTS_TO
11411,3804,REPORTS_TO
11412,3804,REPORTS_TO
11413,3804,REPORTS_TO
11414,3805,REPORTS_TO
11415,3805,REPORTS_TO
11416,3805,REPORTS_TO
11417,3806,REPORTS_TO
11418,3806,REPORTS_TO
11419,3806,REPORTS_TO
11420,3807,REPORTS_TO
11421,3807,REPORTS_TO
11422,3807,REPORTS_TO
11423,3808,REPORTS_TO
11424,3808,REPORTS_TO
11425,3808,REPORTS_TO
11426,3809,REPORTS_TO
11427,3809,REPORTS_TO
11428,3809,REPORTS_TO
11429,3810,REPORTS_TO
11430,3810,REPORTS_TO
11431,3810,REPORTS_TO
11432,3811,REPORTS_TO
11433,3811,REPORTS_TO
11434,3811,REPORTS_TO
11435,3812,REPORTS_TO
11436,3812,REPORTS_TO
11437,3812,REPORTS_TO
11438,3813,REPORTS_TO
11439,3813,REPORTS_TO
11440,3813,REPORTS_TO
11441,3814,REPORTS_TO
11442,3814,REPORTS_TO
11443,3814,REPORTS_TO
11444,3815,REPORTS_TO
11445,3815,REPORTS_TO
11446,3815,REPORTS_TO
11447,3816,REPORTS_TO
11448,3816,REPORTS_TO
11449,3816,REPORTS_TO
11450,3817,REPORTS_TO
11451,3817,REPORTS_TO
11452,3817,REPORTS_TO
11453,3818,REPORTS_TO
11454,3818,REPORTS_TO
11455,3818,REPORTS_TO
11456,3819,REPORTS_TO
11457,3819,REPORTS_TO
11458,3819,REPORTS_TO
11459,3820,REPORTS_TO
11460,3820,REPORTS_TO
11461,3820,REPORTS_TO
11462,3821,REPORTS_TO
11463,3821,REPORTS_TO
11464,3821,REPORTS_TO
11465,3822,REPORTS_TO
11466,3822,REPORTS_TO
11467,3822,REPORTS_TO
11468,3823,REPORTS_TO
11469,3823,REPORTS_TO
11470,3823,REPORTS_TO
11471,3824,REPORTS_TO
11472,3824,REPORTS_TO
11473,3824,REPORTS_TO
11474,3825,REPORTS_TO
11475,3825,REPORTS_TO
11476,3825,REPORTS_TO
11477,3826,REPORTS_TO
11478,3826,REPORTS_TO
11479,3826,REPORTS_TO
11480,3827,REPORTS_TO
11481,3827,REPORTS_TO
11482,3827,REPORTS_TO
11483,3828,REPORTS_TO
11484,3828,REPORTS_TO
11485,3828,REPORTS_TO
11486,3829,REPORTS_TO
11487,3829,REPORTS_TO
11488,3829,REPORTS_TO
11489,3830,REPORTS_TO
11490,3830,REPORTS_TO
11491,3830,REPORTS_TO
11492,3831,REPORTS_TO
11493,3831,REPORTS_TO
11494,3831,REPORTS_TO
11495,3832,REPORTS_TO
11496,3832,REPORTS_TO
11497,3832,REPORTS_TO
11498,3833,REPORTS_TO
11499,3833,REPORTS_TO
11500,3833,REPORTS_TO
11501,3834,REPORTS_TO
11502,3834,REPORTS_TO
11503,3834,REPORTS_TO
11504,3835,REPORTS_TO
11505,3835,REPORTS_TO
11506,3835,REPORTS_TO
11507,3836,REPORTS_TO
11508,3836,REPORTS_TO
11509,3836,REPORTS_TO
11510,3837,REPORTS_TO
11511,3837,REPORTS_TO
11512,3837,REPORTS_TO
11513,3838,REPORTS_TO
11514,3838,REPORTS_TO
11515,3838,REPORTS_TO
11516,3839,REPORTS_TO
11517,3839,REPORTS_TO
11518,3839,REPORTS_TO
11519,3840,REPORTS_TO
11520,3840,REPORTS_TO
11521,3840,REPORTS_TO
11522,3841,REPORTS_TO
11523,3841,REPORTS_TO
11524,3841,REPORTS_TO
11525,3842,REPORTS_TO
11526,3842,REPORTS_TO
11527,3842,REPORTS_TO
11528,3843,REPORTS_TO
11529,3843,REPORTS_TO
11530,3843,REPORTS_TO
11531,3844,REPORTS_TO
11532,3844,REPORTS_TO
11533,3844,REPORTS_TO
11534,3845,REPORTS_TO
11535,3845,REPORTS_TO
11536,3845,REPORTS_TO
11537,3846,REPORTS_TO
11538,3846,REPORTS_TO
11539,3846,REPORTS_TO
11540,3847,REPORTS_TO
11541,3847,REPORTS_TO
11542,3847,REPORTS_TO
11543,3848,REPORTS_TO
11544,3848,REPORTS_TO
11545,3848,REPORTS_TO
11546,3849,REPORTS_TO
11547,3849,REPORTS_TO
11548,3849,REPORTS_TO
11549,3850,REPORTS_TO
11550,3850,REPORTS_TO
11551,3850,REPORTS_TO
11552,3851,REPORTS_TO
11553,3851,REPORTS_TO
11554,3851,REPORTS_TO
11555,3852,REPORTS_TO
11556,3852,REPORTS_TO
11557,3852,REPORTS_TO
11558,3853,REPORTS_TO
11559,3853,REPORTS_TO
11560,3853,REPORTS_TO
11561,3854,REPORTS_TO
11562,3854,REPORTS_TO
11563,3854,REPORTS_TO
11564,3855,REPORTS_TO
11565,3855,REPORTS_TO
11566,3855,REPORTS_TO
11567,3856,REPORTS_TO
11568,3856,REPORTS_TO
11569,3856,REPORTS_TO
11570,3857,REPORTS_TO
11571,3857,REPORTS_TO
11572,3857,REPORTS_TO
11573,3858,REPORTS_TO
11574,3858,REPORTS_TO
11575,3858,REPORTS_TO
11576,3859,REPORTS_TO
11577,3859,REPORTS_TO
11578,3859,REPORTS_TO
11579,3860,REPORTS_TO
11580,3860,REPORTS_TO
11581,3860,REPORTS_TO
11582,3861,REPORTS_TO
11583,3861,REPORTS_TO
11584,3861,REPORTS_TO
11585,3862,REPORTS_TO
11586,3862,REPORTS_TO
11587,3862,REPORTS_TO
11588,3863,REPORTS_TO
11589,3863,REPORTS_TO
11590,3863,REPORTS_TO
11591,3864,REPORTS_TO
11592,3864,REPORTS_TO
11593,3864,REPORTS_TO
11594,3865,REPORTS_TO
11595,3865,REPORTS_TO
11596,3865,REPORTS_TO
11597,3866,REPORTS_TO
11598,3866,REPORTS_TO
11599,3866,REPORTS_TO
11600,3867,REPORTS_TO
11601,3867,REPORTS_TO
11602,3867,REPORTS_TO
11603,3868,REPORTS_TO
11604,3868,REPORTS_TO
11605,3868,REPORTS_TO
11606,3869,REPORTS_TO
11607,3869,REPORTS_TO
11608,3869,REPORTS_TO
11609,3870,REPORTS_TO
11610,3870,REPORTS_TO
11611,3870,REPORTS_TO
11612,3871,REPORTS_TO
11613,3871,REPORTS_TO
11614,3871,REPORTS_TO
11615,3872,REPORTS_TO
11616,3872,REPORTS_TO
11617,3872,REPORTS_TO
11618,3873,REPORTS_TO
11619,3873,REPORTS_TO
11620,3873,REPORTS_TO
11621,3874,REPORTS_TO
11622,3874,REPORTS_TO
11623,3874,REPORTS_TO
11624,3875,REPORTS_TO
11625,3875,REPORTS_TO
11626,3875,REPORTS_TO
11627,3876,REPORTS_TO
11628,3876,REPORTS_TO
11629,3876,REPORTS_TO
11630,3877,REPORTS_TO
11631,3877,REPORTS_TO
11632,3877,REPORTS_TO
11633,3878,REPORTS_TO
11634,3878,REPORTS_TO
11635,3878,REPORTS_TO
11636,3879,REPORTS_TO
11637,3879,REPORTS_TO
11638,3879,REPORTS_TO
11639,3880,REPORTS_TO
11640,3880,REPORTS_TO
11641,3880,REPORTS_TO
11642,3881,REPORTS_TO
11643,3881,REPORTS_TO
11644,3881,REPORTS_TO
11645,3882,REPORTS_TO
11646,3882,REPORTS_TO
11647,3882,REPORTS_TO
11648,3883,REPORTS_TO
11649,3883,REPORTS_TO
11650,3883,REPORTS_TO
11651,3884,REPORTS_TO
11652,3884,REPORTS_TO
11653,3884,REPORTS_TO
11654,3885,REPORTS_TO
11655,3885,REPORTS_TO
11656,3885,REPORTS_TO
11657,3886,REPORTS_TO
11658,3886,REPORTS_TO
11659,3886,REPORTS_TO
11660,3887,REPORTS_TO
11661,3887,REPORTS_TO
11662,3887,REPORTS_TO
11663,3888,REPORTS_TO
11664,3888,REPORTS_TO
11665,3888,REPORTS_TO
11666,3889,REPORTS_TO
11667,3889,REPORTS_TO
11668,3889,REPORTS_TO
11669,3890,REPORTS_TO
11670,3890,REPORTS_TO
11671,3890,REPORTS_TO
11672,3891,REPORTS_TO
11673,3891,REPORTS_TO
11674,3891,REPORTS_TO
11675,3892,REPORTS_TO
11676,3892,REPORTS_TO
11677,3892,REPORTS_TO
11678,3893,REPORTS_TO
11679,3893,REPORTS_TO
11680,3893,REPORTS_TO
11681,3894,REPORTS_TO
11682,3894,REPORTS_TO
11683,3894,REPORTS_TO
11684,3895,REPORTS_TO
11685,3895,REPORTS_TO
11686,3895,REPORTS_TO
11687,3896,REPORTS_TO
11688,3896,REPORTS_TO
11689,3896,REPORTS_TO
11690,3897,REPORTS_TO
11691,3897,REPORTS_TO
11692,3897,REPORTS_TO
11693,3898,REPORTS_TO
11694,3898,REPORTS_TO
11695,3898,REPORTS_TO
11696,3899,REPORTS_TO
11697,3899,REPORTS_TO
11698,3899,REPORTS_TO
11699,3900,REPORTS_TO
11700,3900,REPORTS_TO
11701,3900,REPORTS_TO
11702,3901,REPORTS_TO
11703,3901,REPORTS_TO
11704,3901,REPORTS_TO
11705,3902,REPORTS_TO
11706,3902,REPORTS_TO
11707,3902,REPORTS_TO
11708,3903,REPORTS_TO
11709,3903,REPORTS_TO
11710,3903,REPORTS_TO
11711,3904,REPORTS_TO
11712,3904,REPORTS_TO
11713,3904,REPORTS_TO
11714,3905,REPORTS_TO
11715,3905,REPORTS_TO
11716,3905,REPORTS_TO
11717,3906,REPORTS_TO
11718,3906,REPORTS_TO
11719,3906,REPORTS_TO
11720,3907,REPORTS_TO
11721,3907,REPORTS_TO
11722,3907,REPORTS_TO
11723,3908,REPORTS_TO
11724,3908,REPORTS_TO
11725,3908,REPORTS_TO
11726,3909,REPORTS_TO
11727,3909,REPORTS_TO
11728,3909,REPORTS_TO
11729,3910,REPORTS_TO
11730,3910,REPORTS_TO
11731,3910,REPORTS_TO
11732,3911,REPORTS_TO
11733,3911,REPORTS_TO
11734,3911,REPORTS_TO
11735,3912,REPORTS_TO
11736,3912,REPORTS_TO
11737,3912,REPORTS_TO
11738,3913,REPORTS_TO
11739,3913,REPORTS_TO
11740,3913,REPORTS_TO
11741,3914,REPORTS_TO
11742,3914,REPORTS_TO
11743,3914,REPORTS_TO
11744,3915,REPORTS_TO
11745,3915,REPORTS_TO
11746,3915,REPORTS_TO
11747,3916,REPORTS_TO
11748,3916,REPORTS_TO
11749,3916,REPORTS_TO
11750,3917,REPORTS_TO
11751,3917,REPORTS_TO
11752,3917,REPORTS_TO
11753,3918,REPORTS_TO
11754,3918,REPORTS_TO
11755,3918,REPORTS_TO
11756,3919,REPORTS_TO
11757,3919,REPORTS_TO
11758,3919,REPORTS_TO
11759,3920,REPORTS_TO
11760,3920,REPORTS_TO
11761,3920,REPORTS_TO
11762,3921,REPORTS_TO
11763,3921,REPORTS_TO
11764,3921,REPORTS_TO
11765,3922,REPORTS_TO
11766,3922,REPORTS_TO
11767,3922,REPORTS_TO
11768,3923,REPORTS_TO
11769,3923,REPORTS_TO
11770,3923,REPORTS_TO
11771,3924,REPORTS_TO
11772,3924,REPORTS_TO
11773,3924,REPORTS_TO
11774,3925,REPORTS_TO
11775,3925,REPORTS_TO
11776,3925,REPORTS_TO
11777,3926,REPORTS_TO
11778,3926,REPORTS_TO
11779,3926,REPORTS_TO
11780,3927,REPORTS_TO
11781,3927,REPORTS_TO
11782,3927,REPORTS_TO
11783,3928,REPORTS_TO
11784,3928,REPORTS_TO
11785,3928,REPORTS_TO
11786,3929,REPORTS_TO
11787,3929,REPORTS_TO
11788,3929,REPORTS_TO
11789,3930,REPORTS_TO
11790,3930,REPORTS_TO
11791,3930,REPORTS_TO
11792,3931,REPORTS_TO
11793,3931,REPORTS_TO
11794,3931,REPORTS_TO
11795,3932,REPORTS_TO
11796,3932,REPORTS_TO
11797,3932,REPORTS_TO
11798,3933,REPORTS_TO
11799,3933,REPORTS_TO
11800,3933,REPORTS_TO
11801,3934,REPORTS_TO
11802,3934,REPORTS_TO
11803,3934,REPORTS_TO
11804,3935,REPORTS_TO
11805,3935,REPORTS_TO
11806,3935,REPORTS_TO
11807,3936,REPORTS_TO
11808,3936,REPORTS_TO
11809,3936,REPORTS_TO
11810,3937,REPORTS_TO
11811,3937,REPORTS_TO
11812,3937,REPORTS_TO
11813,3938,REPORTS_TO
11814,3938,REPORTS_TO
11815,3938,REPORTS_TO
11816,3939,REPORTS_TO
11817,3939,REPORTS_TO
11818,3939,REPORTS_TO
11819,3940,REPORTS_TO
11820,3940,REPORTS_TO
11821,3940,REPORTS_TO
11822,3941,REPORTS_TO
11823,3941,REPORTS_TO
11824,3941,REPORTS_TO
11825,3942,REPORTS_TO
11826,3942,REPORTS_TO
11827,3942,REPORTS_TO
11828,3943,REPORTS_TO
11829,3943,REPORTS_TO
11830,3943,REPORTS_TO
11831,3944,REPORTS_TO
11832,3944,REPORTS_TO
11833,3944,REPORTS_TO
11834,3945,REPORTS_TO
11835,3945,REPORTS_TO
11836,3945,REPORTS_TO
11837,3946,REPORTS_TO
11838,3946,REPORTS_TO
11839,3946,REPORTS_TO
11840,3947,REPORTS_TO
11841,3947,REPORTS_TO
11842,3947,REPORTS_TO
11843,3948,REPORTS_TO
11844,3948,REPORTS_TO
11845,3948,REPORTS_TO
11846,3949,REPORTS_TO
11847,3949,REPORTS_TO
11848,3949,REPORTS_TO
11849,3950,REPORTS_TO
11850,3950,REPORTS_TO
11851,3950,REPORTS_TO
11852,3951,REPORTS_TO
11853,3951,REPORTS_TO
11854,3951,REPORTS_TO
11855,3952,REPORTS_TO
11856,3952,REPORTS_TO
11857,3952,REPORTS_TO
11858,3953,REPORTS_TO
11859,3953,REPORTS_TO
11860,3953,REPORTS_TO
11861,3954,REPORTS_TO
11862,3954,REPORTS_TO
11863,3954,REPORTS_TO
11864,3955,REPORTS_TO
11865,3955,REPORTS_TO
11866,3955,REPORTS_TO
11867,3956,REPORTS_TO
11868,3956,REPORTS_TO
11869,3956,REPORTS_TO
11870,3957,REPORTS_TO
11871,3957,REPORTS_TO
11872,3957,REPORTS_TO
11873,3958,REPORTS_TO
11874,3958,REPORTS_TO
11875,3958,REPORTS_TO
11876,3959,REPORTS_TO
11877,3959,REPORTS_TO
11878,3959,REPORTS_TO
11879,3960,REPORTS_TO
11880,3960,REPORTS_TO
11881,3960,REPORTS_TO
11882,3961,REPORTS_TO
11883,3961,REPORTS_TO
11884,3961,REPORTS_TO
11885,3962,REPORTS_TO
11886,3962,REPORTS_TO
11887,3962,REPORTS_TO
11888,3963,REPORTS_TO
11889,3963,REPORTS_TO
11890,3963,REPORTS_TO
11891,3964,REPORTS_TO
11892,3964,REPORTS_TO
11893,3964,REPORTS_TO
11894,3965,REPORTS_TO
11895,3965,REPORTS_TO
11896,3965,REPORTS_TO
11897,3966,REPORTS_TO
11898,3966,REPORTS_TO
11899,3966,REPORTS_TO
11900,3967,REPORTS_TO
11901,3967,REPORTS_TO
11902,3967,REPORTS_TO
11903,3968,REPORTS_TO
11904,3968,REPORTS_TO
11905,3968,REPORTS_TO
11906,3969,REPORTS_TO
11907,3969,REPORTS_TO
11908,3969,REPORTS_TO
11909,3970,REPORTS_TO
11910,3970,REPORTS_TO
11911,3970,REPORTS_TO
11912,3971,REPORTS_TO
11913,3971,REPORTS_TO
11914,3971,REPORTS_TO
11915,3972,REPORTS_TO
11916,3972,REPORTS_TO
11917,3972,REPORTS_TO
11918,3973,REPORTS_TO
11919,3973,REPORTS_TO
11920,3973,REPORTS_TO
11921,3974,REPORTS_TO
11922,3974,REPORTS_TO
11923,3974,REPORTS_TO
11924,3975,REPORTS_TO
11925,3975,REPORTS_TO
11926,3975,REPORTS_TO
11927,3976,REPORTS_TO
11928,3976,REPORTS_TO
11929,3976,REPORTS_TO
11930,3977,REPORTS_TO
11931,3977,REPORTS_TO
11932,3977,REPORTS_TO
11933,3978,REPORTS_TO
11934,3978,REPORTS_TO
11935,3978,REPORTS_TO
11936,3979,REPORTS_TO
11937,3979,REPORTS_TO
11938,3979,REPORTS_TO
11939,3980,REPORTS_TO
11940,3980,REPORTS_TO
11941,3980,REPORTS_TO
11942,3981,REPORTS_TO
11943,3981,REPORTS_TO
11944,3981,REPORTS_TO
11945,3982,REPORTS_TO
11946,3982,REPORTS_TO
11947,3982,REPORTS_TO
11948,3983,REPORTS_TO
11949,3983,REPORTS_TO
11950,3983,REPORTS_TO
11951,3984,REPORTS_TO
11952,3984,REPORTS_TO
11953,3984,REPORTS_TO
11954,3985,REPORTS_TO
11955,3985,REPORTS_TO
11956,3985,REPORTS_TO
11957,3986,REPORTS_TO
11958,3986,REPORTS_TO
11959,3986,REPORTS_TO
11960,3987,REPORTS_TO
11961,3987,REPORTS_TO
11962,3987,REPORTS_TO
11963,3988,REPORTS_TO
11964,3988,REPORTS_TO
11965,3988,REPORTS_TO
11966,3989,REPORTS_TO
11967,3989,REPORTS_TO
11968,3989,REPORTS_TO
11969,3990,REPORTS_TO
11970,3990,REPORTS_TO
11971,3990,REPORTS_TO
11972,3991,REPORTS_TO
11973,3991,REPORTS_TO
11974,3991,REPORTS_TO
11975,3992,REPORTS_TO
11976,3992,REPORTS_TO
11977,3992,REPORTS_TO
11978,3993,REPORTS_TO
11979,3993,REPORTS_TO
11980,3993,REPORTS_TO
11981,3994,REPORTS_TO
11982,3994,REPORTS_TO
11983,3994,REPORTS_TO
11984,3995,REPORTS_TO
11985,3995,REPORTS_TO
11986,3995,REPORTS_TO
11987,3996,REPORTS_TO
11988,3996,REPORTS_TO
11989,3996,REPORTS_TO
11990,3997,REPORTS_TO
11991,3997,REPORTS_TO
11992,3997,REPORTS_TO
11993,3998,REPORTS_TO
11994,3998,REPORTS_TO
11995,3998,REPORTS_TO
11996,3999,REPORTS_TO
11997,3999,REPORTS_TO
11998,3999,REPORTS_TO
11999,4000,REPORTS_TO
12000,4000,REPORTS_TO
12001,4000,REPORTS_TO
12002,4001,REPORTS_TO
12003,4001,REPORTS_TO
12004,4001,REPORTS_TO
12005,4002,REPORTS_TO
12006,4002,REPORTS_TO
12007,4002,REPORTS_TO
12008,4003,REPORTS_TO
12009,4003,REPORTS_TO
12010,4003,REPORTS_TO
12011,4004,REPORTS_TO
12012,4004,REPORTS_TO
12013,4004,REPORTS_TO
12014,4005,REPORTS_TO
12015,4005,REPORTS_TO
12016,4005,REPORTS_TO
12017,4006,REPORTS_TO
12018,4006,REPORTS_TO
12019,4006,REPORTS_TO
12020,4007,REPORTS_TO
12021,4007,REPORTS_TO
12022,4007,REPORTS_TO
12023,4008,REPORTS_TO
12024,4008,REPORTS_TO
12025,4008,REPORTS_TO
12026,4009,REPORTS_TO
12027,4009,REPORTS_TO
12028,4009,REPORTS_TO
12029,4010,REPORTS_TO
12030,4010,REPORTS_TO
12031,4010,REPORTS_TO
12032,4011,REPORTS_TO
12033,4011,REPORTS_TO
12034,4011,REPORTS_TO
12035,4012,REPORTS_TO
12036,4012,REPORTS_TO
12037,4012,REPORTS_TO
12038,4013,REPORTS_TO
12039,4013,REPORTS_TO
12040,4013,REPORTS_TO
12041,4014,REPORTS_TO
12042,4014,REPORTS_TO
12043,4014,REPORTS_TO
12044,4015,REPORTS_TO
12045,4015,REPORTS_TO
12046,4015,REPORTS_TO
12047,4016,REPORTS_TO
12048,4016,REPORTS_TO
12049,4016,REPORTS_TO
12050,4017,REPORTS_TO
12051,4017,REPORTS_TO
12052,4017,REPORTS_TO
12053,4018,REPORTS_TO
12054,4018,REPORTS_TO
12055,4018,REPORTS_TO
12056,4019,REPORTS_TO
12057,4019,REPORTS_TO
12058,4019,REPORTS_TO
12059,4020,REPORTS_TO
12060,4020,REPORTS_TO
12061,4020,REPORTS_TO
12062,4021,REPORTS_TO
12063,4021,REPORTS_TO
12064,4021,REPORTS_TO
12065,4022,REPORTS_TO
12066,4022,REPORTS_TO
12067,4022,REPORTS_TO
12068,4023,REPORTS_TO
12069,4023,REPORTS_TO
12070,4023,REPORTS_TO
12071,4024,REPORTS_TO
12072,4024,REPORTS_TO
12073,4024,REPORTS_TO
12074,4025,REPORTS_TO
12075,4025,REPORTS_TO
12076,4025,REPORTS_TO
12077,4026,REPORTS_TO
12078,4026,REPORTS_TO
12079,4026,REPORTS_TO
12080,4027,REPORTS_TO
12081,4027,REPORTS_TO
12082,4027,REPORTS_TO
12083,4028,REPORTS_TO
12084,4028,REPORTS_TO
12085,4028,REPORTS_TO
12086,4029,REPORTS_TO
12087,4029,REPORTS_TO
12088,4029,REPORTS_TO
12089,4030,REPORTS_TO
12090,4030,REPORTS_TO
12091,4030,REPORTS_TO
12092,4031,REPORTS_TO
12093,4031,REPORTS_TO
12094,4031,REPORTS_TO
12095,4032,REPORTS_TO
12096,4032,REPORTS_TO
12097,4032,REPORTS_TO
12098,4033,REPORTS_TO
12099,4033,REPORTS_TO
12100,4033,REPORTS_TO
12101,4034,REPORTS_TO
12102,4034,REPORTS_TO
12103,4034,REPORTS_TO
12104,4035,REPORTS_TO
12105,4035,REPORTS_TO
12106,4035,REPORTS_TO
12107,4036,REPORTS_TO
12108,4036,REPORTS_TO
12109,4036,REPORTS_TO
12110,4037,REPORTS_TO
12111,4037,REPORTS_TO
12112,4037,REPORTS_TO
12113,4038,REPORTS_TO
12114,4038,REPORTS_TO
12115,4038,REPORTS_TO
12116,4039,REPORTS_TO
12117,4039,REPORTS_TO
12118,4039,REPORTS_TO
12119,4040,REPORTS_TO
12120,4040,REPORTS_TO
12121,4040,REPORTS_TO
12122,4041,REPORTS_TO
12123,4041,REPORTS_TO
12124,4041,REPORTS_TO
12125,4042,REPORTS_TO
12126,4042,REPORTS_TO
12127,4042,REPORTS_TO
12128,4043,REPORTS_TO
12129,4043,REPORTS_TO
12130,4043,REPORTS_TO
12131,4044,REPORTS_TO
12132,4044,REPORTS_TO
12133,4044,REPORTS_TO
12134,4045,REPORTS_TO
12135,4045,REPORTS_TO
12136,4045,REPORTS_TO
12137,4046,REPORTS_TO
12138,4046,REPORTS_TO
12139,4046,REPORTS_TO
12140,4047,REPORTS_TO
12141,4047,REPORTS_TO
12142,4047,REPORTS_TO
12143,4048,REPORTS_TO
12144,4048,REPORTS_TO
12145,4048,REPORTS_TO
12146,4049,REPORTS_TO
12147,4049,REPORTS_TO
12148,4049,REPORTS_TO
12149,4050,REPORTS_TO
12150,4050,REPORTS_TO
12151,4050,REPORTS_TO
12152,4051,REPORTS_TO
12153,4051,REPORTS_TO
12154,4051,REPORTS_TO
12155,4052,REPORTS_TO
12156,4052,REPORTS_TO
12157,4052,REPORTS_TO
12158,4053,REPORTS_TO
12159,4053,REPORTS_TO
12160,4053,REPORTS_TO
12161,4054,REPORTS_TO
12162,4054,REPORTS_TO
12163,4054,REPORTS_TO
12164,4055,REPORTS_TO
12165,4055,REPORTS_TO
12166,4055,REPORTS_TO
12167,4056,REPORTS_TO
12168,4056,REPORTS_TO
12169,4056,REPORTS_TO
12170,4057,REPORTS_TO
12171,4057,REPORTS_TO
12172,4057,REPORTS_TO
12173,4058,REPORTS_TO
12174,4058,REPORTS_TO
12175,4058,REPORTS_TO
12176,4059,REPORTS_TO
12177,4059,REPORTS_TO
12178,4059,REPORTS_TO
12179,4060,REPORTS_TO
12180,4060,REPORTS_TO
12181,4060,REPORTS_TO
12182,4061,REPORTS_TO
12183,4061,REPORTS_TO
12184,4061,REPORTS_TO
12185,4062,REPORTS_TO
12186,4062,REPORTS_TO
12187,4062,REPORTS_TO
12188,4063,REPORTS_TO
12189,4063,REPORTS_TO
12190,4063,REPORTS_TO
12191,4064,REPORTS_TO
12192,4064,REPORTS_TO
12193,4064,REPORTS_TO
12194,4065,REPORTS_TO
12195,4065,REPORTS_TO
12196,4065,REPORTS_TO
12197,4066,REPORTS_TO
12198,4066,REPORTS_TO
12199,4066,REPORTS_TO
12200,4067,REPORTS_TO
12201,4067,REPORTS_TO
12202,4067,REPORTS_TO
12203,4068,REPORTS_TO
12204,4068,REPORTS_TO
12205,4068,REPORTS_TO
12206,4069,REPORTS_TO
12207,4069,REPORTS_TO
12208,4069,REPORTS_TO
12209,4070,REPORTS_TO
12210,4070,REPORTS_TO
12211,4070,REPORTS_TO
12212,4071,REPORTS_TO
12213,4071,REPORTS_TO
12214,4071,REPORTS_TO
12215,4072,REPORTS_TO
12216,4072,REPORTS_TO
12217,4072,REPORTS_TO
12218,4073,REPORTS_TO
12219,4073,REPORTS_TO
12220,4073,REPORTS_TO
12221,4074,REPORTS_TO
12222,4074,REPORTS_TO
12223,4074,REPORTS_TO
12224,4075,REPORTS_TO
12225,4075,REPORTS_TO
12226,4075,REPORTS_TO
12227,4076,REPORTS_TO
12228,4076,REPORTS_TO
12229,4076,REPORTS_TO
12230,4077,REPORTS_TO
12231,4077,REPORTS_TO
12232,4077,REPORTS_TO
12233,4078,REPORTS_TO
12234,4078,REPORTS_TO
12235,4078,REPORTS_TO
12236,4079,REPORTS_TO
12237,4079,REPORTS_TO
12238,4079,REPORTS_TO
12239,4080,REPORTS_TO
12240,4080,REPORTS_TO
12241,4080,REPORTS_TO
12242,4081,REPORTS_TO
12243,4081,REPORTS_TO
12244,4081,REPORTS_TO
12245,4082,REPORTS_TO
12246,4082,REPORTS_TO
12247,4082,REPORTS_TO
12248,4083,REPORTS_TO
12249,4083,REPORTS_TO
12250,4083,REPORTS_TO
12251,4084,REPORTS_TO
12252,4084,REPORTS_TO
12253,4084,REPORTS_TO
12254,4085,REPORTS_TO
12255,4085,REPORTS_TO
12256,4085,REPORTS_TO
12257,4086,REPORTS_TO
12258,4086,REPORTS_TO
12259,4086,REPORTS_TO
12260,4087,REPORTS_TO
12261,4087,REPORTS_TO
12262,4087,REPORTS_TO
12263,4088,REPORTS_TO
12264,4088,REPORTS_TO
12265,4088,REPORTS_TO
12266,4089,REPORTS_TO
12267,4089,REPORTS_TO
12268,4089,REPORTS_TO
12269,4090,REPORTS_TO
12270,4090,REPORTS_TO
12271,4090,REPORTS_TO
12272,4091,REPORTS_TO
12273,4091,REPORTS_TO
12274,4091,REPORTS_TO
12275,4092,REPORTS_TO
12276,4092,REPORTS_TO
12277,4092,REPORTS_TO
12278,4093,REPORTS_TO
12279,4093,REPORTS_TO
12280,4093,REPORTS_TO
12281,4094,REPORTS_TO
12282,4094,REPORTS_TO
12283,4094,REPORTS_TO
12284,4095,REPORTS_TO
12285,4095,REPORTS_TO
12286,4095,REPORTS_TO
12287,4096,REPORTS_TO
12288,4096,REPORTS_TO
12289,4096,REPORTS_TO
12290,4097,REPORTS_TO
12291,4097,REPORTS_TO
12292,4097,REPORTS_TO
12293,4098,REPORTS_TO
12294,4098,REPORTS_TO
12295,4098,REPORTS_TO
12296,4099,REPORTS_TO
12297,4099,REPORTS_TO
12298,4099,REPORTS_TO
12299,4100,REPORTS_TO
12300,4100,REPORTS_TO
12301,4100,REPORTS_TO
12302,4101,REPORTS_TO
12303,4101,REPORTS_TO
12304,4101,REPORTS_TO
12305,4102,REPORTS_TO
12306,4102,REPORTS_TO
12307,4102,REPORTS_TO
12308,4103,REPORTS_TO
12309,4103,REPORTS_TO
12310,4103,REPORTS_TO
12311,4104,REPORTS_TO
12312,4104,REPORTS_TO
12313,4104,REPORTS_TO
12314,4105,REPORTS_TO
12315,4105,REPORTS_TO
12316,4105,REPORTS_TO
12317,4106,REPORTS_TO
12318,4106,REPORTS_TO
12319,4106,REPORTS_TO
12320,4107,REPORTS_TO
12321,4107,REPORTS_TO
12322,4107,REPORTS_TO
12323,4108,REPORTS_TO
12324,4108,REPORTS_TO
12325,4108,REPORTS_TO
12326,4109,REPORTS_TO
12327,4109,REPORTS_TO
12328,4109,REPORTS_TO
12329,4110,REPORTS_TO
12330,4110,REPORTS_TO
12331,4110,REPORTS_TO
12332,4111,REPORTS_TO
12333,4111,REPORTS_TO
12334,4111,REPORTS_TO
12335,4112,REPORTS_TO
12336,4112,REPORTS_TO
12337,4112,REPORTS_TO
12338,4113,REPORTS_TO
12339,4113,REPORTS_TO
12340,4113,REPORTS_TO
12341,4114,REPORTS_TO
12342,4114,REPORTS_TO
12343,4114,REPORTS_TO
12344,4115,REPORTS_TO
12345,4115,REPORTS_TO
12346,4115,REPORTS_TO
12347,4116,REPORTS_TO
12348,4116,REPORTS_TO
12349,4116,REPORTS_TO
12350,4117,REPORTS_TO
12351,4117,REPORTS_TO
12352,4117,REPORTS_TO
12353,4118,REPORTS_TO
12354,4118,REPORTS_TO
12355,4118,REPORTS_TO
12356,4119,REPORTS_TO
12357,4119,REPORTS_TO
12358,4119,REPORTS_TO
12359,4120,REPORTS_TO
12360,4120,REPORTS_TO
12361,4120,REPORTS_TO
12362,4121,REPORTS_TO
12363,4121,REPORTS_TO
12364,4121,REPORTS_TO
12365,4122,REPORTS_TO
12366,4122,REPORTS_TO
12367,4122,REPORTS_TO
12368,4123,REPORTS_TO
12369,4123,REPORTS_TO
12370,4123,REPORTS_TO
12371,4124,REPORTS_TO
12372,4124,REPORTS_TO
12373,4124,REPORTS_TO
12374,4125,REPORTS_TO
12375,4125,REPORTS_TO
12376,4125,REPORTS_TO
12377,4126,REPORTS_TO
12378,4126,REPORTS_TO
12379,4126,REPORTS_TO
12380,4127,REPORTS_TO
12381,4127,REPORTS_TO
12382,4127,REPORTS_TO
12383,4128,REPORTS_TO
12384,4128,REPORTS_TO
12385,4128,REPORTS_TO
12386,4129,REPORTS_TO
12387,4129,REPORTS_TO
12388,4129,REPORTS_TO
12389,4130,REPORTS_TO
12390,4130,REPORTS_TO
12391,4130,REPORTS_TO
12392,4131,REPORTS_TO
12393,4131,REPORTS_TO
12394,4131,REPORTS_TO
12395,4132,REPORTS_TO
12396,4132,REPORTS_TO
12397,4132,REPORTS_TO
12398,4133,REPORTS_TO
12399,4133,REPORTS_TO
12400,4133,REPORTS_TO
12401,4134,REPORTS_TO
12402,4134,REPORTS_TO
12403,4134,REPORTS_TO
12404,4135,REPORTS_TO
12405,4135,REPORTS_TO
12406,4135,REPORTS_TO
12407,4136,REPORTS_TO
12408,4136,REPORTS_TO
12409,4136,REPORTS_TO
12410,4137,REPORTS_TO
12411,4137,REPORTS_TO
12412,4137,REPORTS_TO
12413,4138,REPORTS_TO
12414,4138,REPORTS_TO
12415,4138,REPORTS_TO
12416,4139,REPORTS_TO
12417,4139,REPORTS_TO
12418,4139,REPORTS_TO
12419,4140,REPORTS_TO
12420,4140,REPORTS_TO
12421,4140,REPORTS_TO
12422,4141,REPORTS_TO
12423,4141,REPORTS_TO
12424,4141,REPORTS_TO
12425,4142,REPORTS_TO
12426,4142,REPORTS_TO
12427,4142,REPORTS_TO
12428,4143,REPORTS_TO
12429,4143,REPORTS_TO
12430,4143,REPORTS_TO
12431,4144,REPORTS_TO
12432,4144,REPORTS_TO
12433,4144,REPORTS_TO
12434,4145,REPORTS_TO
12435,4145,REPORTS_TO
12436,4145,REPORTS_TO
12437,4146,REPORTS_TO
12438,4146,REPORTS_TO
12439,4146,REPORTS_TO
12440,4147,REPORTS_TO
12441,4147,REPORTS_TO
12442,4147,REPORTS_TO
12443,4148,REPORTS_TO
12444,4148,REPORTS_TO
12445,4148,REPORTS_TO
12446,4149,REPORTS_TO
12447,4149,REPORTS_TO
12448,4149,REPORTS_TO
12449,4150,REPORTS_TO
12450,4150,REPORTS_TO
12451,4150,REPORTS_TO
12452,4151,REPORTS_TO
12453,4151,REPORTS_TO
12454,4151,REPORTS_TO
12455,4152,REPORTS_TO
12456,4152,REPORTS_TO
12457,4152,REPORTS_TO
12458,4153,REPORTS_TO
12459,4153,REPORTS_TO
12460,4153,REPORTS_TO
12461,4154,REPORTS_TO
12462,4154,REPORTS_TO
12463,4154,REPORTS_TO
12464,4155,REPORTS_TO
12465,4155,REPORTS_TO
12466,4155,REPORTS_TO
12467,4156,REPORTS_TO
12468,4156,REPORTS_TO
12469,4156,REPORTS_TO
12470,4157,REPORTS_TO
12471,4157,REPORTS_TO
12472,4157,REPORTS_TO
12473,4158,REPORTS_TO
12474,4158,REPORTS_TO
12475,4158,REPORTS_TO
12476,4159,REPORTS_TO
12477,4159,REPORTS_TO
12478,4159,REPORTS_TO
12479,4160,REPORTS_TO
12480,4160,REPORTS_TO
12481,4160,REPORTS_TO
12482,4161,REPORTS_TO
12483,4161,REPORTS_TO
12484,4161,REPORTS_TO
12485,4162,REPORTS_TO
12486,4162,REPORTS_TO
12487,4162,REPORTS_TO
12488,4163,REPORTS_TO
12489,4163,REPORTS_TO
12490,4163,REPORTS_TO
12491,4164,REPORTS_TO
12492,4164,REPORTS_TO
12493,4164,REPORTS_TO
12494,4165,REPORTS_TO
12495,4165,REPORTS_TO
12496,4165,REPORTS_TO
12497,4166,REPORTS_TO
12498,4166,REPORTS_TO
12499,4166,REPORTS_TO
12500,4167,REPORTS_TO
12501,4167,REPORTS_TO
12502,4167,REPORTS_TO
12503,4168,REPORTS_TO
12504,4168,REPORTS_TO
12505,4168,REPORTS_TO
12506,4169,REPORTS_TO
12507,4169,REPORTS_TO
12508,4169,REPORTS_TO
12509,4170,REPORTS_TO
12510,4170,REPORTS_TO
12511,4170,REPORTS_TO
12512,4171,REPORTS_TO
12513,4171,REPORTS_TO
12514,4171,REPORTS_TO
12515,4172,REPORTS_TO
12516,4172,REPORTS_TO
12517,4172,REPORTS_TO
12518,4173,REPORTS_TO
12519,4173,REPORTS_TO
12520,4173,REPORTS_TO
12521,4174,REPORTS_TO
12522,4174,REPORTS_TO
12523,4174,REPORTS_TO
12524,4175,REPORTS_TO
12525,4175,REPORTS_TO
12526,4175,REPORTS_TO
12527,4176,REPORTS_TO
12528,4176,REPORTS_TO
12529,4176,REPORTS_TO
12530,4177,REPORTS_TO
12531,4177,REPORTS_TO
12532,4177,REPORTS_TO
12533,4178,REPORTS_TO
12534,4178,REPORTS_TO
12535,4178,REPORTS_TO
12536,4179,REPORTS_TO
12537,4179,REPORTS_TO
12538,4179,REPORTS_TO
12539,4180,REPORTS_TO
12540,4180,REPORTS_TO
12541,4180,REPORTS_TO
12542,4181,REPORTS_TO
12543,4181,REPORTS_TO
12544,4181,REPORTS_TO
12545,4182,REPORTS_TO
12546,4182,REPORTS_TO
12547,4182,REPORTS_TO
12548,4183,REPORTS_TO
12549,4183,REPORTS_TO
12550,4183,REPORTS_TO
12551,4184,REPORTS_TO
12552,4184,REPORTS_TO
12553,4184,REPORTS_TO
12554,4185,REPORTS_TO
12555,4185,REPORTS_TO
12556,4185,REPORTS_TO
12557,4186,REPORTS_TO
12558,4186,REPORTS_TO
12559,4186,REPORTS_TO
12560,4187,REPORTS_TO
12561,4187,REPORTS_TO
12562,4187,REPORTS_TO
12563,4188,REPORTS_TO
12564,4188,REPORTS_TO
12565,4188,REPORTS_TO
12566,4189,REPORTS_TO
12567,4189,REPORTS_TO
12568,4189,REPORTS_TO
12569,4190,REPORTS_TO
12570,4190,REPORTS_TO
12571,4190,REPORTS_TO
12572,4191,REPORTS_TO
12573,4191,REPORTS_TO
12574,4191,REPORTS_TO
12575,4192,REPORTS_TO
12576,4192,REPORTS_TO
12577,4192,REPORTS_TO
12578,4193,REPORTS_TO
12579,4193,REPORTS_TO
12580,4193,REPORTS_TO
12581,4194,REPORTS_TO
12582,4194,REPORTS_TO
12583,4194,REPORTS_TO
12584,4195,REPORTS_TO
12585,4195,REPORTS_TO
12586,4195,REPORTS_TO
12587,4196,REPORTS_TO
12588,4196,REPORTS_TO
12589,4196,REPORTS_TO
12590,4197,REPORTS_TO
12591,4197,REPORTS_TO
12592,4197,REPORTS_TO
12593,4198,REPORTS_TO
12594,4198,REPORTS_TO
12595,4198,REPORTS_TO
12596,4199,REPORTS_TO
12597,4199,REPORTS_TO
12598,4199,REPORTS_TO
12599,4200,REPORTS_TO
12600,4200,REPORTS_TO
12601,4200,REPORTS_TO
12602,4201,REPORTS_TO
12603,4201,REPORTS_TO
12604,4201,REPORTS_TO
12605,4202,REPORTS_TO
12606,4202,REPORTS_TO
12607,4202,REPORTS_TO
12608,4203,REPORTS_TO
12609,4203,REPORTS_TO
12610,4203,REPORTS_TO
12611,4204,REPORTS_TO
12612,4204,REPORTS_TO
12613,4204,REPORTS_TO
12614,4205,REPORTS_TO
12615,4205,REPORTS_TO
12616,4205,REPORTS_TO
12617,4206,REPORTS_TO
12618,4206,REPORTS_TO
12619,4206,REPORTS_TO
12620,4207,REPORTS_TO
12621,4207,REPORTS_TO
12622,4207,REPORTS_TO
12623,4208,REPORTS_TO
12624,4208,REPORTS_TO
12625,4208,REPORTS_TO
12626,4209,REPORTS_TO
12627,4209,REPORTS_TO
12628,4209,REPORTS_TO
12629,4210,REPORTS_TO
12630,4210,REPORTS_TO
12631,4210,REPORTS_TO
12632,4211,REPORTS_TO
12633,4211,REPORTS_TO
12634,4211,REPORTS_TO
12635,4212,REPORTS_TO
12636,4212,REPORTS_TO
12637,4212,REPORTS_TO
12638,4213,REPORTS_TO
12639,4213,REPORTS_TO
12640,4213,REPORTS_TO
12641,4214,REPORTS_TO
12642,4214,REPORTS_TO
12643,4214,REPORTS_TO
12644,4215,REPORTS_TO
12645,4215,REPORTS_TO
12646,4215,REPORTS_TO
12647,4216,REPORTS_TO
12648,4216,REPORTS_TO
12649,4216,REPORTS_TO
12650,4217,REPORTS_TO
12651,4217,REPORTS_TO
12652,4217,REPORTS_TO
12653,4218,REPORTS_TO
12654,4218,REPORTS_TO
12655,4218,REPORTS_TO
12656,4219,REPORTS_TO
12657,4219,REPORTS_TO
12658,4219,REPORTS_TO
12659,4220,REPORTS_TO
12660,4220,REPORTS_TO
12661,4220,REPORTS_TO
12662,4221,REPORTS_TO
12663,4221,REPORTS_TO
12664,4221,REPORTS_TO
12665,4222,REPORTS_TO
12666,4222,REPORTS_TO
12667,4222,REPORTS_TO
12668,4223,REPORTS_TO
12669,4223,REPORTS_TO
12670,4223,REPORTS_TO
12671,4224,REPORTS_TO
12672,4224,REPORTS_TO
12673,4224,REPORTS_TO
12674,4225,REPORTS_TO
12675,4225,REPORTS_TO
12676,4225,REPORTS_TO
12677,4226,REPORTS_TO
12678,4226,REPORTS_TO
12679,4226,REPORTS_TO
12680,4227,REPORTS_TO
12681,4227,REPORTS_TO
12682,4227,REPORTS_TO
12683,4228,REPORTS_TO
12684,4228,REPORTS_TO
12685,4228,REPORTS_TO
12686,4229,REPORTS_TO
12687,4229,REPORTS_TO
12688,4229,REPORTS_TO
12689,4230,REPORTS_TO
12690,4230,REPORTS_TO
12691,4230,REPORTS_TO
12692,4231,REPORTS_TO
12693,4231,REPORTS_TO
12694,4231,REPORTS_TO
12695,4232,REPORTS_TO
12696,4232,REPORTS_TO
12697,4232,REPORTS_TO
12698,4233,REPORTS_TO
12699,4233,REPORTS_TO
12700,4233,REPORTS_TO
12701,4234,REPORTS_TO
12702,4234,REPORTS_TO
12703,4234,REPORTS_TO
12704,4235,REPORTS_TO
12705,4235,REPORTS_TO
12706,4235,REPORTS_TO
12707,4236,REPORTS_TO
12708,4236,REPORTS_TO
12709,4236,REPORTS_TO
12710,4237,REPORTS_TO
12711,4237,REPORTS_TO
12712,4237,REPORTS_TO
12713,4238,REPORTS_TO
12714,4238,REPORTS_TO
12715,4238,REPORTS_TO
12716,4239,REPORTS_TO
12717,4239,REPORTS_TO
12718,4239,REPORTS_TO
12719,4240,REPORTS_TO
12720,4240,REPORTS_TO
12721,4240,REPORTS_TO
12722,4241,REPORTS_TO
12723,4241,REPORTS_TO
12724,4241,REPORTS_TO
12725,4242,REPORTS_TO
12726,4242,REPORTS_TO
12727,4242,REPORTS_TO
12728,4243,REPORTS_TO
12729,4243,REPORTS_TO
12730,4243,REPORTS_TO
12731,4244,REPORTS_TO
12732,4244,REPORTS_TO
12733,4244,REPORTS_TO
12734,4245,REPORTS_TO
12735,4245,REPORTS_TO
12736,4245,REPORTS_TO
12737,4246,REPORTS_TO
12738,4246,REPORTS_TO
12739,4246,REPORTS_TO
12740,4247,REPORTS_TO
12741,4247,REPORTS_TO
12742,4247,REPORTS_TO
12743,4248,REPORTS_TO
12744,4248,REPORTS_TO
12745,4248,REPORTS_TO
12746,4249,REPORTS_TO
12747,4249,REPORTS_TO
12748,4249,REPORTS_TO
12749,4250,REPORTS_TO
12750,4250,REPORTS_TO
12751,4250,REPORTS_TO
12752,4251,REPORTS_TO
12753,4251,REPORTS_TO
12754,4251,REPORTS_TO
12755,4252,REPORTS_TO
12756,4252,REPORTS_TO
12757,4252,REPORTS_TO
12758,4253,REPORTS_TO
12759,4253,REPORTS_TO
12760,4253,REPORTS_TO
12761,4254,REPORTS_TO
12762,4254,REPORTS_TO
12763,4254,REPORTS_TO
12764,4255,REPORTS_TO
12765,4255,REPORTS_TO
12766,4255,REPORTS_TO
12767,4256,REPORTS_TO
12768,4256,REPORTS_TO
12769,4256,REPORTS_TO
12770,4257,REPORTS_TO
12771,4257,REPORTS_TO
12772,4257,REPORTS_TO
12773,4258,REPORTS_TO
12774,4258,REPORTS_TO
12775,4258,REPORTS_TO
12776,4259,REPORTS_TO
12777,4259,REPORTS_TO
12778,4259,REPORTS_TO
12779,4260,REPORTS_TO
12780,4260,REPORTS_TO
12781,4260,REPORTS_TO
12782,4261,REPORTS_TO
12783,4261,REPORTS_TO
12784,4261,REPORTS_TO
12785,4262,REPORTS_TO
12786,4262,REPORTS_TO
12787,4262,REPORTS_TO
12788,4263,REPORTS_TO
12789,4263,REPORTS_TO
12790,4263,REPORTS_TO
12791,4264,REPORTS_TO
12792,4264,REPORTS_TO
12793,4264,REPORTS_TO
12794,4265,REPORTS_TO
12795,4265,REPORTS_TO
12796,4265,REPORTS_TO
12797,4266,REPORTS_TO
12798,4266,REPORTS_TO
12799,4266,REPORTS_TO
12800,4267,REPORTS_TO
12801,4267,REPORTS_TO
12802,4267,REPORTS_TO
12803,4268,REPORTS_TO
12804,4268,REPORTS_TO
12805,4268,REPORTS_TO
12806,4269,REPORTS_TO
12807,4269,REPORTS_TO
12808,4269,REPORTS_TO
12809,4270,REPORTS_TO
12810,4270,REPORTS_TO
12811,4270,REPORTS_TO
12812,4271,REPORTS_TO
12813,4271,REPORTS_TO
12814,4271,REPORTS_TO
12815,4272,REPORTS_TO
12816,4272,REPORTS_TO
12817,4272,REPORTS_TO
12818,4273,REPORTS_TO
12819,4273,REPORTS_TO
12820,4273,REPORTS_TO
12821,4274,REPORTS_TO
12822,4274,REPORTS_TO
12823,4274,REPORTS_TO
12824,4275,REPORTS_TO
12825,4275,REPORTS_TO
12826,4275,REPORTS_TO
12827,4276,REPORTS_TO
12828,4276,REPORTS_TO
12829,4276,REPORTS_TO
12830,4277,REPORTS_TO
12831,4277,REPORTS_TO
12832,4277,REPORTS_TO
12833,4278,REPORTS_TO
12834,4278,REPORTS_TO
12835,4278,REPORTS_TO
12836,4279,REPORTS_TO
12837,4279,REPORTS_TO
12838,4279,REPORTS_TO
12839,4280,REPORTS_TO
12840,4280,REPORTS_TO
12841,4280,REPORTS_TO
12842,4281,REPORTS_TO
12843,4281,REPORTS_TO
12844,4281,REPORTS_TO
12845,4282,REPORTS_TO
12846,4282,REPORTS_TO
12847,4282,REPORTS_TO
12848,4283,REPORTS_TO
12849,4283,REPORTS_TO
12850,4283,REPORTS_TO
12851,4284,REPORTS_TO
12852,4284,REPORTS_TO
12853,4284,REPORTS_TO
12854,4285,REPORTS_TO
12855,4285,REPORTS_TO
12856,4285,REPORTS_TO
12857,4286,REPORTS_TO
12858,4286,REPORTS_TO
12859,4286,REPORTS_TO
12860,4287,REPORTS_TO
12861,4287,REPORTS_TO
12862,4287,REPORTS_TO
12863,4288,REPORTS_TO
12864,4288,REPORTS_TO
12865,4288,REPORTS_TO
12866,4289,REPORTS_TO
12867,4289,REPORTS_TO
12868,4289,REPORTS_TO
12869,4290,REPORTS_TO
12870,4290,REPORTS_TO
12871,4290,REPORTS_TO
12872,4291,REPORTS_TO
12873,4291,REPORTS_TO
12874,4291,REPORTS_TO
12875,4292,REPORTS_TO
12876,4292,REPORTS_TO
12877,4292,REPORTS_TO
12878,4293,REPORTS_TO
12879,4293,REPORTS_TO
12880,4293,REPORTS_TO
12881,4294,REPORTS_TO
12882,4294,REPORTS_TO
12883,4294,REPORTS_TO
12884,4295,REPORTS_TO
12885,4295,REPORTS_TO
12886,4295,REPORTS_TO
12887,4296,REPORTS_TO
12888,4296,REPORTS_TO
12889,4296,REPORTS_TO
12890,4297,REPORTS_TO
12891,4297,REPORTS_TO
12892,4297,REPORTS_TO
12893,4298,REPORTS_TO
12894,4298,REPORTS_TO
12895,4298,REPORTS_TO
12896,4299,REPORTS_TO
12897,4299,REPORTS_TO
12898,4299,REPORTS_TO
12899,4300,REPORTS_TO
12900,4300,REPORTS_TO
12901,4300,REPORTS_TO
12902,4301,REPORTS_TO
12903,4301,REPORTS_TO
12904,4301,REPORTS_TO
12905,4302,REPORTS_TO
12906,4302,REPORTS_TO
12907,4302,REPORTS_TO
12908,4303,REPORTS_TO
12909,4303,REPORTS_TO
12910,4303,REPORTS_TO
12911,4304,REPORTS_TO
12912,4304,REPORTS_TO
12913,4304,REPORTS_TO
12914,4305,REPORTS_TO
12915,4305,REPORTS_TO
12916,4305,REPORTS_TO
12917,4306,REPORTS_TO
12918,4306,REPORTS_TO
12919,4306,REPORTS_TO
12920,4307,REPORTS_TO
12921,4307,REPORTS_TO
12922,4307,REPORTS_TO
12923,4308,REPORTS_TO
12924,4308,REPORTS_TO
12925,4308,REPORTS_TO
12926,4309,REPORTS_TO
12927,4309,REPORTS_TO
12928,4309,REPORTS_TO
12929,4310,REPORTS_TO
12930,4310,REPORTS_TO
12931,4310,REPORTS_TO
12932,4311,REPORTS_TO
12933,4311,REPORTS_TO
12934,4311,REPORTS_TO
12935,4312,REPORTS_TO
12936,4312,REPORTS_TO
12937,4312,REPORTS_TO
12938,4313,REPORTS_TO
12939,4313,REPORTS_TO
12940,4313,REPORTS_TO
12941,4314,REPORTS_TO
12942,4314,REPORTS_TO
12943,4314,REPORTS_TO
12944,4315,REPORTS_TO
12945,4315,REPORTS_TO
12946,4315,REPORTS_TO
12947,4316,REPORTS_TO
12948,4316,REPORTS_TO
12949,4316,REPORTS_TO
12950,4317,REPORTS_TO
12951,4317,REPORTS_TO
12952,4317,REPORTS_TO
12953,4318,REPORTS_TO
12954,4318,REPORTS_TO
12955,4318,REPORTS_TO
12956,4319,REPORTS_TO
12957,4319,REPORTS_TO
12958,4319,REPORTS_TO
12959,4320,REPORTS_TO
12960,4320,REPORTS_TO
12961,4320,REPORTS_TO
12962,4321,REPORTS_TO
12963,4321,REPORTS_TO
12964,4321,REPORTS_TO
12965,4322,REPORTS_TO
12966,4322,REPORTS_TO
12967,4322,REPORTS_TO
12968,4323,REPORTS_TO
12969,4323,REPORTS_TO
12970,4323,REPORTS_TO
12971,4324,REPORTS_TO
12972,4324,REPORTS_TO
12973,4324,REPORTS_TO
12974,4325,REPORTS_TO
12975,4325,REPORTS_TO
12976,4325,REPORTS_TO
12977,4326,REPORTS_TO
12978,4326,REPORTS_TO
12979,4326,REPORTS_TO
12980,4327,REPORTS_TO
12981,4327,REPORTS_TO
12982,4327,REPORTS_TO
12983,4328,REPORTS_TO
12984,4328,REPORTS_TO
12985,4328,REPORTS_TO
12986,4329,REPORTS_TO
12987,4329,REPORTS_TO
12988,4329,REPORTS_TO
12989,4330,REPORTS_TO
12990,4330,REPORTS_TO
12991,4330,REPORTS_TO
12992,4331,REPORTS_TO
12993,4331,REPORTS_TO
12994,4331,REPORTS_TO
12995,4332,REPORTS_TO
12996,4332,REPORTS_TO
12997,4332,REPORTS_TO
12998,4333,REPORTS_TO
12999,4333,REPORTS_TO
13000,4333,REPORTS_TO
13001,4334,REPORTS_TO
13002,4334,REPORTS_TO
13003,4334,REPORTS_TO
13004,4335,REPORTS_TO
13005,4335,REPORTS_TO
13006,4335,REPORTS_TO
13007,4336,REPORTS_TO
13008,4336,REPORTS_TO
13009,4336,REPORTS_TO
13010,4337,REPORTS_TO
13011,4337,REPORTS_TO
13012,4337,REPORTS_TO
13013,4338,REPORTS_TO
13014,4338,REPORTS_TO
13015,4338,REPORTS_TO
13016,4339,REPORTS_TO
13017,4339,REPORTS_TO
13018,4339,REPORTS_TO
13019,4340,REPORTS_TO
13020,4340,REPORTS_TO
13021,4340,REPORTS_TO
13022,4341,REPORTS_TO
13023,4341,REPORTS_TO
13024,4341,REPORTS_TO
13025,4342,REPORTS_TO
13026,4342,REPORTS_TO
13027,4342,REPORTS_TO
13028,4343,REPORTS_TO
13029,4343,REPORTS_TO
13030,4343,REPORTS_TO
13031,4344,REPORTS_TO
13032,4344,REPORTS_TO
13033,4344,REPORTS_TO
13034,4345,REPORTS_TO
13035,4345,REPORTS_TO
13036,4345,REPORTS_TO
13037,4346,REPORTS_TO
13038,4346,REPORTS_TO
13039,4346,REPORTS_TO
13040,4347,REPORTS_TO
13041,4347,REPORTS_TO
13042,4347,REPORTS_TO
13043,4348,REPORTS_TO
13044,4348,REPORTS_TO
13045,4348,REPORTS_TO
13046,4349,REPORTS_TO
13047,4349,REPORTS_TO
13048,4349,REPORTS_TO
13049,4350,REPORTS_TO
13050,4350,REPORTS_TO
13051,4350,REPORTS_TO
13052,4351,REPORTS_TO
13053,4351,REPORTS_TO
13054,4351,REPORTS_TO
13055,4352,REPORTS_TO
13056,4352,REPORTS_TO
13057,4352,REPORTS_TO
13058,4353,REPORTS_TO
13059,4353,REPORTS_TO
13060,4353,REPORTS_TO
13061,4354,REPORTS_TO
13062,4354,REPORTS_TO
13063,4354,REPORTS_TO
13064,4355,REPORTS_TO
13065,4355,REPORTS_TO
13066,4355,REPORTS_TO
13067,4356,REPORTS_TO
13068,4356,REPORTS_TO
13069,4356,REPORTS_TO
13070,4357,REPORTS_TO
13071,4357,REPORTS_TO
13072,4357,REPORTS_TO
13073,4358,REPORTS_TO
13074,4358,REPORTS_TO
13075,4358,REPORTS_TO
13076,4359,REPORTS_TO
13077,4359,REPORTS_TO
13078,4359,REPORTS_TO
13079,4360,REPORTS_TO
13080,4360,REPORTS_TO
13081,4360,REPORTS_TO
13082,4361,REPORTS_TO
13083,4361,REPORTS_TO
13084,4361,REPORTS_TO
13085,4362,REPORTS_TO
13086,4362,REPORTS_TO
13087,4362,REPORTS_TO
13088,4363,REPORTS_TO
13089,4363,REPORTS_TO
13090,4363,REPORTS_TO
13091,4364,REPORTS_TO
13092,4364,REPORTS_TO
13093,4364,REPORTS_TO
13094,4365,REPORTS_TO
13095,4365,REPORTS_TO
13096,4365,REPORTS_TO
13097,4366,REPORTS_TO
13098,4366,REPORTS_TO
13099,4366,REPORTS_TO
13100,4367,REPORTS_TO
13101,4367,REPORTS_TO
13102,4367,REPORTS_TO
13103,4368,REPORTS_TO
13104,4368,REPORTS_TO
13105,4368,REPORTS_TO
13106,4369,REPORTS_TO
13107,4369,REPORTS_TO
13108,4369,REPORTS_TO
13109,4370,REPORTS_TO
13110,4370,REPORTS_TO
13111,4370,REPORTS_TO
13112,4371,REPORTS_TO
13113,4371,REPORTS_TO
13114,4371,REPORTS_TO
13115,4372,REPORTS_TO
13116,4372,REPORTS_TO
13117,4372,REPORTS_TO
13118,4373,REPORTS_TO
13119,4373,REPORTS_TO
13120,4373,REPORTS_TO
13121,4374,REPORTS_TO
13122,4374,REPORTS_TO
13123,4374,REPORTS_TO
13124,4375,REPORTS_TO
13125,4375,REPORTS_TO
13126,4375,REPORTS_TO
13127,4376,REPORTS_TO
13128,4376,REPORTS_TO
13129,4376,REPORTS_TO
13130,4377,REPORTS_TO
13131,4377,REPORTS_TO
13132,4377,REPORTS_TO
13133,4378,REPORTS_TO
13134,4378,REPORTS_TO
13135,4378,REPORTS_TO
13136,4379,REPORTS_TO
13137,4379,REPORTS_TO
13138,4379,REPORTS_TO
13139,4380,REPORTS_TO
13140,4380,REPORTS_TO
13141,4380,REPORTS_TO
13142,4381,REPORTS_TO
13143,4381,REPORTS_TO
13144,4381,REPORTS_TO
13145,4382,REPORTS_TO
13146,4382,REPORTS_TO
13147,4382,REPORTS_TO
13148,4383,REPORTS_TO
13149,4383,REPORTS_TO
13150,4383,REPORTS_TO
13151,4384,REPORTS_TO
13152,4384,REPORTS_TO
13153,4384,REPORTS_TO
13154,4385,REPORTS_TO
13155,4385,REPORTS_TO
13156,4385,REPORTS_TO
13157,4386,REPORTS_TO
13158,4386,REPORTS_TO
13159,4386,REPORTS_TO
13160,4387,REPORTS_TO
13161,4387,REPORTS_TO
13162,4387,REPORTS_TO
13163,4388,REPORTS_TO
13164,4388,REPORTS_TO
13165,4388,REPORTS_TO
13166,4389,REPORTS_TO
13167,4389,REPORTS_TO
13168,4389,REPORTS_TO
13169,4390,REPORTS_TO
13170,4390,REPORTS_TO
13171,4390,REPORTS_TO
13172,4391,REPORTS_TO
13173,4391,REPORTS_TO
13174,4391,REPORTS_TO
13175,4392,REPORTS_TO
13176,4392,REPORTS_TO
13177,4392,REPORTS_TO
13178,4393,REPORTS_TO
13179,4393,REPORTS_TO
13180,4393,REPORTS_TO
13181,4394,REPORTS_TO
13182,4394,REPORTS_TO
13183,4394,REPORTS_TO
13184,4395,REPORTS_TO
13185,4395,REPORTS_TO
13186,4395,REPORTS_TO
13187,4396,REPORTS_TO
13188,4396,REPORTS_TO
13189,4396,REPORTS_TO
13190,4397,REPORTS_TO
13191,4397,REPORTS_TO
13192,4397,REPORTS_TO
13193,4398,REPORTS_TO
13194,4398,REPORTS_TO
13195,4398,REPORTS_TO
13196,4399,REPORTS_TO
13197,4399,REPORTS_TO
13198,4399,REPORTS_TO
13199,4400,REPORTS_TO
13200,4400,REPORTS_TO
13201,4400,REPORTS_TO
13202,4401,REPORTS_TO
13203,4401,REPORTS_TO
13204,4401,REPORTS_TO
13205,4402,REPORTS_TO
13206,4402,REPORTS_TO
13207,4402,REPORTS_TO
13208,4403,REPORTS_TO
13209,4403,REPORTS_TO
13210,4403,REPORTS_TO
13211,4404,REPORTS_TO
13212,4404,REPORTS_TO
13213,4404,REPORTS_TO
13214,4405,REPORTS_TO
13215,4405,REPORTS_TO
13216,4405,REPORTS_TO
13217,4406,REPORTS_TO
13218,4406,REPORTS_TO
13219,4406,REPORTS_TO
13220,4407,REPORTS_TO
13221,4407,REPORTS_TO
13222,4407,REPORTS_TO
13223,4408,REPORTS_TO
13224,4408,REPORTS_TO
13225,4408,REPORTS_TO
13226,4409,REPORTS_TO
13227,4409,REPORTS_TO
13228,4409,REPORTS_TO
13229,4410,REPORTS_TO
13230,4410,REPORTS_TO
13231,4410,REPORTS_TO
13232,4411,REPORTS_TO
13233,4411,REPORTS_TO
13234,4411,REPORTS_TO
13235,4412,REPORTS_TO
13236,4412,REPORTS_TO
13237,4412,REPORTS_TO
13238,4413,REPORTS_TO
13239,4413,REPORTS_TO
13240,4413,REPORTS_TO
13241,4414,REPORTS_TO
13242,4414,REPORTS_TO
13243,4414,REPORTS_TO
13244,4415,REPORTS_TO
13245,4415,REPORTS_TO
13246,4415,REPORTS_TO
13247,4416,REPORTS_TO
13248,4416,REPORTS_TO
13249,4416,REPORTS_TO
13250,4417,REPORTS_TO
13251,4417,REPORTS_TO
13252,4417,REPORTS_TO
13253,4418,REPORTS_TO
13254,4418,REPORTS_TO
13255,4418,REPORTS_TO
13256,4419,REPORTS_TO
13257,4419,REPORTS_TO
13258,4419,REPORTS_TO
13259,4420,REPORTS_TO
13260,4420,REPORTS_TO
13261,4420,REPORTS_TO
13262,4421,REPORTS_TO
13263,4421,REPORTS_TO
13264,4421,REPORTS_TO
13265,4422,REPORTS_TO
13266,4422,REPORTS_TO
13267,4422,REPORTS_TO
13268,4423,REPORTS_TO
13269,4423,REPORTS_TO
13270,4423,REPORTS_TO
13271,4424,REPORTS_TO
13272,4424,REPORTS_TO
13273,4424,REPORTS_TO
13274,4425,REPORTS_TO
13275,4425,REPORTS_TO
13276,4425,REPORTS_TO
13277,4426,REPORTS_TO
13278,4426,REPORTS_TO
13279,4426,REPORTS_TO
13280,4427,REPORTS_TO
13281,4427,REPORTS_TO
13282,4427,REPORTS_TO
13283,4428,REPORTS_TO
13284,4428,REPORTS_TO
13285,4428,REPORTS_TO
13286,4429,REPORTS_TO
13287,4429,REPORTS_TO
13288,4429,REPORTS_TO
13289,4430,REPORTS_TO
13290,4430,REPORTS_TO
13291,4430,REPORTS_TO
13292,4431,REPORTS_TO
13293,4431,REPORTS_TO
13294,4431,REPORTS_TO
13295,4432,REPORTS_TO
13296,4432,REPORTS_TO
13297,4432,REPORTS_TO
13298,4433,REPORTS_TO
13299,4433,REPORTS_TO
13300,4433,REPORTS_TO
13301,4434,REPORTS_TO
13302,4434,REPORTS_TO
13303,4434,REPORTS_TO
13304,4435,REPORTS_TO
13305,4435,REPORTS_TO
13306,4435,REPORTS_TO
13307,4436,REPORTS_TO
13308,4436,REPORTS_TO
13309,4436,REPORTS_TO
13310,4437,REPORTS_TO
13311,4437,REPORTS_TO
13312,4437,REPORTS_TO
13313,4438,REPORTS_TO
13314,4438,REPORTS_TO
13315,4438,REPORTS_TO
13316,4439,REPORTS_TO
13317,4439,REPORTS_TO
13318,4439,REPORTS_TO
13319,4440,REPORTS_TO
13320,4440,REPORTS_TO
13321,4440,REPORTS_TO
13322,4441,REPORTS_TO
13323,4441,REPORTS_TO
13324,4441,REPORTS_TO
13325,4442,REPORTS_TO
13326,4442,REPORTS_TO
13327,4442,REPORTS_TO
13328,4443,REPORTS_TO
13329,4443,REPORTS_TO
13330,4443,REPORTS_TO
13331,4444,REPORTS_TO
13332,4444,REPORTS_TO
13333,4444,REPORTS_TO
13334,4445,REPORTS_TO
13335,4445,REPORTS_TO
13336,4445,REPORTS_TO
13337,4446,REPORTS_TO
13338,4446,REPORTS_TO
13339,4446,REPORTS_TO
13340,4447,REPORTS_TO
13341,4447,REPORTS_TO
13342,4447,REPORTS_TO
13343,4448,REPORTS_TO
13344,4448,REPORTS_TO
13345,4448,REPORTS_TO
13346,4449,REPORTS_TO
13347,4449,REPORTS_TO
13348,4449,REPORTS_TO
13349,4450,REPORTS_TO
13350,4450,REPORTS_TO
13351,4450,REPORTS_TO
13352,4451,REPORTS_TO
13353,4451,REPORTS_TO
13354,4451,REPORTS_TO
13355,4452,REPORTS_TO
13356,4452,REPORTS_TO
13357,4452,REPORTS_TO
13358,4453,REPORTS_TO
13359,4453,REPORTS_TO
13360,4453,REPORTS_TO
13361,4454,REPORTS_TO
13362,4454,REPORTS_TO
13363,4454,REPORTS_TO
13364,4455,REPORTS_TO
13365,4455,REPORTS_TO
13366,4455,REPORTS_TO
13367,4456,REPORTS_TO
13368,4456,REPORTS_TO
13369,4456,REPORTS_TO
13370,4457,REPORTS_TO
13371,4457,REPORTS_TO
13372,4457,REPORTS_TO
13373,4458,REPORTS_TO
13374,4458,REPORTS_TO
13375,4458,REPORTS_TO
13376,4459,REPORTS_TO
13377,4459,REPORTS_TO
13378,4459,REPORTS_TO
13379,4460,REPORTS_TO
13380,4460,REPORTS_TO
13381,4460,REPORTS_TO
13382,4461,REPORTS_TO
13383,4461,REPORTS_TO
13384,4461,REPORTS_TO
13385,4462,REPORTS_TO
13386,4462,REPORTS_TO
13387,4462,REPORTS_TO
13388,4463,REPORTS_TO
13389,4463,REPORTS_TO
13390,4463,REPORTS_TO
13391,4464,REPORTS_TO
13392,4464,REPORTS_TO
13393,4464,REPORTS_TO
13394,4465,REPORTS_TO
13395,4465,REPORTS_TO
13396,4465,REPORTS_TO
13397,4466,REPORTS_TO
13398,4466,REPORTS_TO
13399,4466,REPORTS_TO
13400,4467,REPORTS_TO
13401,4467,REPORTS_TO
13402,4467,REPORTS_TO
13403,4468,REPORTS_TO
13404,4468,REPORTS_TO
13405,4468,REPORTS_TO
13406,4469,REPORTS_TO
13407,4469,REPORTS_TO
13408,4469,REPORTS_TO
13409,4470,REPORTS_TO
13410,4470,REPORTS_TO
13411,4470,REPORTS_TO
13412,4471,REPORTS_TO
13413,4471,REPORTS_TO
13414,4471,REPORTS_TO
13415,4472,REPORTS_TO
13416,4472,REPORTS_TO
13417,4472,REPORTS_TO
13418,4473,REPORTS_TO
13419,4473,REPORTS_TO
13420,4473,REPORTS_TO
13421,4474,REPORTS_TO
13422,4474,REPORTS_TO
13423,4474,REPORTS_TO
13424,4475,REPORTS_TO
13425,4475,REPORTS_TO
13426,4475,REPORTS_TO
13427,4476,REPORTS_TO
13428,4476,REPORTS_TO
13429,4476,REPORTS_TO
13430,4477,REPORTS_TO
13431,4477,REPORTS_TO
13432,4477,REPORTS_TO
13433,4478,REPORTS_TO
13434,4478,REPORTS_TO
13435,4478,REPORTS_TO
13436,4479,REPORTS_TO
13437,4479,REPORTS_TO
13438,4479,REPORTS_TO
13439,4480,REPORTS_TO
13440,4480,REPORTS_TO
13441,4480,REPORTS_TO
13442,4481,REPORTS_TO
13443,4481,REPORTS_TO
13444,4481,REPORTS_TO
13445,4482,REPORTS_TO
13446,4482,REPORTS_TO
13447,4482,REPORTS_TO
13448,4483,REPORTS_TO
13449,4483,REPORTS_TO
13450,4483,REPORTS_TO
13451,4484,REPORTS_TO
13452,4484,REPORTS_TO
13453,4484,REPORTS_TO
13454,4485,REPORTS_TO
13455,4485,REPORTS_TO
13456,4485,REPORTS_TO
13457,4486,REPORTS_TO
13458,4486,REPORTS_TO
13459,4486,REPORTS_TO
13460,4487,REPORTS_TO
13461,4487,REPORTS_TO
13462,4487,REPORTS_TO
13463,4488,REPORTS_TO
13464,4488,REPORTS_TO
13465,4488,REPORTS_TO
13466,4489,REPORTS_TO
13467,4489,REPORTS_TO
13468,4489,REPORTS_TO
13469,4490,REPORTS_TO
13470,4490,REPORTS_TO
13471,4490,REPORTS_TO
13472,4491,REPORTS_TO
13473,4491,REPORTS_TO
13474,4491,REPORTS_TO
13475,4492,REPORTS_TO
13476,4492,REPORTS_TO
13477,4492,REPORTS_TO
13478,4493,REPORTS_TO
13479,4493,REPORTS_TO
13480,4493,REPORTS_TO
13481,4494,REPORTS_TO
13482,4494,REPORTS_TO
13483,4494,REPORTS_TO
13484,4495,REPORTS_TO
13485,4495,REPORTS_TO
13486,4495,REPORTS_TO
13487,4496,REPORTS_TO
13488,4496,REPORTS_TO
13489,4496,REPORTS_TO
13490,4497,REPORTS_TO
13491,4497,REPORTS_TO
13492,4497,REPORTS_TO
13493,4498,REPORTS_TO
13494,4498,REPORTS_TO
13495,4498,REPORTS_TO
13496,4499,REPORTS_TO
13497,4499,REPORTS_TO
13498,4499,REPORTS_TO
13499,4500,REPORTS_TO
13500,4500,REPORTS_TO
13501,4500,REPORTS_TO
13502,4501,REPORTS_TO
13503,4501,REPORTS_TO
13504,4501,REPORTS_TO
13505,4502,REPORTS_TO
13506,4502,REPORTS_TO
13507,4502,REPORTS_TO
13508,4503,REPORTS_TO
13509,4503,REPORTS_TO
13510,4503,REPORTS_TO
13511,4504,REPORTS_TO
13512,4504,REPORTS_TO
13513,4504,REPORTS_TO
13514,4505,REPORTS_TO
13515,4505,REPORTS_TO
13516,4505,REPORTS_TO
13517,4506,REPORTS_TO
13518,4506,REPORTS_TO
13519,4506,REPORTS_TO
13520,4507,REPORTS_TO
13521,4507,REPORTS_TO
13522,4507,REPORTS_TO
13523,4508,REPORTS_TO
13524,4508,REPORTS_TO
13525,4508,REPORTS_TO
13526,4509,REPORTS_TO
13527,4509,REPORTS_TO
13528,4509,REPORTS_TO
13529,4510,REPORTS_TO
13530,4510,REPORTS_TO
13531,4510,REPORTS_TO
13532,4511,REPORTS_TO
13533,4511,REPORTS_TO
13534,4511,REPORTS_TO
13535,4512,REPORTS_TO
13536,4512,REPORTS_TO
13537,4512,REPORTS_TO
13538,4513,REPORTS_TO
13539,4513,REPORTS_TO
13540,4513,REPORTS_TO
13541,4514,REPORTS_TO
13542,4514,REPORTS_TO
13543,4514,REPORTS_TO
13544,4515,REPORTS_TO
13545,4515,REPORTS_TO
13546,4515,REPORTS_TO
13547,4516,REPORTS_TO
13548,4516,REPORTS_TO
13549,4516,REPORTS_TO
13550,4517,REPORTS_TO
13551,4517,REPORTS_TO
13552,4517,REPORTS_TO
13553,4518,REPORTS_TO
13554,4518,REPORTS_TO
13555,4518,REPORTS_TO
13556,4519,REPORTS_TO
13557,4519,REPORTS_TO
13558,4519,REPORTS_TO
13559,4520,REPORTS_TO
13560,4520,REPORTS_TO
13561,4520,REPORTS_TO
13562,4521,REPORTS_TO
13563,4521,REPORTS_TO
13564,4521,REPORTS_TO
13565,4522,REPORTS_TO
13566,4522,REPORTS_TO
13567,4522,REPORTS_TO
13568,4523,REPORTS_TO
13569,4523,REPORTS_TO
13570,4523,REPORTS_TO
13571,4524,REPORTS_TO
13572,4524,REPORTS_TO
13573,4524,REPORTS_TO
13574,4525,REPORTS_TO
13575,4525,REPORTS_TO
13576,4525,REPORTS_TO
13577,4526,REPORTS_TO
13578,4526,REPORTS_TO
13579,4526,REPORTS_TO
13580,4527,REPORTS_TO
13581,4527,REPORTS_TO
13582,4527,REPORTS_TO
13583,4528,REPORTS_TO
13584,4528,REPORTS_TO
13585,4528,REPORTS_TO
13586,4529,REPORTS_TO
13587,4529,REPORTS_TO
13588,4529,REPORTS_TO
13589,4530,REPORTS_TO
13590,4530,REPORTS_TO
13591,4530,REPORTS_TO
13592,4531,REPORTS_TO
13593,4531,REPORTS_TO
13594,4531,REPORTS_TO
13595,4532,REPORTS_TO
13596,4532,REPORTS_TO
13597,4532,REPORTS_TO
13598,4533,REPORTS_TO
13599,4533,REPORTS_TO
13600,4533,REPORTS_TO
13601,4534,REPORTS_TO
13602,4534,REPORTS_TO
13603,4534,REPORTS_TO
13604,4535,REPORTS_TO
13605,4535,REPORTS_TO
13606,4535,REPORTS_TO
13607,4536,REPORTS_TO
13608,4536,REPORTS_TO
13609,4536,REPORTS_TO
13610,4537,REPORTS_TO
13611,4537,REPORTS_TO
13612,4537,REPORTS_TO
13613,4538,REPORTS_TO
13614,4538,REPORTS_TO
13615,4538,REPORTS_TO
13616,4539,REPORTS_TO
13617,4539,REPORTS_TO
13618,4539,REPORTS_TO
13619,4540,REPORTS_TO
13620,4540,REPORTS_TO
13621,4540,REPORTS_TO
13622,4541,REPORTS_TO
13623,4541,REPORTS_TO
13624,4541,REPORTS_TO
13625,4542,REPORTS_TO
13626,4542,REPORTS_TO
13627,4542,REPORTS_TO
13628,4543,REPORTS_TO
13629,4543,REPORTS_TO
13630,4543,REPORTS_TO
13631,4544,REPORTS_TO
13632,4544,REPORTS_TO
13633,4544,REPORTS_TO
13634,4545,REPORTS_TO
13635,4545,REPORTS_TO
13636,4545,REPORTS_TO
13637,4546,REPORTS_TO
13638,4546,REPORTS_TO
13639,4546,REPORTS_TO
13640,4547,REPORTS_TO
13641,4547,REPORTS_TO
13642,4547,REPORTS_TO
13643,4548,REPORTS_TO
13644,4548,REPORTS_TO
13645,4548,REPORTS_TO
13646,4549,REPORTS_TO
13647,4549,REPORTS_TO
13648,4549,REPORTS_TO
13649,4550,REPORTS_TO
13650,4550,REPORTS_TO
13651,4550,REPORTS_TO
13652,4551,REPORTS_TO
13653,4551,REPORTS_TO
13654,4551,REPORTS_TO
13655,4552,REPORTS_TO
13656,4552,REPORTS_TO
13657,4552,REPORTS_TO
13658,4553,REPORTS_TO
13659,4553,REPORTS_TO
13660,4553,REPORTS_TO
13661,4554,REPORTS_TO
13662,4554,REPORTS_TO
13663,4554,REPORTS_TO
13664,4555,REPORTS_TO
13665,4555,REPORTS_TO
13666,4555,REPORTS_TO
13667,4556,REPORTS_TO
13668,4556,REPORTS_TO
13669,4556,REPORTS_TO
13670,4557,REPORTS_TO
13671,4557,REPORTS_TO
13672,4557,REPORTS_TO
13673,4558,REPORTS_TO
13674,4558,REPORTS_TO
13675,4558,REPORTS_TO
13676,4559,REPORTS_TO
13677,4559,REPORTS_TO
13678,4559,REPORTS_TO
13679,4560,REPORTS_TO
13680,4560,REPORTS_TO
13681,4560,REPORTS_TO
13682,4561,REPORTS_TO
13683,4561,REPORTS_TO
13684,4561,REPORTS_TO
13685,4562,REPORTS_TO
13686,4562,REPORTS_TO
13687,4562,REPORTS_TO
13688,4563,REPORTS_TO
13689,4563,REPORTS_TO
13690,4563,REPORTS_TO
13691,4564,REPORTS_TO
13692,4564,REPORTS_TO
13693,4564,REPORTS_TO
13694,4565,REPORTS_TO
13695,4565,REPORTS_TO
13696,4565,REPORTS_TO
13697,4566,REPORTS_TO
13698,4566,REPORTS_TO
13699,4566,REPORTS_TO
13700,4567,REPORTS_TO
13701,4567,REPORTS_TO
13702,4567,REPORTS_TO
13703,4568,REPORTS_TO
13704,4568,REPORTS_TO
13705,4568,REPORTS_TO
13706,4569,REPORTS_TO
13707,4569,REPORTS_TO
13708,4569,REPORTS_TO
13709,4570,REPORTS_TO
13710,4570,REPORTS_TO
13711,4570,REPORTS_TO
13712,4571,REPORTS_TO
13713,4571,REPORTS_TO
13714,4571,REPORTS_TO
13715,4572,REPORTS_TO
13716,4572,REPORTS_TO
13717,4572,REPORTS_TO
13718,4573,REPORTS_TO
13719,4573,REPORTS_TO
13720,4573,REPORTS_TO
13721,4574,REPORTS_TO
13722,4574,REPORTS_TO
13723,4574,REPORTS_TO
13724,4575,REPORTS_TO
13725,4575,REPORTS_TO
13726,4575,REPORTS_TO
13727,4576,REPORTS_TO
13728,4576,REPORTS_TO
13729,4576,REPORTS_TO
13730,4577,REPORTS_TO
13731,4577,REPORTS_TO
13732,4577,REPORTS_TO
13733,4578,REPORTS_TO
13734,4578,REPORTS_TO
13735,4578,REPORTS_TO
13736,4579,REPORTS_TO
13737,4579,REPORTS_TO
13738,4579,REPORTS_TO
13739,4580,REPORTS_TO
13740,4580,REPORTS_TO
13741,4580,REPORTS_TO
13742,4581,REPORTS_TO
13743,4581,REPORTS_TO
13744,4581,REPORTS_TO
13745,4582,REPORTS_TO
13746,4582,REPORTS_TO
13747,4582,REPORTS_TO
13748,4583,REPORTS_TO
13749,4583,REPORTS_TO
13750,4583,REPORTS_TO
13751,4584,REPORTS_TO
13752,4584,REPORTS_TO
13753,4584,REPORTS_TO
13754,4585,REPORTS_TO
13755,4585,REPORTS_TO
13756,4585,REPORTS_TO
13757,4586,REPORTS_TO
13758,4586,REPORTS_TO
13759,4586,REPORTS_TO
13760,4587,REPORTS_TO
13761,4587,REPORTS_TO
13762,4587,REPORTS_TO
13763,4588,REPORTS_TO
13764,4588,REPORTS_TO
13765,4588,REPORTS_TO
13766,4589,REPORTS_TO
13767,4589,REPORTS_TO
13768,4589,REPORTS_TO
13769,4590,REPORTS_TO
13770,4590,REPORTS_TO
13771,4590,REPORTS_TO
13772,4591,REPORTS_TO
13773,4591,REPORTS_TO
13774,4591,REPORTS_TO
13775,4592,REPORTS_TO
13776,4592,REPORTS_TO
13777,4592,REPORTS_TO
13778,4593,REPORTS_TO
13779,4593,REPORTS_TO
13780,4593,REPORTS_TO
13781,4594,REPORTS_TO
13782,4594,REPORTS_TO
13783,4594,REPORTS_TO
13784,4595,REPORTS_TO
13785,4595,REPORTS_TO
13786,4595,REPORTS_TO
13787,4596,REPORTS_TO
13788,4596,REPORTS_TO
13789,4596,REPORTS_TO
13790,4597,REPORTS_TO
13791,4597,REPORTS_TO
13792,4597,REPORTS_TO
13793,4598,REPORTS_TO
13794,4598,REPORTS_TO
13795,4598,REPORTS_TO
13796,4599,REPORTS_TO
13797,4599,REPORTS_TO
13798,4599,REPORTS_TO
13799,4600,REPORTS_TO
13800,4600,REPORTS_TO
13801,4600,REPORTS_TO
13802,4601,REPORTS_TO
13803,4601,REPORTS_TO
13804,4601,REPORTS_TO
13805,4602,REPORTS_TO
13806,4602,REPORTS_TO
13807,4602,REPORTS_TO
13808,4603,REPORTS_TO
13809,4603,REPORTS_TO
13810,4603,REPORTS_TO
13811,4604,REPORTS_TO
13812,4604,REPORTS_TO
13813,4604,REPORTS_TO
13814,4605,REPORTS_TO
13815,4605,REPORTS_TO
13816,4605,REPORTS_TO
13817,4606,REPORTS_TO
13818,4606,REPORTS_TO
13819,4606,REPORTS_TO
13820,4607,REPORTS_TO
13821,4607,REPORTS_TO
13822,4607,REPORTS_TO
13823,4608,REPORTS_TO
13824,4608,REPORTS_TO
13825,4608,REPORTS_TO
13826,4609,REPORTS_TO
13827,4609,REPORTS_TO
13828,4609,REPORTS_TO
13829,4610,REPORTS_TO
13830,4610,REPORTS_TO
13831,4610,REPORTS_TO
13832,4611,REPORTS_TO
13833,4611,REPORTS_TO
13834,4611,REPORTS_TO
13835,4612,REPORTS_TO
13836,4612,REPORTS_TO
13837,4612,REPORTS_TO
13838,4613,REPORTS_TO
13839,4613,REPORTS_TO
13840,4613,REPORTS_TO
13841,4614,REPORTS_TO
13842,4614,REPORTS_TO
13843,4614,REPORTS_TO
13844,4615,REPORTS_TO
13845,4615,REPORTS_TO
13846,4615,REPORTS_TO
13847,4616,REPORTS_TO
13848,4616,REPORTS_TO
13849,4616,REPORTS_TO
13850,4617,REPORTS_TO
13851,4617,REPORTS_TO
13852,4617,REPORTS_TO
13853,4618,REPORTS_TO
13854,4618,REPORTS_TO
13855,4618,REPORTS_TO
13856,4619,REPORTS_TO
13857,4619,REPORTS_TO
13858,4619,REPORTS_TO
13859,4620,REPORTS_TO
13860,4620,REPORTS_TO
13861,4620,REPORTS_TO
13862,4621,REPORTS_TO
13863,4621,REPORTS_TO
13864,4621,REPORTS_TO
13865,4622,REPORTS_TO
13866,4622,REPORTS_TO
13867,4622,REPORTS_TO
13868,4623,REPORTS_TO
13869,4623,REPORTS_TO
13870,4623,REPORTS_TO
13871,4624,REPORTS_TO
13872,4624,REPORTS_TO
13873,4624,REPORTS_TO
13874,4625,REPORTS_TO
13875,4625,REPORTS_TO
13876,4625,REPORTS_TO
13877,4626,REPORTS_TO
13878,4626,REPORTS_TO
13879,4626,REPORTS_TO
13880,4627,REPORTS_TO
13881,4627,REPORTS_TO
13882,4627,REPORTS_TO
13883,4628,REPORTS_TO
13884,4628,REPORTS_TO
13885,4628,REPORTS_TO
13886,4629,REPORTS_TO
13887,4629,REPORTS_TO
13888,4629,REPORTS_TO
13889,4630,REPORTS_TO
13890,4630,REPORTS_TO
13891,4630,REPORTS_TO
13892,4631,REPORTS_TO
13893,4631,REPORTS_TO
13894,4631,REPORTS_TO
13895,4632,REPORTS_TO
13896,4632,REPORTS_TO
13897,4632,REPORTS_TO
13898,4633,REPORTS_TO
13899,4633,REPORTS_TO
13900,4633,REPORTS_TO
13901,4634,REPORTS_TO
13902,4634,REPORTS_TO
13903,4634,REPORTS_TO
13904,4635,REPORTS_TO
13905,4635,REPORTS_TO
13906,4635,REPORTS_TO
13907,4636,REPORTS_TO
13908,4636,REPORTS_TO
13909,4636,REPORTS_TO
13910,4637,REPORTS_TO
13911,4637,REPORTS_TO
13912,4637,REPORTS_TO
13913,4638,REPORTS_TO
13914,4638,REPORTS_TO
13915,4638,REPORTS_TO
13916,4639,REPORTS_TO
13917,4639,REPORTS_TO
13918,4639,REPORTS_TO
13919,4640,REPORTS_TO
13920,4640,REPORTS_TO
13921,4640,REPORTS_TO
13922,4641,REPORTS_TO
13923,4641,REPORTS_TO
13924,4641,REPORTS_TO
13925,4642,REPORTS_TO
13926,4642,REPORTS_TO
13927,4642,REPORTS_TO
13928,4643,REPORTS_TO
13929,4643,REPORTS_TO
13930,4643,REPORTS_TO
13931,4644,REPORTS_TO
13932,4644,REPORTS_TO
13933,4644,REPORTS_TO
13934,4645,REPORTS_TO
13935,4645,REPORTS_TO
13936,4645,REPORTS_TO
13937,4646,REPORTS_TO
13938,4646,REPORTS_TO
13939,4646,REPORTS_TO
13940,4647,REPORTS_TO
13941,4647,REPORTS_TO
13942,4647,REPORTS_TO
13943,4648,REPORTS_TO
13944,4648,REPORTS_TO
13945,4648,REPORTS_TO
13946,4649,REPORTS_TO
13947,4649,REPORTS_TO
13948,4649,REPORTS_TO
13949,4650,REPORTS_TO
13950,4650,REPORTS_TO
13951,4650,REPORTS_TO
13952,4651,REPORTS_TO
13953,4651,REPORTS_TO
13954,4651,REPORTS_TO
13955,4652,REPORTS_TO
13956,4652,REPORTS_TO
13957,4652,REPORTS_TO
13958,4653,REPORTS_TO
13959,4653,REPORTS_TO
13960,4653,REPORTS_TO
13961,4654,REPORTS_TO
13962,4654,REPORTS_TO
13963,4654,REPORTS_TO
13964,4655,REPORTS_TO
13965,4655,REPORTS_TO
13966,4655,REPORTS_TO
13967,4656,REPORTS_TO
13968,4656,REPORTS_TO
13969,4656,REPORTS_TO
13970,4657,REPORTS_TO
13971,4657,REPORTS_TO
13972,4657,REPORTS_TO
13973,4658,REPORTS_TO
13974,4658,REPORTS_TO
13975,4658,REPORTS_TO
13976,4659,REPORTS_TO
13977,4659,REPORTS_TO
13978,4659,REPORTS_TO
13979,4660,REPORTS_TO
13980,4660,REPORTS_TO
13981,4660,REPORTS_TO
13982,4661,REPORTS_TO
13983,4661,REPORTS_TO
13984,4661,REPORTS_TO
13985,4662,REPORTS_TO
13986,4662,REPORTS_TO
13987,4662,REPORTS_TO
13988,4663,REPORTS_TO
13989,4663,REPORTS_TO
13990,4663,REPORTS_TO
13991,4664,REPORTS_TO
13992,4664,REPORTS_TO
13993,4664,REPORTS_TO
13994,4665,REPORTS_TO
13995,4665,REPORTS_TO
13996,4665,REPORTS_TO
13997,4666,REPORTS_TO
13998,4666,REPORTS_TO
13999,4666,REPORTS_TO
14000,4667,REPORTS_TO
14001,4667,REPORTS_TO
14002,4667,REPORTS_TO
14003,4668,REPORTS_TO
14004,4668,REPORTS_TO
14005,4668,REPORTS_TO
14006,4669,REPORTS_TO
14007,4669,REPORTS_TO
14008,4669,REPORTS_TO
14009,4670,REPORTS_TO
14010,4670,REPORTS_TO
14011,4670,REPORTS_TO
14012,4671,REPORTS_TO
14013,4671,REPORTS_TO
14014,4671,REPORTS_TO
14015,4672,REPORTS_TO
14016,4672,REPORTS_TO
14017,4672,REPORTS_TO
14018,4673,REPORTS_TO
14019,4673,REPORTS_TO
14020,4673,REPORTS_TO
14021,4674,REPORTS_TO
14022,4674,REPORTS_TO
14023,4674,REPORTS_TO
14024,4675,REPORTS_TO
14025,4675,REPORTS_TO
14026,4675,REPORTS_TO
14027,4676,REPORTS_TO
14028,4676,REPORTS_TO
14029,4676,REPORTS_TO
14030,4677,REPORTS_TO
14031,4677,REPORTS_TO
14032,4677,REPORTS_TO
14033,4678,REPORTS_TO
14034,4678,REPORTS_TO
14035,4678,REPORTS_TO
14036,4679,REPORTS_TO
14037,4679,REPORTS_TO
14038,4679,REPORTS_TO
14039,4680,REPORTS_TO
14040,4680,REPORTS_TO
14041,4680,REPORTS_TO
14042,4681,REPORTS_TO
14043,4681,REPORTS_TO
14044,4681,REPORTS_TO
14045,4682,REPORTS_TO
14046,4682,REPORTS_TO
14047,4682,REPORTS_TO
14048,4683,REPORTS_TO
14049,4683,REPORTS_TO
14050,4683,REPORTS_TO
14051,4684,REPORTS_TO
14052,4684,REPORTS_TO
14053,4684,REPORTS_TO
14054,4685,REPORTS_TO
14055,4685,REPORTS_TO
14056,4685,REPORTS_TO
14057,4686,REPORTS_TO
14058,4686,REPORTS_TO
14059,4686,REPORTS_TO
14060,4687,REPORTS_TO
14061,4687,REPORTS_TO
14062,4687,REPORTS_TO
14063,4688,REPORTS_TO
14064,4688,REPORTS_TO
14065,4688,REPORTS_TO
14066,4689,REPORTS_TO
14067,4689,REPORTS_TO
14068,4689,REPORTS_TO
14069,4690,REPORTS_TO
14070,4690,REPORTS_TO
14071,4690,REPORTS_TO
14072,4691,REPORTS_TO
14073,4691,REPORTS_TO
14074,4691,REPORTS_TO
14075,4692,REPORTS_TO
14076,4692,REPORTS_TO
14077,4692,REPORTS_TO
14078,4693,REPORTS_TO
14079,4693,REPORTS_TO
14080,4693,REPORTS_TO
14081,4694,REPORTS_TO
14082,4694,REPORTS_TO
14083,4694,REPORTS_TO
14084,4695,REPORTS_TO
14085,4695,REPORTS_TO
14086,4695,REPORTS_TO
14087,4696,REPORTS_TO
14088,4696,REPORTS_TO
14089,4696,REPORTS_TO
14090,4697,REPORTS_TO
14091,4697,REPORTS_TO
14092,4697,REPORTS_TO
14093,4698,REPORTS_TO
14094,4698,REPORTS_TO
14095,4698,REPORTS_TO
14096,4699,REPORTS_TO
14097,4699,REPORTS_TO
14098,4699,REPORTS_TO
14099,4700,REPORTS_TO
14100,4700,REPORTS_TO
14101,4700,REPORTS_TO
14102,4701,REPORTS_TO
14103,4701,REPORTS_TO
14104,4701,REPORTS_TO
14105,4702,REPORTS_TO
14106,4702,REPORTS_TO
14107,4702,REPORTS_TO
14108,4703,REPORTS_TO
14109,4703,REPORTS_TO
14110,4703,REPORTS_TO
14111,4704,REPORTS_TO
14112,4704,REPORTS_TO
14113,4704,REPORTS_TO
14114,4705,REPORTS_TO
14115,4705,REPORTS_TO
14116,4705,REPORTS_TO
14117,4706,REPORTS_TO
14118,4706,REPORTS_TO
14119,4706,REPORTS_TO
14120,4707,REPORTS_TO
14121,4707,REPORTS_TO
14122,4707,REPORTS_TO
14123,4708,REPORTS_TO
14124,4708,REPORTS_TO
14125,4708,REPORTS_TO
14126,4709,REPORTS_TO
14127,4709,REPORTS_TO
14128,4709,REPORTS_TO
14129,4710,REPORTS_TO
14130,4710,REPORTS_TO
14131,4710,REPORTS_TO
14132,4711,REPORTS_TO
14133,4711,REPORTS_TO
14134,4711,REPORTS_TO
14135,4712,REPORTS_TO
14136,4712,REPORTS_TO
14137,4712,REPORTS_TO
14138,4713,REPORTS_TO
14139,4713,REPORTS_TO
14140,4713,REPORTS_TO
14141,4714,REPORTS_TO
14142,4714,REPORTS_TO
14143,4714,REPORTS_TO
14144,4715,REPORTS_TO
14145,4715,REPORTS_TO
14146,4715,REPORTS_TO
14147,4716,REPORTS_TO
14148,4716,REPORTS_TO
14149,4716,REPORTS_TO
14150,4717,REPORTS_TO
14151,4717,REPORTS_TO
14152,4717,REPORTS_TO
14153,4718,REPORTS_TO
14154,4718,REPORTS_TO
14155,4718,REPORTS_TO
14156,4719,REPORTS_TO
14157,4719,REPORTS_TO
14158,4719,REPORTS_TO
14159,4720,REPORTS_TO
14160,4720,REPORTS_TO
14161,4720,REPORTS_TO
14162,4721,REPORTS_TO
14163,4721,REPORTS_TO
14164,4721,REPORTS_TO
14165,4722,REPORTS_TO
14166,4722,REPORTS_TO
14167,4722,REPORTS_TO
14168,4723,REPORTS_TO
14169,4723,REPORTS_TO
14170,4723,REPORTS_TO
14171,4724,REPORTS_TO
14172,4724,REPORTS_TO
14173,4724,REPORTS_TO
14174,4725,REPORTS_TO
14175,4725,REPORTS_TO
14176,4725,REPORTS_TO
14177,4726,REPORTS_TO
14178,4726,REPORTS_TO
14179,4726,REPORTS_TO
14180,4727,REPORTS_TO
14181,4727,REPORTS_TO
14182,4727,REPORTS_TO
14183,4728,REPORTS_TO
14184,4728,REPORTS_TO
14185,4728,REPORTS_TO
14186,4729,REPORTS_TO
14187,4729,REPORTS_TO
14188,4729,REPORTS_TO
14189,4730,REPORTS_TO
14190,4730,REPORTS_TO
14191,4730,REPORTS_TO
14192,4731,REPORTS_TO
14193,4731,REPORTS_TO
14194,4731,REPORTS_TO
14195,4732,REPORTS_TO
14196,4732,REPORTS_TO
14197,4732,REPORTS_TO
14198,4733,REPORTS_TO
14199,4733,REPORTS_TO
14200,4733,REPORTS_TO
14201,4734,REPORTS_TO
14202,4734,REPORTS_TO
14203,4734,REPORTS_TO
14204,4735,REPORTS_TO
14205,4735,REPORTS_TO
14206,4735,REPORTS_TO
14207,4736,REPORTS_TO
14208,4736,REPORTS_TO
14209,4736,REPORTS_TO
14210,4737,REPORTS_TO
14211,4737,REPORTS_TO
14212,4737,REPORTS_TO
14213,4738,REPORTS_TO
14214,4738,REPORTS_TO
14215,4738,REPORTS_TO
14216,4739,REPORTS_TO
14217,4739,REPORTS_TO
14218,4739,REPORTS_TO
14219,4740,REPORTS_TO
14220,4740,REPORTS_TO
14221,4740,REPORTS_TO
14222,4741,REPORTS_TO
14223,4741,REPORTS_TO
14224,4741,REPORTS_TO
14225,4742,REPORTS_TO
14226,4742,REPORTS_TO
14227,4742,REPORTS_TO
14228,4743,REPORTS_TO
14229,4743,REPORTS_TO
14230,4743,REPORTS_TO
14231,4744,REPORTS_TO
14232,4744,REPORTS_TO
14233,4744,REPORTS_TO
14234,4745,REPORTS_TO
14235,4745,REPORTS_TO
14236,4745,REPORTS_TO
14237,4746,REPORTS_TO
14238,4746,REPORTS_TO
14239,4746,REPORTS_TO
14240,4747,REPORTS_TO
14241,4747,REPORTS_TO
14242,4747,REPORTS_TO
14243,4748,REPORTS_TO
14244,4748,REPORTS_TO
14245,4748,REPORTS_TO
14246,4749,REPORTS_TO
14247,4749,REPORTS_TO
14248,4749,REPORTS_TO
14249,4750,REPORTS_TO
14250,4750,REPORTS_TO
14251,4750,REPORTS_TO
14252,4751,REPORTS_TO
14253,4751,REPORTS_TO
14254,4751,REPORTS_TO
14255,4752,REPORTS_TO
14256,4752,REPORTS_TO
14257,4752,REPORTS_TO
14258,4753,REPORTS_TO
14259,4753,REPORTS_TO
14260,4753,REPORTS_TO
14261,4754,REPORTS_TO
14262,4754,REPORTS_TO
14263,4754,REPORTS_TO
14264,4755,REPORTS_TO
14265,4755,REPORTS_TO
14266,4755,REPORTS_TO
14267,4756,REPORTS_TO
14268,4756,REPORTS_TO
14269,4756,REPORTS_TO
14270,4757,REPORTS_TO
14271,4757,REPORTS_TO
14272,4757,REPORTS_TO
14273,4758,REPORTS_TO
14274,4758,REPORTS_TO
14275,4758,REPORTS_TO
14276,4759,REPORTS_TO
14277,4759,REPORTS_TO
14278,4759,REPORTS_TO
14279,4760,REPORTS_TO
14280,4760,REPORTS_TO
14281,4760,REPORTS_TO
14282,4761,REPORTS_TO
14283,4761,REPORTS_TO
14284,4761,REPORTS_TO
14285,4762,REPORTS_TO
14286,4762,REPORTS_TO
14287,4762,REPORTS_TO
14288,4763,REPORTS_TO
14289,4763,REPORTS_TO
14290,4763,REPORTS_TO
14291,4764,REPORTS_TO
14292,4764,REPORTS_TO
14293,4764,REPORTS_TO
14294,4765,REPORTS_TO
14295,4765,REPORTS_TO
14296,4765,REPORTS_TO
14297,4766,REPORTS_TO
14298,4766,REPORTS_TO
14299,4766,REPORTS_TO
14300,4767,REPORTS_TO
14301,4767,REPORTS_TO
14302,4767,REPORTS_TO
14303,4768,REPORTS_TO
14304,4768,REPORTS_TO
14305,4768,REPORTS_TO
14306,4769,REPORTS_TO
14307,4769,REPORTS_TO
14308,4769,REPORTS_TO
14309,4770,REPORTS_TO
14310,4770,REPORTS_TO
14311,4770,REPORTS_TO
14312,4771,REPORTS_TO
14313,4771,REPORTS_TO
14314,4771,REPORTS_TO
14315,4772,REPORTS_TO
14316,4772,REPORTS_TO
14317,4772,REPORTS_TO
14318,4773,REPORTS_TO
14319,4773,REPORTS_TO
14320,4773,REPORTS_TO
14321,4774,REPORTS_TO
14322,4774,REPORTS_TO
14323,4774,REPORTS_TO
14324,4775,REPORTS_TO
14325,4775,REPORTS_TO
14326,4775,REPORTS_TO
14327,4776,REPORTS_TO
14328,4776,REPORTS_TO
14329,4776,REPORTS_TO
14330,4777,REPORTS_TO
14331,4777,REPORTS_TO
14332,4777,REPORTS_TO
14333,4778,REPORTS_TO
14334,4778,REPORTS_TO
14335,4778,REPORTS_TO
14336,4779,REPORTS_TO
14337,4779,REPORTS_TO
14338,4779,REPORTS_TO
14339,4780,REPORTS_TO
14340,4780,REPORTS_TO
14341,4780,REPORTS_TO
14342,4781,REPORTS_TO
14343,4781,REPORTS_TO
14344,4781,REPORTS_TO
14345,4782,REPORTS_TO
14346,4782,REPORTS_TO
14347,4782,REPORTS_TO
14348,4783,REPORTS_TO
14349,4783,REPORTS_TO
14350,4783,REPORTS_TO
14351,4784,REPORTS_TO
14352,4784,REPORTS_TO
14353,4784,REPORTS_TO
14354,4785,REPORTS_TO
14355,4785,REPORTS_TO
14356,4785,REPORTS_TO
14357,4786,REPORTS_TO
14358,4786,REPORTS_TO
14359,4786,REPORTS_TO
14360,4787,REPORTS_TO
14361,4787,REPORTS_TO
14362,4787,REPORTS_TO
14363,4788,REPORTS_TO
14364,4788,REPORTS_TO
14365,4788,REPORTS_TO
14366,4789,REPORTS_TO
14367,4789,REPORTS_TO
14368,4789,REPORTS_TO
14369,4790,REPORTS_TO
14370,4790,REPORTS_TO
14371,4790,REPORTS_TO
14372,4791,REPORTS_TO
14373,4791,REPORTS_TO
14374,4791,REPORTS_TO
14375,4792,REPORTS_TO
14376,4792,REPORTS_TO
14377,4792,REPORTS_TO
14378,4793,REPORTS_TO
14379,4793,REPORTS_TO
14380,4793,REPORTS_TO
14381,4794,REPORTS_TO
14382,4794,REPORTS_TO
14383,4794,REPORTS_TO
14384,4795,REPORTS_TO
14385,4795,REPORTS_TO
14386,4795,REPORTS_TO
14387,4796,REPORTS_TO
14388,4796,REPORTS_TO
14389,4796,REPORTS_TO
14390,4797,REPORTS_TO
14391,4797,REPORTS_TO
14392,4797,REPORTS_TO
14393,4798,REPORTS_TO
14394,4798,REPORTS_TO
14395,4798,REPORTS_TO
14396,4799,REPORTS_TO
14397,4799,REPORTS_TO
14398,4799,REPORTS_TO
14399,4800,REPORTS_TO
14400,4800,REPORTS_TO
14401,4800,REPORTS_TO
14402,4801,REPORTS_TO
14403,4801,REPORTS_TO
14404,4801,REPORTS_TO
14405,4802,REPORTS_TO
14406,4802,REPORTS_TO
14407,4802,REPORTS_TO
14408,4803,REPORTS_TO
14409,4803,REPORTS_TO
14410,4803,REPORTS_TO
14411,4804,REPORTS_TO
14412,4804,REPORTS_TO
14413,4804,REPORTS_TO
14414,4805,REPORTS_TO
14415,4805,REPORTS_TO
14416,4805,REPORTS_TO
14417,4806,REPORTS_TO
14418,4806,REPORTS_TO
14419,4806,REPORTS_TO
14420,4807,REPORTS_TO
14421,4807,REPORTS_TO
14422,4807,REPORTS_TO
14423,4808,REPORTS_TO
14424,4808,REPORTS_TO
14425,4808,REPORTS_TO
14426,4809,REPORTS_TO
14427,4809,REPORTS_TO
14428,4809,REPORTS_TO
14429,4810,REPORTS_TO
14430,4810,REPORTS_TO
14431,4810,REPORTS_TO
14432,4811,REPORTS_TO
14433,4811,REPORTS_TO
14434,4811,REPORTS_TO
14435,4812,REPORTS_TO
14436,4812,REPORTS_TO
14437,4812,REPORTS_TO
14438,4813,REPORTS_TO
14439,4813,REPORTS_TO
14440,4813,REPORTS_TO
14441,4814,REPORTS_TO
14442,4814,REPORTS_TO
14443,4814,REPORTS_TO
14444,4815,REPORTS_TO
14445,4815,REPORTS_TO
14446,4815,REPORTS_TO
14447,4816,REPORTS_TO
14448,4816,REPORTS_TO
14449,4816,REPORTS_TO
14450,4817,REPORTS_TO
14451,4817,REPORTS_TO
14452,4817,REPORTS_TO
14453,4818,REPORTS_TO
14454,4818,REPORTS_TO
14455,4818,REPORTS_TO
14456,4819,REPORTS_TO
14457,4819,REPORTS_TO
14458,4819,REPORTS_TO
14459,4820,REPORTS_TO
14460,4820,REPORTS_TO
14461,4820,REPORTS_TO
14462,4821,REPORTS_TO
14463,4821,REPORTS_TO
14464,4821,REPORTS_TO
14465,4822,REPORTS_TO
14466,4822,REPORTS_TO
14467,4822,REPORTS_TO
14468,4823,REPORTS_TO
14469,4823,REPORTS_TO
14470,4823,REPORTS_TO
14471,4824,REPORTS_TO
14472,4824,REPORTS_TO
14473,4824,REPORTS_TO
14474,4825,REPORTS_TO
14475,4825,REPORTS_TO
14476,4825,REPORTS_TO
14477,4826,REPORTS_TO
14478,4826,REPORTS_TO
14479,4826,REPORTS_TO
14480,4827,REPORTS_TO
14481,4827,REPORTS_TO
14482,4827,REPORTS_TO
14483,4828,REPORTS_TO
14484,4828,REPORTS_TO
14485,4828,REPORTS_TO
14486,4829,REPORTS_TO
14487,4829,REPORTS_TO
14488,4829,REPORTS_TO
14489,4830,REPORTS_TO
14490,4830,REPORTS_TO
14491,4830,REPORTS_TO
14492,4831,REPORTS_TO
14493,4831,REPORTS_TO
14494,4831,REPORTS_TO
14495,4832,REPORTS_TO
14496,4832,REPORTS_TO
14497,4832,REPORTS_TO
14498,4833,REPORTS_TO
14499,4833,REPORTS_TO
14500,4833,REPORTS_TO
14501,4834,REPORTS_TO
14502,4834,REPORTS_TO
14503,4834,REPORTS_TO
14504,4835,REPORTS_TO
14505,4835,REPORTS_TO
14506,4835,REPORTS_TO
14507,4836,REPORTS_TO
14508,4836,REPORTS_TO
14509,4836,REPORTS_TO
14510,4837,REPORTS_TO
14511,4837,REPORTS_TO
14512,4837,REPORTS_TO
14513,4838,REPORTS_TO
14514,4838,REPORTS_TO
14515,4838,REPORTS_TO
14516,4839,REPORTS_TO
14517,4839,REPORTS_TO
14518,4839,REPORTS_TO
14519,4840,REPORTS_TO
14520,4840,REPORTS_TO
14521,4840,REPORTS_TO
14522,4841,REPORTS_TO
14523,4841,REPORTS_TO
14524,4841,REPORTS_TO
14525,4842,REPORTS_TO
14526,4842,REPORTS_TO
14527,4842,REPORTS_TO
14528,4843,REPORTS_TO
14529,4843,REPORTS_TO
14530,4843,REPORTS_TO
14531,4844,REPORTS_TO
14532,4844,REPORTS_TO
14533,4844,REPORTS_TO
14534,4845,REPORTS_TO
14535,4845,REPORTS_TO
14536,4845,REPORTS_TO
14537,4846,REPORTS_TO
14538,4846,REPORTS_TO
14539,4846,REPORTS_TO
14540,4847,REPORTS_TO
14541,4847,REPORTS_TO
14542,4847,REPORTS_TO
14543,4848,REPORTS_TO
14544,4848,REPORTS_TO
14545,4848,REPORTS_TO
14546,4849,REPORTS_TO
14547,4849,REPORTS_TO
14548,4849,REPORTS_TO
14549,4850,REPORTS_TO
14550,4850,REPORTS_TO
14551,4850,REPORTS_TO
14552,4851,REPORTS_TO
14553,4851,REPORTS_TO
14554,4851,REPORTS_TO
14555,4852,REPORTS_TO
14556,4852,REPORTS_TO
14557,4852,REPORTS_TO
14558,4853,REPORTS_TO
14559,4853,REPORTS_TO
14560,4853,REPORTS_TO
14561,4854,REPORTS_TO
14562,4854,REPORTS_TO
14563,4854,REPORTS_TO
14564,4855,REPORTS_TO
14565,4855,REPORTS_TO
14566,4855,REPORTS_TO
14567,4856,REPORTS_TO
14568,4856,REPORTS_TO
14569,4856,REPORTS_TO
14570,4857,REPORTS_TO
14571,4857,REPORTS_TO
14572,4857,REPORTS_TO
14573,4858,REPORTS_TO
14574,4858,REPORTS_TO
14575,4858,REPORTS_TO
14576,4859,REPORTS_TO
14577,4859,REPORTS_TO
14578,4859,REPORTS_TO
14579,4860,REPORTS_TO
14580,4860,REPORTS_TO
14581,4860,REPORTS_TO
14582,4861,REPORTS_TO
14583,4861,REPORTS_TO
14584,4861,REPORTS_TO
14585,4862,REPORTS_TO
14586,4862,REPORTS_TO
14587,4862,REPORTS_TO
14588,4863,REPORTS_TO
14589,4863,REPORTS_TO
14590,4863,REPORTS_TO
14591,4864,REPORTS_TO
14592,4864,REPORTS_TO
14593,4864,REPORTS_TO
14594,4865,REPORTS_TO
14595,4865,REPORTS_TO
14596,4865,REPORTS_TO
14597,4866,REPORTS_TO
14598,4866,REPORTS_TO
14599,4866,REPORTS_TO
14600,4867,REPORTS_TO
14601,4867,REPORTS_TO
14602,4867,REPORTS_TO
14603,4868,REPORTS_TO
14604,4868,REPORTS_TO
14605,4868,REPORTS_TO
14606,4869,REPORTS_TO
14607,4869,REPORTS_TO
14608,4869,REPORTS_TO
14609,4870,REPORTS_TO
14610,4870,REPORTS_TO
14611,4870,REPORTS_TO
14612,4871,REPORTS_TO
14613,4871,REPORTS_TO
14614,4871,REPORTS_TO
14615,4872,REPORTS_TO
14616,4872,REPORTS_TO
14617,4872,REPORTS_TO
14618,4873,REPORTS_TO
14619,4873,REPORTS_TO
14620,4873,REPORTS_TO
14621,4874,REPORTS_TO
14622,4874,REPORTS_TO
14623,4874,REPORTS_TO
14624,4875,REPORTS_TO
14625,4875,REPORTS_TO
14626,4875,REPORTS_TO
14627,4876,REPORTS_TO
14628,4876,REPORTS_TO
14629,4876,REPORTS_TO
14630,4877,REPORTS_TO
14631,4877,REPORTS_TO
14632,4877,REPORTS_TO
14633,4878,REPORTS_TO
14634,4878,REPORTS_TO
14635,4878,REPORTS_TO
14636,4879,REPORTS_TO
14637,4879,REPORTS_TO
14638,4879,REPORTS_TO
14639,4880,REPORTS_TO
14640,4880,REPORTS_TO
14641,4880,REPORTS_TO
14642,4881,REPORTS_TO
14643,4881,REPORTS_TO
14644,4881,REPORTS_TO
14645,4882,REPORTS_TO
14646,4882,REPORTS_TO
14647,4882,REPORTS_TO
14648,4883,REPORTS_TO
14649,4883,REPORTS_TO
14650,4883,REPORTS_TO
14651,4884,REPORTS_TO
14652,4884,REPORTS_TO
14653,4884,REPORTS_TO
14654,4885,REPORTS_TO
14655,4885,REPORTS_TO
14656,4885,REPORTS_TO
14657,4886,REPORTS_TO
14658,4886,REPORTS_TO
14659,4886,REPORTS_TO
14660,4887,REPORTS_TO
14661,4887,REPORTS_TO
14662,4887,REPORTS_TO
14663,4888,REPORTS_TO
14664,4888,REPORTS_TO
14665,4888,REPORTS_TO
14666,4889,REPORTS_TO
14667,4889,REPORTS_TO
14668,4889,REPORTS_TO
14669,4890,REPORTS_TO
14670,4890,REPORTS_TO
14671,4890,REPORTS_TO
14672,4891,REPORTS_TO
14673,4891,REPORTS_TO
14674,4891,REPORTS_TO
14675,4892,REPORTS_TO
14676,4892,REPORTS_TO
14677,4892,REPORTS_TO
14678,4893,REPORTS_TO
14679,4893,REPORTS_TO
14680,4893,REPORTS_TO
14681,4894,REPORTS_TO
14682,4894,REPORTS_TO
14683,4894,REPORTS_TO
14684,4895,REPORTS_TO
14685,4895,REPORTS_TO
14686,4895,REPORTS_TO
14687,4896,REPORTS_TO
14688,4896,REPORTS_TO
14689,4896,REPORTS_TO
14690,4897,REPORTS_TO
14691,4897,REPORTS_TO
14692,4897,REPORTS_TO
14693,4898,REPORTS_TO
14694,4898,REPORTS_TO
14695,4898,REPORTS_TO
14696,4899,REPORTS_TO
14697,4899,REPORTS_TO
14698,4899,REPORTS_TO
14699,4900,REPORTS_TO
14700,4900,REPORTS_TO
14701,4900,REPORTS_TO
14702,4901,REPORTS_TO
14703,4901,REPORTS_TO
14704,4901,REPORTS_TO
14705,4902,REPORTS_TO
14706,4902,REPORTS_TO
14707,4902,REPORTS_TO
14708,4903,REPORTS_TO
14709,4903,REPORTS_TO
14710,4903,REPORTS_TO
14711,4904,REPORTS_TO
14712,4904,REPORTS_TO
14713,4904,REPORTS_TO
14714,4905,REPORTS_TO
14715,4905,REPORTS_TO
14716,4905,REPORTS_TO
14717,4906,REPORTS_TO
14718,4906,REPORTS_TO
14719,4906,REPORTS_TO
14720,4907,REPORTS_TO
14721,4907,REPORTS_TO
14722,4907,REPORTS_TO
14723,4908,REPORTS_TO
14724,4908,REPORTS_TO
14725,4908,REPORTS_TO
14726,4909,REPORTS_TO
14727,4909,REPORTS_TO
14728,4909,REPORTS_TO
14729,4910,REPORTS_TO
14730,4910,REPORTS_TO
14731,4910,REPORTS_TO
14732,4911,REPORTS_TO
14733,4911,REPORTS_TO
14734,4911,REPORTS_TO
14735,4912,REPORTS_TO
14736,4912,REPORTS_TO
14737,4912,REPORTS_TO
14738,4913,REPORTS_TO
14739,4913,REPORTS_TO
14740,4913,REPORTS_TO
14741,4914,REPORTS_TO
14742,4914,REPORTS_TO
14743,4914,REPORTS_TO
14744,4915,REPORTS_TO
14745,4915,REPORTS_TO
14746,4915,REPORTS_TO
14747,4916,REPORTS_TO
14748,4916,REPORTS_TO
14749,4916,REPORTS_TO
14750,4917,REPORTS_TO
14751,4917,REPORTS_TO
14752,4917,REPORTS_TO
14753,4918,REPORTS_TO
14754,4918,REPORTS_TO
14755,4918,REPORTS_TO
14756,4919,REPORTS_TO
14757,4919,REPORTS_TO
14758,4919,REPORTS_TO
14759,4920,REPORTS_TO
14760,4920,REPORTS_TO
14761,4920,REPORTS_TO
14762,4921,REPORTS_TO
14763,4921,REPORTS_TO
14764,4921,REPORTS_TO
14765,4922,REPORTS_TO
14766,4922,REPORTS_TO
14767,4922,REPORTS_TO
14768,4923,REPORTS_TO
14769,4923,REPORTS_TO
14770,4923,REPORTS_TO
14771,4924,REPORTS_TO
14772,4924,REPORTS_TO
14773,4924,REPORTS_TO
14774,4925,REPORTS_TO
14775,4925,REPORTS_TO
14776,4925,REPORTS_TO
14777,4926,REPORTS_TO
14778,4926,REPORTS_TO
14779,4926,REPORTS_TO
14780,4927,REPORTS_TO
14781,4927,REPORTS_TO
14782,4927,REPORTS_TO
14783,4928,REPORTS_TO
14784,4928,REPORTS_TO
14785,4928,REPORTS_TO
14786,4929,REPORTS_TO
14787,4929,REPORTS_TO
14788,4929,REPORTS_TO
14789,4930,REPORTS_TO
14790,4930,REPORTS_TO
14791,4930,REPORTS_TO
14792,4931,REPORTS_TO
14793,4931,REPORTS_TO
14794,4931,REPORTS_TO
14795,4932,REPORTS_TO
14796,4932,REPORTS_TO
14797,4932,REPORTS_TO
14798,4933,REPORTS_TO
14799,4933,REPORTS_TO
14800,4933,REPORTS_TO
14801,4934,REPORTS_TO
14802,4934,REPORTS_TO
14803,4934,REPORTS_TO
14804,4935,REPORTS_TO
14805,4935,REPORTS_TO
14806,4935,REPORTS_TO
14807,4936,REPORTS_TO
14808,4936,REPORTS_TO
14809,4936,REPORTS_TO
14810,4937,REPORTS_TO
14811,4937,REPORTS_TO
14812,4937,REPORTS_TO
14813,4938,REPORTS_TO
14814,4938,REPORTS_TO
14815,4938,REPORTS_TO
14816,4939,REPORTS_TO
14817,4939,REPORTS_TO
14818,4939,REPORTS_TO
14819,4940,REPORTS_TO
14820,4940,REPORTS_TO
14821,4940,REPORTS_TO
14822,4941,REPORTS_TO
14823,4941,REPORTS_TO
14824,4941,REPORTS_TO
14825,4942,REPORTS_TO
14826,4942,REPORTS_TO
14827,4942,REPORTS_TO
14828,4943,REPORTS_TO
14829,4943,REPORTS_TO
14830,4943,REPORTS_TO
14831,4944,REPORTS_TO
14832,4944,REPORTS_TO
14833,4944,REPORTS_TO
14834,4945,REPORTS_TO
14835,4945,REPORTS_TO
14836,4945,REPORTS_TO
14837,4946,REPORTS_TO
14838,4946,REPORTS_TO
14839,4946,REPORTS_TO
14840,4947,REPORTS_TO
14841,4947,REPORTS_TO
14842,4947,REPORTS_TO
14843,4948,REPORTS_TO
14844,4948,REPORTS_TO
14845,4948,REPORTS_TO
14846,4949,REPORTS_TO
14847,4949,REPORTS_TO
14848,4949,REPORTS_TO
14849,4950,REPORTS_TO
14850,4950,REPORTS_TO
14851,4950,REPORTS_TO
14852,4951,REPORTS_TO
14853,4951,REPORTS_TO
14854,4951,REPORTS_TO
14855,4952,REPORTS_TO
14856,4952,REPORTS_TO
14857,4952,REPORTS_TO
14858,4953,REPORTS_TO
14859,4953,REPORTS_TO
14860,4953,REPORTS_TO
14861,4954,REPORTS_TO
14862,4954,REPORTS_TO
14863,4954,REPORTS_TO
14864,4955,REPORTS_TO
14865,4955,REPORTS_TO
14866,4955,REPORTS_TO
14867,4956,REPORTS_TO
14868,4956,REPORTS_TO
14869,4956,REPORTS_TO
14870,4957,REPORTS_TO
14871,4957,REPORTS_TO
14872,4957,REPORTS_TO
14873,4958,REPORTS_TO
14874,4958,REPORTS_TO
14875,4958,REPORTS_TO
14876,4959,REPORTS_TO
14877,4959,REPORTS_TO
14878,4959,REPORTS_TO
14879,4960,REPORTS_TO
14880,4960,REPORTS_TO
14881,4960,REPORTS_TO
14882,4961,REPORTS_TO
14883,4961,REPORTS_TO
14884,4961,REPORTS_TO
14885,4962,REPORTS_TO
14886,4962,REPORTS_TO
14887,4962,REPORTS_TO
14888,4963,REPORTS_TO
14889,4963,REPORTS_TO
14890,4963,REPORTS_TO
14891,4964,REPORTS_TO
14892,4964,REPORTS_TO
14893,4964,REPORTS_TO
14894,4965,REPORTS_TO
14895,4965,REPORTS_TO
14896,4965,REPORTS_TO
14897,4966,REPORTS_TO
14898,4966,REPORTS_TO
14899,4966,REPORTS_TO
14900,4967,REPORTS_TO
14901,4967,REPORTS_TO
14902,4967,REPORTS_TO
14903,4968,REPORTS_TO
14904,4968,REPORTS_TO
14905,4968,REPORTS_TO
14906,4969,REPORTS_TO
14907,4969,REPORTS_TO
14908,4969,REPORTS_TO
14909,4970,REPORTS_TO
14910,4970,REPORTS_TO
14911,4970,REPORTS_TO
14912,4971,REPORTS_TO
14913,4971,REPORTS_TO
14914,4971,REPORTS_TO
14915,4972,REPORTS_TO
14916,4972,REPORTS_TO
14917,4972,REPORTS_TO
14918,4973,REPORTS_TO
14919,4973,REPORTS_TO
14920,4973,REPORTS_TO
14921,4974,REPORTS_TO
14922,4974,REPORTS_TO
14923,4974,REPORTS_TO
14924,4975,REPORTS_TO
14925,4975,REPORTS_TO
14926,4975,REPORTS_TO
14927,4976,REPORTS_TO
14928,4976,REPORTS_TO
14929,4976,REPORTS_TO
14930,4977,REPORTS_TO
14931,4977,REPORTS_TO
14932,4977,REPORTS_TO
14933,4978,REPORTS_TO
14934,4978,REPORTS_TO
14935,4978,REPORTS_TO
14936,4979,REPORTS_TO
14937,4979,REPORTS_TO
14938,4979,REPORTS_TO
14939,4980,REPORTS_TO
14940,4980,REPORTS_TO
14941,4980,REPORTS_TO
14942,4981,REPORTS_TO
14943,4981,REPORTS_TO
14944,4981,REPORTS_TO
14945,4982,REPORTS_TO
14946,4982,REPORTS_TO
14947,4982,REPORTS_TO
14948,4983,REPORTS_TO
14949,4983,REPORTS_TO
14950,4983,REPORTS_TO
14951,4984,REPORTS_TO
14952,4984,REPORTS_TO
14953,4984,REPORTS_TO
14954,4985,REPORTS_TO
14955,4985,REPORTS_TO
14956,4985,REPORTS_TO
14957,4986,REPORTS_TO
14958,4986,REPORTS_TO
14959,4986,REPORTS_TO
14960,4987,REPORTS_TO
14961,4987,REPORTS_TO
14962,4987,REPORTS_TO
14963,4988,REPORTS_TO
14964,4988,REPORTS_TO
14965,4988,REPORTS_TO
14966,4989,REPORTS_TO
14967,4989,REPORTS_TO
14968,4989,REPORTS_TO
14969,4990,REPORTS_TO
14970,4990,REPORTS_TO
14971,4990,REPORTS_TO
14972,4991,REPORTS_TO
14973,4991,REPORTS_TO
14974,4991,REPORTS_TO
14975,4992,REPORTS_TO
14976,4992,REPORTS_TO
14977,4992,REPORTS_TO
14978,4993,REPORTS_TO
14979,4993,REPORTS_TO
14980,4993,REPORTS_TO
14981,4994,REPORTS_TO
14982,4994,REPORTS_TO
14983,4994,REPORTS_TO
14984,4995,REPORTS_TO
14985,4995,REPORTS_TO
14986,4995,REPORTS_TO
14987,4996,REPORTS_TO
14988,4996,REPORTS_TO
14989,4996,REPORTS_TO
14990,4997,REPORTS_TO
14991,4997,REPORTS_TO
14992,4997,REPORTS_TO
14993,4998,REPORTS_TO
14994,4998,REPORTS_TO
14995,4998,REPORTS_TO
14996,4999,REPORTS_TO
14997,4999,REPORTS_TO
14998,4999,REPORTS_TO
14999,5000,REPORTS_TO
15000,5000,REPORTS_TO
15001,5000,REPORTS_TO
15002,5001,REPORTS_TO
15003,5001,REPORTS_TO
15004,5001,REPORTS_TO
15005,5002,REPORTS_TO
15006,5002,REPORTS_TO
15007,5002,REPORTS_TO
15008,5003,REPORTS_TO
15009,5003,REPORTS_TO
15010,5003,REPORTS_TO
15011,5004,REPORTS_TO
15012,5004,REPORTS_TO
15013,5004,REPORTS_TO
15014,5005,REPORTS_TO
15015,5005,REPORTS_TO
15016,5005,REPORTS_TO
15017,5006,REPORTS_TO
15018,5006,REPORTS_TO
15019,5006,REPORTS_TO
15020,5007,REPORTS_TO
15021,5007,REPORTS_TO
15022,5007,REPORTS_TO
15023,5008,REPORTS_TO
15024,5008,REPORTS_TO
15025,5008,REPORTS_TO
15026,5009,REPORTS_TO
15027,5009,REPORTS_TO
15028,5009,REPORTS_TO
15029,5010,REPORTS_TO
15030,5010,REPORTS_TO
15031,5010,REPORTS_TO
15032,5011,REPORTS_TO
15033,5011,REPORTS_TO
15034,5011,REPORTS_TO
15035,5012,REPORTS_TO
15036,5012,REPORTS_TO
15037,5012,REPORTS_TO
15038,5013,REPORTS_TO
15039,5013,REPORTS_TO
15040,5013,REPORTS_TO
15041,5014,REPORTS_TO
15042,5014,REPORTS_TO
15043,5014,REPORTS_TO
15044,5015,REPORTS_TO
15045,5015,REPORTS_TO
15046,5015,REPORTS_TO
15047,5016,REPORTS_TO
15048,5016,REPORTS_TO
15049,5016,REPORTS_TO
15050,5017,REPORTS_TO
15051,5017,REPORTS_TO
15052,5017,REPORTS_TO
15053,5018,REPORTS_TO
15054,5018,REPORTS_TO
15055,5018,REPORTS_TO
15056,5019,REPORTS_TO
15057,5019,REPORTS_TO
15058,5019,REPORTS_TO
15059,5020,REPORTS_TO
15060,5020,REPORTS_TO
15061,5020,REPORTS_TO
15062,5021,REPORTS_TO
15063,5021,REPORTS_TO
15064,5021,REPORTS_TO
15065,5022,REPORTS_TO
15066,5022,REPORTS_TO
15067,5022,REPORTS_TO
15068,5023,REPORTS_TO
15069,5023,REPORTS_TO
15070,5023,REPORTS_TO
15071,5024,REPORTS_TO
15072,5024,REPORTS_TO
15073,5024,REPORTS_TO
15074,5025,REPORTS_TO
15075,5025,REPORTS_TO
15076,5025,REPORTS_TO
15077,5026,REPORTS_TO
15078,5026,REPORTS_TO
15079,5026,REPORTS_TO
15080,5027,REPORTS_TO
15081,5027,REPORTS_TO
15082,5027,REPORTS_TO
15083,5028,REPORTS_TO
15084,5028,REPORTS_TO
15085,5028,REPORTS_TO
15086,5029,REPORTS_TO
15087,5029,REPORTS_TO
15088,5029,REPORTS_TO
15089,5030,REPORTS_TO
15090,5030,REPORTS_TO
15091,5030,REPORTS_TO
15092,5031,REPORTS_TO
15093,5031,REPORTS_TO
15094,5031,REPORTS_TO
15095,5032,REPORTS_TO
15096,5032,REPORTS_TO
15097,5032,REPORTS_TO
15098,5033,REPORTS_TO
15099,5033,REPORTS_TO
15100,5033,REPORTS_TO
15101,5034,REPORTS_TO
15102,5034,REPORTS_TO
15103,5034,REPORTS_TO
15104,5035,REPORTS_TO
15105,5035,REPORTS_TO
15106,5035,REPORTS_TO
15107,5036,REPORTS_TO
15108,5036,REPORTS_TO
15109,5036,REPORTS_TO
15110,5037,REPORTS_TO
15111,5037,REPORTS_TO
15112,5037,REPORTS_TO
15113,5038,REPORTS_TO
15114,5038,REPORTS_TO
15115,5038,REPORTS_TO
15116,5039,REPORTS_TO
15117,5039,REPORTS_TO
15118,5039,REPORTS_TO
15119,5040,REPORTS_TO
15120,5040,REPORTS_TO
15121,5040,REPORTS_TO
15122,5041,REPORTS_TO
15123,5041,REPORTS_TO
15124,5041,REPORTS_TO
15125,5042,REPORTS_TO
15126,5042,REPORTS_TO
15127,5042,REPORTS_TO
15128,5043,REPORTS_TO
15129,5043,REPORTS_TO
15130,5043,REPORTS_TO
15131,5044,REPORTS_TO
15132,5044,REPORTS_TO
15133,5044,REPORTS_TO
15134,5045,REPORTS_TO
15135,5045,REPORTS_TO
15136,5045,REPORTS_TO
15137,5046,REPORTS_TO
15138,5046,REPORTS_TO
15139,5046,REPORTS_TO
15140,5047,REPORTS_TO
15141,5047,REPORTS_TO
15142,5047,REPORTS_TO
15143,5048,REPORTS_TO
15144,5048,REPORTS_TO
15145,5048,REPORTS_TO
15146,5049,REPORTS_TO
15147,5049,REPORTS_TO
15148,5049,REPORTS_TO
15149,5050,REPORTS_TO
15150,5050,REPORTS_TO
15151,5050,REPORTS_TO
15152,5051,REPORTS_TO
15153,5051,REPORTS_TO
15154,5051,REPORTS_TO
15155,5052,REPORTS_TO
15156,5052,REPORTS_TO
15157,5052,REPORTS_TO
15158,5053,REPORTS_TO
15159,5053,REPORTS_TO
15160,5053,REPORTS_TO
15161,5054,REPORTS_TO
15162,5054,REPORTS_TO
15163,5054,REPORTS_TO
15164,5055,REPORTS_TO
15165,5055,REPORTS_TO
15166,5055,REPORTS_TO
15167,5056,REPORTS_TO
15168,5056,REPORTS_TO
15169,5056,REPORTS_TO
15170,5057,REPORTS_TO
15171,5057,REPORTS_TO
15172,5057,REPORTS_TO
15173,5058,REPORTS_TO
15174,5058,REPORTS_TO
15175,5058,REPORTS_TO
15176,5059,REPORTS_TO
15177,5059,REPORTS_TO
15178,5059,REPORTS_TO
15179,5060,REPORTS_TO
15180,5060,REPORTS_TO
15181,5060,REPORTS_TO
15182,5061,REPORTS_TO
15183,5061,REPORTS_TO
15184,5061,REPORTS_TO
15185,5062,REPORTS_TO
15186,5062,REPORTS_TO
15187,5062,REPORTS_TO
15188,5063,REPORTS_TO
15189,5063,REPORTS_TO
15190,5063,REPORTS_TO
15191,5064,REPORTS_TO
15192,5064,REPORTS_TO
15193,5064,REPORTS_TO
15194,5065,REPORTS_TO
15195,5065,REPORTS_TO
15196,5065,REPORTS_TO
15197,5066,REPORTS_TO
15198,5066,REPORTS_TO
15199,5066,REPORTS_TO
15200,5067,REPORTS_TO
15201,5067,REPORTS_TO
15202,5067,REPORTS_TO
15203,5068,REPORTS_TO
15204,5068,REPORTS_TO
15205,5068,REPORTS_TO
15206,5069,REPORTS_TO
15207,5069,REPORTS_TO
15208,5069,REPORTS_TO
15209,5070,REPORTS_TO
15210,5070,REPORTS_TO
15211,5070,REPORTS_TO
15212,5071,REPORTS_TO
15213,5071,REPORTS_TO
15214,5071,REPORTS_TO
15215,5072,REPORTS_TO
15216,5072,REPORTS_TO
15217,5072,REPORTS_TO
15218,5073,REPORTS_TO
15219,5073,REPORTS_TO
15220,5073,REPORTS_TO
15221,5074,REPORTS_TO
15222,5074,REPORTS_TO
15223,5074,REPORTS_TO
15224,5075,REPORTS_TO
15225,5075,REPORTS_TO
15226,5075,REPORTS_TO
15227,5076,REPORTS_TO
15228,5076,REPORTS_TO
15229,5076,REPORTS_TO
15230,5077,REPORTS_TO
15231,5077,REPORTS_TO
15232,5077,REPORTS_TO
15233,5078,REPORTS_TO
15234,5078,REPORTS_TO
15235,5078,REPORTS_TO
15236,5079,REPORTS_TO
15237,5079,REPORTS_TO
15238,5079,REPORTS_TO
15239,5080,REPORTS_TO
15240,5080,REPORTS_TO
15241,5080,REPORTS_TO
15242,5081,REPORTS_TO
15243,5081,REPORTS_TO
15244,5081,REPORTS_TO
15245,5082,REPORTS_TO
15246,5082,REPORTS_TO
15247,5082,REPORTS_TO
15248,5083,REPORTS_TO
15249,5083,REPORTS_TO
15250,5083,REPORTS_TO
15251,5084,REPORTS_TO
15252,5084,REPORTS_TO
15253,5084,REPORTS_TO
15254,5085,REPORTS_TO
15255,5085,REPORTS_TO
15256,5085,REPORTS_TO
15257,5086,REPORTS_TO
15258,5086,REPORTS_TO
15259,5086,REPORTS_TO
15260,5087,REPORTS_TO
15261,5087,REPORTS_TO
15262,5087,REPORTS_TO
15263,5088,REPORTS_TO
15264,5088,REPORTS_TO
15265,5088,REPORTS_TO
15266,5089,REPORTS_TO
15267,5089,REPORTS_TO
15268,5089,REPORTS_TO
15269,5090,REPORTS_TO
15270,5090,REPORTS_TO
15271,5090,REPORTS_TO
15272,5091,REPORTS_TO
15273,5091,REPORTS_TO
15274,5091,REPORTS_TO
15275,5092,REPORTS_TO
15276,5092,REPORTS_TO
15277,5092,REPORTS_TO
15278,5093,REPORTS_TO
15279,5093,REPORTS_TO
15280,5093,REPORTS_TO
15281,5094,REPORTS_TO
15282,5094,REPORTS_TO
15283,5094,REPORTS_TO
15284,5095,REPORTS_TO
15285,5095,REPORTS_TO
15286,5095,REPORTS_TO
15287,5096,REPORTS_TO
15288,5096,REPORTS_TO
15289,5096,REPORTS_TO
15290,5097,REPORTS_TO
15291,5097,REPORTS_TO
15292,5097,REPORTS_TO
15293,5098,REPORTS_TO
15294,5098,REPORTS_TO
15295,5098,REPORTS_TO
15296,5099,REPORTS_TO
15297,5099,REPORTS_TO
15298,5099,REPORTS_TO
15299,5100,REPORTS_TO
15300,5100,REPORTS_TO
15301,5100,REPORTS_TO
15302,5101,REPORTS_TO
15303,5101,REPORTS_TO
15304,5101,REPORTS_TO
15305,5102,REPORTS_TO
15306,5102,REPORTS_TO
15307,5102,REPORTS_TO
15308,5103,REPORTS_TO
15309,5103,REPORTS_TO
15310,5103,REPORTS_TO
15311,5104,REPORTS_TO
15312,5104,REPORTS_TO
15313,5104,REPORTS_TO
15314,5105,REPORTS_TO
15315,5105,REPORTS_TO
15316,5105,REPORTS_TO
15317,5106,REPORTS_TO
15318,5106,REPORTS_TO
15319,5106,REPORTS_TO
15320,5107,REPORTS_TO
15321,5107,REPORTS_TO
15322,5107,REPORTS_TO
15323,5108,REPORTS_TO
15324,5108,REPORTS_TO
15325,5108,REPORTS_TO
15326,5109,REPORTS_TO
15327,5109,REPORTS_TO
15328,5109,REPORTS_TO
15329,5110,REPORTS_TO
15330,5110,REPORTS_TO
15331,5110,REPORTS_TO
15332,5111,REPORTS_TO
15333,5111,REPORTS_TO
15334,5111,REPORTS_TO
15335,5112,REPORTS_TO
15336,5112,REPORTS_TO
15337,5112,REPORTS_TO
15338,5113,REPORTS_TO
15339,5113,REPORTS_TO
15340,5113,REPORTS_TO
15341,5114,REPORTS_TO
15342,5114,REPORTS_TO
15343,5114,REPORTS_TO
15344,5115,REPORTS_TO
15345,5115,REPORTS_TO
15346,5115,REPORTS_TO
15347,5116,REPORTS_TO
15348,5116,REPORTS_TO
15349,5116,REPORTS_TO
15350,5117,REPORTS_TO
15351,5117,REPORTS_TO
15352,5117,REPORTS_TO
15353,5118,REPORTS_TO
15354,5118,REPORTS_TO
15355,5118,REPORTS_TO
15356,5119,REPORTS_TO
15357,5119,REPORTS_TO
15358,5119,REPORTS_TO
15359,5120,REPORTS_TO
15360,5120,REPORTS_TO
15361,5120,REPORTS_TO
15362,5121,REPORTS_TO
15363,5121,REPORTS_TO
15364,5121,REPORTS_TO
15365,5122,REPORTS_TO
15366,5122,REPORTS_TO
15367,5122,REPORTS_TO
15368,5123,REPORTS_TO
15369,5123,REPORTS_TO
15370,5123,REPORTS_TO
15371,5124,REPORTS_TO
15372,5124,REPORTS_TO
15373,5124,REPORTS_TO
15374,5125,REPORTS_TO
15375,5125,REPORTS_TO
15376,5125,REPORTS_TO
15377,5126,REPORTS_TO
15378,5126,REPORTS_TO
15379,5126,REPORTS_TO
15380,5127,REPORTS_TO
15381,5127,REPORTS_TO
15382,5127,REPORTS_TO
15383,5128,REPORTS_TO
15384,5128,REPORTS_TO
15385,5128,REPORTS_TO
15386,5129,REPORTS_TO
15387,5129,REPORTS_TO
15388,5129,REPORTS_TO
15389,5130,REPORTS_TO
15390,5130,REPORTS_TO
15391,5130,REPORTS_TO
15392,5131,REPORTS_TO
15393,5131,REPORTS_TO
15394,5131,REPORTS_TO
15395,5132,REPORTS_TO
15396,5132,REPORTS_TO
15397,5132,REPORTS_TO
15398,5133,REPORTS_TO
15399,5133,REPORTS_TO
15400,5133,REPORTS_TO
15401,5134,REPORTS_TO
15402,5134,REPORTS_TO
15403,5134,REPORTS_TO
15404,5135,REPORTS_TO
15405,5135,REPORTS_TO
15406,5135,REPORTS_TO
15407,5136,REPORTS_TO
15408,5136,REPORTS_TO
15409,5136,REPORTS_TO
15410,5137,REPORTS_TO
15411,5137,REPORTS_TO
15412,5137,REPORTS_TO
15413,5138,REPORTS_TO
15414,5138,REPORTS_TO
15415,5138,REPORTS_TO
15416,5139,REPORTS_TO
15417,5139,REPORTS_TO
15418,5139,REPORTS_TO
15419,5140,REPORTS_TO
15420,5140,REPORTS_TO
15421,5140,REPORTS_TO
15422,5141,REPORTS_TO
15423,5141,REPORTS_TO
15424,5141,REPORTS_TO
15425,5142,REPORTS_TO
15426,5142,REPORTS_TO
15427,5142,REPORTS_TO
15428,5143,REPORTS_TO
15429,5143,REPORTS_TO
15430,5143,REPORTS_TO
15431,5144,REPORTS_TO
15432,5144,REPORTS_TO
15433,5144,REPORTS_TO
15434,5145,REPORTS_TO
15435,5145,REPORTS_TO
15436,5145,REPORTS_TO
15437,5146,REPORTS_TO
15438,5146,REPORTS_TO
15439,5146,REPORTS_TO
15440,5147,REPORTS_TO
15441,5147,REPORTS_TO
15442,5147,REPORTS_TO
15443,5148,REPORTS_TO
15444,5148,REPORTS_TO
15445,5148,REPORTS_TO
15446,5149,REPORTS_TO
15447,5149,REPORTS_TO
15448,5149,REPORTS_TO
15449,5150,REPORTS_TO
15450,5150,REPORTS_TO
15451,5150,REPORTS_TO
15452,5151,REPORTS_TO
15453,5151,REPORTS_TO
15454,5151,REPORTS_TO
15455,5152,REPORTS_TO
15456,5152,REPORTS_TO
15457,5152,REPORTS_TO
15458,5153,REPORTS_TO
15459,5153,REPORTS_TO
15460,5153,REPORTS_TO
15461,5154,REPORTS_TO
15462,5154,REPORTS_TO
15463,5154,REPORTS_TO
15464,5155,REPORTS_TO
15465,5155,REPORTS_TO
15466,5155,REPORTS_TO
15467,5156,REPORTS_TO
15468,5156,REPORTS_TO
15469,5156,REPORTS_TO
15470,5157,REPORTS_TO
15471,5157,REPORTS_TO
15472,5157,REPORTS_TO
15473,5158,REPORTS_TO
15474,5158,REPORTS_TO
15475,5158,REPORTS_TO
15476,5159,REPORTS_TO
15477,5159,REPORTS_TO
15478,5159,REPORTS_TO
15479,5160,REPORTS_TO
15480,5160,REPORTS_TO
15481,5160,REPORTS_TO
15482,5161,REPORTS_TO
15483,5161,REPORTS_TO
15484,5161,REPORTS_TO
15485,5162,REPORTS_TO
15486,5162,REPORTS_TO
15487,5162,REPORTS_TO
15488,5163,REPORTS_TO
15489,5163,REPORTS_TO
15490,5163,REPORTS_TO
15491,5164,REPORTS_TO
15492,5164,REPORTS_TO
15493,5164,REPORTS_TO
15494,5165,REPORTS_TO
15495,5165,REPORTS_TO
15496,5165,REPORTS_TO
15497,5166,REPORTS_TO
15498,5166,REPORTS_TO
15499,5166,REPORTS_TO
15500,5167,REPORTS_TO
15501,5167,REPORTS_TO
15502,5167,REPORTS_TO
15503,5168,REPORTS_TO
15504,5168,REPORTS_TO
15505,5168,REPORTS_TO
15506,5169,REPORTS_TO
15507,5169,REPORTS_TO
15508,5169,REPORTS_TO
15509,5170,REPORTS_TO
15510,5170,REPORTS_TO
15511,5170,REPORTS_TO
15512,5171,REPORTS_TO
15513,5171,REPORTS_TO
15514,5171,REPORTS_TO
15515,5172,REPORTS_TO
15516,5172,REPORTS_TO
15517,5172,REPORTS_TO
15518,5173,REPORTS_TO
15519,5173,REPORTS_TO
15520,5173,REPORTS_TO
15521,5174,REPORTS_TO
15522,5174,REPORTS_TO
15523,5174,REPORTS_TO
15524,5175,REPORTS_TO
15525,5175,REPORTS_TO
15526,5175,REPORTS_TO
15527,5176,REPORTS_TO
15528,5176,REPORTS_TO
15529,5176,REPORTS_TO
15530,5177,REPORTS_TO
15531,5177,REPORTS_TO
15532,5177,REPORTS_TO
15533,5178,REPORTS_TO
15534,5178,REPORTS_TO
15535,5178,REPORTS_TO
15536,5179,REPORTS_TO
15537,5179,REPORTS_TO
15538,5179,REPORTS_TO
15539,5180,REPORTS_TO
15540,5180,REPORTS_TO
15541,5180,REPORTS_TO
15542,5181,REPORTS_TO
15543,5181,REPORTS_TO
15544,5181,REPORTS_TO
15545,5182,REPORTS_TO
15546,5182,REPORTS_TO
15547,5182,REPORTS_TO
15548,5183,REPORTS_TO
15549,5183,REPORTS_TO
15550,5183,REPORTS_TO
15551,5184,REPORTS_TO
15552,5184,REPORTS_TO
15553,5184,REPORTS_TO
15554,5185,REPORTS_TO
15555,5185,REPORTS_TO
15556,5185,REPORTS_TO
15557,5186,REPORTS_TO
15558,5186,REPORTS_TO
15559,5186,REPORTS_TO
15560,5187,REPORTS_TO
15561,5187,REPORTS_TO
15562,5187,REPORTS_TO
15563,5188,REPORTS_TO
15564,5188,REPORTS_TO
15565,5188,REPORTS_TO
15566,5189,REPORTS_TO
15567,5189,REPORTS_TO
15568,5189,REPORTS_TO
15569,5190,REPORTS_TO
15570,5190,REPORTS_TO
15571,5190,REPORTS_TO
15572,5191,REPORTS_TO
15573,5191,REPORTS_TO
15574,5191,REPORTS_TO
15575,5192,REPORTS_TO
15576,5192,REPORTS_TO
15577,5192,REPORTS_TO
15578,5193,REPORTS_TO
15579,5193,REPORTS_TO
15580,5193,REPORTS_TO
15581,5194,REPORTS_TO
15582,5194,REPORTS_TO
15583,5194,REPORTS_TO
15584,5195,REPORTS_TO
15585,5195,REPORTS_TO
15586,5195,REPORTS_TO
15587,5196,REPORTS_TO
15588,5196,REPORTS_TO
15589,5196,REPORTS_TO
15590,5197,REPORTS_TO
15591,5197,REPORTS_TO
15592,5197,REPORTS_TO
15593,5198,REPORTS_TO
15594,5198,REPORTS_TO
15595,5198,REPORTS_TO
15596,5199,REPORTS_TO
15597,5199,REPORTS_TO
15598,5199,REPORTS_TO
15599,5200,REPORTS_TO
15600,5200,REPORTS_TO
15601,5200,REPORTS_TO
15602,5201,REPORTS_TO
15603,5201,REPORTS_TO
15604,5201,REPORTS_TO
15605,5202,REPORTS_TO
15606,5202,REPORTS_TO
15607,5202,REPORTS_TO
15608,5203,REPORTS_TO
15609,5203,REPORTS_TO
15610,5203,REPORTS_TO
15611,5204,REPORTS_TO
15612,5204,REPORTS_TO
15613,5204,REPORTS_TO
15614,5205,REPORTS_TO
15615,5205,REPORTS_TO
15616,5205,REPORTS_TO
15617,5206,REPORTS_TO
15618,5206,REPORTS_TO
15619,5206,REPORTS_TO
15620,5207,REPORTS_TO
15621,5207,REPORTS_TO
15622,5207,REPORTS_TO
15623,5208,REPORTS_TO
15624,5208,REPORTS_TO
15625,5208,REPORTS_TO
15626,5209,REPORTS_TO
15627,5209,REPORTS_TO
15628,5209,REPORTS_TO
15629,5210,REPORTS_TO
15630,5210,REPORTS_TO
15631,5210,REPORTS_TO
15632,5211,REPORTS_TO
15633,5211,REPORTS_TO
15634,5211,REPORTS_TO
15635,5212,REPORTS_TO
15636,5212,REPORTS_TO
15637,5212,REPORTS_TO
15638,5213,REPORTS_TO
15639,5213,REPORTS_TO
15640,5213,REPORTS_TO
15641,5214,REPORTS_TO
15642,5214,REPORTS_TO
15643,5214,REPORTS_TO
15644,5215,REPORTS_TO
15645,5215,REPORTS_TO
15646,5215,REPORTS_TO
15647,5216,REPORTS_TO
15648,5216,REPORTS_TO
15649,5216,REPORTS_TO
15650,5217,REPORTS_TO
15651,5217,REPORTS_TO
15652,5217,REPORTS_TO
15653,5218,REPORTS_TO
15654,5218,REPORTS_TO
15655,5218,REPORTS_TO
15656,5219,REPORTS_TO
15657,5219,REPORTS_TO
15658,5219,REPORTS_TO
15659,5220,REPORTS_TO
15660,5220,REPORTS_TO
15661,5220,REPORTS_TO
15662,5221,REPORTS_TO
15663,5221,REPORTS_TO
15664,5221,REPORTS_TO
15665,5222,REPORTS_TO
15666,5222,REPORTS_TO
15667,5222,REPORTS_TO
15668,5223,REPORTS_TO
15669,5223,REPORTS_TO
15670,5223,REPORTS_TO
15671,5224,REPORTS_TO
15672,5224,REPORTS_TO
15673,5224,REPORTS_TO
15674,5225,REPORTS_TO
15675,5225,REPORTS_TO
15676,5225,REPORTS_TO
15677,5226,REPORTS_TO
15678,5226,REPORTS_TO
15679,5226,REPORTS_TO
15680,5227,REPORTS_TO
15681,5227,REPORTS_TO
15682,5227,REPORTS_TO
15683,5228,REPORTS_TO
15684,5228,REPORTS_TO
15685,5228,REPORTS_TO
15686,5229,REPORTS_TO
15687,5229,REPORTS_TO
15688,5229,REPORTS_TO
15689,5230,REPORTS_TO
15690,5230,REPORTS_TO
15691,5230,REPORTS_TO
15692,5231,REPORTS_TO
15693,5231,REPORTS_TO
15694,5231,REPORTS_TO
15695,5232,REPORTS_TO
15696,5232,REPORTS_TO
15697,5232,REPORTS_TO
15698,5233,REPORTS_TO
15699,5233,REPORTS_TO
15700,5233,REPORTS_TO
15701,5234,REPORTS_TO
15702,5234,REPORTS_TO
15703,5234,REPORTS_TO
15704,5235,REPORTS_TO
15705,5235,REPORTS_TO
15706,5235,REPORTS_TO
15707,5236,REPORTS_TO
15708,5236,REPORTS_TO
15709,5236,REPORTS_TO
15710,5237,REPORTS_TO
15711,5237,REPORTS_TO
15712,5237,REPORTS_TO
15713,5238,REPORTS_TO
15714,5238,REPORTS_TO
15715,5238,REPORTS_TO
15716,5239,REPORTS_TO
15717,5239,REPORTS_TO
15718,5239,REPORTS_TO
15719,5240,REPORTS_TO
15720,5240,REPORTS_TO
15721,5240,REPORTS_TO
15722,5241,REPORTS_TO
15723,5241,REPORTS_TO
15724,5241,REPORTS_TO
15725,5242,REPORTS_TO
15726,5242,REPORTS_TO
15727,5242,REPORTS_TO
15728,5243,REPORTS_TO
15729,5243,REPORTS_TO
15730,5243,REPORTS_TO
15731,5244,REPORTS_TO
15732,5244,REPORTS_TO
15733,5244,REPORTS_TO
15734,5245,REPORTS_TO
15735,5245,REPORTS_TO
15736,5245,REPORTS_TO
15737,5246,REPORTS_TO
15738,5246,REPORTS_TO
15739,5246,REPORTS_TO
15740,5247,REPORTS_TO
15741,5247,REPORTS_TO
15742,5247,REPORTS_TO
15743,5248,REPORTS_TO
15744,5248,REPORTS_TO
15745,5248,REPORTS_TO
15746,5249,REPORTS_TO
15747,5249,REPORTS_TO
15748,5249,REPORTS_TO
15749,5250,REPORTS_TO
15750,5250,REPORTS_TO
15751,5250,REPORTS_TO
15752,5251,REPORTS_TO
15753,5251,REPORTS_TO
15754,5251,REPORTS_TO
15755,5252,REPORTS_TO
15756,5252,REPORTS_TO
15757,5252,REPORTS_TO
15758,5253,REPORTS_TO
15759,5253,REPORTS_TO
15760,5253,REPORTS_TO
15761,5254,REPORTS_TO
15762,5254,REPORTS_TO
15763,5254,REPORTS_TO
15764,5255,REPORTS_TO
15765,5255,REPORTS_TO
15766,5255,REPORTS_TO
15767,5256,REPORTS_TO
15768,5256,REPORTS_TO
15769,5256,REPORTS_TO
15770,5257,REPORTS_TO
15771,5257,REPORTS_TO
15772,5257,REPORTS_TO
15773,5258,REPORTS_TO
15774,5258,REPORTS_TO
15775,5258,REPORTS_TO
15776,5259,REPORTS_TO
15777,5259,REPORTS_TO
15778,5259,REPORTS_TO
15779,5260,REPORTS_TO
15780,5260,REPORTS_TO
15781,5260,REPORTS_TO
15782,5261,REPORTS_TO
15783,5261,REPORTS_TO
15784,5261,REPORTS_TO
15785,5262,REPORTS_TO
15786,5262,REPORTS_TO
15787,5262,REPORTS_TO
15788,5263,REPORTS_TO
15789,5263,REPORTS_TO
15790,5263,REPORTS_TO
15791,5264,REPORTS_TO
15792,5264,REPORTS_TO
15793,5264,REPORTS_TO
15794,5265,REPORTS_TO
15795,5265,REPORTS_TO
15796,5265,REPORTS_TO
15797,5266,REPORTS_TO
15798,5266,REPORTS_TO
15799,5266,REPORTS_TO
15800,5267,REPORTS_TO
15801,5267,REPORTS_TO
15802,5267,REPORTS_TO
15803,5268,REPORTS_TO
15804,5268,REPORTS_TO
15805,5268,REPORTS_TO
15806,5269,REPORTS_TO
15807,5269,REPORTS_TO
15808,5269,REPORTS_TO
15809,5270,REPORTS_TO
15810,5270,REPORTS_TO
15811,5270,REPORTS_TO
15812,5271,REPORTS_TO
15813,5271,REPORTS_TO
15814,5271,REPORTS_TO
15815,5272,REPORTS_TO
15816,5272,REPORTS_TO
15817,5272,REPORTS_TO
15818,5273,REPORTS_TO
15819,5273,REPORTS_TO
15820,5273,REPORTS_TO
15821,5274,REPORTS_TO
15822,5274,REPORTS_TO
15823,5274,REPORTS_TO
15824,5275,REPORTS_TO
15825,5275,REPORTS_TO
15826,5275,REPORTS_TO
15827,5276,REPORTS_TO
15828,5276,REPORTS_TO
15829,5276,REPORTS_TO
15830,5277,REPORTS_TO
15831,5277,REPORTS_TO
15832,5277,REPORTS_TO
15833,5278,REPORTS_TO
15834,5278,REPORTS_TO
15835,5278,REPORTS_TO
15836,5279,REPORTS_TO
15837,5279,REPORTS_TO
15838,5279,REPORTS_TO
15839,5280,REPORTS_TO
15840,5280,REPORTS_TO
15841,5280,REPORTS_TO
15842,5281,REPORTS_TO
15843,5281,REPORTS_TO
15844,5281,REPORTS_TO
15845,5282,REPORTS_TO
15846,5282,REPORTS_TO
15847,5282,REPORTS_TO
15848,5283,REPORTS_TO
15849,5283,REPORTS_TO
15850,5283,REPORTS_TO
15851,5284,REPORTS_TO
15852,5284,REPORTS_TO
15853,5284,REPORTS_TO
15854,5285,REPORTS_TO
15855,5285,REPORTS_TO
15856,5285,REPORTS_TO
15857,5286,REPORTS_TO
15858,5286,REPORTS_TO
15859,5286,REPORTS_TO
15860,5287,REPORTS_TO
15861,5287,REPORTS_TO
15862,5287,REPORTS_TO
15863,5288,REPORTS_TO
15864,5288,REPORTS_TO
15865,5288,REPORTS_TO
15866,5289,REPORTS_TO
15867,5289,REPORTS_TO
15868,5289,REPORTS_TO
15869,5290,REPORTS_TO
15870,5290,REPORTS_TO
15871,5290,REPORTS_TO
15872,5291,REPORTS_TO
15873,5291,REPORTS_TO
15874,5291,REPORTS_TO
15875,5292,REPORTS_TO
15876,5292,REPORTS_TO
15877,5292,REPORTS_TO
15878,5293,REPORTS_TO
15879,5293,REPORTS_TO
15880,5293,REPORTS_TO
15881,5294,REPORTS_TO
15882,5294,REPORTS_TO
15883,5294,REPORTS_TO
15884,5295,REPORTS_TO
15885,5295,REPORTS_TO
15886,5295,REPORTS_TO
15887,5296,REPORTS_TO
15888,5296,REPORTS_TO
15889,5296,REPORTS_TO
15890,5297,REPORTS_TO
15891,5297,REPORTS_TO
15892,5297,REPORTS_TO
15893,5298,REPORTS_TO
15894,5298,REPORTS_TO
15895,5298,REPORTS_TO
15896,5299,REPORTS_TO
15897,5299,REPORTS_TO
15898,5299,REPORTS_TO
15899,5300,REPORTS_TO
15900,5300,REPORTS_TO
15901,5300,REPORTS_TO
15902,5301,REPORTS_TO
15903,5301,REPORTS_TO
15904,5301,REPORTS_TO
15905,5302,REPORTS_TO
15906,5302,REPORTS_TO
15907,5302,REPORTS_TO
15908,5303,REPORTS_TO
15909,5303,REPORTS_TO
15910,5303,REPORTS_TO
15911,5304,REPORTS_TO
15912,5304,REPORTS_TO
15913,5304,REPORTS_TO
15914,5305,REPORTS_TO
15915,5305,REPORTS_TO
15916,5305,REPORTS_TO
15917,5306,REPORTS_TO
15918,5306,REPORTS_TO
15919,5306,REPORTS_TO
15920,5307,REPORTS_TO
15921,5307,REPORTS_TO
15922,5307,REPORTS_TO
15923,5308,REPORTS_TO
15924,5308,REPORTS_TO
15925,5308,REPORTS_TO
15926,5309,REPORTS_TO
15927,5309,REPORTS_TO
15928,5309,REPORTS_TO
15929,5310,REPORTS_TO
15930,5310,REPORTS_TO
15931,5310,REPORTS_TO
15932,5311,REPORTS_TO
15933,5311,REPORTS_TO
15934,5311,REPORTS_TO
15935,5312,REPORTS_TO
15936,5312,REPORTS_TO
15937,5312,REPORTS_TO
15938,5313,REPORTS_TO
15939,5313,REPORTS_TO
15940,5313,REPORTS_TO
15941,5314,REPORTS_TO
15942,5314,REPORTS_TO
15943,5314,REPORTS_TO
15944,5315,REPORTS_TO
15945,5315,REPORTS_TO
15946,5315,REPORTS_TO
15947,5316,REPORTS_TO
15948,5316,REPORTS_TO
15949,5316,REPORTS_TO
15950,5317,REPORTS_TO
15951,5317,REPORTS_TO
15952,5317,REPORTS_TO
15953,5318,REPORTS_TO
15954,5318,REPORTS_TO
15955,5318,REPORTS_TO
15956,5319,REPORTS_TO
15957,5319,REPORTS_TO
15958,5319,REPORTS_TO
15959,5320,REPORTS_TO
15960,5320,REPORTS_TO
15961,5320,REPORTS_TO
15962,5321,REPORTS_TO
15963,5321,REPORTS_TO
15964,5321,REPORTS_TO
15965,5322,REPORTS_TO
15966,5322,REPORTS_TO
15967,5322,REPORTS_TO
15968,5323,REPORTS_TO
15969,5323,REPORTS_TO
15970,5323,REPORTS_TO
15971,5324,REPORTS_TO
15972,5324,REPORTS_TO
15973,5324,REPORTS_TO
15974,5325,REPORTS_TO
15975,5325,REPORTS_TO
15976,5325,REPORTS_TO
15977,5326,REPORTS_TO
15978,5326,REPORTS_TO
15979,5326,REPORTS_TO
15980,5327,REPORTS_TO
15981,5327,REPORTS_TO
15982,5327,REPORTS_TO
15983,5328,REPORTS_TO
15984,5328,REPORTS_TO
15985,5328,REPORTS_TO
15986,5329,REPORTS_TO
15987,5329,REPORTS_TO
15988,5329,REPORTS_TO
15989,5330,REPORTS_TO
15990,5330,REPORTS_TO
15991,5330,REPORTS_TO
15992,5331,REPORTS_TO
15993,5331,REPORTS_TO
15994,5331,REPORTS_TO
15995,5332,REPORTS_TO
15996,5332,REPORTS_TO
15997,5332,REPORTS_TO
15998,5333,REPORTS_TO
15999,5333,REPORTS_TO
16000,5333,REPORTS_TO
16001,5334,REPORTS_TO
16002,5334,REPORTS_TO
16003,5334,REPORTS_TO
16004,5335,REPORTS_TO
16005,5335,REPORTS_TO
16006,5335,REPORTS_TO
16007,5336,REPORTS_TO
16008,5336,REPORTS_TO
16009,5336,REPORTS_TO
16010,5337,REPORTS_TO
16011,5337,REPORTS_TO
16012,5337,REPORTS_TO
16013,5338,REPORTS_TO
16014,5338,REPORTS_TO
16015,5338,REPORTS_TO
16016,5339,REPORTS_TO
16017,5339,REPORTS_TO
16018,5339,REPORTS_TO
16019,5340,REPORTS_TO
16020,5340,REPORTS_TO
16021,5340,REPORTS_TO
16022,5341,REPORTS_TO
16023,5341,REPORTS_TO
16024,5341,REPORTS_TO
16025,5342,REPORTS_TO
16026,5342,REPORTS_TO
16027,5342,REPORTS_TO
16028,5343,REPORTS_TO
16029,5343,REPORTS_TO
16030,5343,REPORTS_TO
16031,5344,REPORTS_TO
16032,5344,REPORTS_TO
16033,5344,REPORTS_TO
16034,5345,REPORTS_TO
16035,5345,REPORTS_TO
16036,5345,REPORTS_TO
16037,5346,REPORTS_TO
16038,5346,REPORTS_TO
16039,5346,REPORTS_TO
16040,5347,REPORTS_TO
16041,5347,REPORTS_TO
16042,5347,REPORTS_TO
16043,5348,REPORTS_TO
16044,5348,REPORTS_TO
16045,5348,REPORTS_TO
16046,5349,REPORTS_TO
16047,5349,REPORTS_TO
16048,5349,REPORTS_TO
16049,5350,REPORTS_TO
16050,5350,REPORTS_TO
16051,5350,REPORTS_TO
16052,5351,REPORTS_TO
16053,5351,REPORTS_TO
16054,5351,REPORTS_TO
16055,5352,REPORTS_TO
16056,5352,REPORTS_TO
16057,5352,REPORTS_TO
16058,5353,REPORTS_TO
16059,5353,REPORTS_TO
16060,5353,REPORTS_TO
16061,5354,REPORTS_TO
16062,5354,REPORTS_TO
16063,5354,REPORTS_TO
16064,5355,REPORTS_TO
16065,5355,REPORTS_TO
16066,5355,REPORTS_TO
16067,5356,REPORTS_TO
16068,5356,REPORTS_TO
16069,5356,REPORTS_TO
16070,5357,REPORTS_TO
16071,5357,REPORTS_TO
16072,5357,REPORTS_TO
16073,5358,REPORTS_TO
16074,5358,REPORTS_TO
16075,5358,REPORTS_TO
16076,5359,REPORTS_TO
16077,5359,REPORTS_TO
16078,5359,REPORTS_TO
16079,5360,REPORTS_TO
16080,5360,REPORTS_TO
16081,5360,REPORTS_TO
16082,5361,REPORTS_TO
16083,5361,REPORTS_TO
16084,5361,REPORTS_TO
16085,5362,REPORTS_TO
16086,5362,REPORTS_TO
16087,5362,REPORTS_TO
16088,5363,REPORTS_TO
16089,5363,REPORTS_TO
16090,5363,REPORTS_TO
16091,5364,REPORTS_TO
16092,5364,REPORTS_TO
16093,5364,REPORTS_TO
16094,5365,REPORTS_TO
16095,5365,REPORTS_TO
16096,5365,REPORTS_TO
16097,5366,REPORTS_TO
16098,5366,REPORTS_TO
16099,5366,REPORTS_TO
16100,5367,REPORTS_TO
16101,5367,REPORTS_TO
16102,5367,REPORTS_TO
16103,5368,REPORTS_TO
16104,5368,REPORTS_TO
16105,5368,REPORTS_TO
16106,5369,REPORTS_TO
16107,5369,REPORTS_TO
16108,5369,REPORTS_TO
16109,5370,REPORTS_TO
16110,5370,REPORTS_TO
16111,5370,REPORTS_TO
16112,5371,REPORTS_TO
16113,5371,REPORTS_TO
16114,5371,REPORTS_TO
16115,5372,REPORTS_TO
16116,5372,REPORTS_TO
16117,5372,REPORTS_TO
16118,5373,REPORTS_TO
16119,5373,REPORTS_TO
16120,5373,REPORTS_TO
16121,5374,REPORTS_TO
16122,5374,REPORTS_TO
16123,5374,REPORTS_TO
16124,5375,REPORTS_TO
16125,5375,REPORTS_TO
16126,5375,REPORTS_TO
16127,5376,REPORTS_TO
16128,5376,REPORTS_TO
16129,5376,REPORTS_TO
16130,5377,REPORTS_TO
16131,5377,REPORTS_TO
16132,5377,REPORTS_TO
16133,5378,REPORTS_TO
16134,5378,REPORTS_TO
16135,5378,REPORTS_TO
16136,5379,REPORTS_TO
16137,5379,REPORTS_TO
16138,5379,REPORTS_TO
16139,5380,REPORTS_TO
16140,5380,REPORTS_TO
16141,5380,REPORTS_TO
16142,5381,REPORTS_TO
16143,5381,REPORTS_TO
16144,5381,REPORTS_TO
16145,5382,REPORTS_TO
16146,5382,REPORTS_TO
16147,5382,REPORTS_TO
16148,5383,REPORTS_TO
16149,5383,REPORTS_TO
16150,5383,REPORTS_TO
16151,5384,REPORTS_TO
16152,5384,REPORTS_TO
16153,5384,REPORTS_TO
16154,5385,REPORTS_TO
16155,5385,REPORTS_TO
16156,5385,REPORTS_TO
16157,5386,REPORTS_TO
16158,5386,REPORTS_TO
16159,5386,REPORTS_TO
16160,5387,REPORTS_TO
16161,5387,REPORTS_TO
16162,5387,REPORTS_TO
16163,5388,REPORTS_TO
16164,5388,REPORTS_TO
16165,5388,REPORTS_TO
16166,5389,REPORTS_TO
16167,5389,REPORTS_TO
16168,5389,REPORTS_TO
16169,5390,REPORTS_TO
16170,5390,REPORTS_TO
16171,5390,REPORTS_TO
16172,5391,REPORTS_TO
16173,5391,REPORTS_TO
16174,5391,REPORTS_TO
16175,5392,REPORTS_TO
16176,5392,REPORTS_TO
16177,5392,REPORTS_TO
16178,5393,REPORTS_TO
16179,5393,REPORTS_TO
16180,5393,REPORTS_TO
16181,5394,REPORTS_TO
16182,5394,REPORTS_TO
16183,5394,REPORTS_TO
16184,5395,REPORTS_TO
16185,5395,REPORTS_TO
16186,5395,REPORTS_TO
16187,5396,REPORTS_TO
16188,5396,REPORTS_TO
16189,5396,REPORTS_TO
16190,5397,REPORTS_TO
16191,5397,REPORTS_TO
16192,5397,REPORTS_TO
16193,5398,REPORTS_TO
16194,5398,REPORTS_TO
16195,5398,REPORTS_TO
16196,5399,REPORTS_TO
16197,5399,REPORTS_TO
16198,5399,REPORTS_TO
16199,5400,REPORTS_TO
16200,5400,REPORTS_TO
16201,5400,REPORTS_TO
16202,5401,REPORTS_TO
16203,5401,REPORTS_TO
16204,5401,REPORTS_TO
16205,5402,REPORTS_TO
16206,5402,REPORTS_TO
16207,5402,REPORTS_TO
16208,5403,REPORTS_TO
16209,5403,REPORTS_TO
16210,5403,REPORTS_TO
16211,5404,REPORTS_TO
16212,5404,REPORTS_TO
16213,5404,REPORTS_TO
16214,5405,REPORTS_TO
16215,5405,REPORTS_TO
16216,5405,REPORTS_TO
16217,5406,REPORTS_TO
16218,5406,REPORTS_TO
16219,5406,REPORTS_TO
16220,5407,REPORTS_TO
16221,5407,REPORTS_TO
16222,5407,REPORTS_TO
16223,5408,REPORTS_TO
16224,5408,REPORTS_TO
16225,5408,REPORTS_TO
16226,5409,REPORTS_TO
16227,5409,REPORTS_TO
16228,5409,REPORTS_TO
16229,5410,REPORTS_TO
16230,5410,REPORTS_TO
16231,5410,REPORTS_TO
16232,5411,REPORTS_TO
16233,5411,REPORTS_TO
16234,5411,REPORTS_TO
16235,5412,REPORTS_TO
16236,5412,REPORTS_TO
16237,5412,REPORTS_TO
16238,5413,REPORTS_TO
16239,5413,REPORTS_TO
16240,5413,REPORTS_TO
16241,5414,REPORTS_TO
16242,5414,REPORTS_TO
16243,5414,REPORTS_TO
16244,5415,REPORTS_TO
16245,5415,REPORTS_TO
16246,5415,REPORTS_TO
16247,5416,REPORTS_TO
16248,5416,REPORTS_TO
16249,5416,REPORTS_TO
16250,5417,REPORTS_TO
16251,5417,REPORTS_TO
16252,5417,REPORTS_TO
16253,5418,REPORTS_TO
16254,5418,REPORTS_TO
16255,5418,REPORTS_TO
16256,5419,REPORTS_TO
16257,5419,REPORTS_TO
16258,5419,REPORTS_TO
16259,5420,REPORTS_TO
16260,5420,REPORTS_TO
16261,5420,REPORTS_TO
16262,5421,REPORTS_TO
16263,5421,REPORTS_TO
16264,5421,REPORTS_TO
16265,5422,REPORTS_TO
16266,5422,REPORTS_TO
16267,5422,REPORTS_TO
16268,5423,REPORTS_TO
16269,5423,REPORTS_TO
16270,5423,REPORTS_TO
16271,5424,REPORTS_TO
16272,5424,REPORTS_TO
16273,5424,REPORTS_TO
16274,5425,REPORTS_TO
16275,5425,REPORTS_TO
16276,5425,REPORTS_TO
16277,5426,REPORTS_TO
16278,5426,REPORTS_TO
16279,5426,REPORTS_TO
16280,5427,REPORTS_TO
16281,5427,REPORTS_TO
16282,5427,REPORTS_TO
16283,5428,REPORTS_TO
16284,5428,REPORTS_TO
16285,5428,REPORTS_TO
16286,5429,REPORTS_TO
16287,5429,REPORTS_TO
16288,5429,REPORTS_TO
16289,5430,REPORTS_TO
16290,5430,REPORTS_TO
16291,5430,REPORTS_TO
16292,5431,REPORTS_TO
16293,5431,REPORTS_TO
16294,5431,REPORTS_TO
16295,5432,REPORTS_TO
16296,5432,REPORTS_TO
16297,5432,REPORTS_TO
16298,5433,REPORTS_TO
16299,5433,REPORTS_TO
16300,5433,REPORTS_TO
16301,5434,REPORTS_TO
16302,5434,REPORTS_TO
16303,5434,REPORTS_TO
16304,5435,REPORTS_TO
16305,5435,REPORTS_TO
16306,5435,REPORTS_TO
16307,5436,REPORTS_TO
16308,5436,REPORTS_TO
16309,5436,REPORTS_TO
16310,5437,REPORTS_TO
16311,5437,REPORTS_TO
16312,5437,REPORTS_TO
16313,5438,REPORTS_TO
16314,5438,REPORTS_TO
16315,5438,REPORTS_TO
16316,5439,REPORTS_TO
16317,5439,REPORTS_TO
16318,5439,REPORTS_TO
16319,5440,REPORTS_TO
16320,5440,REPORTS_TO
16321,5440,REPORTS_TO
16322,5441,REPORTS_TO
16323,5441,REPORTS_TO
16324,5441,REPORTS_TO
16325,5442,REPORTS_TO
16326,5442,REPORTS_TO
16327,5442,REPORTS_TO
16328,5443,REPORTS_TO
16329,5443,REPORTS_TO
16330,5443,REPORTS_TO
16331,5444,REPORTS_TO
16332,5444,REPORTS_TO
16333,5444,REPORTS_TO
16334,5445,REPORTS_TO
16335,5445,REPORTS_TO
16336,5445,REPORTS_TO
16337,5446,REPORTS_TO
16338,5446,REPORTS_TO
16339,5446,REPORTS_TO
16340,5447,REPORTS_TO
16341,5447,REPORTS_TO
16342,5447,REPORTS_TO
16343,5448,REPORTS_TO
16344,5448,REPORTS_TO
16345,5448,REPORTS_TO
16346,5449,REPORTS_TO
16347,5449,REPORTS_TO
16348,5449,REPORTS_TO
16349,5450,REPORTS_TO
16350,5450,REPORTS_TO
16351,5450,REPORTS_TO
16352,5451,REPORTS_TO
16353,5451,REPORTS_TO
16354,5451,REPORTS_TO
16355,5452,REPORTS_TO
16356,5452,REPORTS_TO
16357,5452,REPORTS_TO
16358,5453,REPORTS_TO
16359,5453,REPORTS_TO
16360,5453,REPORTS_TO
16361,5454,REPORTS_TO
16362,5454,REPORTS_TO
16363,5454,REPORTS_TO
16364,5455,REPORTS_TO
16365,5455,REPORTS_TO
16366,5455,REPORTS_TO
16367,5456,REPORTS_TO
16368,5456,REPORTS_TO
16369,5456,REPORTS_TO
16370,5457,REPORTS_TO
16371,5457,REPORTS_TO
16372,5457,REPORTS_TO
16373,5458,REPORTS_TO
16374,5458,REPORTS_TO
16375,5458,REPORTS_TO
16376,5459,REPORTS_TO
16377,5459,REPORTS_TO
16378,5459,REPORTS_TO
16379,5460,REPORTS_TO
16380,5460,REPORTS_TO
16381,5460,REPORTS_TO
16382,5461,REPORTS_TO
16383,5461,REPORTS_TO
16384,5461,REPORTS_TO
16385,5462,REPORTS_TO
16386,5462,REPORTS_TO
16387,5462,REPORTS_TO
16388,5463,REPORTS_TO
16389,5463,REPORTS_TO
16390,5463,REPORTS_TO
16391,5464,REPORTS_TO
16392,5464,REPORTS_TO
16393,5464,REPORTS_TO
16394,5465,REPORTS_TO
16395,5465,REPORTS_TO
16396,5465,REPORTS_TO
16397,5466,REPORTS_TO
16398,5466,REPORTS_TO
16399,5466,REPORTS_TO
16400,5467,REPORTS_TO
16401,5467,REPORTS_TO
16402,5467,REPORTS_TO
16403,5468,REPORTS_TO
16404,5468,REPORTS_TO
16405,5468,REPORTS_TO
16406,5469,REPORTS_TO
16407,5469,REPORTS_TO
16408,5469,REPORTS_TO
16409,5470,REPORTS_TO
16410,5470,REPORTS_TO
16411,5470,REPORTS_TO
16412,5471,REPORTS_TO
16413,5471,REPORTS_TO
16414,5471,REPORTS_TO
16415,5472,REPORTS_TO
16416,5472,REPORTS_TO
16417,5472,REPORTS_TO
16418,5473,REPORTS_TO
16419,5473,REPORTS_TO
16420,5473,REPORTS_TO
16421,5474,REPORTS_TO
16422,5474,REPORTS_TO
16423,5474,REPORTS_TO
16424,5475,REPORTS_TO
16425,5475,REPORTS_TO
16426,5475,REPORTS_TO
16427,5476,REPORTS_TO
16428,5476,REPORTS_TO
16429,5476,REPORTS_TO
16430,5477,REPORTS_TO
16431,5477,REPORTS_TO
16432,5477,REPORTS_TO
16433,5478,REPORTS_TO
16434,5478,REPORTS_TO
16435,5478,REPORTS_TO
16436,5479,REPORTS_TO
16437,5479,REPORTS_TO
16438,5479,REPORTS_TO
16439,5480,REPORTS_TO
16440,5480,REPORTS_TO
16441,5480,REPORTS_TO
16442,5481,REPORTS_TO
16443,5481,REPORTS_TO
16444,5481,REPORTS_TO
16445,5482,REPORTS_TO
16446,5482,REPORTS_TO
16447,5482,REPORTS_TO
16448,5483,REPORTS_TO
16449,5483,REPORTS_TO
16450,5483,REPORTS_TO
16451,5484,REPORTS_TO
16452,5484,REPORTS_TO
16453,5484,REPORTS_TO
16454,5485,REPORTS_TO
16455,5485,REPORTS_TO
16456,5485,REPORTS_TO
16457,5486,REPORTS_TO
16458,5486,REPORTS_TO
16459,5486,REPORTS_TO
16460,5487,REPORTS_TO
16461,5487,REPORTS_TO
16462,5487,REPORTS_TO
16463,5488,REPORTS_TO
16464,5488,REPORTS_TO
16465,5488,REPORTS_TO
16466,5489,REPORTS_TO
16467,5489,REPORTS_TO
16468,5489,REPORTS_TO
16469,5490,REPORTS_TO
16470,5490,REPORTS_TO
16471,5490,REPORTS_TO
16472,5491,REPORTS_TO
16473,5491,REPORTS_TO
16474,5491,REPORTS_TO
16475,5492,REPORTS_TO
16476,5492,REPORTS_TO
16477,5492,REPORTS_TO
16478,5493,REPORTS_TO
16479,5493,REPORTS_TO
16480,5493,REPORTS_TO
16481,5494,REPORTS_TO
16482,5494,REPORTS_TO
16483,5494,REPORTS_TO
16484,5495,REPORTS_TO
16485,5495,REPORTS_TO
16486,5495,REPORTS_TO
16487,5496,REPORTS_TO
16488,5496,REPORTS_TO
16489,5496,REPORTS_TO
16490,5497,REPORTS_TO
16491,5497,REPORTS_TO
16492,5497,REPORTS_TO
16493,5498,REPORTS_TO
16494,5498,REPORTS_TO
16495,5498,REPORTS_TO
16496,5499,REPORTS_TO
16497,5499,REPORTS_TO
16498,5499,REPORTS_TO
16499,5500,REPORTS_TO
16500,5500,REPORTS_TO
16501,5500,REPORTS_TO
16502,5501,REPORTS_TO
16503,5501,REPORTS_TO
16504,5501,REPORTS_TO
16505,5502,REPORTS_TO
16506,5502,REPORTS_TO
16507,5502,REPORTS_TO
16508,5503,REPORTS_TO
16509,5503,REPORTS_TO
16510,5503,REPORTS_TO
16511,5504,REPORTS_TO
16512,5504,REPORTS_TO
16513,5504,REPORTS_TO
16514,5505,REPORTS_TO
16515,5505,REPORTS_TO
16516,5505,REPORTS_TO
16517,5506,REPORTS_TO
16518,5506,REPORTS_TO
16519,5506,REPORTS_TO
16520,5507,REPORTS_TO
16521,5507,REPORTS_TO
16522,5507,REPORTS_TO
16523,5508,REPORTS_TO
16524,5508,REPORTS_TO
16525,5508,REPORTS_TO
16526,5509,REPORTS_TO
16527,5509,REPORTS_TO
16528,5509,REPORTS_TO
16529,5510,REPORTS_TO
16530,5510,REPORTS_TO
16531,5510,REPORTS_TO
16532,5511,REPORTS_TO
16533,5511,REPORTS_TO
16534,5511,REPORTS_TO
16535,5512,REPORTS_TO
16536,5512,REPORTS_TO
16537,5512,REPORTS_TO
16538,5513,REPORTS_TO
16539,5513,REPORTS_TO
16540,5513,REPORTS_TO
16541,5514,REPORTS_TO
16542,5514,REPORTS_TO
16543,5514,REPORTS_TO
16544,5515,REPORTS_TO
16545,5515,REPORTS_TO
16546,5515,REPORTS_TO
16547,5516,REPORTS_TO
16548,5516,REPORTS_TO
16549,5516,REPORTS_TO
16550,5517,REPORTS_TO
16551,5517,REPORTS_TO
16552,5517,REPORTS_TO
16553,5518,REPORTS_TO
16554,5518,REPORTS_TO
16555,5518,REPORTS_TO
16556,5519,REPORTS_TO
16557,5519,REPORTS_TO
16558,5519,REPORTS_TO
16559,5520,REPORTS_TO
16560,5520,REPORTS_TO
16561,5520,REPORTS_TO
16562,5521,REPORTS_TO
16563,5521,REPORTS_TO
16564,5521,REPORTS_TO
16565,5522,REPORTS_TO
16566,5522,REPORTS_TO
16567,5522,REPORTS_TO
16568,5523,REPORTS_TO
16569,5523,REPORTS_TO
16570,5523,REPORTS_TO
16571,5524,REPORTS_TO
16572,5524,REPORTS_TO
16573,5524,REPORTS_TO
16574,5525,REPORTS_TO
16575,5525,REPORTS_TO
16576,5525,REPORTS_TO
16577,5526,REPORTS_TO
16578,5526,REPORTS_TO
16579,5526,REPORTS_TO
16580,5527,REPORTS_TO
16581,5527,REPORTS_TO
16582,5527,REPORTS_TO
16583,5528,REPORTS_TO
16584,5528,REPORTS_TO
16585,5528,REPORTS_TO
16586,5529,REPORTS_TO
16587,5529,REPORTS_TO
16588,5529,REPORTS_TO
16589,5530,REPORTS_TO
16590,5530,REPORTS_TO
16591,5530,REPORTS_TO
16592,5531,REPORTS_TO
16593,5531,REPORTS_TO
16594,5531,REPORTS_TO
16595,5532,REPORTS_TO
16596,5532,REPORTS_TO
16597,5532,REPORTS_TO
16598,5533,REPORTS_TO
16599,5533,REPORTS_TO
16600,5533,REPORTS_TO
16601,5534,REPORTS_TO
16602,5534,REPORTS_TO
16603,5534,REPORTS_TO
16604,5535,REPORTS_TO
16605,5535,REPORTS_TO
16606,5535,REPORTS_TO
16607,5536,REPORTS_TO
16608,5536,REPORTS_TO
16609,5536,REPORTS_TO
16610,5537,REPORTS_TO
16611,5537,REPORTS_TO
16612,5537,REPORTS_TO
16613,5538,REPORTS_TO
16614,5538,REPORTS_TO
16615,5538,REPORTS_TO
16616,5539,REPORTS_TO
16617,5539,REPORTS_TO
16618,5539,REPORTS_TO
16619,5540,REPORTS_TO
16620,5540,REPORTS_TO
16621,5540,REPORTS_TO
16622,5541,REPORTS_TO
16623,5541,REPORTS_TO
16624,5541,REPORTS_TO
16625,5542,REPORTS_TO
16626,5542,REPORTS_TO
16627,5542,REPORTS_TO
16628,5543,REPORTS_TO
16629,5543,REPORTS_TO
16630,5543,REPORTS_TO
16631,5544,REPORTS_TO
16632,5544,REPORTS_TO
16633,5544,REPORTS_TO
16634,5545,REPORTS_TO
16635,5545,REPORTS_TO
16636,5545,REPORTS_TO
16637,5546,REPORTS_TO
16638,5546,REPORTS_TO
16639,5546,REPORTS_TO
16640,5547,REPORTS_TO
16641,5547,REPORTS_TO
16642,5547,REPORTS_TO
16643,5548,REPORTS_TO
16644,5548,REPORTS_TO
16645,5548,REPORTS_TO
16646,5549,REPORTS_TO
16647,5549,REPORTS_TO
16648,5549,REPORTS_TO
16649,5550,REPORTS_TO
16650,5550,REPORTS_TO
16651,5550,REPORTS_TO
16652,5551,REPORTS_TO
16653,5551,REPORTS_TO
16654,5551,REPORTS_TO
16655,5552,REPORTS_TO
16656,5552,REPORTS_TO
16657,5552,REPORTS_TO
16658,5553,REPORTS_TO
16659,5553,REPORTS_TO
16660,5553,REPORTS_TO
16661,5554,REPORTS_TO
16662,5554,REPORTS_TO
16663,5554,REPORTS_TO
16664,5555,REPORTS_TO
16665,5555,REPORTS_TO
16666,5555,REPORTS_TO
16667,5556,REPORTS_TO
16668,5556,REPORTS_TO
16669,5556,REPORTS_TO
16670,5557,REPORTS_TO
16671,5557,REPORTS_TO
16672,5557,REPORTS_TO
16673,5558,REPORTS_TO
16674,5558,REPORTS_TO
16675,5558,REPORTS_TO
16676,5559,REPORTS_TO
16677,5559,REPORTS_TO
16678,5559,REPORTS_TO
16679,5560,REPORTS_TO
16680,5560,REPORTS_TO
16681,5560,REPORTS_TO
16682,5561,REPORTS_TO
16683,5561,REPORTS_TO
16684,5561,REPORTS_TO
16685,5562,REPORTS_TO
16686,5562,REPORTS_TO
16687,5562,REPORTS_TO
16688,5563,REPORTS_TO
16689,5563,REPORTS_TO
16690,5563,REPORTS_TO
16691,5564,REPORTS_TO
16692,5564,REPORTS_TO
16693,5564,REPORTS_TO
16694,5565,REPORTS_TO
16695,5565,REPORTS_TO
16696,5565,REPORTS_TO
16697,5566,REPORTS_TO
16698,5566,REPORTS_TO
16699,5566,REPORTS_TO
16700,5567,REPORTS_TO
16701,5567,REPORTS_TO
16702,5567,REPORTS_TO
16703,5568,REPORTS_TO
16704,5568,REPORTS_TO
16705,5568,REPORTS_TO
16706,5569,REPORTS_TO
16707,5569,REPORTS_TO
16708,5569,REPORTS_TO
16709,5570,REPORTS_TO
16710,5570,REPORTS_TO
16711,5570,REPORTS_TO
16712,5571,REPORTS_TO
16713,5571,REPORTS_TO
16714,5571,REPORTS_TO
16715,5572,REPORTS_TO
16716,5572,REPORTS_TO
16717,5572,REPORTS_TO
16718,5573,REPORTS_TO
16719,5573,REPORTS_TO
16720,5573,REPORTS_TO
16721,5574,REPORTS_TO
16722,5574,REPORTS_TO
16723,5574,REPORTS_TO
16724,5575,REPORTS_TO
16725,5575,REPORTS_TO
16726,5575,REPORTS_TO
16727,5576,REPORTS_TO
16728,5576,REPORTS_TO
16729,5576,REPORTS_TO
16730,5577,REPORTS_TO
16731,5577,REPORTS_TO
16732,5577,REPORTS_TO
16733,5578,REPORTS_TO
16734,5578,REPORTS_TO
16735,5578,REPORTS_TO
16736,5579,REPORTS_TO
16737,5579,REPORTS_TO
16738,5579,REPORTS_TO
16739,5580,REPORTS_TO
16740,5580,REPORTS_TO
16741,5580,REPORTS_TO
16742,5581,REPORTS_TO
16743,5581,REPORTS_TO
16744,5581,REPORTS_TO
16745,5582,REPORTS_TO
16746,5582,REPORTS_TO
16747,5582,REPORTS_TO
16748,5583,REPORTS_TO
16749,5583,REPORTS_TO
16750,5583,REPORTS_TO
16751,5584,REPORTS_TO
16752,5584,REPORTS_TO
16753,5584,REPORTS_TO
16754,5585,REPORTS_TO
16755,5585,REPORTS_TO
16756,5585,REPORTS_TO
16757,5586,REPORTS_TO
16758,5586,REPORTS_TO
16759,5586,REPORTS_TO
16760,5587,REPORTS_TO
16761,5587,REPORTS_TO
16762,5587,REPORTS_TO
16763,5588,REPORTS_TO
16764,5588,REPORTS_TO
16765,5588,REPORTS_TO
16766,5589,REPORTS_TO
16767,5589,REPORTS_TO
16768,5589,REPORTS_TO
16769,5590,REPORTS_TO
16770,5590,REPORTS_TO
16771,5590,REPORTS_TO
16772,5591,REPORTS_TO
16773,5591,REPORTS_TO
16774,5591,REPORTS_TO
16775,5592,REPORTS_TO
16776,5592,REPORTS_TO
16777,5592,REPORTS_TO
16778,5593,REPORTS_TO
16779,5593,REPORTS_TO
16780,5593,REPORTS_TO
16781,5594,REPORTS_TO
16782,5594,REPORTS_TO
16783,5594,REPORTS_TO
16784,5595,REPORTS_TO
16785,5595,REPORTS_TO
16786,5595,REPORTS_TO
16787,5596,REPORTS_TO
16788,5596,REPORTS_TO
16789,5596,REPORTS_TO
16790,5597,REPORTS_TO
16791,5597,REPORTS_TO
16792,5597,REPORTS_TO
16793,5598,REPORTS_TO
16794,5598,REPORTS_TO
16795,5598,REPORTS_TO
16796,5599,REPORTS_TO
16797,5599,REPORTS_TO
16798,5599,REPORTS_TO
16799,5600,REPORTS_TO
16800,5600,REPORTS_TO
16801,5600,REPORTS_TO
16802,5601,REPORTS_TO
16803,5601,REPORTS_TO
16804,5601,REPORTS_TO
16805,5602,REPORTS_TO
16806,5602,REPORTS_TO
16807,5602,REPORTS_TO
16808,5603,REPORTS_TO
16809,5603,REPORTS_TO
16810,5603,REPORTS_TO
16811,5604,REPORTS_TO
16812,5604,REPORTS_TO
16813,5604,REPORTS_TO
16814,5605,REPORTS_TO
16815,5605,REPORTS_TO
16816,5605,REPORTS_TO
16817,5606,REPORTS_TO
16818,5606,REPORTS_TO
16819,5606,REPORTS_TO
16820,5607,REPORTS_TO
16821,5607,REPORTS_TO
16822,5607,REPORTS_TO
16823,5608,REPORTS_TO
16824,5608,REPORTS_TO
16825,5608,REPORTS_TO
16826,5609,REPORTS_TO
16827,5609,REPORTS_TO
16828,5609,REPORTS_TO
16829,5610,REPORTS_TO
16830,5610,REPORTS_TO
16831,5610,REPORTS_TO
16832,5611,REPORTS_TO
16833,5611,REPORTS_TO
16834,5611,REPORTS_TO
16835,5612,REPORTS_TO
16836,5612,REPORTS_TO
16837,5612,REPORTS_TO
16838,5613,REPORTS_TO
16839,5613,REPORTS_TO
16840,5613,REPORTS_TO
16841,5614,REPORTS_TO
16842,5614,REPORTS_TO
16843,5614,REPORTS_TO
16844,5615,REPORTS_TO
16845,5615,REPORTS_TO
16846,5615,REPORTS_TO
16847,5616,REPORTS_TO
16848,5616,REPORTS_TO
16849,5616,REPORTS_TO
16850,5617,REPORTS_TO
16851,5617,REPORTS_TO
16852,5617,REPORTS_TO
16853,5618,REPORTS_TO
16854,5618,REPORTS_TO
16855,5618,REPORTS_TO
16856,5619,REPORTS_TO
16857,5619,REPORTS_TO
16858,5619,REPORTS_TO
16859,5620,REPORTS_TO
16860,5620,REPORTS_TO
16861,5620,REPORTS_TO
16862,5621,REPORTS_TO
16863,5621,REPORTS_TO
16864,5621,REPORTS_TO
16865,5622,REPORTS_TO
16866,5622,REPORTS_TO
16867,5622,REPORTS_TO
16868,5623,REPORTS_TO
16869,5623,REPORTS_TO
16870,5623,REPORTS_TO
16871,5624,REPORTS_TO
16872,5624,REPORTS_TO
16873,5624,REPORTS_TO
16874,5625,REPORTS_TO
16875,5625,REPORTS_TO
16876,5625,REPORTS_TO
16877,5626,REPORTS_TO
16878,5626,REPORTS_TO
16879,5626,REPORTS_TO
16880,5627,REPORTS_TO
16881,5627,REPORTS_TO
16882,5627,REPORTS_TO
16883,5628,REPORTS_TO
16884,5628,REPORTS_TO
16885,5628,REPORTS_TO
16886,5629,REPORTS_TO
16887,5629,REPORTS_TO
16888,5629,REPORTS_TO
16889,5630,REPORTS_TO
16890,5630,REPORTS_TO
16891,5630,REPORTS_TO
16892,5631,REPORTS_TO
16893,5631,REPORTS_TO
16894,5631,REPORTS_TO
16895,5632,REPORTS_TO
16896,5632,REPORTS_TO
16897,5632,REPORTS_TO
16898,5633,REPORTS_TO
16899,5633,REPORTS_TO
16900,5633,REPORTS_TO
16901,5634,REPORTS_TO
16902,5634,REPORTS_TO
16903,5634,REPORTS_TO
16904,5635,REPORTS_TO
16905,5635,REPORTS_TO
16906,5635,REPORTS_TO
16907,5636,REPORTS_TO
16908,5636,REPORTS_TO
16909,5636,REPORTS_TO
16910,5637,REPORTS_TO
16911,5637,REPORTS_TO
16912,5637,REPORTS_TO
16913,5638,REPORTS_TO
16914,5638,REPORTS_TO
16915,5638,REPORTS_TO
16916,5639,REPORTS_TO
16917,5639,REPORTS_TO
16918,5639,REPORTS_TO
16919,5640,REPORTS_TO
16920,5640,REPORTS_TO
16921,5640,REPORTS_TO
16922,5641,REPORTS_TO
16923,5641,REPORTS_TO
16924,5641,REPORTS_TO
16925,5642,REPORTS_TO
16926,5642,REPORTS_TO
16927,5642,REPORTS_TO
16928,5643,REPORTS_TO
16929,5643,REPORTS_TO
16930,5643,REPORTS_TO
16931,5644,REPORTS_TO
16932,5644,REPORTS_TO
16933,5644,REPORTS_TO
16934,5645,REPORTS_TO
16935,5645,REPORTS_TO
16936,5645,REPORTS_TO
16937,5646,REPORTS_TO
16938,5646,REPORTS_TO
16939,5646,REPORTS_TO
16940,5647,REPORTS_TO
16941,5647,REPORTS_TO
16942,5647,REPORTS_TO
16943,5648,REPORTS_TO
16944,5648,REPORTS_TO
16945,5648,REPORTS_TO
16946,5649,REPORTS_TO
16947,5649,REPORTS_TO
16948,5649,REPORTS_TO
16949,5650,REPORTS_TO
16950,5650,REPORTS_TO
16951,5650,REPORTS_TO
16952,5651,REPORTS_TO
16953,5651,REPORTS_TO
16954,5651,REPORTS_TO
16955,5652,REPORTS_TO
16956,5652,REPORTS_TO
16957,5652,REPORTS_TO
16958,5653,REPORTS_TO
16959,5653,REPORTS_TO
16960,5653,REPORTS_TO
16961,5654,REPORTS_TO
16962,5654,REPORTS_TO
16963,5654,REPORTS_TO
16964,5655,REPORTS_TO
16965,5655,REPORTS_TO
16966,5655,REPORTS_TO
16967,5656,REPORTS_TO
16968,5656,REPORTS_TO
16969,5656,REPORTS_TO
16970,5657,REPORTS_TO
16971,5657,REPORTS_TO
16972,5657,REPORTS_TO
16973,5658,REPORTS_TO
16974,5658,REPORTS_TO
16975,5658,REPORTS_TO
16976,5659,REPORTS_TO
16977,5659,REPORTS_TO
16978,5659,REPORTS_TO
16979,5660,REPORTS_TO
16980,5660,REPORTS_TO
16981,5660,REPORTS_TO
16982,5661,REPORTS_TO
16983,5661,REPORTS_TO
16984,5661,REPORTS_TO
16985,5662,REPORTS_TO
16986,5662,REPORTS_TO
16987,5662,REPORTS_TO
16988,5663,REPORTS_TO
16989,5663,REPORTS_TO
16990,5663,REPORTS_TO
16991,5664,REPORTS_TO
16992,5664,REPORTS_TO
16993,5664,REPORTS_TO
16994,5665,REPORTS_TO
16995,5665,REPORTS_TO
16996,5665,REPORTS_TO
16997,5666,REPORTS_TO
16998,5666,REPORTS_TO
16999,5666,REPORTS_TO
17000,5667,REPORTS_TO
17001,5667,REPORTS_TO
17002,5667,REPORTS_TO
17003,5668,REPORTS_TO
17004,5668,REPORTS_TO
17005,5668,REPORTS_TO
17006,5669,REPORTS_TO
17007,5669,REPORTS_TO
17008,5669,REPORTS_TO
17009,5670,REPORTS_TO
17010,5670,REPORTS_TO
17011,5670,REPORTS_TO
17012,5671,REPORTS_TO
17013,5671,REPORTS_TO
17014,5671,REPORTS_TO
17015,5672,REPORTS_TO
17016,5672,REPORTS_TO
17017,5672,REPORTS_TO
17018,5673,REPORTS_TO
17019,5673,REPORTS_TO
17020,5673,REPORTS_TO
17021,5674,REPORTS_TO
17022,5674,REPORTS_TO
17023,5674,REPORTS_TO
17024,5675,REPORTS_TO
17025,5675,REPORTS_TO
17026,5675,REPORTS_TO
17027,5676,REPORTS_TO
17028,5676,REPORTS_TO
17029,5676,REPORTS_TO
17030,5677,REPORTS_TO
17031,5677,REPORTS_TO
17032,5677,REPORTS_TO
17033,5678,REPORTS_TO
17034,5678,REPORTS_TO
17035,5678,REPORTS_TO
17036,5679,REPORTS_TO
17037,5679,REPORTS_TO
17038,5679,REPORTS_TO
17039,5680,REPORTS_TO
17040,5680,REPORTS_TO
17041,5680,REPORTS_TO
17042,5681,REPORTS_TO
17043,5681,REPORTS_TO
17044,5681,REPORTS_TO
17045,5682,REPORTS_TO
17046,5682,REPORTS_TO
17047,5682,REPORTS_TO
17048,5683,REPORTS_TO
17049,5683,REPORTS_TO
17050,5683,REPORTS_TO
17051,5684,REPORTS_TO
17052,5684,REPORTS_TO
17053,5684,REPORTS_TO
17054,5685,REPORTS_TO
17055,5685,REPORTS_TO
17056,5685,REPORTS_TO
17057,5686,REPORTS_TO
17058,5686,REPORTS_TO
17059,5686,REPORTS_TO
17060,5687,REPORTS_TO
17061,5687,REPORTS_TO
17062,5687,REPORTS_TO
17063,5688,REPORTS_TO
17064,5688,REPORTS_TO
17065,5688,REPORTS_TO
17066,5689,REPORTS_TO
17067,5689,REPORTS_TO
17068,5689,REPORTS_TO
17069,5690,REPORTS_TO
17070,5690,REPORTS_TO
17071,5690,REPORTS_TO
17072,5691,REPORTS_TO
17073,5691,REPORTS_TO
17074,5691,REPORTS_TO
17075,5692,REPORTS_TO
17076,5692,REPORTS_TO
17077,5692,REPORTS_TO
17078,5693,REPORTS_TO
17079,5693,REPORTS_TO
17080,5693,REPORTS_TO
17081,5694,REPORTS_TO
17082,5694,REPORTS_TO
17083,5694,REPORTS_TO
17084,5695,REPORTS_TO
17085,5695,REPORTS_TO
17086,5695,REPORTS_TO
17087,5696,REPORTS_TO
17088,5696,REPORTS_TO
17089,5696,REPORTS_TO
17090,5697,REPORTS_TO
17091,5697,REPORTS_TO
17092,5697,REPORTS_TO
17093,5698,REPORTS_TO
17094,5698,REPORTS_TO
17095,5698,REPORTS_TO
17096,5699,REPORTS_TO
17097,5699,REPORTS_TO
17098,5699,REPORTS_TO
17099,5700,REPORTS_TO
17100,5700,REPORTS_TO
17101,5700,REPORTS_TO
17102,5701,REPORTS_TO
17103,5701,REPORTS_TO
17104,5701,REPORTS_TO
17105,5702,REPORTS_TO
17106,5702,REPORTS_TO
17107,5702,REPORTS_TO
17108,5703,REPORTS_TO
17109,5703,REPORTS_TO
17110,5703,REPORTS_TO
17111,5704,REPORTS_TO
17112,5704,REPORTS_TO
17113,5704,REPORTS_TO
17114,5705,REPORTS_TO
17115,5705,REPORTS_TO
17116,5705,REPORTS_TO
17117,5706,REPORTS_TO
17118,5706,REPORTS_TO
17119,5706,REPORTS_TO
17120,5707,REPORTS_TO
17121,5707,REPORTS_TO
17122,5707,REPORTS_TO
17123,5708,REPORTS_TO
17124,5708,REPORTS_TO
17125,5708,REPORTS_TO
17126,5709,REPORTS_TO
17127,5709,REPORTS_TO
17128,5709,REPORTS_TO
17129,5710,REPORTS_TO
17130,5710,REPORTS_TO
17131,5710,REPORTS_TO
17132,5711,REPORTS_TO
17133,5711,REPORTS_TO
17134,5711,REPORTS_TO
17135,5712,REPORTS_TO
17136,5712,REPORTS_TO
17137,5712,REPORTS_TO
17138,5713,REPORTS_TO
17139,5713,REPORTS_TO
17140,5713,REPORTS_TO
17141,5714,REPORTS_TO
17142,5714,REPORTS_TO
17143,5714,REPORTS_TO
17144,5715,REPORTS_TO
17145,5715,REPORTS_TO
17146,5715,REPORTS_TO
17147,5716,REPORTS_TO
17148,5716,REPORTS_TO
17149,5716,REPORTS_TO
17150,5717,REPORTS_TO
17151,5717,REPORTS_TO
17152,5717,REPORTS_TO
17153,5718,REPORTS_TO
17154,5718,REPORTS_TO
17155,5718,REPORTS_TO
17156,5719,REPORTS_TO
17157,5719,REPORTS_TO
17158,5719,REPORTS_TO
17159,5720,REPORTS_TO
17160,5720,REPORTS_TO
17161,5720,REPORTS_TO
17162,5721,REPORTS_TO
17163,5721,REPORTS_TO
17164,5721,REPORTS_TO
17165,5722,REPORTS_TO
17166,5722,REPORTS_TO
17167,5722,REPORTS_TO
17168,5723,REPORTS_TO
17169,5723,REPORTS_TO
17170,5723,REPORTS_TO
17171,5724,REPORTS_TO
17172,5724,REPORTS_TO
17173,5724,REPORTS_TO
17174,5725,REPORTS_TO
17175,5725,REPORTS_TO
17176,5725,REPORTS_TO
17177,5726,REPORTS_TO
17178,5726,REPORTS_TO
17179,5726,REPORTS_TO
17180,5727,REPORTS_TO
17181,5727,REPORTS_TO
17182,5727,REPORTS_TO
17183,5728,REPORTS_TO
17184,5728,REPORTS_TO
17185,5728,REPORTS_TO
17186,5729,REPORTS_TO
17187,5729,REPORTS_TO
17188,5729,REPORTS_TO
17189,5730,REPORTS_TO
17190,5730,REPORTS_TO
17191,5730,REPORTS_TO
17192,5731,REPORTS_TO
17193,5731,REPORTS_TO
17194,5731,REPORTS_TO
17195,5732,REPORTS_TO
17196,5732,REPORTS_TO
17197,5732,REPORTS_TO
17198,5733,REPORTS_TO
17199,5733,REPORTS_TO
17200,5733,REPORTS_TO
17201,5734,REPORTS_TO
17202,5734,REPORTS_TO
17203,5734,REPORTS_TO
17204,5735,REPORTS_TO
17205,5735,REPORTS_TO
17206,5735,REPORTS_TO
17207,5736,REPORTS_TO
17208,5736,REPORTS_TO
17209,5736,REPORTS_TO
17210,5737,REPORTS_TO
17211,5737,REPORTS_TO
17212,5737,REPORTS_TO
17213,5738,REPORTS_TO
17214,5738,REPORTS_TO
17215,5738,REPORTS_TO
17216,5739,REPORTS_TO
17217,5739,REPORTS_TO
17218,5739,REPORTS_TO
17219,5740,REPORTS_TO
17220,5740,REPORTS_TO
17221,5740,REPORTS_TO
17222,5741,REPORTS_TO
17223,5741,REPORTS_TO
17224,5741,REPORTS_TO
17225,5742,REPORTS_TO
17226,5742,REPORTS_TO
17227,5742,REPORTS_TO
17228,5743,REPORTS_TO
17229,5743,REPORTS_TO
17230,5743,REPORTS_TO
17231,5744,REPORTS_TO
17232,5744,REPORTS_TO
17233,5744,REPORTS_TO
17234,5745,REPORTS_TO
17235,5745,REPORTS_TO
17236,5745,REPORTS_TO
17237,5746,REPORTS_TO
17238,5746,REPORTS_TO
17239,5746,REPORTS_TO
17240,5747,REPORTS_TO
17241,5747,REPORTS_TO
17242,5747,REPORTS_TO
17243,5748,REPORTS_TO
17244,5748,REPORTS_TO
17245,5748,REPORTS_TO
17246,5749,REPORTS_TO
17247,5749,REPORTS_TO
17248,5749,REPORTS_TO
17249,5750,REPORTS_TO
17250,5750,REPORTS_TO
17251,5750,REPORTS_TO
17252,5751,REPORTS_TO
17253,5751,REPORTS_TO
17254,5751,REPORTS_TO
17255,5752,REPORTS_TO
17256,5752,REPORTS_TO
17257,5752,REPORTS_TO
17258,5753,REPORTS_TO
17259,5753,REPORTS_TO
17260,5753,REPORTS_TO
17261,5754,REPORTS_TO
17262,5754,REPORTS_TO
17263,5754,REPORTS_TO
17264,5755,REPORTS_TO
17265,5755,REPORTS_TO
17266,5755,REPORTS_TO
17267,5756,REPORTS_TO
17268,5756,REPORTS_TO
17269,5756,REPORTS_TO
17270,5757,REPORTS_TO
17271,5757,REPORTS_TO
17272,5757,REPORTS_TO
17273,5758,REPORTS_TO
17274,5758,REPORTS_TO
17275,5758,REPORTS_TO
17276,5759,REPORTS_TO
17277,5759,REPORTS_TO
17278,5759,REPORTS_TO
17279,5760,REPORTS_TO
17280,5760,REPORTS_TO
17281,5760,REPORTS_TO
17282,5761,REPORTS_TO
17283,5761,REPORTS_TO
17284,5761,REPORTS_TO
17285,5762,REPORTS_TO
17286,5762,REPORTS_TO
17287,5762,REPORTS_TO
17288,5763,REPORTS_TO
17289,5763,REPORTS_TO
17290,5763,REPORTS_TO
17291,5764,REPORTS_TO
17292,5764,REPORTS_TO
17293,5764,REPORTS_TO
17294,5765,REPORTS_TO
17295,5765,REPORTS_TO
17296,5765,REPORTS_TO
17297,5766,REPORTS_TO
17298,5766,REPORTS_TO
17299,5766,REPORTS_TO
17300,5767,REPORTS_TO
17301,5767,REPORTS_TO
17302,5767,REPORTS_TO
17303,5768,REPORTS_TO
17304,5768,REPORTS_TO
17305,5768,REPORTS_TO
17306,5769,REPORTS_TO
17307,5769,REPORTS_TO
17308,5769,REPORTS_TO
17309,5770,REPORTS_TO
17310,5770,REPORTS_TO
17311,5770,REPORTS_TO
17312,5771,REPORTS_TO
17313,5771,REPORTS_TO
17314,5771,REPORTS_TO
17315,5772,REPORTS_TO
17316,5772,REPORTS_TO
17317,5772,REPORTS_TO
17318,5773,REPORTS_TO
17319,5773,REPORTS_TO
17320,5773,REPORTS_TO
17321,5774,REPORTS_TO
17322,5774,REPORTS_TO
17323,5774,REPORTS_TO
17324,5775,REPORTS_TO
17325,5775,REPORTS_TO
17326,5775,REPORTS_TO
17327,5776,REPORTS_TO
17328,5776,REPORTS_TO
17329,5776,REPORTS_TO
17330,5777,REPORTS_TO
17331,5777,REPORTS_TO
17332,5777,REPORTS_TO
17333,5778,REPORTS_TO
17334,5778,REPORTS_TO
17335,5778,REPORTS_TO
17336,5779,REPORTS_TO
17337,5779,REPORTS_TO
17338,5779,REPORTS_TO
17339,5780,REPORTS_TO
17340,5780,REPORTS_TO
17341,5780,REPORTS_TO
17342,5781,REPORTS_TO
17343,5781,REPORTS_TO
17344,5781,REPORTS_TO
17345,5782,REPORTS_TO
17346,5782,REPORTS_TO
17347,5782,REPORTS_TO
17348,5783,REPORTS_TO
17349,5783,REPORTS_TO
17350,5783,REPORTS_TO
17351,5784,REPORTS_TO
17352,5784,REPORTS_TO
17353,5784,REPORTS_TO
17354,5785,REPORTS_TO
17355,5785,REPORTS_TO
17356,5785,REPORTS_TO
17357,5786,REPORTS_TO
17358,5786,REPORTS_TO
17359,5786,REPORTS_TO
17360,5787,REPORTS_TO
17361,5787,REPORTS_TO
17362,5787,REPORTS_TO
17363,5788,REPORTS_TO
17364,5788,REPORTS_TO
17365,5788,REPORTS_TO
17366,5789,REPORTS_TO
17367,5789,REPORTS_TO
17368,5789,REPORTS_TO
17369,5790,REPORTS_TO
17370,5790,REPORTS_TO
17371,5790,REPORTS_TO
17372,5791,REPORTS_TO
17373,5791,REPORTS_TO
17374,5791,REPORTS_TO
17375,5792,REPORTS_TO
17376,5792,REPORTS_TO
17377,5792,REPORTS_TO
17378,5793,REPORTS_TO
17379,5793,REPORTS_TO
17380,5793,REPORTS_TO
17381,5794,REPORTS_TO
17382,5794,REPORTS_TO
17383,5794,REPORTS_TO
17384,5795,REPORTS_TO
17385,5795,REPORTS_TO
17386,5795,REPORTS_TO
17387,5796,REPORTS_TO
17388,5796,REPORTS_TO
17389,5796,REPORTS_TO
17390,5797,REPORTS_TO
17391,5797,REPORTS_TO
17392,5797,REPORTS_TO
17393,5798,REPORTS_TO
17394,5798,REPORTS_TO
17395,5798,REPORTS_TO
17396,5799,REPORTS_TO
17397,5799,REPORTS_TO
17398,5799,REPORTS_TO
17399,5800,REPORTS_TO
17400,5800,REPORTS_TO
17401,5800,REPORTS_TO
17402,5801,REPORTS_TO
17403,5801,REPORTS_TO
17404,5801,REPORTS_TO
17405,5802,REPORTS_TO
17406,5802,REPORTS_TO
17407,5802,REPORTS_TO
17408,5803,REPORTS_TO
17409,5803,REPORTS_TO
17410,5803,REPORTS_TO
17411,5804,REPORTS_TO
17412,5804,REPORTS_TO
17413,5804,REPORTS_TO
17414,5805,REPORTS_TO
17415,5805,REPORTS_TO
17416,5805,REPORTS_TO
17417,5806,REPORTS_TO
17418,5806,REPORTS_TO
17419,5806,REPORTS_TO
17420,5807,REPORTS_TO
17421,5807,REPORTS_TO
17422,5807,REPORTS_TO
17423,5808,REPORTS_TO
17424,5808,REPORTS_TO
17425,5808,REPORTS_TO
17426,5809,REPORTS_TO
17427,5809,REPORTS_TO
17428,5809,REPORTS_TO
17429,5810,REPORTS_TO
17430,5810,REPORTS_TO
17431,5810,REPORTS_TO
17432,5811,REPORTS_TO
17433,5811,REPORTS_TO
17434,5811,REPORTS_TO
17435,5812,REPORTS_TO
17436,5812,REPORTS_TO
17437,5812,REPORTS_TO
17438,5813,REPORTS_TO
17439,5813,REPORTS_TO
17440,5813,REPORTS_TO
17441,5814,REPORTS_TO
17442,5814,REPORTS_TO
17443,5814,REPORTS_TO
17444,5815,REPORTS_TO
17445,5815,REPORTS_TO
17446,5815,REPORTS_TO
17447,5816,REPORTS_TO
17448,5816,REPORTS_TO
17449,5816,REPORTS_TO
17450,5817,REPORTS_TO
17451,5817,REPORTS_TO
17452,5817,REPORTS_TO
17453,5818,REPORTS_TO
17454,5818,REPORTS_TO
17455,5818,REPORTS_TO
17456,5819,REPORTS_TO
17457,5819,REPORTS_TO
17458,5819,REPORTS_TO
17459,5820,REPORTS_TO
17460,5820,REPORTS_TO
17461,5820,REPORTS_TO
17462,5821,REPORTS_TO
17463,5821,REPORTS_TO
17464,5821,REPORTS_TO
17465,5822,REPORTS_TO
17466,5822,REPORTS_TO
17467,5822,REPORTS_TO
17468,5823,REPORTS_TO
17469,5823,REPORTS_TO
17470,5823,REPORTS_TO
17471,5824,REPORTS_TO
17472,5824,REPORTS_TO
17473,5824,REPORTS_TO
17474,5825,REPORTS_TO
17475,5825,REPORTS_TO
17476,5825,REPORTS_TO
17477,5826,REPORTS_TO
17478,5826,REPORTS_TO
17479,5826,REPORTS_TO
17480,5827,REPORTS_TO
17481,5827,REPORTS_TO
17482,5827,REPORTS_TO
17483,5828,REPORTS_TO
17484,5828,REPORTS_TO
17485,5828,REPORTS_TO
17486,5829,REPORTS_TO
17487,5829,REPORTS_TO
17488,5829,REPORTS_TO
17489,5830,REPORTS_TO
17490,5830,REPORTS_TO
17491,5830,REPORTS_TO
17492,5831,REPORTS_TO
17493,5831,REPORTS_TO
17494,5831,REPORTS_TO
17495,5832,REPORTS_TO
17496,5832,REPORTS_TO
17497,5832,REPORTS_TO
17498,5833,REPORTS_TO
17499,5833,REPORTS_TO
17500,5833,REPORTS_TO
17501,5834,REPORTS_TO
17502,5834,REPORTS_TO
17503,5834,REPORTS_TO
17504,5835,REPORTS_TO
17505,5835,REPORTS_TO
17506,5835,REPORTS_TO
17507,5836,REPORTS_TO
17508,5836,REPORTS_TO
17509,5836,REPORTS_TO
17510,5837,REPORTS_TO
17511,5837,REPORTS_TO
17512,5837,REPORTS_TO
17513,5838,REPORTS_TO
17514,5838,REPORTS_TO
17515,5838,REPORTS_TO
17516,5839,REPORTS_TO
17517,5839,REPORTS_TO
17518,5839,REPORTS_TO
17519,5840,REPORTS_TO
17520,5840,REPORTS_TO
17521,5840,REPORTS_TO
17522,5841,REPORTS_TO
17523,5841,REPORTS_TO
17524,5841,REPORTS_TO
17525,5842,REPORTS_TO
17526,5842,REPORTS_TO
17527,5842,REPORTS_TO
17528,5843,REPORTS_TO
17529,5843,REPORTS_TO
17530,5843,REPORTS_TO
17531,5844,REPORTS_TO
17532,5844,REPORTS_TO
17533,5844,REPORTS_TO
17534,5845,REPORTS_TO
17535,5845,REPORTS_TO
17536,5845,REPORTS_TO
17537,5846,REPORTS_TO
17538,5846,REPORTS_TO
17539,5846,REPORTS_TO
17540,5847,REPORTS_TO
17541,5847,REPORTS_TO
17542,5847,REPORTS_TO
17543,5848,REPORTS_TO
17544,5848,REPORTS_TO
17545,5848,REPORTS_TO
17546,5849,REPORTS_TO
17547,5849,REPORTS_TO
17548,5849,REPORTS_TO
17549,5850,REPORTS_TO
17550,5850,REPORTS_TO
17551,5850,REPORTS_TO
17552,5851,REPORTS_TO
17553,5851,REPORTS_TO
17554,5851,REPORTS_TO
17555,5852,REPORTS_TO
17556,5852,REPORTS_TO
17557,5852,REPORTS_TO
17558,5853,REPORTS_TO
17559,5853,REPORTS_TO
17560,5853,REPORTS_TO
17561,5854,REPORTS_TO
17562,5854,REPORTS_TO
17563,5854,REPORTS_TO
17564,5855,REPORTS_TO
17565,5855,REPORTS_TO
17566,5855,REPORTS_TO
17567,5856,REPORTS_TO
17568,5856,REPORTS_TO
17569,5856,REPORTS_TO
17570,5857,REPORTS_TO
17571,5857,REPORTS_TO
17572,5857,REPORTS_TO
17573,5858,REPORTS_TO
17574,5858,REPORTS_TO
17575,5858,REPORTS_TO
17576,5859,REPORTS_TO
17577,5859,REPORTS_TO
17578,5859,REPORTS_TO
17579,5860,REPORTS_TO
17580,5860,REPORTS_TO
17581,5860,REPORTS_TO
17582,5861,REPORTS_TO
17583,5861,REPORTS_TO
17584,5861,REPORTS_TO
17585,5862,REPORTS_TO
17586,5862,REPORTS_TO
17587,5862,REPORTS_TO
17588,5863,REPORTS_TO
17589,5863,REPORTS_TO
17590,5863,REPORTS_TO
17591,5864,REPORTS_TO
17592,5864,REPORTS_TO
17593,5864,REPORTS_TO
17594,5865,REPORTS_TO
17595,5865,REPORTS_TO
17596,5865,REPORTS_TO
17597,5866,REPORTS_TO
17598,5866,REPORTS_TO
17599,5866,REPORTS_TO
17600,5867,REPORTS_TO
17601,5867,REPORTS_TO
17602,5867,REPORTS_TO
17603,5868,REPORTS_TO
17604,5868,REPORTS_TO
17605,5868,REPORTS_TO
17606,5869,REPORTS_TO
17607,5869,REPORTS_TO
17608,5869,REPORTS_TO
17609,5870,REPORTS_TO
17610,5870,REPORTS_TO
17611,5870,REPORTS_TO
17612,5871,REPORTS_TO
17613,5871,REPORTS_TO
17614,5871,REPORTS_TO
17615,5872,REPORTS_TO
17616,5872,REPORTS_TO
17617,5872,REPORTS_TO
17618,5873,REPORTS_TO
17619,5873,REPORTS_TO
17620,5873,REPORTS_TO
17621,5874,REPORTS_TO
17622,5874,REPORTS_TO
17623,5874,REPORTS_TO
17624,5875,REPORTS_TO
17625,5875,REPORTS_TO
17626,5875,REPORTS_TO
17627,5876,REPORTS_TO
17628,5876,REPORTS_TO
17629,5876,REPORTS_TO
17630,5877,REPORTS_TO
17631,5877,REPORTS_TO
17632,5877,REPORTS_TO
17633,5878,REPORTS_TO
17634,5878,REPORTS_TO
17635,5878,REPORTS_TO
17636,5879,REPORTS_TO
17637,5879,REPORTS_TO
17638,5879,REPORTS_TO
17639,5880,REPORTS_TO
17640,5880,REPORTS_TO
17641,5880,REPORTS_TO
17642,5881,REPORTS_TO
17643,5881,REPORTS_TO
17644,5881,REPORTS_TO
17645,5882,REPORTS_TO
17646,5882,REPORTS_TO
17647,5882,REPORTS_TO
17648,5883,REPORTS_TO
17649,5883,REPORTS_TO
17650,5883,REPORTS_TO
17651,5884,REPORTS_TO
17652,5884,REPORTS_TO
17653,5884,REPORTS_TO
17654,5885,REPORTS_TO
17655,5885,REPORTS_TO
17656,5885,REPORTS_TO
17657,5886,REPORTS_TO
17658,5886,REPORTS_TO
17659,5886,REPORTS_TO
17660,5887,REPORTS_TO
17661,5887,REPORTS_TO
17662,5887,REPORTS_TO
17663,5888,REPORTS_TO
17664,5888,REPORTS_TO
17665,5888,REPORTS_TO
17666,5889,REPORTS_TO
17667,5889,REPORTS_TO
17668,5889,REPORTS_TO
17669,5890,REPORTS_TO
17670,5890,REPORTS_TO
17671,5890,REPORTS_TO
17672,5891,REPORTS_TO
17673,5891,REPORTS_TO
17674,5891,REPORTS_TO
17675,5892,REPORTS_TO
17676,5892,REPORTS_TO
17677,5892,REPORTS_TO
17678,5893,REPORTS_TO
17679,5893,REPORTS_TO
17680,5893,REPORTS_TO
17681,5894,REPORTS_TO
17682,5894,REPORTS_TO
17683,5894,REPORTS_TO
17684,5895,REPORTS_TO
17685,5895,REPORTS_TO
17686,5895,REPORTS_TO
17687,5896,REPORTS_TO
17688,5896,REPORTS_TO
17689,5896,REPORTS_TO
17690,5897,REPORTS_TO
17691,5897,REPORTS_TO
17692,5897,REPORTS_TO
17693,5898,REPORTS_TO
17694,5898,REPORTS_TO
17695,5898,REPORTS_TO
17696,5899,REPORTS_TO
17697,5899,REPORTS_TO
17698,5899,REPORTS_TO
17699,5900,REPORTS_TO
17700,5900,REPORTS_TO
17701,5900,REPORTS_TO
17702,5901,REPORTS_TO
17703,5901,REPORTS_TO
17704,5901,REPORTS_TO
17705,5902,REPORTS_TO
17706,5902,REPORTS_TO
17707,5902,REPORTS_TO
17708,5903,REPORTS_TO
17709,5903,REPORTS_TO
17710,5903,REPORTS_TO
17711,5904,REPORTS_TO
17712,5904,REPORTS_TO
17713,5904,REPORTS_TO
17714,5905,REPORTS_TO
17715,5905,REPORTS_TO
17716,5905,REPORTS_TO
17717,5906,REPORTS_TO
17718,5906,REPORTS_TO
17719,5906,REPORTS_TO
17720,5907,REPORTS_TO
17721,5907,REPORTS_TO
17722,5907,REPORTS_TO
17723,5908,REPORTS_TO
17724,5908,REPORTS_TO
17725,5908,REPORTS_TO
17726,5909,REPORTS_TO
17727,5909,REPORTS_TO
17728,5909,REPORTS_TO
17729,5910,REPORTS_TO
17730,5910,REPORTS_TO
17731,5910,REPORTS_TO
17732,5911,REPORTS_TO
17733,5911,REPORTS_TO
17734,5911,REPORTS_TO
17735,5912,REPORTS_TO
17736,5912,REPORTS_TO
17737,5912,REPORTS_TO
17738,5913,REPORTS_TO
17739,5913,REPORTS_TO
17740,5913,REPORTS_TO
17741,5914,REPORTS_TO
17742,5914,REPORTS_TO
17743,5914,REPORTS_TO
17744,5915,REPORTS_TO
17745,5915,REPORTS_TO
17746,5915,REPORTS_TO
17747,5916,REPORTS_TO
17748,5916,REPORTS_TO
17749,5916,REPORTS_TO
17750,5917,REPORTS_TO
17751,5917,REPORTS_TO
17752,5917,REPORTS_TO
17753,5918,REPORTS_TO
17754,5918,REPORTS_TO
17755,5918,REPORTS_TO
17756,5919,REPORTS_TO
17757,5919,REPORTS_TO
17758,5919,REPORTS_TO
17759,5920,REPORTS_TO
17760,5920,REPORTS_TO
17761,5920,REPORTS_TO
17762,5921,REPORTS_TO
17763,5921,REPORTS_TO
17764,5921,REPORTS_TO
17765,5922,REPORTS_TO
17766,5922,REPORTS_TO
17767,5922,REPORTS_TO
17768,5923,REPORTS_TO
17769,5923,REPORTS_TO
17770,5923,REPORTS_TO
17771,5924,REPORTS_TO
17772,5924,REPORTS_TO
17773,5924,REPORTS_TO
17774,5925,REPORTS_TO
17775,5925,REPORTS_TO
17776,5925,REPORTS_TO
17777,5926,REPORTS_TO
17778,5926,REPORTS_TO
17779,5926,REPORTS_TO
17780,5927,REPORTS_TO
17781,5927,REPORTS_TO
17782,5927,REPORTS_TO
17783,5928,REPORTS_TO
17784,5928,REPORTS_TO
17785,5928,REPORTS_TO
17786,5929,REPORTS_TO
17787,5929,REPORTS_TO
17788,5929,REPORTS_TO
17789,5930,REPORTS_TO
17790,5930,REPORTS_TO
17791,5930,REPORTS_TO
17792,5931,REPORTS_TO
17793,5931,REPORTS_TO
17794,5931,REPORTS_TO
17795,5932,REPORTS_TO
17796,5932,REPORTS_TO
17797,5932,REPORTS_TO
17798,5933,REPORTS_TO
17799,5933,REPORTS_TO
17800,5933,REPORTS_TO
17801,5934,REPORTS_TO
17802,5934,REPORTS_TO
17803,5934,REPORTS_TO
17804,5935,REPORTS_TO
17805,5935,REPORTS_TO
17806,5935,REPORTS_TO
17807,5936,REPORTS_TO
17808,5936,REPORTS_TO
17809,5936,REPORTS_TO
17810,5937,REPORTS_TO
17811,5937,REPORTS_TO
17812,5937,REPORTS_TO
17813,5938,REPORTS_TO
17814,5938,REPORTS_TO
17815,5938,REPORTS_TO
17816,5939,REPORTS_TO
17817,5939,REPORTS_TO
17818,5939,REPORTS_TO
17819,5940,REPORTS_TO
17820,5940,REPORTS_TO
17821,5940,REPORTS_TO
17822,5941,REPORTS_TO
17823,5941,REPORTS_TO
17824,5941,REPORTS_TO
17825,5942,REPORTS_TO
17826,5942,REPORTS_TO
17827,5942,REPORTS_TO
17828,5943,REPORTS_TO
17829,5943,REPORTS_TO
17830,5943,REPORTS_TO
17831,5944,REPORTS_TO
17832,5944,REPORTS_TO
17833,5944,REPORTS_TO
17834,5945,REPORTS_TO
17835,5945,REPORTS_TO
17836,5945,REPORTS_TO
17837,5946,REPORTS_TO
17838,5946,REPORTS_TO
17839,5946,REPORTS_TO
17840,5947,REPORTS_TO
17841,5947,REPORTS_TO
17842,5947,REPORTS_TO
17843,5948,REPORTS_TO
17844,5948,REPORTS_TO
17845,5948,REPORTS_TO
17846,5949,REPORTS_TO
17847,5949,REPORTS_TO
17848,5949,REPORTS_TO
17849,5950,REPORTS_TO
17850,5950,REPORTS_TO
17851,5950,REPORTS_TO
17852,5951,REPORTS_TO
17853,5951,REPORTS_TO
17854,5951,REPORTS_TO
17855,5952,REPORTS_TO
17856,5952,REPORTS_TO
17857,5952,REPORTS_TO
17858,5953,REPORTS_TO
17859,5953,REPORTS_TO
17860,5953,REPORTS_TO
17861,5954,REPORTS_TO
17862,5954,REPORTS_TO
17863,5954,REPORTS_TO
17864,5955,REPORTS_TO
17865,5955,REPORTS_TO
17866,5955,REPORTS_TO
17867,5956,REPORTS_TO
17868,5956,REPORTS_TO
17869,5956,REPORTS_TO
17870,5957,REPORTS_TO
17871,5957,REPORTS_TO
17872,5957,REPORTS_TO
17873,5958,REPORTS_TO
17874,5958,REPORTS_TO
17875,5958,REPORTS_TO
17876,5959,REPORTS_TO
17877,5959,REPORTS_TO
17878,5959,REPORTS_TO
17879,5960,REPORTS_TO
17880,5960,REPORTS_TO
17881,5960,REPORTS_TO
17882,5961,REPORTS_TO
17883,5961,REPORTS_TO
17884,5961,REPORTS_TO
17885,5962,REPORTS_TO
17886,5962,REPORTS_TO
17887,5962,REPORTS_TO
17888,5963,REPORTS_TO
17889,5963,REPORTS_TO
17890,5963,REPORTS_TO
17891,5964,REPORTS_TO
17892,5964,REPORTS_TO
17893,5964,REPORTS_TO
17894,5965,REPORTS_TO
17895,5965,REPORTS_TO
17896,5965,REPORTS_TO
17897,5966,REPORTS_TO
17898,5966,REPORTS_TO
17899,5966,REPORTS_TO
17900,5967,REPORTS_TO
17901,5967,REPORTS_TO
17902,5967,REPORTS_TO
17903,5968,REPORTS_TO
17904,5968,REPORTS_TO
17905,5968,REPORTS_TO
17906,5969,REPORTS_TO
17907,5969,REPORTS_TO
17908,5969,REPORTS_TO
17909,5970,REPORTS_TO
17910,5970,REPORTS_TO
17911,5970,REPORTS_TO
17912,5971,REPORTS_TO
17913,5971,REPORTS_TO
17914,5971,REPORTS_TO
17915,5972,REPORTS_TO
17916,5972,REPORTS_TO
17917,5972,REPORTS_TO
17918,5973,REPORTS_TO
17919,5973,REPORTS_TO
17920,5973,REPORTS_TO
17921,5974,REPORTS_TO
17922,5974,REPORTS_TO
17923,5974,REPORTS_TO
17924,5975,REPORTS_TO
17925,5975,REPORTS_TO
17926,5975,REPORTS_TO
17927,5976,REPORTS_TO
17928,5976,REPORTS_TO
17929,5976,REPORTS_TO
17930,5977,REPORTS_TO
17931,5977,REPORTS_TO
17932,5977,REPORTS_TO
17933,5978,REPORTS_TO
17934,5978,REPORTS_TO
17935,5978,REPORTS_TO
17936,5979,REPORTS_TO
17937,5979,REPORTS_TO
17938,5979,REPORTS_TO
17939,5980,REPORTS_TO
17940,5980,REPORTS_TO
17941,5980,REPORTS_TO
17942,5981,REPORTS_TO
17943,5981,REPORTS_TO
17944,5981,REPORTS_TO
17945,5982,REPORTS_TO
17946,5982,REPORTS_TO
17947,5982,REPORTS_TO
17948,5983,REPORTS_TO
17949,5983,REPORTS_TO
17950,5983,REPORTS_TO
17951,5984,REPORTS_TO
17952,5984,REPORTS_TO
17953,5984,REPORTS_TO
17954,5985,REPORTS_TO
17955,5985,REPORTS_TO
17956,5985,REPORTS_TO
17957,5986,REPORTS_TO
17958,5986,REPORTS_TO
17959,5986,REPORTS_TO
17960,5987,REPORTS_TO
17961,5987,REPORTS_TO
17962,5987,REPORTS_TO
17963,5988,REPORTS_TO
17964,5988,REPORTS_TO
17965,5988,REPORTS_TO
17966,5989,REPORTS_TO
17967,5989,REPORTS_TO
17968,5989,REPORTS_TO
17969,5990,REPORTS_TO
17970,5990,REPORTS_TO
17971,5990,REPORTS_TO
17972,5991,REPORTS_TO
17973,5991,REPORTS_TO
17974,5991,REPORTS_TO
17975,5992,REPORTS_TO
17976,5992,REPORTS_TO
17977,5992,REPORTS_TO
17978,5993,REPORTS_TO
17979,5993,REPORTS_TO
17980,5993,REPORTS_TO
17981,5994,REPORTS_TO
17982,5994,REPORTS_TO
17983,5994,REPORTS_TO
17984,5995,REPORTS_TO
17985,5995,REPORTS_TO
17986,5995,REPORTS_TO
17987,5996,REPORTS_TO
17988,5996,REPORTS_TO
17989,5996,REPORTS_TO
17990,5997,REPORTS_TO
17991,5997,REPORTS_TO
17992,5997,REPORTS_TO
17993,5998,REPORTS_TO
17994,5998,REPORTS_TO
17995,5998,REPORTS_TO
17996,5999,REPORTS_TO
17997,5999,REPORTS_TO
17998,5999,REPORTS_TO
17999,6000,REPORTS_TO
18000,6000,REPORTS_TO
18001,6000,REPORTS_TO
18002,6001,REPORTS_TO
18003,6001,REPORTS_TO
18004,6001,REPORTS_TO
18005,6002,REPORTS_TO
18006,6002,REPORTS_TO
18007,6002,REPORTS_TO
18008,6003,REPORTS_TO
18009,6003,REPORTS_TO
18010,6003,REPORTS_TO
18011,6004,REPORTS_TO
18012,6004,REPORTS_TO
18013,6004,REPORTS_TO
18014,6005,REPORTS_TO
18015,6005,REPORTS_TO
18016,6005,REPORTS_TO
18017,6006,REPORTS_TO
18018,6006,REPORTS_TO
18019,6006,REPORTS_TO
18020,6007,REPORTS_TO
18021,6007,REPORTS_TO
18022,6007,REPORTS_TO
18023,6008,REPORTS_TO
18024,6008,REPORTS_TO
18025,6008,REPORTS_TO
18026,6009,REPORTS_TO
18027,6009,REPORTS_TO
18028,6009,REPORTS_TO
18029,6010,REPORTS_TO
18030,6010,REPORTS_TO
18031,6010,REPORTS_TO
18032,6011,REPORTS_TO
18033,6011,REPORTS_TO
18034,6011,REPORTS_TO
18035,6012,REPORTS_TO
18036,6012,REPORTS_TO
18037,6012,REPORTS_TO
18038,6013,REPORTS_TO
18039,6013,REPORTS_TO
18040,6013,REPORTS_TO
18041,6014,REPORTS_TO
18042,6014,REPORTS_TO
18043,6014,REPORTS_TO
18044,6015,REPORTS_TO
18045,6015,REPORTS_TO
18046,6015,REPORTS_TO
18047,6016,REPORTS_TO
18048,6016,REPORTS_TO
18049,6016,REPORTS_TO
18050,6017,REPORTS_TO
18051,6017,REPORTS_TO
18052,6017,REPORTS_TO
18053,6018,REPORTS_TO
18054,6018,REPORTS_TO
18055,6018,REPORTS_TO
18056,6019,REPORTS_TO
18057,6019,REPORTS_TO
18058,6019,REPORTS_TO
18059,6020,REPORTS_TO
18060,6020,REPORTS_TO
18061,6020,REPORTS_TO
18062,6021,REPORTS_TO
18063,6021,REPORTS_TO
18064,6021,REPORTS_TO
18065,6022,REPORTS_TO
18066,6022,REPORTS_TO
18067,6022,REPORTS_TO
18068,6023,REPORTS_TO
18069,6023,REPORTS_TO
18070,6023,REPORTS_TO
18071,6024,REPORTS_TO
18072,6024,REPORTS_TO
18073,6024,REPORTS_TO
18074,6025,REPORTS_TO
18075,6025,REPORTS_TO
18076,6025,REPORTS_TO
18077,6026,REPORTS_TO
18078,6026,REPORTS_TO
18079,6026,REPORTS_TO
18080,6027,REPORTS_TO
18081,6027,REPORTS_TO
18082,6027,REPORTS_TO
18083,6028,REPORTS_TO
18084,6028,REPORTS_TO
18085,6028,REPORTS_TO
18086,6029,REPORTS_TO
18087,6029,REPORTS_TO
18088,6029,REPORTS_TO
18089,6030,REPORTS_TO
18090,6030,REPORTS_TO
18091,6030,REPORTS_TO
18092,6031,REPORTS_TO
18093,6031,REPORTS_TO
18094,6031,REPORTS_TO
18095,6032,REPORTS_TO
18096,6032,REPORTS_TO
18097,6032,REPORTS_TO
18098,6033,REPORTS_TO
18099,6033,REPORTS_TO
18100,6033,REPORTS_TO
18101,6034,REPORTS_TO
18102,6034,REPORTS_TO
18103,6034,REPORTS_TO
18104,6035,REPORTS_TO
18105,6035,REPORTS_TO
18106,6035,REPORTS_TO
18107,6036,REPORTS_TO
18108,6036,REPORTS_TO
18109,6036,REPORTS_TO
18110,6037,REPORTS_TO
18111,6037,REPORTS_TO
18112,6037,REPORTS_TO
18113,6038,REPORTS_TO
18114,6038,REPORTS_TO
18115,6038,REPORTS_TO
18116,6039,REPORTS_TO
18117,6039,REPORTS_TO
18118,6039,REPORTS_TO
18119,6040,REPORTS_TO
18120,6040,REPORTS_TO
18121,6040,REPORTS_TO
18122,6041,REPORTS_TO
18123,6041,REPORTS_TO
18124,6041,REPORTS_TO
18125,6042,REPORTS_TO
18126,6042,REPORTS_TO
18127,6042,REPORTS_TO
18128,6043,REPORTS_TO
18129,6043,REPORTS_TO
18130,6043,REPORTS_TO
18131,6044,REPORTS_TO
18132,6044,REPORTS_TO
18133,6044,REPORTS_TO
18134,6045,REPORTS_TO
18135,6045,REPORTS_TO
18136,6045,REPORTS_TO
18137,6046,REPORTS_TO
18138,6046,REPORTS_TO
18139,6046,REPORTS_TO
18140,6047,REPORTS_TO
18141,6047,REPORTS_TO
18142,6047,REPORTS_TO
18143,6048,REPORTS_TO
18144,6048,REPORTS_TO
18145,6048,REPORTS_TO
18146,6049,REPORTS_TO
18147,6049,REPORTS_TO
18148,6049,REPORTS_TO
18149,6050,REPORTS_TO
18150,6050,REPORTS_TO
18151,6050,REPORTS_TO
18152,6051,REPORTS_TO
18153,6051,REPORTS_TO
18154,6051,REPORTS_TO
18155,6052,REPORTS_TO
18156,6052,REPORTS_TO
18157,6052,REPORTS_TO
18158,6053,REPORTS_TO
18159,6053,REPORTS_TO
18160,6053,REPORTS_TO
18161,6054,REPORTS_TO
18162,6054,REPORTS_TO
18163,6054,REPORTS_TO
18164,6055,REPORTS_TO
18165,6055,REPORTS_TO
18166,6055,REPORTS_TO
18167,6056,REPORTS_TO
18168,6056,REPORTS_TO
18169,6056,REPORTS_TO
18170,6057,REPORTS_TO
18171,6057,REPORTS_TO
18172,6057,REPORTS_TO
18173,6058,REPORTS_TO
18174,6058,REPORTS_TO
18175,6058,REPORTS_TO
18176,6059,REPORTS_TO
18177,6059,REPORTS_TO
18178,6059,REPORTS_TO
18179,6060,REPORTS_TO
18180,6060,REPORTS_TO
18181,6060,REPORTS_TO
18182,6061,REPORTS_TO
18183,6061,REPORTS_TO
18184,6061,REPORTS_TO
18185,6062,REPORTS_TO
18186,6062,REPORTS_TO
18187,6062,REPORTS_TO
18188,6063,REPORTS_TO
18189,6063,REPORTS_TO
18190,6063,REPORTS_TO
18191,6064,REPORTS_TO
18192,6064,REPORTS_TO
18193,6064,REPORTS_TO
18194,6065,REPORTS_TO
18195,6065,REPORTS_TO
18196,6065,REPORTS_TO
18197,6066,REPORTS_TO
18198,6066,REPORTS_TO
18199,6066,REPORTS_TO
18200,6067,REPORTS_TO
18201,6067,REPORTS_TO
18202,6067,REPORTS_TO
18203,6068,REPORTS_TO
18204,6068,REPORTS_TO
18205,6068,REPORTS_TO
18206,6069,REPORTS_TO
18207,6069,REPORTS_TO
18208,6069,REPORTS_TO
18209,6070,REPORTS_TO
18210,6070,REPORTS_TO
18211,6070,REPORTS_TO
18212,6071,REPORTS_TO
18213,6071,REPORTS_TO
18214,6071,REPORTS_TO
18215,6072,REPORTS_TO
18216,6072,REPORTS_TO
18217,6072,REPORTS_TO
18218,6073,REPORTS_TO
18219,6073,REPORTS_TO
18220,6073,REPORTS_TO
18221,6074,REPORTS_TO
18222,6074,REPORTS_TO
18223,6074,REPORTS_TO
18224,6075,REPORTS_TO
18225,6075,REPORTS_TO
18226,6075,REPORTS_TO
18227,6076,REPORTS_TO
18228,6076,REPORTS_TO
18229,6076,REPORTS_TO
18230,6077,REPORTS_TO
18231,6077,REPORTS_TO
18232,6077,REPORTS_TO
18233,6078,REPORTS_TO
18234,6078,REPORTS_TO
18235,6078,REPORTS_TO
18236,6079,REPORTS_TO
18237,6079,REPORTS_TO
18238,6079,REPORTS_TO
18239,6080,REPORTS_TO
18240,6080,REPORTS_TO
18241,6080,REPORTS_TO
18242,6081,REPORTS_TO
18243,6081,REPORTS_TO
18244,6081,REPORTS_TO
18245,6082,REPORTS_TO
18246,6082,REPORTS_TO
18247,6082,REPORTS_TO
18248,6083,REPORTS_TO
18249,6083,REPORTS_TO
18250,6083,REPORTS_TO
18251,6084,REPORTS_TO
18252,6084,REPORTS_TO
18253,6084,REPORTS_TO
18254,6085,REPORTS_TO
18255,6085,REPORTS_TO
18256,6085,REPORTS_TO
18257,6086,REPORTS_TO
18258,6086,REPORTS_TO
18259,6086,REPORTS_TO
18260,6087,REPORTS_TO
18261,6087,REPORTS_TO
18262,6087,REPORTS_TO
18263,6088,REPORTS_TO
18264,6088,REPORTS_TO
18265,6088,REPORTS_TO
18266,6089,REPORTS_TO
18267,6089,REPORTS_TO
18268,6089,REPORTS_TO
18269,6090,REPORTS_TO
18270,6090,REPORTS_TO
18271,6090,REPORTS_TO
18272,6091,REPORTS_TO
18273,6091,REPORTS_TO
18274,6091,REPORTS_TO
18275,6092,REPORTS_TO
18276,6092,REPORTS_TO
18277,6092,REPORTS_TO
18278,6093,REPORTS_TO
18279,6093,REPORTS_TO
18280,6093,REPORTS_TO
18281,6094,REPORTS_TO
18282,6094,REPORTS_TO
18283,6094,REPORTS_TO
18284,6095,REPORTS_TO
18285,6095,REPORTS_TO
18286,6095,REPORTS_TO
18287,6096,REPORTS_TO
18288,6096,REPORTS_TO
18289,6096,REPORTS_TO
18290,6097,REPORTS_TO
18291,6097,REPORTS_TO
18292,6097,REPORTS_TO
18293,6098,REPORTS_TO
18294,6098,REPORTS_TO
18295,6098,REPORTS_TO
18296,6099,REPORTS_TO
18297,6099,REPORTS_TO
18298,6099,REPORTS_TO
18299,6100,REPORTS_TO
18300,6100,REPORTS_TO
18301,6100,REPORTS_TO
18302,6101,REPORTS_TO
18303,6101,REPORTS_TO
18304,6101,REPORTS_TO
18305,6102,REPORTS_TO
18306,6102,REPORTS_TO
18307,6102,REPORTS_TO
18308,6103,REPORTS_TO
18309,6103,REPORTS_TO
18310,6103,REPORTS_TO
18311,6104,REPORTS_TO
18312,6104,REPORTS_TO
18313,6104,REPORTS_TO
18314,6105,REPORTS_TO
18315,6105,REPORTS_TO
18316,6105,REPORTS_TO
18317,6106,REPORTS_TO
18318,6106,REPORTS_TO
18319,6106,REPORTS_TO
18320,6107,REPORTS_TO
18321,6107,REPORTS_TO
18322,6107,REPORTS_TO
18323,6108,REPORTS_TO
18324,6108,REPORTS_TO
18325,6108,REPORTS_TO
18326,6109,REPORTS_TO
18327,6109,REPORTS_TO
18328,6109,REPORTS_TO
18329,6110,REPORTS_TO
18330,6110,REPORTS_TO
18331,6110,REPORTS_TO
18332,6111,REPORTS_TO
18333,6111,REPORTS_TO
18334,6111,REPORTS_TO
18335,6112,REPORTS_TO
18336,6112,REPORTS_TO
18337,6112,REPORTS_TO
18338,6113,REPORTS_TO
18339,6113,REPORTS_TO
18340,6113,REPORTS_TO
18341,6114,REPORTS_TO
18342,6114,REPORTS_TO
18343,6114,REPORTS_TO
18344,6115,REPORTS_TO
18345,6115,REPORTS_TO
18346,6115,REPORTS_TO
18347,6116,REPORTS_TO
18348,6116,REPORTS_TO
18349,6116,REPORTS_TO
18350,6117,REPORTS_TO
18351,6117,REPORTS_TO
18352,6117,REPORTS_TO
18353,6118,REPORTS_TO
18354,6118,REPORTS_TO
18355,6118,REPORTS_TO
18356,6119,REPORTS_TO
18357,6119,REPORTS_TO
18358,6119,REPORTS_TO
18359,6120,REPORTS_TO
18360,6120,REPORTS_TO
18361,6120,REPORTS_TO
18362,6121,REPORTS_TO
18363,6121,REPORTS_TO
18364,6121,REPORTS_TO
18365,6122,REPORTS_TO
18366,6122,REPORTS_TO
18367,6122,REPORTS_TO
18368,6123,REPORTS_TO
18369,6123,REPORTS_TO
18370,6123,REPORTS_TO
18371,6124,REPORTS_TO
18372,6124,REPORTS_TO
18373,6124,REPORTS_TO
18374,6125,REPORTS_TO
18375,6125,REPORTS_TO
18376,6125,REPORTS_TO
18377,6126,REPORTS_TO
18378,6126,REPORTS_TO
18379,6126,REPORTS_TO
18380,6127,REPORTS_TO
18381,6127,REPORTS_TO
18382,6127,REPORTS_TO
18383,6128,REPORTS_TO
18384,6128,REPORTS_TO
18385,6128,REPORTS_TO
18386,6129,REPORTS_TO
18387,6129,REPORTS_TO
18388,6129,REPORTS_TO
18389,6130,REPORTS_TO
18390,6130,REPORTS_TO
18391,6130,REPORTS_TO
18392,6131,REPORTS_TO
18393,6131,REPORTS_TO
18394,6131,REPORTS_TO
18395,6132,REPORTS_TO
18396,6132,REPORTS_TO
18397,6132,REPORTS_TO
18398,6133,REPORTS_TO
18399,6133,REPORTS_TO
18400,6133,REPORTS_TO
18401,6134,REPORTS_TO
18402,6134,REPORTS_TO
18403,6134,REPORTS_TO
18404,6135,REPORTS_TO
18405,6135,REPORTS_TO
18406,6135,REPORTS_TO
18407,6136,REPORTS_TO
18408,6136,REPORTS_TO
18409,6136,REPORTS_TO
18410,6137,REPORTS_TO
18411,6137,REPORTS_TO
18412,6137,REPORTS_TO
18413,6138,REPORTS_TO
18414,6138,REPORTS_TO
18415,6138,REPORTS_TO
18416,6139,REPORTS_TO
18417,6139,REPORTS_TO
18418,6139,REPORTS_TO
18419,6140,REPORTS_TO
18420,6140,REPORTS_TO
18421,6140,REPORTS_TO
18422,6141,REPORTS_TO
18423,6141,REPORTS_TO
18424,6141,REPORTS_TO
18425,6142,REPORTS_TO
18426,6142,REPORTS_TO
18427,6142,REPORTS_TO
18428,6143,REPORTS_TO
18429,6143,REPORTS_TO
18430,6143,REPORTS_TO
18431,6144,REPORTS_TO
18432,6144,REPORTS_TO
18433,6144,REPORTS_TO
18434,6145,REPORTS_TO
18435,6145,REPORTS_TO
18436,6145,REPORTS_TO
18437,6146,REPORTS_TO
18438,6146,REPORTS_TO
18439,6146,REPORTS_TO
18440,6147,REPORTS_TO
18441,6147,REPORTS_TO
18442,6147,REPORTS_TO
18443,6148,REPORTS_TO
18444,6148,REPORTS_TO
18445,6148,REPORTS_TO
18446,6149,REPORTS_TO
18447,6149,REPORTS_TO
18448,6149,REPORTS_TO
18449,6150,REPORTS_TO
18450,6150,REPORTS_TO
18451,6150,REPORTS_TO
18452,6151,REPORTS_TO
18453,6151,REPORTS_TO
18454,6151,REPORTS_TO
18455,6152,REPORTS_TO
18456,6152,REPORTS_TO
18457,6152,REPORTS_TO
18458,6153,REPORTS_TO
18459,6153,REPORTS_TO
18460,6153,REPORTS_TO
18461,6154,REPORTS_TO
18462,6154,REPORTS_TO
18463,6154,REPORTS_TO
18464,6155,REPORTS_TO
18465,6155,REPORTS_TO
18466,6155,REPORTS_TO
18467,6156,REPORTS_TO
18468,6156,REPORTS_TO
18469,6156,REPORTS_TO
18470,6157,REPORTS_TO
18471,6157,REPORTS_TO
18472,6157,REPORTS_TO
18473,6158,REPORTS_TO
18474,6158,REPORTS_TO
18475,6158,REPORTS_TO
18476,6159,REPORTS_TO
18477,6159,REPORTS_TO
18478,6159,REPORTS_TO
18479,6160,REPORTS_TO
18480,6160,REPORTS_TO
18481,6160,REPORTS_TO
18482,6161,REPORTS_TO
18483,6161,REPORTS_TO
18484,6161,REPORTS_TO
18485,6162,REPORTS_TO
18486,6162,REPORTS_TO
18487,6162,REPORTS_TO
18488,6163,REPORTS_TO
18489,6163,REPORTS_TO
18490,6163,REPORTS_TO
18491,6164,REPORTS_TO
18492,6164,REPORTS_TO
18493,6164,REPORTS_TO
18494,6165,REPORTS_TO
18495,6165,REPORTS_TO
18496,6165,REPORTS_TO
18497,6166,REPORTS_TO
18498,6166,REPORTS_TO
18499,6166,REPORTS_TO
18500,6167,REPORTS_TO
18501,6167,REPORTS_TO
18502,6167,REPORTS_TO
18503,6168,REPORTS_TO
18504,6168,REPORTS_TO
18505,6168,REPORTS_TO
18506,6169,REPORTS_TO
18507,6169,REPORTS_TO
18508,6169,REPORTS_TO
18509,6170,REPORTS_TO
18510,6170,REPORTS_TO
18511,6170,REPORTS_TO
18512,6171,REPORTS_TO
18513,6171,REPORTS_TO
18514,6171,REPORTS_TO
18515,6172,REPORTS_TO
18516,6172,REPORTS_TO
18517,6172,REPORTS_TO
18518,6173,REPORTS_TO
18519,6173,REPORTS_TO
18520,6173,REPORTS_TO
18521,6174,REPORTS_TO
18522,6174,REPORTS_TO
18523,6174,REPORTS_TO
18524,6175,REPORTS_TO
18525,6175,REPORTS_TO
18526,6175,REPORTS_TO
18527,6176,REPORTS_TO
18528,6176,REPORTS_TO
18529,6176,REPORTS_TO
18530,6177,REPORTS_TO
18531,6177,REPORTS_TO
18532,6177,REPORTS_TO
18533,6178,REPORTS_TO
18534,6178,REPORTS_TO
18535,6178,REPORTS_TO
18536,6179,REPORTS_TO
18537,6179,REPORTS_TO
18538,6179,REPORTS_TO
18539,6180,REPORTS_TO
18540,6180,REPORTS_TO
18541,6180,REPORTS_TO
18542,6181,REPORTS_TO
18543,6181,REPORTS_TO
18544,6181,REPORTS_TO
18545,6182,REPORTS_TO
18546,6182,REPORTS_TO
18547,6182,REPORTS_TO
18548,6183,REPORTS_TO
18549,6183,REPORTS_TO
18550,6183,REPORTS_TO
18551,6184,REPORTS_TO
18552,6184,REPORTS_TO
18553,6184,REPORTS_TO
18554,6185,REPORTS_TO
18555,6185,REPORTS_TO
18556,6185,REPORTS_TO
18557,6186,REPORTS_TO
18558,6186,REPORTS_TO
18559,6186,REPORTS_TO
18560,6187,REPORTS_TO
18561,6187,REPORTS_TO
18562,6187,REPORTS_TO
18563,6188,REPORTS_TO
18564,6188,REPORTS_TO
18565,6188,REPORTS_TO
18566,6189,REPORTS_TO
18567,6189,REPORTS_TO
18568,6189,REPORTS_TO
18569,6190,REPORTS_TO
18570,6190,REPORTS_TO
18571,6190,REPORTS_TO
18572,6191,REPORTS_TO
18573,6191,REPORTS_TO
18574,6191,REPORTS_TO
18575,6192,REPORTS_TO
18576,6192,REPORTS_TO
18577,6192,REPORTS_TO
18578,6193,REPORTS_TO
18579,6193,REPORTS_TO
18580,6193,REPORTS_TO
18581,6194,REPORTS_TO
18582,6194,REPORTS_TO
18583,6194,REPORTS_TO
18584,6195,REPORTS_TO
18585,6195,REPORTS_TO
18586,6195,REPORTS_TO
18587,6196,REPORTS_TO
18588,6196,REPORTS_TO
18589,6196,REPORTS_TO
18590,6197,REPORTS_TO
18591,6197,REPORTS_TO
18592,6197,REPORTS_TO
18593,6198,REPORTS_TO
18594,6198,REPORTS_TO
18595,6198,REPORTS_TO
18596,6199,REPORTS_TO
18597,6199,REPORTS_TO
18598,6199,REPORTS_TO
18599,6200,REPORTS_TO
18600,6200,REPORTS_TO
18601,6200,REPORTS_TO
18602,6201,REPORTS_TO
18603,6201,REPORTS_TO
18604,6201,REPORTS_TO
18605,6202,REPORTS_TO
18606,6202,REPORTS_TO
18607,6202,REPORTS_TO
18608,6203,REPORTS_TO
18609,6203,REPORTS_TO
18610,6203,REPORTS_TO
18611,6204,REPORTS_TO
18612,6204,REPORTS_TO
18613,6204,REPORTS_TO
18614,6205,REPORTS_TO
18615,6205,REPORTS_TO
18616,6205,REPORTS_TO
18617,6206,REPORTS_TO
18618,6206,REPORTS_TO
18619,6206,REPORTS_TO
18620,6207,REPORTS_TO
18621,6207,REPORTS_TO
18622,6207,REPORTS_TO
18623,6208,REPORTS_TO
18624,6208,REPORTS_TO
18625,6208,REPORTS_TO
18626,6209,REPORTS_TO
18627,6209,REPORTS_TO
18628,6209,REPORTS_TO
18629,6210,REPORTS_TO
18630,6210,REPORTS_TO
18631,6210,REPORTS_TO
18632,6211,REPORTS_TO
18633,6211,REPORTS_TO
18634,6211,REPORTS_TO
18635,6212,REPORTS_TO
18636,6212,REPORTS_TO
18637,6212,REPORTS_TO
18638,6213,REPORTS_TO
18639,6213,REPORTS_TO
18640,6213,REPORTS_TO
18641,6214,REPORTS_TO
18642,6214,REPORTS_TO
18643,6214,REPORTS_TO
18644,6215,REPORTS_TO
18645,6215,REPORTS_TO
18646,6215,REPORTS_TO
18647,6216,REPORTS_TO
18648,6216,REPORTS_TO
18649,6216,REPORTS_TO
18650,6217,REPORTS_TO
18651,6217,REPORTS_TO
18652,6217,REPORTS_TO
18653,6218,REPORTS_TO
18654,6218,REPORTS_TO
18655,6218,REPORTS_TO
18656,6219,REPORTS_TO
18657,6219,REPORTS_TO
18658,6219,REPORTS_TO
18659,6220,REPORTS_TO
18660,6220,REPORTS_TO
18661,6220,REPORTS_TO
18662,6221,REPORTS_TO
18663,6221,REPORTS_TO
18664,6221,REPORTS_TO
18665,6222,REPORTS_TO
18666,6222,REPORTS_TO
18667,6222,REPORTS_TO
18668,6223,REPORTS_TO
18669,6223,REPORTS_TO
18670,6223,REPORTS_TO
18671,6224,REPORTS_TO
18672,6224,REPORTS_TO
18673,6224,REPORTS_TO
18674,6225,REPORTS_TO
18675,6225,REPORTS_TO
18676,6225,REPORTS_TO
18677,6226,REPORTS_TO
18678,6226,REPORTS_TO
18679,6226,REPORTS_TO
18680,6227,REPORTS_TO
18681,6227,REPORTS_TO
18682,6227,REPORTS_TO
18683,6228,REPORTS_TO
18684,6228,REPORTS_TO
18685,6228,REPORTS_TO
18686,6229,REPORTS_TO
18687,6229,REPORTS_TO
18688,6229,REPORTS_TO
18689,6230,REPORTS_TO
18690,6230,REPORTS_TO
18691,6230,REPORTS_TO
18692,6231,REPORTS_TO
18693,6231,REPORTS_TO
18694,6231,REPORTS_TO
18695,6232,REPORTS_TO
18696,6232,REPORTS_TO
18697,6232,REPORTS_TO
18698,6233,REPORTS_TO
18699,6233,REPORTS_TO
18700,6233,REPORTS_TO
18701,6234,REPORTS_TO
18702,6234,REPORTS_TO
18703,6234,REPORTS_TO
18704,6235,REPORTS_TO
18705,6235,REPORTS_TO
18706,6235,REPORTS_TO
18707,6236,REPORTS_TO
18708,6236,REPORTS_TO
18709,6236,REPORTS_TO
18710,6237,REPORTS_TO
18711,6237,REPORTS_TO
18712,6237,REPORTS_TO
18713,6238,REPORTS_TO
18714,6238,REPORTS_TO
18715,6238,REPORTS_TO
18716,6239,REPORTS_TO
18717,6239,REPORTS_TO
18718,6239,REPORTS_TO
18719,6240,REPORTS_TO
18720,6240,REPORTS_TO
18721,6240,REPORTS_TO
18722,6241,REPORTS_TO
18723,6241,REPORTS_TO
18724,6241,REPORTS_TO
18725,6242,REPORTS_TO
18726,6242,REPORTS_TO
18727,6242,REPORTS_TO
18728,6243,REPORTS_TO
18729,6243,REPORTS_TO
18730,6243,REPORTS_TO
18731,6244,REPORTS_TO
18732,6244,REPORTS_TO
18733,6244,REPORTS_TO
18734,6245,REPORTS_TO
18735,6245,REPORTS_TO
18736,6245,REPORTS_TO
18737,6246,REPORTS_TO
18738,6246,REPORTS_TO
18739,6246,REPORTS_TO
18740,6247,REPORTS_TO
18741,6247,REPORTS_TO
18742,6247,REPORTS_TO
18743,6248,REPORTS_TO
18744,6248,REPORTS_TO
18745,6248,REPORTS_TO
18746,6249,REPORTS_TO
18747,6249,REPORTS_TO
18748,6249,REPORTS_TO
18749,6250,REPORTS_TO
18750,6250,REPORTS_TO
18751,6250,REPORTS_TO
18752,6251,REPORTS_TO
18753,6251,REPORTS_TO
18754,6251,REPORTS_TO
18755,6252,REPORTS_TO
18756,6252,REPORTS_TO
18757,6252,REPORTS_TO
18758,6253,REPORTS_TO
18759,6253,REPORTS_TO
18760,6253,REPORTS_TO
18761,6254,REPORTS_TO
18762,6254,REPORTS_TO
18763,6254,REPORTS_TO
18764,6255,REPORTS_TO
18765,6255,REPORTS_TO
18766,6255,REPORTS_TO
18767,6256,REPORTS_TO
18768,6256,REPORTS_TO
18769,6256,REPORTS_TO
18770,6257,REPORTS_TO
18771,6257,REPORTS_TO
18772,6257,REPORTS_TO
18773,6258,REPORTS_TO
18774,6258,REPORTS_TO
18775,6258,REPORTS_TO
18776,6259,REPORTS_TO
18777,6259,REPORTS_TO
18778,6259,REPORTS_TO
18779,6260,REPORTS_TO
18780,6260,REPORTS_TO
18781,6260,REPORTS_TO
18782,6261,REPORTS_TO
18783,6261,REPORTS_TO
18784,6261,REPORTS_TO
18785,6262,REPORTS_TO
18786,6262,REPORTS_TO
18787,6262,REPORTS_TO
18788,6263,REPORTS_TO
18789,6263,REPORTS_TO
18790,6263,REPORTS_TO
18791,6264,REPORTS_TO
18792,6264,REPORTS_TO
18793,6264,REPORTS_TO
18794,6265,REPORTS_TO
18795,6265,REPORTS_TO
18796,6265,REPORTS_TO
18797,6266,REPORTS_TO
18798,6266,REPORTS_TO
18799,6266,REPORTS_TO
18800,6267,REPORTS_TO
18801,6267,REPORTS_TO
18802,6267,REPORTS_TO
18803,6268,REPORTS_TO
18804,6268,REPORTS_TO
18805,6268,REPORTS_TO
18806,6269,REPORTS_TO
18807,6269,REPORTS_TO
18808,6269,REPORTS_TO
18809,6270,REPORTS_TO
18810,6270,REPORTS_TO
18811,6270,REPORTS_TO
18812,6271,REPORTS_TO
18813,6271,REPORTS_TO
18814,6271,REPORTS_TO
18815,6272,REPORTS_TO
18816,6272,REPORTS_TO
18817,6272,REPORTS_TO
18818,6273,REPORTS_TO
18819,6273,REPORTS_TO
18820,6273,REPORTS_TO
18821,6274,REPORTS_TO
18822,6274,REPORTS_TO
18823,6274,REPORTS_TO
18824,6275,REPORTS_TO
18825,6275,REPORTS_TO
18826,6275,REPORTS_TO
18827,6276,REPORTS_TO
18828,6276,REPORTS_TO
18829,6276,REPORTS_TO
18830,6277,REPORTS_TO
18831,6277,REPORTS_TO
18832,6277,REPORTS_TO
18833,6278,REPORTS_TO
18834,6278,REPORTS_TO
18835,6278,REPORTS_TO
18836,6279,REPORTS_TO
18837,6279,REPORTS_TO
18838,6279,REPORTS_TO
18839,6280,REPORTS_TO
18840,6280,REPORTS_TO
18841,6280,REPORTS_TO
18842,6281,REPORTS_TO
18843,6281,REPORTS_TO
18844,6281,REPORTS_TO
18845,6282,REPORTS_TO
18846,6282,REPORTS_TO
18847,6282,REPORTS_TO
18848,6283,REPORTS_TO
18849,6283,REPORTS_TO
18850,6283,REPORTS_TO
18851,6284,REPORTS_TO
18852,6284,REPORTS_TO
18853,6284,REPORTS_TO
18854,6285,REPORTS_TO
18855,6285,REPORTS_TO
18856,6285,REPORTS_TO
18857,6286,REPORTS_TO
18858,6286,REPORTS_TO
18859,6286,REPORTS_TO
18860,6287,REPORTS_TO
18861,6287,REPORTS_TO
18862,6287,REPORTS_TO
18863,6288,REPORTS_TO
18864,6288,REPORTS_TO
18865,6288,REPORTS_TO
18866,6289,REPORTS_TO
18867,6289,REPORTS_TO
18868,6289,REPORTS_TO
18869,6290,REPORTS_TO
18870,6290,REPORTS_TO
18871,6290,REPORTS_TO
18872,6291,REPORTS_TO
18873,6291,REPORTS_TO
18874,6291,REPORTS_TO
18875,6292,REPORTS_TO
18876,6292,REPORTS_TO
18877,6292,REPORTS_TO
18878,6293,REPORTS_TO
18879,6293,REPORTS_TO
18880,6293,REPORTS_TO
18881,6294,REPORTS_TO
18882,6294,REPORTS_TO
18883,6294,REPORTS_TO
18884,6295,REPORTS_TO
18885,6295,REPORTS_TO
18886,6295,REPORTS_TO
18887,6296,REPORTS_TO
18888,6296,REPORTS_TO
18889,6296,REPORTS_TO
18890,6297,REPORTS_TO
18891,6297,REPORTS_TO
18892,6297,REPORTS_TO
18893,6298,REPORTS_TO
18894,6298,REPORTS_TO
18895,6298,REPORTS_TO
18896,6299,REPORTS_TO
18897,6299,REPORTS_TO
18898,6299,REPORTS_TO
18899,6300,REPORTS_TO
18900,6300,REPORTS_TO
18901,6300,REPORTS_TO
18902,6301,REPORTS_TO
18903,6301,REPORTS_TO
18904,6301,REPORTS_TO
18905,6302,REPORTS_TO
18906,6302,REPORTS_TO
18907,6302,REPORTS_TO
18908,6303,REPORTS_TO
18909,6303,REPORTS_TO
18910,6303,REPORTS_TO
18911,6304,REPORTS_TO
18912,6304,REPORTS_TO
18913,6304,REPORTS_TO
18914,6305,REPORTS_TO
18915,6305,REPORTS_TO
18916,6305,REPORTS_TO
18917,6306,REPORTS_TO
18918,6306,REPORTS_TO
18919,6306,REPORTS_TO
18920,6307,REPORTS_TO
18921,6307,REPORTS_TO
18922,6307,REPORTS_TO
18923,6308,REPORTS_TO
18924,6308,REPORTS_TO
18925,6308,REPORTS_TO
18926,6309,REPORTS_TO
18927,6309,REPORTS_TO
18928,6309,REPORTS_TO
18929,6310,REPORTS_TO
18930,6310,REPORTS_TO
18931,6310,REPORTS_TO
18932,6311,REPORTS_TO
18933,6311,REPORTS_TO
18934,6311,REPORTS_TO
18935,6312,REPORTS_TO
18936,6312,REPORTS_TO
18937,6312,REPORTS_TO
18938,6313,REPORTS_TO
18939,6313,REPORTS_TO
18940,6313,REPORTS_TO
18941,6314,REPORTS_TO
18942,6314,REPORTS_TO
18943,6314,REPORTS_TO
18944,6315,REPORTS_TO
18945,6315,REPORTS_TO
18946,6315,REPORTS_TO
18947,6316,REPORTS_TO
18948,6316,REPORTS_TO
18949,6316,REPORTS_TO
18950,6317,REPORTS_TO
18951,6317,REPORTS_TO
18952,6317,REPORTS_TO
18953,6318,REPORTS_TO
18954,6318,REPORTS_TO
18955,6318,REPORTS_TO
18956,6319,REPORTS_TO
18957,6319,REPORTS_TO
18958,6319,REPORTS_TO
18959,6320,REPORTS_TO
18960,6320,REPORTS_TO
18961,6320,REPORTS_TO
18962,6321,REPORTS_TO
18963,6321,REPORTS_TO
18964,6321,REPORTS_TO
18965,6322,REPORTS_TO
18966,6322,REPORTS_TO
18967,6322,REPORTS_TO
18968,6323,REPORTS_TO
18969,6323,REPORTS_TO
18970,6323,REPORTS_TO
18971,6324,REPORTS_TO
18972,6324,REPORTS_TO
18973,6324,REPORTS_TO
18974,6325,REPORTS_TO
18975,6325,REPORTS_TO
18976,6325,REPORTS_TO
18977,6326,REPORTS_TO
18978,6326,REPORTS_TO
18979,6326,REPORTS_TO
18980,6327,REPORTS_TO
18981,6327,REPORTS_TO
18982,6327,REPORTS_TO
18983,6328,REPORTS_TO
18984,6328,REPORTS_TO
18985,6328,REPORTS_TO
18986,6329,REPORTS_TO
18987,6329,REPORTS_TO
18988,6329,REPORTS_TO
18989,6330,REPORTS_TO
18990,6330,REPORTS_TO
18991,6330,REPORTS_TO
18992,6331,REPORTS_TO
18993,6331,REPORTS_TO
18994,6331,REPORTS_TO
18995,6332,REPORTS_TO
18996,6332,REPORTS_TO
18997,6332,REPORTS_TO
18998,6333,REPORTS_TO
18999,6333,REPORTS_TO
19000,6333,REPORTS_TO
19001,6334,REPORTS_TO
19002,6334,REPORTS_TO
19003,6334,REPORTS_TO
19004,6335,REPORTS_TO
19005,6335,REPORTS_TO
19006,6335,REPORTS_TO
19007,6336,REPORTS_TO
19008,6336,REPORTS_TO
19009,6336,REPORTS_TO
19010,6337,REPORTS_TO
19011,6337,REPORTS_TO
19012,6337,REPORTS_TO
19013,6338,REPORTS_TO
19014,6338,REPORTS_TO
19015,6338,REPORTS_TO
19016,6339,REPORTS_TO
19017,6339,REPORTS_TO
19018,6339,REPORTS_TO
19019,6340,REPORTS_TO
19020,6340,REPORTS_TO
19021,6340,REPORTS_TO
19022,6341,REPORTS_TO
19023,6341,REPORTS_TO
19024,6341,REPORTS_TO
19025,6342,REPORTS_TO
19026,6342,REPORTS_TO
19027,6342,REPORTS_TO
19028,6343,REPORTS_TO
19029,6343,REPORTS_TO
19030,6343,REPORTS_TO
19031,6344,REPORTS_TO
19032,6344,REPORTS_TO
19033,6344,REPORTS_TO
19034,6345,REPORTS_TO
19035,6345,REPORTS_TO
19036,6345,REPORTS_TO
19037,6346,REPORTS_TO
19038,6346,REPORTS_TO
19039,6346,REPORTS_TO
19040,6347,REPORTS_TO
19041,6347,REPORTS_TO
19042,6347,REPORTS_TO
19043,6348,REPORTS_TO
19044,6348,REPORTS_TO
19045,6348,REPORTS_TO
19046,6349,REPORTS_TO
19047,6349,REPORTS_TO
19048,6349,REPORTS_TO
19049,6350,REPORTS_TO
19050,6350,REPORTS_TO
19051,6350,REPORTS_TO
19052,6351,REPORTS_TO
19053,6351,REPORTS_TO
19054,6351,REPORTS_TO
19055,6352,REPORTS_TO
19056,6352,REPORTS_TO
19057,6352,REPORTS_TO
19058,6353,REPORTS_TO
19059,6353,REPORTS_TO
19060,6353,REPORTS_TO
19061,6354,REPORTS_TO
19062,6354,REPORTS_TO
19063,6354,REPORTS_TO
19064,6355,REPORTS_TO
19065,6355,REPORTS_TO
19066,6355,REPORTS_TO
19067,6356,REPORTS_TO
19068,6356,REPORTS_TO
19069,6356,REPORTS_TO
19070,6357,REPORTS_TO
19071,6357,REPORTS_TO
19072,6357,REPORTS_TO
19073,6358,REPORTS_TO
19074,6358,REPORTS_TO
19075,6358,REPORTS_TO
19076,6359,REPORTS_TO
19077,6359,REPORTS_TO
19078,6359,REPORTS_TO
19079,6360,REPORTS_TO
19080,6360,REPORTS_TO
19081,6360,REPORTS_TO
19082,6361,REPORTS_TO
19083,6361,REPORTS_TO
19084,6361,REPORTS_TO
19085,6362,REPORTS_TO
19086,6362,REPORTS_TO
19087,6362,REPORTS_TO
19088,6363,REPORTS_TO
19089,6363,REPORTS_TO
19090,6363,REPORTS_TO
19091,6364,REPORTS_TO
19092,6364,REPORTS_TO
19093,6364,REPORTS_TO
19094,6365,REPORTS_TO
19095,6365,REPORTS_TO
19096,6365,REPORTS_TO
19097,6366,REPORTS_TO
19098,6366,REPORTS_TO
19099,6366,REPORTS_TO
19100,6367,REPORTS_TO
19101,6367,REPORTS_TO
19102,6367,REPORTS_TO
19103,6368,REPORTS_TO
19104,6368,REPORTS_TO
19105,6368,REPORTS_TO
19106,6369,REPORTS_TO
19107,6369,REPORTS_TO
19108,6369,REPORTS_TO
19109,6370,REPORTS_TO
19110,6370,REPORTS_TO
19111,6370,REPORTS_TO
19112,6371,REPORTS_TO
19113,6371,REPORTS_TO
19114,6371,REPORTS_TO
19115,6372,REPORTS_TO
19116,6372,REPORTS_TO
19117,6372,REPORTS_TO
19118,6373,REPORTS_TO
19119,6373,REPORTS_TO
19120,6373,REPORTS_TO
19121,6374,REPORTS_TO
19122,6374,REPORTS_TO
19123,6374,REPORTS_TO
19124,6375,REPORTS_TO
19125,6375,REPORTS_TO
19126,6375,REPORTS_TO
19127,6376,REPORTS_TO
19128,6376,REPORTS_TO
19129,6376,REPORTS_TO
19130,6377,REPORTS_TO
19131,6377,REPORTS_TO
19132,6377,REPORTS_TO
19133,6378,REPORTS_TO
19134,6378,REPORTS_TO
19135,6378,REPORTS_TO
19136,6379,REPORTS_TO
19137,6379,REPORTS_TO
19138,6379,REPORTS_TO
19139,6380,REPORTS_TO
19140,6380,REPORTS_TO
19141,6380,REPORTS_TO
19142,6381,REPORTS_TO
19143,6381,REPORTS_TO
19144,6381,REPORTS_TO
19145,6382,REPORTS_TO
19146,6382,REPORTS_TO
19147,6382,REPORTS_TO
19148,6383,REPORTS_TO
19149,6383,REPORTS_TO
19150,6383,REPORTS_TO
19151,6384,REPORTS_TO
19152,6384,REPORTS_TO
19153,6384,REPORTS_TO
19154,6385,REPORTS_TO
19155,6385,REPORTS_TO
19156,6385,REPORTS_TO
19157,6386,REPORTS_TO
19158,6386,REPORTS_TO
19159,6386,REPORTS_TO
19160,6387,REPORTS_TO
19161,6387,REPORTS_TO
19162,6387,REPORTS_TO
19163,6388,REPORTS_TO
19164,6388,REPORTS_TO
19165,6388,REPORTS_TO
19166,6389,REPORTS_TO
19167,6389,REPORTS_TO
19168,6389,REPORTS_TO
19169,6390,REPORTS_TO
19170,6390,REPORTS_TO
19171,6390,REPORTS_TO
19172,6391,REPORTS_TO
19173,6391,REPORTS_TO
19174,6391,REPORTS_TO
19175,6392,REPORTS_TO
19176,6392,REPORTS_TO
19177,6392,REPORTS_TO
19178,6393,REPORTS_TO
19179,6393,REPORTS_TO
19180,6393,REPORTS_TO
19181,6394,REPORTS_TO
19182,6394,REPORTS_TO
19183,6394,REPORTS_TO
19184,6395,REPORTS_TO
19185,6395,REPORTS_TO
19186,6395,REPORTS_TO
19187,6396,REPORTS_TO
19188,6396,REPORTS_TO
19189,6396,REPORTS_TO
19190,6397,REPORTS_TO
19191,6397,REPORTS_TO
19192,6397,REPORTS_TO
19193,6398,REPORTS_TO
19194,6398,REPORTS_TO
19195,6398,REPORTS_TO
19196,6399,REPORTS_TO
19197,6399,REPORTS_TO
19198,6399,REPORTS_TO
19199,6400,REPORTS_TO
19200,6400,REPORTS_TO
19201,6400,REPORTS_TO
19202,6401,REPORTS_TO
19203,6401,REPORTS_TO
19204,6401,REPORTS_TO
19205,6402,REPORTS_TO
19206,6402,REPORTS_TO
19207,6402,REPORTS_TO
19208,6403,REPORTS_TO
19209,6403,REPORTS_TO
19210,6403,REPORTS_TO
19211,6404,REPORTS_TO
19212,6404,REPORTS_TO
19213,6404,REPORTS_TO
19214,6405,REPORTS_TO
19215,6405,REPORTS_TO
19216,6405,REPORTS_TO
19217,6406,REPORTS_TO
19218,6406,REPORTS_TO
19219,6406,REPORTS_TO
19220,6407,REPORTS_TO
19221,6407,REPORTS_TO
19222,6407,REPORTS_TO
19223,6408,REPORTS_TO
19224,6408,REPORTS_TO
19225,6408,REPORTS_TO
19226,6409,REPORTS_TO
19227,6409,REPORTS_TO
19228,6409,REPORTS_TO
19229,6410,REPORTS_TO
19230,6410,REPORTS_TO
19231,6410,REPORTS_TO
19232,6411,REPORTS_TO
19233,6411,REPORTS_TO
19234,6411,REPORTS_TO
19235,6412,REPORTS_TO
19236,6412,REPORTS_TO
19237,6412,REPORTS_TO
19238,6413,REPORTS_TO
19239,6413,REPORTS_TO
19240,6413,REPORTS_TO
19241,6414,REPORTS_TO
19242,6414,REPORTS_TO
19243,6414,REPORTS_TO
19244,6415,REPORTS_TO
19245,6415,REPORTS_TO
19246,6415,REPORTS_TO
19247,6416,REPORTS_TO
19248,6416,REPORTS_TO
19249,6416,REPORTS_TO
19250,6417,REPORTS_TO
19251,6417,REPORTS_TO
19252,6417,REPORTS_TO
19253,6418,REPORTS_TO
19254,6418,REPORTS_TO
19255,6418,REPORTS_TO
19256,6419,REPORTS_TO
19257,6419,REPORTS_TO
19258,6419,REPORTS_TO
19259,6420,REPORTS_TO
19260,6420,REPORTS_TO
19261,6420,REPORTS_TO
19262,6421,REPORTS_TO
19263,6421,REPORTS_TO
19264,6421,REPORTS_TO
19265,6422,REPORTS_TO
19266,6422,REPORTS_TO
19267,6422,REPORTS_TO
19268,6423,REPORTS_TO
19269,6423,REPORTS_TO
19270,6423,REPORTS_TO
19271,6424,REPORTS_TO
19272,6424,REPORTS_TO
19273,6424,REPORTS_TO
19274,6425,REPORTS_TO
19275,6425,REPORTS_TO
19276,6425,REPORTS_TO
19277,6426,REPORTS_TO
19278,6426,REPORTS_TO
19279,6426,REPORTS_TO
19280,6427,REPORTS_TO
19281,6427,REPORTS_TO
19282,6427,REPORTS_TO
19283,6428,REPORTS_TO
19284,6428,REPORTS_TO
19285,6428,REPORTS_TO
19286,6429,REPORTS_TO
19287,6429,REPORTS_TO
19288,6429,REPORTS_TO
19289,6430,REPORTS_TO
19290,6430,REPORTS_TO
19291,6430,REPORTS_TO
19292,6431,REPORTS_TO
19293,6431,REPORTS_TO
19294,6431,REPORTS_TO
19295,6432,REPORTS_TO
19296,6432,REPORTS_TO
19297,6432,REPORTS_TO
19298,6433,REPORTS_TO
19299,6433,REPORTS_TO
19300,6433,REPORTS_TO
19301,6434,REPORTS_TO
19302,6434,REPORTS_TO
19303,6434,REPORTS_TO
19304,6435,REPORTS_TO
19305,6435,REPORTS_TO
19306,6435,REPORTS_TO
19307,6436,REPORTS_TO
19308,6436,REPORTS_TO
19309,6436,REPORTS_TO
19310,6437,REPORTS_TO
19311,6437,REPORTS_TO
19312,6437,REPORTS_TO
19313,6438,REPORTS_TO
19314,6438,REPORTS_TO
19315,6438,REPORTS_TO
19316,6439,REPORTS_TO
19317,6439,REPORTS_TO
19318,6439,REPORTS_TO
19319,6440,REPORTS_TO
19320,6440,REPORTS_TO
19321,6440,REPORTS_TO
19322,6441,REPORTS_TO
19323,6441,REPORTS_TO
19324,6441,REPORTS_TO
19325,6442,REPORTS_TO
19326,6442,REPORTS_TO
19327,6442,REPORTS_TO
19328,6443,REPORTS_TO
19329,6443,REPORTS_TO
19330,6443,REPORTS_TO
19331,6444,REPORTS_TO
19332,6444,REPORTS_TO
19333,6444,REPORTS_TO
19334,6445,REPORTS_TO
19335,6445,REPORTS_TO
19336,6445,REPORTS_TO
19337,6446,REPORTS_TO
19338,6446,REPORTS_TO
19339,6446,REPORTS_TO
19340,6447,REPORTS_TO
19341,6447,REPORTS_TO
19342,6447,REPORTS_TO
19343,6448,REPORTS_TO
19344,6448,REPORTS_TO
19345,6448,REPORTS_TO
19346,6449,REPORTS_TO
19347,6449,REPORTS_TO
19348,6449,REPORTS_TO
19349,6450,REPORTS_TO
19350,6450,REPORTS_TO
19351,6450,REPORTS_TO
19352,6451,REPORTS_TO
19353,6451,REPORTS_TO
19354,6451,REPORTS_TO
19355,6452,REPORTS_TO
19356,6452,REPORTS_TO
19357,6452,REPORTS_TO
19358,6453,REPORTS_TO
19359,6453,REPORTS_TO
19360,6453,REPORTS_TO
19361,6454,REPORTS_TO
19362,6454,REPORTS_TO
19363,6454,REPORTS_TO
19364,6455,REPORTS_TO
19365,6455,REPORTS_TO
19366,6455,REPORTS_TO
19367,6456,REPORTS_TO
19368,6456,REPORTS_TO
19369,6456,REPORTS_TO
19370,6457,REPORTS_TO
19371,6457,REPORTS_TO
19372,6457,REPORTS_TO
19373,6458,REPORTS_TO
19374,6458,REPORTS_TO
19375,6458,REPORTS_TO
19376,6459,REPORTS_TO
19377,6459,REPORTS_TO
19378,6459,REPORTS_TO
19379,6460,REPORTS_TO
19380,6460,REPORTS_TO
19381,6460,REPORTS_TO
19382,6461,REPORTS_TO
19383,6461,REPORTS_TO
19384,6461,REPORTS_TO
19385,6462,REPORTS_TO
19386,6462,REPORTS_TO
19387,6462,REPORTS_TO
19388,6463,REPORTS_TO
19389,6463,REPORTS_TO
19390,6463,REPORTS_TO
19391,6464,REPORTS_TO
19392,6464,REPORTS_TO
19393,6464,REPORTS_TO
19394,6465,REPORTS_TO
19395,6465,REPORTS_TO
19396,6465,REPORTS_TO
19397,6466,REPORTS_TO
19398,6466,REPORTS_TO
19399,6466,REPORTS_TO
19400,6467,REPORTS_TO
19401,6467,REPORTS_TO
19402,6467,REPORTS_TO
19403,6468,REPORTS_TO
19404,6468,REPORTS_TO
19405,6468,REPORTS_TO
19406,6469,REPORTS_TO
19407,6469,REPORTS_TO
19408,6469,REPORTS_TO
19409,6470,REPORTS_TO
19410,6470,REPORTS_TO
19411,6470,REPORTS_TO
19412,6471,REPORTS_TO
19413,6471,REPORTS_TO
19414,6471,REPORTS_TO
19415,6472,REPORTS_TO
19416,6472,REPORTS_TO
19417,6472,REPORTS_TO
19418,6473,REPORTS_TO
19419,6473,REPORTS_TO
19420,6473,REPORTS_TO
19421,6474,REPORTS_TO
19422,6474,REPORTS_TO
19423,6474,REPORTS_TO
19424,6475,REPORTS_TO
19425,6475,REPORTS_TO
19426,6475,REPORTS_TO
19427,6476,REPORTS_TO
19428,6476,REPORTS_TO
19429,6476,REPORTS_TO
19430,6477,REPORTS_TO
19431,6477,REPORTS_TO
19432,6477,REPORTS_TO
19433,6478,REPORTS_TO
19434,6478,REPORTS_TO
19435,6478,REPORTS_TO
19436,6479,REPORTS_TO
19437,6479,REPORTS_TO
19438,6479,REPORTS_TO
19439,6480,REPORTS_TO
19440,6480,REPORTS_TO
19441,6480,REPORTS_TO
19442,6481,REPORTS_TO
19443,6481,REPORTS_TO
19444,6481,REPORTS_TO
19445,6482,REPORTS_TO
19446,6482,REPORTS_TO
19447,6482,REPORTS_TO
19448,6483,REPORTS_TO
19449,6483,REPORTS_TO
19450,6483,REPORTS_TO
19451,6484,REPORTS_TO
19452,6484,REPORTS_TO
19453,6484,REPORTS_TO
19454,6485,REPORTS_TO
19455,6485,REPORTS_TO
19456,6485,REPORTS_TO
19457,6486,REPORTS_TO
19458,6486,REPORTS_TO
19459,6486,REPORTS_TO
19460,6487,REPORTS_TO
19461,6487,REPORTS_TO
19462,6487,REPORTS_TO
19463,6488,REPORTS_TO
19464,6488,REPORTS_TO
19465,6488,REPORTS_TO
19466,6489,REPORTS_TO
19467,6489,REPORTS_TO
19468,6489,REPORTS_TO
19469,6490,REPORTS_TO
19470,6490,REPORTS_TO
19471,6490,REPORTS_TO
19472,6491,REPORTS_TO
19473,6491,REPORTS_TO
19474,6491,REPORTS_TO
19475,6492,REPORTS_TO
19476,6492,REPORTS_TO
19477,6492,REPORTS_TO
19478,6493,REPORTS_TO
19479,6493,REPORTS_TO
19480,6493,REPORTS_TO
19481,6494,REPORTS_TO
19482,6494,REPORTS_TO
19483,6494,REPORTS_TO
19484,6495,REPORTS_TO
19485,6495,REPORTS_TO
19486,6495,REPORTS_TO
19487,6496,REPORTS_TO
19488,6496,REPORTS_TO
19489,6496,REPORTS_TO
19490,6497,REPORTS_TO
19491,6497,REPORTS_TO
19492,6497,REPORTS_TO
19493,6498,REPORTS_TO
19494,6498,REPORTS_TO
19495,6498,REPORTS_TO
19496,6499,REPORTS_TO
19497,6499,REPORTS_TO
19498,6499,REPORTS_TO
19499,6500,REPORTS_TO
19500,6500,REPORTS_TO
19501,6500,REPORTS_TO
19502,6501,REPORTS_TO
19503,6501,REPORTS_TO
19504,6501,REPORTS_TO
19505,6502,REPORTS_TO
19506,6502,REPORTS_TO
19507,6502,REPORTS_TO
19508,6503,REPORTS_TO
19509,6503,REPORTS_TO
19510,6503,REPORTS_TO
19511,6504,REPORTS_TO
19512,6504,REPORTS_TO
19513,6504,REPORTS_TO
19514,6505,REPORTS_TO
19515,6505,REPORTS_TO
19516,6505,REPORTS_TO
19517,6506,REPORTS_TO
19518,6506,REPORTS_TO
19519,6506,REPORTS_TO
19520,6507,REPORTS_TO
19521,6507,REPORTS_TO
19522,6507,REPORTS_TO
19523,6508,REPORTS_TO
19524,6508,REPORTS_TO
19525,6508,REPORTS_TO
19526,6509,REPORTS_TO
19527,6509,REPORTS_TO
19528,6509,REPORTS_TO
19529,6510,REPORTS_TO
19530,6510,REPORTS_TO
19531,6510,REPORTS_TO
19532,6511,REPORTS_TO
19533,6511,REPORTS_TO
19534,6511,REPORTS_TO
19535,6512,REPORTS_TO
19536,6512,REPORTS_TO
19537,6512,REPORTS_TO
19538,6513,REPORTS_TO
19539,6513,REPORTS_TO
19540,6513,REPORTS_TO
19541,6514,REPORTS_TO
19542,6514,REPORTS_TO
19543,6514,REPORTS_TO
19544,6515,REPORTS_TO
19545,6515,REPORTS_TO
19546,6515,REPORTS_TO
19547,6516,REPORTS_TO
19548,6516,REPORTS_TO
19549,6516,REPORTS_TO
19550,6517,REPORTS_TO
19551,6517,REPORTS_TO
19552,6517,REPORTS_TO
19553,6518,REPORTS_TO
19554,6518,REPORTS_TO
19555,6518,REPORTS_TO
19556,6519,REPORTS_TO
19557,6519,REPORTS_TO
19558,6519,REPORTS_TO
19559,6520,REPORTS_TO
19560,6520,REPORTS_TO
19561,6520,REPORTS_TO
19562,6521,REPORTS_TO
19563,6521,REPORTS_TO
19564,6521,REPORTS_TO
19565,6522,REPORTS_TO
19566,6522,REPORTS_TO
19567,6522,REPORTS_TO
19568,6523,REPORTS_TO
19569,6523,REPORTS_TO
19570,6523,REPORTS_TO
19571,6524,REPORTS_TO
19572,6524,REPORTS_TO
19573,6524,REPORTS_TO
19574,6525,REPORTS_TO
19575,6525,REPORTS_TO
19576,6525,REPORTS_TO
19577,6526,REPORTS_TO
19578,6526,REPORTS_TO
19579,6526,REPORTS_TO
19580,6527,REPORTS_TO
19581,6527,REPORTS_TO
19582,6527,REPORTS_TO
19583,6528,REPORTS_TO
19584,6528,REPORTS_TO
19585,6528,REPORTS_TO
19586,6529,REPORTS_TO
19587,6529,REPORTS_TO
19588,6529,REPORTS_TO
19589,6530,REPORTS_TO
19590,6530,REPORTS_TO
19591,6530,REPORTS_TO
19592,6531,REPORTS_TO
19593,6531,REPORTS_TO
19594,6531,REPORTS_TO
19595,6532,REPORTS_TO
19596,6532,REPORTS_TO
19597,6532,REPORTS_TO
19598,6533,REPORTS_TO
19599,6533,REPORTS_TO
19600,6533,REPORTS_TO
19601,6534,REPORTS_TO
19602,6534,REPORTS_TO
19603,6534,REPORTS_TO
19604,6535,REPORTS_TO
19605,6535,REPORTS_TO
19606,6535,REPORTS_TO
19607,6536,REPORTS_TO
19608,6536,REPORTS_TO
19609,6536,REPORTS_TO
19610,6537,REPORTS_TO
19611,6537,REPORTS_TO
19612,6537,REPORTS_TO
19613,6538,REPORTS_TO
19614,6538,REPORTS_TO
19615,6538,REPORTS_TO
19616,6539,REPORTS_TO
19617,6539,REPORTS_TO
19618,6539,REPORTS_TO
19619,6540,REPORTS_TO
19620,6540,REPORTS_TO
19621,6540,REPORTS_TO
19622,6541,REPORTS_TO
19623,6541,REPORTS_TO
19624,6541,REPORTS_TO
19625,6542,REPORTS_TO
19626,6542,REPORTS_TO
19627,6542,REPORTS_TO
19628,6543,REPORTS_TO
19629,6543,REPORTS_TO
19630,6543,REPORTS_TO
19631,6544,REPORTS_TO
19632,6544,REPORTS_TO
19633,6544,REPORTS_TO
19634,6545,REPORTS_TO
19635,6545,REPORTS_TO
19636,6545,REPORTS_TO
19637,6546,REPORTS_TO
19638,6546,REPORTS_TO
19639,6546,REPORTS_TO
19640,6547,REPORTS_TO
19641,6547,REPORTS_TO
19642,6547,REPORTS_TO
19643,6548,REPORTS_TO
19644,6548,REPORTS_TO
19645,6548,REPORTS_TO
19646,6549,REPORTS_TO
19647,6549,REPORTS_TO
19648,6549,REPORTS_TO
19649,6550,REPORTS_TO
19650,6550,REPORTS_TO
19651,6550,REPORTS_TO
19652,6551,REPORTS_TO
19653,6551,REPORTS_TO
19654,6551,REPORTS_TO
19655,6552,REPORTS_TO
19656,6552,REPORTS_TO
19657,6552,REPORTS_TO
19658,6553,REPORTS_TO
19659,6553,REPORTS_TO
19660,6553,REPORTS_TO
19661,6554,REPORTS_TO
19662,6554,REPORTS_TO
19663,6554,REPORTS_TO
19664,6555,REPORTS_TO
19665,6555,REPORTS_TO
19666,6555,REPORTS_TO
19667,6556,REPORTS_TO
19668,6556,REPORTS_TO
19669,6556,REPORTS_TO
19670,6557,REPORTS_TO
19671,6557,REPORTS_TO
19672,6557,REPORTS_TO
19673,6558,REPORTS_TO
19674,6558,REPORTS_TO
19675,6558,REPORTS_TO
19676,6559,REPORTS_TO
19677,6559,REPORTS_TO
19678,6559,REPORTS_TO
19679,6560,REPORTS_TO
19680,6560,REPORTS_TO
19681,6560,REPORTS_TO
19682,6561,REPORTS_TO
19683,6561,REPORTS_TO
19684,6561,REPORTS_TO
19685,6562,REPORTS_TO
19686,6562,REPORTS_TO
19687,6562,REPORTS_TO
19688,6563,REPORTS_TO
19689,6563,REPORTS_TO
19690,6563,REPORTS_TO
19691,6564,REPORTS_TO
19692,6564,REPORTS_TO
19693,6564,REPORTS_TO
19694,6565,REPORTS_TO
19695,6565,REPORTS_TO
19696,6565,REPORTS_TO
19697,6566,REPORTS_TO
19698,6566,REPORTS_TO
19699,6566,REPORTS_TO
19700,6567,REPORTS_TO
19701,6567,REPORTS_TO
19702,6567,REPORTS_TO
19703,6568,REPORTS_TO
19704,6568,REPORTS_TO
19705,6568,REPORTS_TO
19706,6569,REPORTS_TO
19707,6569,REPORTS_TO
19708,6569,REPORTS_TO
19709,6570,REPORTS_TO
19710,6570,REPORTS_TO
19711,6570,REPORTS_TO
19712,6571,REPORTS_TO
19713,6571,REPORTS_TO
19714,6571,REPORTS_TO
19715,6572,REPORTS_TO
19716,6572,REPORTS_TO
19717,6572,REPORTS_TO
19718,6573,REPORTS_TO
19719,6573,REPORTS_TO
19720,6573,REPORTS_TO
19721,6574,REPORTS_TO
19722,6574,REPORTS_TO
19723,6574,REPORTS_TO
19724,6575,REPORTS_TO
19725,6575,REPORTS_TO
19726,6575,REPORTS_TO
19727,6576,REPORTS_TO
19728,6576,REPORTS_TO
19729,6576,REPORTS_TO
19730,6577,REPORTS_TO
19731,6577,REPORTS_TO
19732,6577,REPORTS_TO
19733,6578,REPORTS_TO
19734,6578,REPORTS_TO
19735,6578,REPORTS_TO
19736,6579,REPORTS_TO
19737,6579,REPORTS_TO
19738,6579,REPORTS_TO
19739,6580,REPORTS_TO
19740,6580,REPORTS_TO
19741,6580,REPORTS_TO
19742,6581,REPORTS_TO
19743,6581,REPORTS_TO
19744,6581,REPORTS_TO
19745,6582,REPORTS_TO
19746,6582,REPORTS_TO
19747,6582,REPORTS_TO
19748,6583,REPORTS_TO
19749,6583,REPORTS_TO
19750,6583,REPORTS_TO
19751,6584,REPORTS_TO
19752,6584,REPORTS_TO
19753,6584,REPORTS_TO
19754,6585,REPORTS_TO
19755,6585,REPORTS_TO
19756,6585,REPORTS_TO
19757,6586,REPORTS_TO
19758,6586,REPORTS_TO
19759,6586,REPORTS_TO
19760,6587,REPORTS_TO
19761,6587,REPORTS_TO
19762,6587,REPORTS_TO
19763,6588,REPORTS_TO
19764,6588,REPORTS_TO
19765,6588,REPORTS_TO
19766,6589,REPORTS_TO
19767,6589,REPORTS_TO
19768,6589,REPORTS_TO
19769,6590,REPORTS_TO
19770,6590,REPORTS_TO
19771,6590,REPORTS_TO
19772,6591,REPORTS_TO
19773,6591,REPORTS_TO
19774,6591,REPORTS_TO
19775,6592,REPORTS_TO
19776,6592,REPORTS_TO
19777,6592,REPORTS_TO
19778,6593,REPORTS_TO
19779,6593,REPORTS_TO
19780,6593,REPORTS_TO
19781,6594,REPORTS_TO
19782,6594,REPORTS_TO
19783,6594,REPORTS_TO
19784,6595,REPORTS_TO
19785,6595,REPORTS_TO
19786,6595,REPORTS_TO
19787,6596,REPORTS_TO
19788,6596,REPORTS_TO
19789,6596,REPORTS_TO
19790,6597,REPORTS_TO
19791,6597,REPORTS_TO
19792,6597,REPORTS_TO
19793,6598,REPORTS_TO
19794,6598,REPORTS_TO
19795,6598,REPORTS_TO
19796,6599,REPORTS_TO
19797,6599,REPORTS_TO
19798,6599,REPORTS_TO
19799,6600,REPORTS_TO
19800,6600,REPORTS_TO
19801,6600,REPORTS_TO
19802,6601,REPORTS_TO
19803,6601,REPORTS_TO
19804,6601,REPORTS_TO
19805,6602,REPORTS_TO
19806,6602,REPORTS_TO
19807,6602,REPORTS_TO
19808,6603,REPORTS_TO
19809,6603,REPORTS_TO
19810,6603,REPORTS_TO
19811,6604,REPORTS_TO
19812,6604,REPORTS_TO
19813,6604,REPORTS_TO
19814,6605,REPORTS_TO
19815,6605,REPORTS_TO
19816,6605,REPORTS_TO
19817,6606,REPORTS_TO
19818,6606,REPORTS_TO
19819,6606,REPORTS_TO
19820,6607,REPORTS_TO
19821,6607,REPORTS_TO
19822,6607,REPORTS_TO
19823,6608,REPORTS_TO
19824,6608,REPORTS_TO
19825,6608,REPORTS_TO
19826,6609,REPORTS_TO
19827,6609,REPORTS_TO
19828,6609,REPORTS_TO
19829,6610,REPORTS_TO
19830,6610,REPORTS_TO
19831,6610,REPORTS_TO
19832,6611,REPORTS_TO
19833,6611,REPORTS_TO
19834,6611,REPORTS_TO
19835,6612,REPORTS_TO
19836,6612,REPORTS_TO
19837,6612,REPORTS_TO
19838,6613,REPORTS_TO
19839,6613,REPORTS_TO
19840,6613,REPORTS_TO
19841,6614,REPORTS_TO
19842,6614,REPORTS_TO
19843,6614,REPORTS_TO
19844,6615,REPORTS_TO
19845,6615,REPORTS_TO
19846,6615,REPORTS_TO
19847,6616,REPORTS_TO
19848,6616,REPORTS_TO
19849,6616,REPORTS_TO
19850,6617,REPORTS_TO
19851,6617,REPORTS_TO
19852,6617,REPORTS_TO
19853,6618,REPORTS_TO
19854,6618,REPORTS_TO
19855,6618,REPORTS_TO
19856,6619,REPORTS_TO
19857,6619,REPORTS_TO
19858,6619,REPORTS_TO
19859,6620,REPORTS_TO
19860,6620,REPORTS_TO
19861,6620,REPORTS_TO
19862,6621,REPORTS_TO
19863,6621,REPORTS_TO
19864,6621,REPORTS_TO
19865,6622,REPORTS_TO
19866,6622,REPORTS_TO
19867,6622,REPORTS_TO
19868,6623,REPORTS_TO
19869,6623,REPORTS_TO
19870,6623,REPORTS_TO
19871,6624,REPORTS_TO
19872,6624,REPORTS_TO
19873,6624,REPORTS_TO
19874,6625,REPORTS_TO
19875,6625,REPORTS_TO
19876,6625,REPORTS_TO
19877,6626,REPORTS_TO
19878,6626,REPORTS_TO
19879,6626,REPORTS_TO
19880,6627,REPORTS_TO
19881,6627,REPORTS_TO
19882,6627,REPORTS_TO
19883,6628,REPORTS_TO
19884,6628,REPORTS_TO
19885,6628,REPORTS_TO
19886,6629,REPORTS_TO
19887,6629,REPORTS_TO
19888,6629,REPORTS_TO
19889,6630,REPORTS_TO
19890,6630,REPORTS_TO
19891,6630,REPORTS_TO
19892,6631,REPORTS_TO
19893,6631,REPORTS_TO
19894,6631,REPORTS_TO
19895,6632,REPORTS_TO
19896,6632,REPORTS_TO
19897,6632,REPORTS_TO
19898,6633,REPORTS_TO
19899,6633,REPORTS_TO
19900,6633,REPORTS_TO
19901,6634,REPORTS_TO
19902,6634,REPORTS_TO
19903,6634,REPORTS_TO
19904,6635,REPORTS_TO
19905,6635,REPORTS_TO
19906,6635,REPORTS_TO
19907,6636,REPORTS_TO
19908,6636,REPORTS_TO
19909,6636,REPORTS_TO
19910,6637,REPORTS_TO
19911,6637,REPORTS_TO
19912,6637,REPORTS_TO
19913,6638,REPORTS_TO
19914,6638,REPORTS_TO
19915,6638,REPORTS_TO
19916,6639,REPORTS_TO
19917,6639,REPORTS_TO
19918,6639,REPORTS_TO
19919,6640,REPORTS_TO
19920,6640,REPORTS_TO
19921,6640,REPORTS_TO
19922,6641,REPORTS_TO
19923,6641,REPORTS_TO
19924,6641,REPORTS_TO
19925,6642,REPORTS_TO
19926,6642,REPORTS_TO
19927,6642,REPORTS_TO
19928,6643,REPORTS_TO
19929,6643,REPORTS_TO
19930,6643,REPORTS_TO
19931,6644,REPORTS_TO
19932,6644,REPORTS_TO
19933,6644,REPORTS_TO
19934,6645,REPORTS_TO
19935,6645,REPORTS_TO
19936,6645,REPORTS_TO
19937,6646,REPORTS_TO
19938,6646,REPORTS_TO
19939,6646,REPORTS_TO
19940,6647,REPORTS_TO
19941,6647,REPORTS_TO
19942,6647,REPORTS_TO
19943,6648,REPORTS_TO
19944,6648,REPORTS_TO
19945,6648,REPORTS_TO
19946,6649,REPORTS_TO
19947,6649,REPORTS_TO
19948,6649,REPORTS_TO
19949,6650,REPORTS_TO
19950,6650,REPORTS_TO
19951,6650,REPORTS_TO
19952,6651,REPORTS_TO
19953,6651,REPORTS_TO
19954,6651,REPORTS_TO
19955,6652,REPORTS_TO
19956,6652,REPORTS_TO
19957,6652,REPORTS_TO
19958,6653,REPORTS_TO
19959,6653,REPORTS_TO
19960,6653,REPORTS_TO
19961,6654,REPORTS_TO
19962,6654,REPORTS_TO
19963,6654,REPORTS_TO
19964,6655,REPORTS_TO
19965,6655,REPORTS_TO
19966,6655,REPORTS_TO
19967,6656,REPORTS_TO
19968,6656,REPORTS_TO
19969,6656,REPORTS_TO
19970,6657,REPORTS_TO
19971,6657,REPORTS_TO
19972,6657,REPORTS_TO
19973,6658,REPORTS_TO
19974,6658,REPORTS_TO
19975,6658,REPORTS_TO
19976,6659,REPORTS_TO
19977,6659,REPORTS_TO
19978,6659,REPORTS_TO
19979,6660,REPORTS_TO
19980,6660,REPORTS_TO
19981,6660,REPORTS_TO
19982,6661,REPORTS_TO
19983,6661,REPORTS_TO
19984,6661,REPORTS_TO
19985,6662,REPORTS_TO
19986,6662,REPORTS_TO
19987,6662,REPORTS_TO
19988,6663,REPORTS_TO
19989,6663,REPORTS_TO
19990,6663,REPORTS_TO
19991,6664,REPORTS_TO
19992,6664,REPORTS_TO
19993,6664,REPORTS_TO
19994,6665,REPORTS_TO
19995,6665,REPORTS_TO
19996,6665,REPORTS_TO
19997,6666,REPORTS_TO
19998,6666,REPORTS_TO
19999,6666,REPORTS_TO
20000,6667,REPORTS_TO
20001,6667,REPORTS_TO
20002,6667,REPORTS_TO
20003,6668,REPORTS_TO
20004,6668,REPORTS_TO
20005,6668,REPORTS_TO
20006,6669,REPORTS_TO
20007,6669,REPORTS_TO
20008,6669,REPORTS_TO
20009,6670,REPORTS_TO
20010,6670,REPORTS_TO
20011,6670,REPORTS_TO
20012,6671,REPORTS_TO
20013,6671,REPORTS_TO
20014,6671,REPORTS_TO
20015,6672,REPORTS_TO
20016,6672,REPORTS_TO
20017,6672,REPORTS_TO
20018,6673,REPORTS_TO
20019,6673,REPORTS_TO
20020,6673,REPORTS_TO
20021,6674,REPORTS_TO
20022,6674,REPORTS_TO
20023,6674,REPORTS_TO
20024,6675,REPORTS_TO
20025,6675,REPORTS_TO
20026,6675,REPORTS_TO
20027,6676,REPORTS_TO
20028,6676,REPORTS_TO
20029,6676,REPORTS_TO
20030,6677,REPORTS_TO
20031,6677,REPORTS_TO
20032,6677,REPORTS_TO
20033,6678,REPORTS_TO
20034,6678,REPORTS_TO
20035,6678,REPORTS_TO
20036,6679,REPORTS_TO
20037,6679,REPORTS_TO
20038,6679,REPORTS_TO
20039,6680,REPORTS_TO
20040,6680,REPORTS_TO
20041,6680,REPORTS_TO
20042,6681,REPORTS_TO
20043,6681,REPORTS_TO
20044,6681,REPORTS_TO
20045,6682,REPORTS_TO
20046,6682,REPORTS_TO
20047,6682,REPORTS_TO
20048,6683,REPORTS_TO
20049,6683,REPORTS_TO
20050,6683,REPORTS_TO
20051,6684,REPORTS_TO
20052,6684,REPORTS_TO
20053,6684,REPORTS_TO
20054,6685,REPORTS_TO
20055,6685,REPORTS_TO
20056,6685,REPORTS_TO
20057,6686,REPORTS_TO
20058,6686,REPORTS_TO
20059,6686,REPORTS_TO
20060,6687,REPORTS_TO
20061,6687,REPORTS_TO
20062,6687,REPORTS_TO
20063,6688,REPORTS_TO
20064,6688,REPORTS_TO
20065,6688,REPORTS_TO
20066,6689,REPORTS_TO
20067,6689,REPORTS_TO
20068,6689,REPORTS_TO
20069,6690,REPORTS_TO
20070,6690,REPORTS_TO
20071,6690,REPORTS_TO
20072,6691,REPORTS_TO
20073,6691,REPORTS_TO
20074,6691,REPORTS_TO
20075,6692,REPORTS_TO
20076,6692,REPORTS_TO
20077,6692,REPORTS_TO
20078,6693,REPORTS_TO
20079,6693,REPORTS_TO
20080,6693,REPORTS_TO
20081,6694,REPORTS_TO
20082,6694,REPORTS_TO
20083,6694,REPORTS_TO
20084,6695,REPORTS_TO
20085,6695,REPORTS_TO
20086,6695,REPORTS_TO
20087,6696,REPORTS_TO
20088,6696,REPORTS_TO
20089,6696,REPORTS_TO
20090,6697,REPORTS_TO
20091,6697,REPORTS_TO
20092,6697,REPORTS_TO
20093,6698,REPORTS_TO
20094,6698,REPORTS_TO
20095,6698,REPORTS_TO
20096,6699,REPORTS_TO
20097,6699,REPORTS_TO
20098,6699,REPORTS_TO
20099,6700,REPORTS_TO
20100,6700,REPORTS_TO
20101,6700,REPORTS_TO
20102,6701,REPORTS_TO
20103,6701,REPORTS_TO
20104,6701,REPORTS_TO
20105,6702,REPORTS_TO
20106,6702,REPORTS_TO
20107,6702,REPORTS_TO
20108,6703,REPORTS_TO
20109,6703,REPORTS_TO
20110,6703,REPORTS_TO
20111,6704,REPORTS_TO
20112,6704,REPORTS_TO
20113,6704,REPORTS_TO
20114,6705,REPORTS_TO
20115,6705,REPORTS_TO
20116,6705,REPORTS_TO
20117,6706,REPORTS_TO
20118,6706,REPORTS_TO
20119,6706,REPORTS_TO
20120,6707,REPORTS_TO
20121,6707,REPORTS_TO
20122,6707,REPORTS_TO
20123,6708,REPORTS_TO
20124,6708,REPORTS_TO
20125,6708,REPORTS_TO
20126,6709,REPORTS_TO
20127,6709,REPORTS_TO
20128,6709,REPORTS_TO
20129,6710,REPORTS_TO
20130,6710,REPORTS_TO
20131,6710,REPORTS_TO
20132,6711,REPORTS_TO
20133,6711,REPORTS_TO
20134,6711,REPORTS_TO
20135,6712,REPORTS_TO
20136,6712,REPORTS_TO
20137,6712,REPORTS_TO
20138,6713,REPORTS_TO
20139,6713,REPORTS_TO
20140,6713,REPORTS_TO
20141,6714,REPORTS_TO
20142,6714,REPORTS_TO
20143,6714,REPORTS_TO
20144,6715,REPORTS_TO
20145,6715,REPORTS_TO
20146,6715,REPORTS_TO
20147,6716,REPORTS_TO
20148,6716,REPORTS_TO
20149,6716,REPORTS_TO
20150,6717,REPORTS_TO
20151,6717,REPORTS_TO
20152,6717,REPORTS_TO
20153,6718,REPORTS_TO
20154,6718,REPORTS_TO
20155,6718,REPORTS_TO
20156,6719,REPORTS_TO
20157,6719,REPORTS_TO
20158,6719,REPORTS_TO
20159,6720,REPORTS_TO
20160,6720,REPORTS_TO
20161,6720,REPORTS_TO
20162,6721,REPORTS_TO
20163,6721,REPORTS_TO
20164,6721,REPORTS_TO
20165,6722,REPORTS_TO
20166,6722,REPORTS_TO
20167,6722,REPORTS_TO
20168,6723,REPORTS_TO
20169,6723,REPORTS_TO
20170,6723,REPORTS_TO
20171,6724,REPORTS_TO
20172,6724,REPORTS_TO
20173,6724,REPORTS_TO
20174,6725,REPORTS_TO
20175,6725,REPORTS_TO
20176,6725,REPORTS_TO
20177,6726,REPORTS_TO
20178,6726,REPORTS_TO
20179,6726,REPORTS_TO
20180,6727,REPORTS_TO
20181,6727,REPORTS_TO
20182,6727,REPORTS_TO
20183,6728,REPORTS_TO
20184,6728,REPORTS_TO
20185,6728,REPORTS_TO
20186,6729,REPORTS_TO
20187,6729,REPORTS_TO
20188,6729,REPORTS_TO
20189,6730,REPORTS_TO
20190,6730,REPORTS_TO
20191,6730,REPORTS_TO
20192,6731,REPORTS_TO
20193,6731,REPORTS_TO
20194,6731,REPORTS_TO
20195,6732,REPORTS_TO
20196,6732,REPORTS_TO
20197,6732,REPORTS_TO
20198,6733,REPORTS_TO
20199,6733,REPORTS_TO
20200,6733,REPORTS_TO
20201,6734,REPORTS_TO
20202,6734,REPORTS_TO
20203,6734,REPORTS_TO
20204,6735,REPORTS_TO
20205,6735,REPORTS_TO
20206,6735,REPORTS_TO
20207,6736,REPORTS_TO
20208,6736,REPORTS_TO
20209,6736,REPORTS_TO
20210,6737,REPORTS_TO
20211,6737,REPORTS_TO
20212,6737,REPORTS_TO
20213,6738,REPORTS_TO
20214,6738,REPORTS_TO
20215,6738,REPORTS_TO
20216,6739,REPORTS_TO
20217,6739,REPORTS_TO
20218,6739,REPORTS_TO
20219,6740,REPORTS_TO
20220,6740,REPORTS_TO
20221,6740,REPORTS_TO
20222,6741,REPORTS_TO
20223,6741,REPORTS_TO
20224,6741,REPORTS_TO
20225,6742,REPORTS_TO
20226,6742,REPORTS_TO
20227,6742,REPORTS_TO
20228,6743,REPORTS_TO
20229,6743,REPORTS_TO
20230,6743,REPORTS_TO
20231,6744,REPORTS_TO
20232,6744,REPORTS_TO
20233,6744,REPORTS_TO
20234,6745,REPORTS_TO
20235,6745,REPORTS_TO
20236,6745,REPORTS_TO
20237,6746,REPORTS_TO
20238,6746,REPORTS_TO
20239,6746,REPORTS_TO
20240,6747,REPORTS_TO
20241,6747,REPORTS_TO
20242,6747,REPORTS_TO
20243,6748,REPORTS_TO
20244,6748,REPORTS_TO
20245,6748,REPORTS_TO
20246,6749,REPORTS_TO
20247,6749,REPORTS_TO
20248,6749,REPORTS_TO
20249,6750,REPORTS_TO
20250,6750,REPORTS_TO
20251,6750,REPORTS_TO
20252,6751,REPORTS_TO
20253,6751,REPORTS_TO
20254,6751,REPORTS_TO
20255,6752,REPORTS_TO
20256,6752,REPORTS_TO
20257,6752,REPORTS_TO
20258,6753,REPORTS_TO
20259,6753,REPORTS_TO
20260,6753,REPORTS_TO
20261,6754,REPORTS_TO
20262,6754,REPORTS_TO
20263,6754,REPORTS_TO
20264,6755,REPORTS_TO
20265,6755,REPORTS_TO
20266,6755,REPORTS_TO
20267,6756,REPORTS_TO
20268,6756,REPORTS_TO
20269,6756,REPORTS_TO
20270,6757,REPORTS_TO
20271,6757,REPORTS_TO
20272,6757,REPORTS_TO
20273,6758,REPORTS_TO
20274,6758,REPORTS_TO
20275,6758,REPORTS_TO
20276,6759,REPORTS_TO
20277,6759,REPORTS_TO
20278,6759,REPORTS_TO
20279,6760,REPORTS_TO
20280,6760,REPORTS_TO
20281,6760,REPORTS_TO
20282,6761,REPORTS_TO
20283,6761,REPORTS_TO
20284,6761,REPORTS_TO
20285,6762,REPORTS_TO
20286,6762,REPORTS_TO
20287,6762,REPORTS_TO
20288,6763,REPORTS_TO
20289,6763,REPORTS_TO
20290,6763,REPORTS_TO
20291,6764,REPORTS_TO
20292,6764,REPORTS_TO
20293,6764,REPORTS_TO
20294,6765,REPORTS_TO
20295,6765,REPORTS_TO
20296,6765,REPORTS_TO
20297,6766,REPORTS_TO
20298,6766,REPORTS_TO
20299,6766,REPORTS_TO
20300,6767,REPORTS_TO
20301,6767,REPORTS_TO
20302,6767,REPORTS_TO
20303,6768,REPORTS_TO
20304,6768,REPORTS_TO
20305,6768,REPORTS_TO
20306,6769,REPORTS_TO
20307,6769,REPORTS_TO
20308,6769,REPORTS_TO
20309,6770,REPORTS_TO
20310,6770,REPORTS_TO
20311,6770,REPORTS_TO
20312,6771,REPORTS_TO
20313,6771,REPORTS_TO
20314,6771,REPORTS_TO
20315,6772,REPORTS_TO
20316,6772,REPORTS_TO
20317,6772,REPORTS_TO
20318,6773,REPORTS_TO
20319,6773,REPORTS_TO
20320,6773,REPORTS_TO
20321,6774,REPORTS_TO
20322,6774,REPORTS_TO
20323,6774,REPORTS_TO
20324,6775,REPORTS_TO
20325,6775,REPORTS_TO
20326,6775,REPORTS_TO
20327,6776,REPORTS_TO
20328,6776,REPORTS_TO
20329,6776,REPORTS_TO
20330,6777,REPORTS_TO
20331,6777,REPORTS_TO
20332,6777,REPORTS_TO
20333,6778,REPORTS_TO
20334,6778,REPORTS_TO
20335,6778,REPORTS_TO
20336,6779,REPORTS_TO
20337,6779,REPORTS_TO
20338,6779,REPORTS_TO
20339,6780,REPORTS_TO
20340,6780,REPORTS_TO
20341,6780,REPORTS_TO
20342,6781,REPORTS_TO
20343,6781,REPORTS_TO
20344,6781,REPORTS_TO
20345,6782,REPORTS_TO
20346,6782,REPORTS_TO
20347,6782,REPORTS_TO
20348,6783,REPORTS_TO
20349,6783,REPORTS_TO
20350,6783,REPORTS_TO
20351,6784,REPORTS_TO
20352,6784,REPORTS_TO
20353,6784,REPORTS_TO
20354,6785,REPORTS_TO
20355,6785,REPORTS_TO
20356,6785,REPORTS_TO
20357,6786,REPORTS_TO
20358,6786,REPORTS_TO
20359,6786,REPORTS_TO
20360,6787,REPORTS_TO
20361,6787,REPORTS_TO
20362,6787,REPORTS_TO
20363,6788,REPORTS_TO
20364,6788,REPORTS_TO
20365,6788,REPORTS_TO
20366,6789,REPORTS_TO
20367,6789,REPORTS_TO
20368,6789,REPORTS_TO
20369,6790,REPORTS_TO
20370,6790,REPORTS_TO
20371,6790,REPORTS_TO
20372,6791,REPORTS_TO
20373,6791,REPORTS_TO
20374,6791,REPORTS_TO
20375,6792,REPORTS_TO
20376,6792,REPORTS_TO
20377,6792,REPORTS_TO
20378,6793,REPORTS_TO
20379,6793,REPORTS_TO
20380,6793,REPORTS_TO
20381,6794,REPORTS_TO
20382,6794,REPORTS_TO
20383,6794,REPORTS_TO
20384,6795,REPORTS_TO
20385,6795,REPORTS_TO
20386,6795,REPORTS_TO
20387,6796,REPORTS_TO
20388,6796,REPORTS_TO
20389,6796,REPORTS_TO
20390,6797,REPORTS_TO
20391,6797,REPORTS_TO
20392,6797,REPORTS_TO
20393,6798,REPORTS_TO
20394,6798,REPORTS_TO
20395,6798,REPORTS_TO
20396,6799,REPORTS_TO
20397,6799,REPORTS_TO
20398,6799,REPORTS_TO
20399,6800,REPORTS_TO
20400,6800,REPORTS_TO
20401,6800,REPORTS_TO
20402,6801,REPORTS_TO
20403,6801,REPORTS_TO
20404,6801,REPORTS_TO
20405,6802,REPORTS_TO
20406,6802,REPORTS_TO
20407,6802,REPORTS_TO
20408,6803,REPORTS_TO
20409,6803,REPORTS_TO
20410,6803,REPORTS_TO
20411,6804,REPORTS_TO
20412,6804,REPORTS_TO
20413,6804,REPORTS_TO
20414,6805,REPORTS_TO
20415,6805,REPORTS_TO
20416,6805,REPORTS_TO
20417,6806,REPORTS_TO
20418,6806,REPORTS_TO
20419,6806,REPORTS_TO
20420,6807,REPORTS_TO
20421,6807,REPORTS_TO
20422,6807,REPORTS_TO
20423,6808,REPORTS_TO
20424,6808,REPORTS_TO
20425,6808,REPORTS_TO
20426,6809,REPORTS_TO
20427,6809,REPORTS_TO
20428,6809,REPORTS_TO
20429,6810,REPORTS_TO
20430,6810,REPORTS_TO
20431,6810,REPORTS_TO
20432,6811,REPORTS_TO
20433,6811,REPORTS_TO
20434,6811,REPORTS_TO
20435,6812,REPORTS_TO
20436,6812,REPORTS_TO
20437,6812,REPORTS_TO
20438,6813,REPORTS_TO
20439,6813,REPORTS_TO
20440,6813,REPORTS_TO
20441,6814,REPORTS_TO
20442,6814,REPORTS_TO
20443,6814,REPORTS_TO
20444,6815,REPORTS_TO
20445,6815,REPORTS_TO
20446,6815,REPORTS_TO
20447,6816,REPORTS_TO
20448,6816,REPORTS_TO
20449,6816,REPORTS_TO
20450,6817,REPORTS_TO
20451,6817,REPORTS_TO
20452,6817,REPORTS_TO
20453,6818,REPORTS_TO
20454,6818,REPORTS_TO
20455,6818,REPORTS_TO
20456,6819,REPORTS_TO
20457,6819,REPORTS_TO
20458,6819,REPORTS_TO
20459,6820,REPORTS_TO
20460,6820,REPORTS_TO
20461,6820,REPORTS_TO
20462,6821,REPORTS_TO
20463,6821,REPORTS_TO
20464,6821,REPORTS_TO
20465,6822,REPORTS_TO
20466,6822,REPORTS_TO
20467,6822,REPORTS_TO
20468,6823,REPORTS_TO
20469,6823,REPORTS_TO
20470,6823,REPORTS_TO
20471,6824,REPORTS_TO
20472,6824,REPORTS_TO
20473,6824,REPORTS_TO
20474,6825,REPORTS_TO
20475,6825,REPORTS_TO
20476,6825,REPORTS_TO
20477,6826,REPORTS_TO
20478,6826,REPORTS_TO
20479,6826,REPORTS_TO
20480,6827,REPORTS_TO
20481,6827,REPORTS_TO
20482,6827,REPORTS_TO
20483,6828,REPORTS_TO
20484,6828,REPORTS_TO
20485,6828,REPORTS_TO
20486,6829,REPORTS_TO
20487,6829,REPORTS_TO
20488,6829,REPORTS_TO
20489,6830,REPORTS_TO
20490,6830,REPORTS_TO
20491,6830,REPORTS_TO
20492,6831,REPORTS_TO
20493,6831,REPORTS_TO
20494,6831,REPORTS_TO
20495,6832,REPORTS_TO
20496,6832,REPORTS_TO
20497,6832,REPORTS_TO
20498,6833,REPORTS_TO
20499,6833,REPORTS_TO
20500,6833,REPORTS_TO
20501,6834,REPORTS_TO
20502,6834,REPORTS_TO
20503,6834,REPORTS_TO
20504,6835,REPORTS_TO
20505,6835,REPORTS_TO
20506,6835,REPORTS_TO
20507,6836,REPORTS_TO
20508,6836,REPORTS_TO
20509,6836,REPORTS_TO
20510,6837,REPORTS_TO
20511,6837,REPORTS_TO
20512,6837,REPORTS_TO
20513,6838,REPORTS_TO
20514,6838,REPORTS_TO
20515,6838,REPORTS_TO
20516,6839,REPORTS_TO
20517,6839,REPORTS_TO
20518,6839,REPORTS_TO
20519,6840,REPORTS_TO
20520,6840,REPORTS_TO
20521,6840,REPORTS_TO
20522,6841,REPORTS_TO
20523,6841,REPORTS_TO
20524,6841,REPORTS_TO
20525,6842,REPORTS_TO
20526,6842,REPORTS_TO
20527,6842,REPORTS_TO
20528,6843,REPORTS_TO
20529,6843,REPORTS_TO
20530,6843,REPORTS_TO
20531,6844,REPORTS_TO
20532,6844,REPORTS_TO
20533,6844,REPORTS_TO
20534,6845,REPORTS_TO
20535,6845,REPORTS_TO
20536,6845,REPORTS_TO
20537,6846,REPORTS_TO
20538,6846,REPORTS_TO
20539,6846,REPORTS_TO
20540,6847,REPORTS_TO
20541,6847,REPORTS_TO
20542,6847,REPORTS_TO
20543,6848,REPORTS_TO
20544,6848,REPORTS_TO
20545,6848,REPORTS_TO
20546,6849,REPORTS_TO
20547,6849,REPORTS_TO
20548,6849,REPORTS_TO
20549,6850,REPORTS_TO
20550,6850,REPORTS_TO
20551,6850,REPORTS_TO
20552,6851,REPORTS_TO
20553,6851,REPORTS_TO
20554,6851,REPORTS_TO
20555,6852,REPORTS_TO
20556,6852,REPORTS_TO
20557,6852,REPORTS_TO
20558,6853,REPORTS_TO
20559,6853,REPORTS_TO
20560,6853,REPORTS_TO
20561,6854,REPORTS_TO
20562,6854,REPORTS_TO
20563,6854,REPORTS_TO
20564,6855,REPORTS_TO
20565,6855,REPORTS_TO
20566,6855,REPORTS_TO
20567,6856,REPORTS_TO
20568,6856,REPORTS_TO
20569,6856,REPORTS_TO
20570,6857,REPORTS_TO
20571,6857,REPORTS_TO
20572,6857,REPORTS_TO
20573,6858,REPORTS_TO
20574,6858,REPORTS_TO
20575,6858,REPORTS_TO
20576,6859,REPORTS_TO
20577,6859,REPORTS_TO
20578,6859,REPORTS_TO
20579,6860,REPORTS_TO
20580,6860,REPORTS_TO
20581,6860,REPORTS_TO
20582,6861,REPORTS_TO
20583,6861,REPORTS_TO
20584,6861,REPORTS_TO
20585,6862,REPORTS_TO
20586,6862,REPORTS_TO
20587,6862,REPORTS_TO
20588,6863,REPORTS_TO
20589,6863,REPORTS_TO
20590,6863,REPORTS_TO
20591,6864,REPORTS_TO
20592,6864,REPORTS_TO
20593,6864,REPORTS_TO
20594,6865,REPORTS_TO
20595,6865,REPORTS_TO
20596,6865,REPORTS_TO
20597,6866,REPORTS_TO
20598,6866,REPORTS_TO
20599,6866,REPORTS_TO
20600,6867,REPORTS_TO
20601,6867,REPORTS_TO
20602,6867,REPORTS_TO
20603,6868,REPORTS_TO
20604,6868,REPORTS_TO
20605,6868,REPORTS_TO
20606,6869,REPORTS_TO
20607,6869,REPORTS_TO
20608,6869,REPORTS_TO
20609,6870,REPORTS_TO
20610,6870,REPORTS_TO
20611,6870,REPORTS_TO
20612,6871,REPORTS_TO
20613,6871,REPORTS_TO
20614,6871,REPORTS_TO
20615,6872,REPORTS_TO
20616,6872,REPORTS_TO
20617,6872,REPORTS_TO
20618,6873,REPORTS_TO
20619,6873,REPORTS_TO
20620,6873,REPORTS_TO
20621,6874,REPORTS_TO
20622,6874,REPORTS_TO
20623,6874,REPORTS_TO
20624,6875,REPORTS_TO
20625,6875,REPORTS_TO
20626,6875,REPORTS_TO
20627,6876,REPORTS_TO
20628,6876,REPORTS_TO
20629,6876,REPORTS_TO
20630,6877,REPORTS_TO
20631,6877,REPORTS_TO
20632,6877,REPORTS_TO
20633,6878,REPORTS_TO
20634,6878,REPORTS_TO
20635,6878,REPORTS_TO
20636,6879,REPORTS_TO
20637,6879,REPORTS_TO
20638,6879,REPORTS_TO
20639,6880,REPORTS_TO
20640,6880,REPORTS_TO
20641,6880,REPORTS_TO
20642,6881,REPORTS_TO
20643,6881,REPORTS_TO
20644,6881,REPORTS_TO
20645,6882,REPORTS_TO
20646,6882,REPORTS_TO
20647,6882,REPORTS_TO
20648,6883,REPORTS_TO
20649,6883,REPORTS_TO
20650,6883,REPORTS_TO
20651,6884,REPORTS_TO
20652,6884,REPORTS_TO
20653,6884,REPORTS_TO
20654,6885,REPORTS_TO
20655,6885,REPORTS_TO
20656,6885,REPORTS_TO
20657,6886,REPORTS_TO
20658,6886,REPORTS_TO
20659,6886,REPORTS_TO
20660,6887,REPORTS_TO
20661,6887,REPORTS_TO
20662,6887,REPORTS_TO
20663,6888,REPORTS_TO
20664,6888,REPORTS_TO
20665,6888,REPORTS_TO
20666,6889,REPORTS_TO
20667,6889,REPORTS_TO
20668,6889,REPORTS_TO
20669,6890,REPORTS_TO
20670,6890,REPORTS_TO
20671,6890,REPORTS_TO
20672,6891,REPORTS_TO
20673,6891,REPORTS_TO
20674,6891,REPORTS_TO
20675,6892,REPORTS_TO
20676,6892,REPORTS_TO
20677,6892,REPORTS_TO
20678,6893,REPORTS_TO
20679,6893,REPORTS_TO
20680,6893,REPORTS_TO
20681,6894,REPORTS_TO
20682,6894,REPORTS_TO
20683,6894,REPORTS_TO
20684,6895,REPORTS_TO
20685,6895,REPORTS_TO
20686,6895,REPORTS_TO
20687,6896,REPORTS_TO
20688,6896,REPORTS_TO
20689,6896,REPORTS_TO
20690,6897,REPORTS_TO
20691,6897,REPORTS_TO
20692,6897,REPORTS_TO
20693,6898,REPORTS_TO
20694,6898,REPORTS_TO
20695,6898,REPORTS_TO
20696,6899,REPORTS_TO
20697,6899,REPORTS_TO
20698,6899,REPORTS_TO
20699,6900,REPORTS_TO
20700,6900,REPORTS_TO
20701,6900,REPORTS_TO
20702,6901,REPORTS_TO
20703,6901,REPORTS_TO
20704,6901,REPORTS_TO
20705,6902,REPORTS_TO
20706,6902,REPORTS_TO
20707,6902,REPORTS_TO
20708,6903,REPORTS_TO
20709,6903,REPORTS_TO
20710,6903,REPORTS_TO
20711,6904,REPORTS_TO
20712,6904,REPORTS_TO
20713,6904,REPORTS_TO
20714,6905,REPORTS_TO
20715,6905,REPORTS_TO
20716,6905,REPORTS_TO
20717,6906,REPORTS_TO
20718,6906,REPORTS_TO
20719,6906,REPORTS_TO
20720,6907,REPORTS_TO
20721,6907,REPORTS_TO
20722,6907,REPORTS_TO
20723,6908,REPORTS_TO
20724,6908,REPORTS_TO
20725,6908,REPORTS_TO
20726,6909,REPORTS_TO
20727,6909,REPORTS_TO
20728,6909,REPORTS_TO
20729,6910,REPORTS_TO
20730,6910,REPORTS_TO
20731,6910,REPORTS_TO
20732,6911,REPORTS_TO
20733,6911,REPORTS_TO
20734,6911,REPORTS_TO
20735,6912,REPORTS_TO
20736,6912,REPORTS_TO
20737,6912,REPORTS_TO
20738,6913,REPORTS_TO
20739,6913,REPORTS_TO
20740,6913,REPORTS_TO
20741,6914,REPORTS_TO
20742,6914,REPORTS_TO
20743,6914,REPORTS_TO
20744,6915,REPORTS_TO
20745,6915,REPORTS_TO
20746,6915,REPORTS_TO
20747,6916,REPORTS_TO
20748,6916,REPORTS_TO
20749,6916,REPORTS_TO
20750,6917,REPORTS_TO
20751,6917,REPORTS_TO
20752,6917,REPORTS_TO
20753,6918,REPORTS_TO
20754,6918,REPORTS_TO
20755,6918,REPORTS_TO
20756,6919,REPORTS_TO
20757,6919,REPORTS_TO
20758,6919,REPORTS_TO
20759,6920,REPORTS_TO
20760,6920,REPORTS_TO
20761,6920,REPORTS_TO
20762,6921,REPORTS_TO
20763,6921,REPORTS_TO
20764,6921,REPORTS_TO
20765,6922,REPORTS_TO
20766,6922,REPORTS_TO
20767,6922,REPORTS_TO
20768,6923,REPORTS_TO
20769,6923,REPORTS_TO
20770,6923,REPORTS_TO
20771,6924,REPORTS_TO
20772,6924,REPORTS_TO
20773,6924,REPORTS_TO
20774,6925,REPORTS_TO
20775,6925,REPORTS_TO
20776,6925,REPORTS_TO
20777,6926,REPORTS_TO
20778,6926,REPORTS_TO
20779,6926,REPORTS_TO
20780,6927,REPORTS_TO
20781,6927,REPORTS_TO
20782,6927,REPORTS_TO
20783,6928,REPORTS_TO
20784,6928,REPORTS_TO
20785,6928,REPORTS_TO
20786,6929,REPORTS_TO
20787,6929,REPORTS_TO
20788,6929,REPORTS_TO
20789,6930,REPORTS_TO
20790,6930,REPORTS_TO
20791,6930,REPORTS_TO
20792,6931,REPORTS_TO
20793,6931,REPORTS_TO
20794,6931,REPORTS_TO
20795,6932,REPORTS_TO
20796,6932,REPORTS_TO
20797,6932,REPORTS_TO
20798,6933,REPORTS_TO
20799,6933,REPORTS_TO
20800,6933,REPORTS_TO
20801,6934,REPORTS_TO
20802,6934,REPORTS_TO
20803,6934,REPORTS_TO
20804,6935,REPORTS_TO
20805,6935,REPORTS_TO
20806,6935,REPORTS_TO
20807,6936,REPORTS_TO
20808,6936,REPORTS_TO
20809,6936,REPORTS_TO
20810,6937,REPORTS_TO
20811,6937,REPORTS_TO
20812,6937,REPORTS_TO
20813,6938,REPORTS_TO
20814,6938,REPORTS_TO
20815,6938,REPORTS_TO
20816,6939,REPORTS_TO
20817,6939,REPORTS_TO
20818,6939,REPORTS_TO
20819,6940,REPORTS_TO
20820,6940,REPORTS_TO
20821,6940,REPORTS_TO
20822,6941,REPORTS_TO
20823,6941,REPORTS_TO
20824,6941,REPORTS_TO
20825,6942,REPORTS_TO
20826,6942,REPORTS_TO
20827,6942,REPORTS_TO
20828,6943,REPORTS_TO
20829,6943,REPORTS_TO
20830,6943,REPORTS_TO
20831,6944,REPORTS_TO
20832,6944,REPORTS_TO
20833,6944,REPORTS_TO
20834,6945,REPORTS_TO
20835,6945,REPORTS_TO
20836,6945,REPORTS_TO
20837,6946,REPORTS_TO
20838,6946,REPORTS_TO
20839,6946,REPORTS_TO
20840,6947,REPORTS_TO
20841,6947,REPORTS_TO
20842,6947,REPORTS_TO
20843,6948,REPORTS_TO
20844,6948,REPORTS_TO
20845,6948,REPORTS_TO
20846,6949,REPORTS_TO
20847,6949,REPORTS_TO
20848,6949,REPORTS_TO
20849,6950,REPORTS_TO
20850,6950,REPORTS_TO
20851,6950,REPORTS_TO
20852,6951,REPORTS_TO
20853,6951,REPORTS_TO
20854,6951,REPORTS_TO
20855,6952,REPORTS_TO
20856,6952,REPORTS_TO
20857,6952,REPORTS_TO
20858,6953,REPORTS_TO
20859,6953,REPORTS_TO
20860,6953,REPORTS_TO
20861,6954,REPORTS_TO
20862,6954,REPORTS_TO
20863,6954,REPORTS_TO
20864,6955,REPORTS_TO
20865,6955,REPORTS_TO
20866,6955,REPORTS_TO
20867,6956,REPORTS_TO
20868,6956,REPORTS_TO
20869,6956,REPORTS_TO
20870,6957,REPORTS_TO
20871,6957,REPORTS_TO
20872,6957,REPORTS_TO
20873,6958,REPORTS_TO
20874,6958,REPORTS_TO
20875,6958,REPORTS_TO
20876,6959,REPORTS_TO
20877,6959,REPORTS_TO
20878,6959,REPORTS_TO
20879,6960,REPORTS_TO
20880,6960,REPORTS_TO
20881,6960,REPORTS_TO
20882,6961,REPORTS_TO
20883,6961,REPORTS_TO
20884,6961,REPORTS_TO
20885,6962,REPORTS_TO
20886,6962,REPORTS_TO
20887,6962,REPORTS_TO
20888,6963,REPORTS_TO
20889,6963,REPORTS_TO
20890,6963,REPORTS_TO
20891,6964,REPORTS_TO
20892,6964,REPORTS_TO
20893,6964,REPORTS_TO
20894,6965,REPORTS_TO
20895,6965,REPORTS_TO
20896,6965,REPORTS_TO
20897,6966,REPORTS_TO
20898,6966,REPORTS_TO
20899,6966,REPORTS_TO
20900,6967,REPORTS_TO
20901,6967,REPORTS_TO
20902,6967,REPORTS_TO
20903,6968,REPORTS_TO
20904,6968,REPORTS_TO
20905,6968,REPORTS_TO
20906,6969,REPORTS_TO
20907,6969,REPORTS_TO
20908,6969,REPORTS_TO
20909,6970,REPORTS_TO
20910,6970,REPORTS_TO
20911,6970,REPORTS_TO
20912,6971,REPORTS_TO
20913,6971,REPORTS_TO
20914,6971,REPORTS_TO
20915,6972,REPORTS_TO
20916,6972,REPORTS_TO
20917,6972,REPORTS_TO
20918,6973,REPORTS_TO
20919,6973,REPORTS_TO
20920,6973,REPORTS_TO
20921,6974,REPORTS_TO
20922,6974,REPORTS_TO
20923,6974,REPORTS_TO
20924,6975,REPORTS_TO
20925,6975,REPORTS_TO
20926,6975,REPORTS_TO
20927,6976,REPORTS_TO
20928,6976,REPORTS_TO
20929,6976,REPORTS_TO
20930,6977,REPORTS_TO
20931,6977,REPORTS_TO
20932,6977,REPORTS_TO
20933,6978,REPORTS_TO
20934,6978,REPORTS_TO
20935,6978,REPORTS_TO
20936,6979,REPORTS_TO
20937,6979,REPORTS_TO
20938,6979,REPORTS_TO
20939,6980,REPORTS_TO
20940,6980,REPORTS_TO
20941,6980,REPORTS_TO
20942,6981,REPORTS_TO
20943,6981,REPORTS_TO
20944,6981,REPORTS_TO
20945,6982,REPORTS_TO
20946,6982,REPORTS_TO
20947,6982,REPORTS_TO
20948,6983,REPORTS_TO
20949,6983,REPORTS_TO
20950,6983,REPORTS_TO
20951,6984,REPORTS_TO
20952,6984,REPORTS_TO
20953,6984,REPORTS_TO
20954,6985,REPORTS_TO
20955,6985,REPORTS_TO
20956,6985,REPORTS_TO
20957,6986,REPORTS_TO
20958,6986,REPORTS_TO
20959,6986,REPORTS_TO
20960,6987,REPORTS_TO
20961,6987,REPORTS_TO
20962,6987,REPORTS_TO
20963,6988,REPORTS_TO
20964,6988,REPORTS_TO
20965,6988,REPORTS_TO
20966,6989,REPORTS_TO
20967,6989,REPORTS_TO
20968,6989,REPORTS_TO
20969,6990,REPORTS_TO
20970,6990,REPORTS_TO
20971,6990,REPORTS_TO
20972,6991,REPORTS_TO
20973,6991,REPORTS_TO
20974,6991,REPORTS_TO
20975,6992,REPORTS_TO
20976,6992,REPORTS_TO
20977,6992,REPORTS_TO
20978,6993,REPORTS_TO
20979,6993,REPORTS_TO
20980,6993,REPORTS_TO
20981,6994,REPORTS_TO
20982,6994,REPORTS_TO
20983,6994,REPORTS_TO
20984,6995,REPORTS_TO
20985,6995,REPORTS_TO
20986,6995,REPORTS_TO
20987,6996,REPORTS_TO
20988,6996,REPORTS_TO
20989,6996,REPORTS_TO
20990,6997,REPORTS_TO
20991,6997,REPORTS_TO
20992,6997,REPORTS_TO
20993,6998,REPORTS_TO
20994,6998,REPORTS_TO
20995,6998,REPORTS_TO
20996,6999,REPORTS_TO
20997,6999,REPORTS_TO
20998,6999,REPORTS_TO
20999,7000,REPORTS_TO
21000,7000,REPORTS_TO
21001,7000,REPORTS_TO
21002,7001,REPORTS_TO
21003,7001,REPORTS_TO
21004,7001,REPORTS_TO
21005,7002,REPORTS_TO
21006,7002,REPORTS_TO
21007,7002,REPORTS_TO
21008,7003,REPORTS_TO
21009,7003,REPORTS_TO
21010,7003,REPORTS_TO
21011,7004,REPORTS_TO
21012,7004,REPORTS_TO
21013,7004,REPORTS_TO
21014,7005,REPORTS_TO
21015,7005,REPORTS_TO
21016,7005,REPORTS_TO
21017,7006,REPORTS_TO
21018,7006,REPORTS_TO
21019,7006,REPORTS_TO
21020,7007,REPORTS_TO
21021,7007,REPORTS_TO
21022,7007,REPORTS_TO
21023,7008,REPORTS_TO
21024,7008,REPORTS_TO
21025,7008,REPORTS_TO
21026,7009,REPORTS_TO
21027,7009,REPORTS_TO
21028,7009,REPORTS_TO
21029,7010,REPORTS_TO
21030,7010,REPORTS_TO
21031,7010,REPORTS_TO
21032,7011,REPORTS_TO
21033,7011,REPORTS_TO
21034,7011,REPORTS_TO
21035,7012,REPORTS_TO
21036,7012,REPORTS_TO
21037,7012,REPORTS_TO
21038,7013,REPORTS_TO
21039,7013,REPORTS_TO
21040,7013,REPORTS_TO
21041,7014,REPORTS_TO
21042,7014,REPORTS_TO
21043,7014,REPORTS_TO
21044,7015,REPORTS_TO
21045,7015,REPORTS_TO
21046,7015,REPORTS_TO
21047,7016,REPORTS_TO
21048,7016,REPORTS_TO
21049,7016,REPORTS_TO
21050,7017,REPORTS_TO
21051,7017,REPORTS_TO
21052,7017,REPORTS_TO
21053,7018,REPORTS_TO
21054,7018,REPORTS_TO
21055,7018,REPORTS_TO
21056,7019,REPORTS_TO
21057,7019,REPORTS_TO
21058,7019,REPORTS_TO
21059,7020,REPORTS_TO
21060,7020,REPORTS_TO
21061,7020,REPORTS_TO
21062,7021,REPORTS_TO
21063,7021,REPORTS_TO
21064,7021,REPORTS_TO
21065,7022,REPORTS_TO
21066,7022,REPORTS_TO
21067,7022,REPORTS_TO
21068,7023,REPORTS_TO
21069,7023,REPORTS_TO
21070,7023,REPORTS_TO
21071,7024,REPORTS_TO
21072,7024,REPORTS_TO
21073,7024,REPORTS_TO
21074,7025,REPORTS_TO
21075,7025,REPORTS_TO
21076,7025,REPORTS_TO
21077,7026,REPORTS_TO
21078,7026,REPORTS_TO
21079,7026,REPORTS_TO
21080,7027,REPORTS_TO
21081,7027,REPORTS_TO
21082,7027,REPORTS_TO
21083,7028,REPORTS_TO
21084,7028,REPORTS_TO
21085,7028,REPORTS_TO
21086,7029,REPORTS_TO
21087,7029,REPORTS_TO
21088,7029,REPORTS_TO
21089,7030,REPORTS_TO
21090,7030,REPORTS_TO
21091,7030,REPORTS_TO
21092,7031,REPORTS_TO
21093,7031,REPORTS_TO
21094,7031,REPORTS_TO
21095,7032,REPORTS_TO
21096,7032,REPORTS_TO
21097,7032,REPORTS_TO
21098,7033,REPORTS_TO
21099,7033,REPORTS_TO
21100,7033,REPORTS_TO
21101,7034,REPORTS_TO
21102,7034,REPORTS_TO
21103,7034,REPORTS_TO
21104,7035,REPORTS_TO
21105,7035,REPORTS_TO
21106,7035,REPORTS_TO
21107,7036,REPORTS_TO
21108,7036,REPORTS_TO
21109,7036,REPORTS_TO
21110,7037,REPORTS_TO
21111,7037,REPORTS_TO
21112,7037,REPORTS_TO
21113,7038,REPORTS_TO
21114,7038,REPORTS_TO
21115,7038,REPORTS_TO
21116,7039,REPORTS_TO
21117,7039,REPORTS_TO
21118,7039,REPORTS_TO
21119,7040,REPORTS_TO
21120,7040,REPORTS_TO
21121,7040,REPORTS_TO
21122,7041,REPORTS_TO
21123,7041,REPORTS_TO
21124,7041,REPORTS_TO
21125,7042,REPORTS_TO
21126,7042,REPORTS_TO
21127,7042,REPORTS_TO
21128,7043,REPORTS_TO
21129,7043,REPORTS_TO
21130,7043,REPORTS_TO
21131,7044,REPORTS_TO
21132,7044,REPORTS_TO
21133,7044,REPORTS_TO
21134,7045,REPORTS_TO
21135,7045,REPORTS_TO
21136,7045,REPORTS_TO
21137,7046,REPORTS_TO
21138,7046,REPORTS_TO
21139,7046,REPORTS_TO
21140,7047,REPORTS_TO
21141,7047,REPORTS_TO
21142,7047,REPORTS_TO
21143,7048,REPORTS_TO
21144,7048,REPORTS_TO
21145,7048,REPORTS_TO
21146,7049,REPORTS_TO
21147,7049,REPORTS_TO
21148,7049,REPORTS_TO
21149,7050,REPORTS_TO
21150,7050,REPORTS_TO
21151,7050,REPORTS_TO
21152,7051,REPORTS_TO
21153,7051,REPORTS_TO
21154,7051,REPORTS_TO
21155,7052,REPORTS_TO
21156,7052,REPORTS_TO
21157,7052,REPORTS_TO
21158,7053,REPORTS_TO
21159,7053,REPORTS_TO
21160,7053,REPORTS_TO
21161,7054,REPORTS_TO
21162,7054,REPORTS_TO
21163,7054,REPORTS_TO
21164,7055,REPORTS_TO
21165,7055,REPORTS_TO
21166,7055,REPORTS_TO
21167,7056,REPORTS_TO
21168,7056,REPORTS_TO
21169,7056,REPORTS_TO
21170,7057,REPORTS_TO
21171,7057,REPORTS_TO
21172,7057,REPORTS_TO
21173,7058,REPORTS_TO
21174,7058,REPORTS_TO
21175,7058,REPORTS_TO
21176,7059,REPORTS_TO
21177,7059,REPORTS_TO
21178,7059,REPORTS_TO
21179,7060,REPORTS_TO
21180,7060,REPORTS_TO
21181,7060,REPORTS_TO
21182,7061,REPORTS_TO
21183,7061,REPORTS_TO
21184,7061,REPORTS_TO
21185,7062,REPORTS_TO
21186,7062,REPORTS_TO
21187,7062,REPORTS_TO
21188,7063,REPORTS_TO
21189,7063,REPORTS_TO
21190,7063,REPORTS_TO
21191,7064,REPORTS_TO
21192,7064,REPORTS_TO
21193,7064,REPORTS_TO
21194,7065,REPORTS_TO
21195,7065,REPORTS_TO
21196,7065,REPORTS_TO
21197,7066,REPORTS_TO
21198,7066,REPORTS_TO
21199,7066,REPORTS_TO
21200,7067,REPORTS_TO
21201,7067,REPORTS_TO
21202,7067,REPORTS_TO
21203,7068,REPORTS_TO
21204,7068,REPORTS_TO
21205,7068,REPORTS_TO
21206,7069,REPORTS_TO
21207,7069,REPORTS_TO
21208,7069,REPORTS_TO
21209,7070,REPORTS_TO
21210,7070,REPORTS_TO
21211,7070,REPORTS_TO
21212,7071,REPORTS_TO
21213,7071,REPORTS_TO
21214,7071,REPORTS_TO
21215,7072,REPORTS_TO
21216,7072,REPORTS_TO
21217,7072,REPORTS_TO
21218,7073,REPORTS_TO
21219,7073,REPORTS_TO
21220,7073,REPORTS_TO
21221,7074,REPORTS_TO
21222,7074,REPORTS_TO
21223,7074,REPORTS_TO
21224,7075,REPORTS_TO
21225,7075,REPORTS_TO
21226,7075,REPORTS_TO
21227,7076,REPORTS_TO
21228,7076,REPORTS_TO
21229,7076,REPORTS_TO
21230,7077,REPORTS_TO
21231,7077,REPORTS_TO
21232,7077,REPORTS_TO
21233,7078,REPORTS_TO
21234,7078,REPORTS_TO
21235,7078,REPORTS_TO
21236,7079,REPORTS_TO
21237,7079,REPORTS_TO
21238,7079,REPORTS_TO
21239,7080,REPORTS_TO
21240,7080,REPORTS_TO
21241,7080,REPORTS_TO
21242,7081,REPORTS_TO
21243,7081,REPORTS_TO
21244,7081,REPORTS_TO
21245,7082,REPORTS_TO
21246,7082,REPORTS_TO
21247,7082,REPORTS_TO
21248,7083,REPORTS_TO
21249,7083,REPORTS_TO
21250,7083,REPORTS_TO
21251,7084,REPORTS_TO
21252,7084,REPORTS_TO
21253,7084,REPORTS_TO
21254,7085,REPORTS_TO
21255,7085,REPORTS_TO
21256,7085,REPORTS_TO
21257,7086,REPORTS_TO
21258,7086,REPORTS_TO
21259,7086,REPORTS_TO
21260,7087,REPORTS_TO
21261,7087,REPORTS_TO
21262,7087,REPORTS_TO
21263,7088,REPORTS_TO
21264,7088,REPORTS_TO
21265,7088,REPORTS_TO
21266,7089,REPORTS_TO
21267,7089,REPORTS_TO
21268,7089,REPORTS_TO
21269,7090,REPORTS_TO
21270,7090,REPORTS_TO
21271,7090,REPORTS_TO
21272,7091,REPORTS_TO
21273,7091,REPORTS_TO
21274,7091,REPORTS_TO
21275,7092,REPORTS_TO
21276,7092,REPORTS_TO
21277,7092,REPORTS_TO
21278,7093,REPORTS_TO
21279,7093,REPORTS_TO
21280,7093,REPORTS_TO
21281,7094,REPORTS_TO
21282,7094,REPORTS_TO
21283,7094,REPORTS_TO
21284,7095,REPORTS_TO
21285,7095,REPORTS_TO
21286,7095,REPORTS_TO
21287,7096,REPORTS_TO
21288,7096,REPORTS_TO
21289,7096,REPORTS_TO
21290,7097,REPORTS_TO
21291,7097,REPORTS_TO
21292,7097,REPORTS_TO
21293,7098,REPORTS_TO
21294,7098,REPORTS_TO
21295,7098,REPORTS_TO
21296,7099,REPORTS_TO
21297,7099,REPORTS_TO
21298,7099,REPORTS_TO
21299,7100,REPORTS_TO
21300,7100,REPORTS_TO
21301,7100,REPORTS_TO
21302,7101,REPORTS_TO
21303,7101,REPORTS_TO
21304,7101,REPORTS_TO
21305,7102,REPORTS_TO
21306,7102,REPORTS_TO
21307,7102,REPORTS_TO
21308,7103,REPORTS_TO
21309,7103,REPORTS_TO
21310,7103,REPORTS_TO
21311,7104,REPORTS_TO
21312,7104,REPORTS_TO
21313,7104,REPORTS_TO
21314,7105,REPORTS_TO
21315,7105,REPORTS_TO
21316,7105,REPORTS_TO
21317,7106,REPORTS_TO
21318,7106,REPORTS_TO
21319,7106,REPORTS_TO
21320,7107,REPORTS_TO
21321,7107,REPORTS_TO
21322,7107,REPORTS_TO
21323,7108,REPORTS_TO
21324,7108,REPORTS_TO
21325,7108,REPORTS_TO
21326,7109,REPORTS_TO
21327,7109,REPORTS_TO
21328,7109,REPORTS_TO
21329,7110,REPORTS_TO
21330,7110,REPORTS_TO
21331,7110,REPORTS_TO
21332,7111,REPORTS_TO
21333,7111,REPORTS_TO
21334,7111,REPORTS_TO
21335,7112,REPORTS_TO
21336,7112,REPORTS_TO
21337,7112,REPORTS_TO
21338,7113,REPORTS_TO
21339,7113,REPORTS_TO
21340,7113,REPORTS_TO
21341,7114,REPORTS_TO
21342,7114,REPORTS_TO
21343,7114,REPORTS_TO
21344,7115,REPORTS_TO
21345,7115,REPORTS_TO
21346,7115,REPORTS_TO
21347,7116,REPORTS_TO
21348,7116,REPORTS_TO
21349,7116,REPORTS_TO
21350,7117,REPORTS_TO
21351,7117,REPORTS_TO
21352,7117,REPORTS_TO
21353,7118,REPORTS_TO
21354,7118,REPORTS_TO
21355,7118,REPORTS_TO
21356,7119,REPORTS_TO
21357,7119,REPORTS_TO
21358,7119,REPORTS_TO
21359,7120,REPORTS_TO
21360,7120,REPORTS_TO
21361,7120,REPORTS_TO
21362,7121,REPORTS_TO
21363,7121,REPORTS_TO
21364,7121,REPORTS_TO
21365,7122,REPORTS_TO
21366,7122,REPORTS_TO
21367,7122,REPORTS_TO
21368,7123,REPORTS_TO
21369,7123,REPORTS_TO
21370,7123,REPORTS_TO
21371,7124,REPORTS_TO
21372,7124,REPORTS_TO
21373,7124,REPORTS_TO
21374,7125,REPORTS_TO
21375,7125,REPORTS_TO
21376,7125,REPORTS_TO
21377,7126,REPORTS_TO
21378,7126,REPORTS_TO
21379,7126,REPORTS_TO
21380,7127,REPORTS_TO
21381,7127,REPORTS_TO
21382,7127,REPORTS_TO
21383,7128,REPORTS_TO
21384,7128,REPORTS_TO
21385,7128,REPORTS_TO
21386,7129,REPORTS_TO
21387,7129,REPORTS_TO
21388,7129,REPORTS_TO
21389,7130,REPORTS_TO
21390,7130,REPORTS_TO
21391,7130,REPORTS_TO
21392,7131,REPORTS_TO
21393,7131,REPORTS_TO
21394,7131,REPORTS_TO
21395,7132,REPORTS_TO
21396,7132,REPORTS_TO
21397,7132,REPORTS_TO
21398,7133,REPORTS_TO
21399,7133,REPORTS_TO
21400,7133,REPORTS_TO
21401,7134,REPORTS_TO
21402,7134,REPORTS_TO
21403,7134,REPORTS_TO
21404,7135,REPORTS_TO
21405,7135,REPORTS_TO
21406,7135,REPORTS_TO
21407,7136,REPORTS_TO
21408,7136,REPORTS_TO
21409,7136,REPORTS_TO
21410,7137,REPORTS_TO
21411,7137,REPORTS_TO
21412,7137,REPORTS_TO
21413,7138,REPORTS_TO
21414,7138,REPORTS_TO
21415,7138,REPORTS_TO
21416,7139,REPORTS_TO
21417,7139,REPORTS_TO
21418,7139,REPORTS_TO
21419,7140,REPORTS_TO
21420,7140,REPORTS_TO
21421,7140,REPORTS_TO
21422,7141,REPORTS_TO
21423,7141,REPORTS_TO
21424,7141,REPORTS_TO
21425,7142,REPORTS_TO
21426,7142,REPORTS_TO
21427,7142,REPORTS_TO
21428,7143,REPORTS_TO
21429,7143,REPORTS_TO
21430,7143,REPORTS_TO
21431,7144,REPORTS_TO
21432,7144,REPORTS_TO
21433,7144,REPORTS_TO
21434,7145,REPORTS_TO
21435,7145,REPORTS_TO
21436,7145,REPORTS_TO
21437,7146,REPORTS_TO
21438,7146,REPORTS_TO
21439,7146,REPORTS_TO
21440,7147,REPORTS_TO
21441,7147,REPORTS_TO
21442,7147,REPORTS_TO
21443,7148,REPORTS_TO
21444,7148,REPORTS_TO
21445,7148,REPORTS_TO
21446,7149,REPORTS_TO
21447,7149,REPORTS_TO
21448,7149,REPORTS_TO
21449,7150,REPORTS_TO
21450,7150,REPORTS_TO
21451,7150,REPORTS_TO
21452,7151,REPORTS_TO
21453,7151,REPORTS_TO
21454,7151,REPORTS_TO
21455,7152,REPORTS_TO
21456,7152,REPORTS_TO
21457,7152,REPORTS_TO
21458,7153,REPORTS_TO
21459,7153,REPORTS_TO
21460,7153,REPORTS_TO
21461,7154,REPORTS_TO
21462,7154,REPORTS_TO
21463,7154,REPORTS_TO
21464,7155,REPORTS_TO
21465,7155,REPORTS_TO
21466,7155,REPORTS_TO
21467,7156,REPORTS_TO
21468,7156,REPORTS_TO
21469,7156,REPORTS_TO
21470,7157,REPORTS_TO
21471,7157,REPORTS_TO
21472,7157,REPORTS_TO
21473,7158,REPORTS_TO
21474,7158,REPORTS_TO
21475,7158,REPORTS_TO
21476,7159,REPORTS_TO
21477,7159,REPORTS_TO
21478,7159,REPORTS_TO
21479,7160,REPORTS_TO
21480,7160,REPORTS_TO
21481,7160,REPORTS_TO
21482,7161,REPORTS_TO
21483,7161,REPORTS_TO
21484,7161,REPORTS_TO
21485,7162,REPORTS_TO
21486,7162,REPORTS_TO
21487,7162,REPORTS_TO
21488,7163,REPORTS_TO
21489,7163,REPORTS_TO
21490,7163,REPORTS_TO
21491,7164,REPORTS_TO
21492,7164,REPORTS_TO
21493,7164,REPORTS_TO
21494,7165,REPORTS_TO
21495,7165,REPORTS_TO
21496,7165,REPORTS_TO
21497,7166,REPORTS_TO
21498,7166,REPORTS_TO
21499,7166,REPORTS_TO
21500,7167,REPORTS_TO
21501,7167,REPORTS_TO
21502,7167,REPORTS_TO
21503,7168,REPORTS_TO
21504,7168,REPORTS_TO
21505,7168,REPORTS_TO
21506,7169,REPORTS_TO
21507,7169,REPORTS_TO
21508,7169,REPORTS_TO
21509,7170,REPORTS_TO
21510,7170,REPORTS_TO
21511,7170,REPORTS_TO
21512,7171,REPORTS_TO
21513,7171,REPORTS_TO
21514,7171,REPORTS_TO
21515,7172,REPORTS_TO
21516,7172,REPORTS_TO
21517,7172,REPORTS_TO
21518,7173,REPORTS_TO
21519,7173,REPORTS_TO
21520,7173,REPORTS_TO
21521,7174,REPORTS_TO
21522,7174,REPORTS_TO
21523,7174,REPORTS_TO
21524,7175,REPORTS_TO
21525,7175,REPORTS_TO
21526,7175,REPORTS_TO
21527,7176,REPORTS_TO
21528,7176,REPORTS_TO
21529,7176,REPORTS_TO
21530,7177,REPORTS_TO
21531,7177,REPORTS_TO
21532,7177,REPORTS_TO
21533,7178,REPORTS_TO
21534,7178,REPORTS_TO
21535,7178,REPORTS_TO
21536,7179,REPORTS_TO
21537,7179,REPORTS_TO
21538,7179,REPORTS_TO
21539,7180,REPORTS_TO
21540,7180,REPORTS_TO
21541,7180,REPORTS_TO
21542,7181,REPORTS_TO
21543,7181,REPORTS_TO
21544,7181,REPORTS_TO
21545,7182,REPORTS_TO
21546,7182,REPORTS_TO
21547,7182,REPORTS_TO
21548,7183,REPORTS_TO
21549,7183,REPORTS_TO
21550,7183,REPORTS_TO
21551,7184,REPORTS_TO
21552,7184,REPORTS_TO
21553,7184,REPORTS_TO
21554,7185,REPORTS_TO
21555,7185,REPORTS_TO
21556,7185,REPORTS_TO
21557,7186,REPORTS_TO
21558,7186,REPORTS_TO
21559,7186,REPORTS_TO
21560,7187,REPORTS_TO
21561,7187,REPORTS_TO
21562,7187,REPORTS_TO
21563,7188,REPORTS_TO
21564,7188,REPORTS_TO
21565,7188,REPORTS_TO
21566,7189,REPORTS_TO
21567,7189,REPORTS_TO
21568,7189,REPORTS_TO
21569,7190,REPORTS_TO
21570,7190,REPORTS_TO
21571,7190,REPORTS_TO
21572,7191,REPORTS_TO
21573,7191,REPORTS_TO
21574,7191,REPORTS_TO
21575,7192,REPORTS_TO
21576,7192,REPORTS_TO
21577,7192,REPORTS_TO
21578,7193,REPORTS_TO
21579,7193,REPORTS_TO
21580,7193,REPORTS_TO
21581,7194,REPORTS_TO
21582,7194,REPORTS_TO
21583,7194,REPORTS_TO
21584,7195,REPORTS_TO
21585,7195,REPORTS_TO
21586,7195,REPORTS_TO
21587,7196,REPORTS_TO
21588,7196,REPORTS_TO
21589,7196,REPORTS_TO
21590,7197,REPORTS_TO
21591,7197,REPORTS_TO
21592,7197,REPORTS_TO
21593,7198,REPORTS_TO
21594,7198,REPORTS_TO
21595,7198,REPORTS_TO
21596,7199,REPORTS_TO
21597,7199,REPORTS_TO
21598,7199,REPORTS_TO
21599,7200,REPORTS_TO
21600,7200,REPORTS_TO
21601,7200,REPORTS_TO
21602,7201,REPORTS_TO
21603,7201,REPORTS_TO
21604,7201,REPORTS_TO
21605,7202,REPORTS_TO
21606,7202,REPORTS_TO
21607,7202,REPORTS_TO
21608,7203,REPORTS_TO
21609,7203,REPORTS_TO
21610,7203,REPORTS_TO
21611,7204,REPORTS_TO
21612,7204,REPORTS_TO
21613,7204,REPORTS_TO
21614,7205,REPORTS_TO
21615,7205,REPORTS_TO
21616,7205,REPORTS_TO
21617,7206,REPORTS_TO
21618,7206,REPORTS_TO
21619,7206,REPORTS_TO
21620,7207,REPORTS_TO
21621,7207,REPORTS_TO
21622,7207,REPORTS_TO
21623,7208,REPORTS_TO
21624,7208,REPORTS_TO
21625,7208,REPORTS_TO
21626,7209,REPORTS_TO
21627,7209,REPORTS_TO
21628,7209,REPORTS_TO
21629,7210,REPORTS_TO
21630,7210,REPORTS_TO
21631,7210,REPORTS_TO
21632,7211,REPORTS_TO
21633,7211,REPORTS_TO
21634,7211,REPORTS_TO
21635,7212,REPORTS_TO
21636,7212,REPORTS_TO
21637,7212,REPORTS_TO
21638,7213,REPORTS_TO
21639,7213,REPORTS_TO
21640,7213,REPORTS_TO
21641,7214,REPORTS_TO
21642,7214,REPORTS_TO
21643,7214,REPORTS_TO
21644,7215,REPORTS_TO
21645,7215,REPORTS_TO
21646,7215,REPORTS_TO
21647,7216,REPORTS_TO
21648,7216,REPORTS_TO
21649,7216,REPORTS_TO
21650,7217,REPORTS_TO
21651,7217,REPORTS_TO
21652,7217,REPORTS_TO
21653,7218,REPORTS_TO
21654,7218,REPORTS_TO
21655,7218,REPORTS_TO
21656,7219,REPORTS_TO
21657,7219,REPORTS_TO
21658,7219,REPORTS_TO
21659,7220,REPORTS_TO
21660,7220,REPORTS_TO
21661,7220,REPORTS_TO
21662,7221,REPORTS_TO
21663,7221,REPORTS_TO
21664,7221,REPORTS_TO
21665,7222,REPORTS_TO
21666,7222,REPORTS_TO
21667,7222,REPORTS_TO
21668,7223,REPORTS_TO
21669,7223,REPORTS_TO
21670,7223,REPORTS_TO
21671,7224,REPORTS_TO
21672,7224,REPORTS_TO
21673,7224,REPORTS_TO
21674,7225,REPORTS_TO
21675,7225,REPORTS_TO
21676,7225,REPORTS_TO
21677,7226,REPORTS_TO
21678,7226,REPORTS_TO
21679,7226,REPORTS_TO
21680,7227,REPORTS_TO
21681,7227,REPORTS_TO
21682,7227,REPORTS_TO
21683,7228,REPORTS_TO
21684,7228,REPORTS_TO
21685,7228,REPORTS_TO
21686,7229,REPORTS_TO
21687,7229,REPORTS_TO
21688,7229,REPORTS_TO
21689,7230,REPORTS_TO
21690,7230,REPORTS_TO
21691,7230,REPORTS_TO
21692,7231,REPORTS_TO
21693,7231,REPORTS_TO
21694,7231,REPORTS_TO
21695,7232,REPORTS_TO
21696,7232,REPORTS_TO
21697,7232,REPORTS_TO
21698,7233,REPORTS_TO
21699,7233,REPORTS_TO
21700,7233,REPORTS_TO
21701,7234,REPORTS_TO
21702,7234,REPORTS_TO
21703,7234,REPORTS_TO
21704,7235,REPORTS_TO
21705,7235,REPORTS_TO
21706,7235,REPORTS_TO
21707,7236,REPORTS_TO
21708,7236,REPORTS_TO
21709,7236,REPORTS_TO
21710,7237,REPORTS_TO
21711,7237,REPORTS_TO
21712,7237,REPORTS_TO
21713,7238,REPORTS_TO
21714,7238,REPORTS_TO
21715,7238,REPORTS_TO
21716,7239,REPORTS_TO
21717,7239,REPORTS_TO
21718,7239,REPORTS_TO
21719,7240,REPORTS_TO
21720,7240,REPORTS_TO
21721,7240,REPORTS_TO
21722,7241,REPORTS_TO
21723,7241,REPORTS_TO
21724,7241,REPORTS_TO
21725,7242,REPORTS_TO
21726,7242,REPORTS_TO
21727,7242,REPORTS_TO
21728,7243,REPORTS_TO
21729,7243,REPORTS_TO
21730,7243,REPORTS_TO
21731,7244,REPORTS_TO
21732,7244,REPORTS_TO
21733,7244,REPORTS_TO
21734,7245,REPORTS_TO
21735,7245,REPORTS_TO
21736,7245,REPORTS_TO
21737,7246,REPORTS_TO
21738,7246,REPORTS_TO
21739,7246,REPORTS_TO
21740,7247,REPORTS_TO
21741,7247,REPORTS_TO
21742,7247,REPORTS_TO
21743,7248,REPORTS_TO
21744,7248,REPORTS_TO
21745,7248,REPORTS_TO
21746,7249,REPORTS_TO
21747,7249,REPORTS_TO
21748,7249,REPORTS_TO
21749,7250,REPORTS_TO
21750,7250,REPORTS_TO
21751,7250,REPORTS_TO
21752,7251,REPORTS_TO
21753,7251,REPORTS_TO
21754,7251,REPORTS_TO
21755,7252,REPORTS_TO
21756,7252,REPORTS_TO
21757,7252,REPORTS_TO
21758,7253,REPORTS_TO
21759,7253,REPORTS_TO
21760,7253,REPORTS_TO
21761,7254,REPORTS_TO
21762,7254,REPORTS_TO
21763,7254,REPORTS_TO
21764,7255,REPORTS_TO
21765,7255,REPORTS_TO
21766,7255,REPORTS_TO
21767,7256,REPORTS_TO
21768,7256,REPORTS_TO
21769,7256,REPORTS_TO
21770,7257,REPORTS_TO
21771,7257,REPORTS_TO
21772,7257,REPORTS_TO
21773,7258,REPORTS_TO
21774,7258,REPORTS_TO
21775,7258,REPORTS_TO
21776,7259,REPORTS_TO
21777,7259,REPORTS_TO
21778,7259,REPORTS_TO
21779,7260,REPORTS_TO
21780,7260,REPORTS_TO
21781,7260,REPORTS_TO
21782,7261,REPORTS_TO
21783,7261,REPORTS_TO
21784,7261,REPORTS_TO
21785,7262,REPORTS_TO
21786,7262,REPORTS_TO
21787,7262,REPORTS_TO
21788,7263,REPORTS_TO
21789,7263,REPORTS_TO
21790,7263,REPORTS_TO
21791,7264,REPORTS_TO
21792,7264,REPORTS_TO
21793,7264,REPORTS_TO
21794,7265,REPORTS_TO
21795,7265,REPORTS_TO
21796,7265,REPORTS_TO
21797,7266,REPORTS_TO
21798,7266,REPORTS_TO
21799,7266,REPORTS_TO
21800,7267,REPORTS_TO
21801,7267,REPORTS_TO
21802,7267,REPORTS_TO
21803,7268,REPORTS_TO
21804,7268,REPORTS_TO
21805,7268,REPORTS_TO
21806,7269,REPORTS_TO
21807,7269,REPORTS_TO
21808,7269,REPORTS_TO
21809,7270,REPORTS_TO
21810,7270,REPORTS_TO
21811,7270,REPORTS_TO
21812,7271,REPORTS_TO
21813,7271,REPORTS_TO
21814,7271,REPORTS_TO
21815,7272,REPORTS_TO
21816,7272,REPORTS_TO
21817,7272,REPORTS_TO
21818,7273,REPORTS_TO
21819,7273,REPORTS_TO
21820,7273,REPORTS_TO
21821,7274,REPORTS_TO
21822,7274,REPORTS_TO
21823,7274,REPORTS_TO
21824,7275,REPORTS_TO
21825,7275,REPORTS_TO
21826,7275,REPORTS_TO
21827,7276,REPORTS_TO
21828,7276,REPORTS_TO
21829,7276,REPORTS_TO
21830,7277,REPORTS_TO
21831,7277,REPORTS_TO
21832,7277,REPORTS_TO
21833,7278,REPORTS_TO
21834,7278,REPORTS_TO
21835,7278,REPORTS_TO
21836,7279,REPORTS_TO
21837,7279,REPORTS_TO
21838,7279,REPORTS_TO
21839,7280,REPORTS_TO
21840,7280,REPORTS_TO
21841,7280,REPORTS_TO
21842,7281,REPORTS_TO
21843,7281,REPORTS_TO
21844,7281,REPORTS_TO
21845,7282,REPORTS_TO
21846,7282,REPORTS_TO
21847,7282,REPORTS_TO
21848,7283,REPORTS_TO
21849,7283,REPORTS_TO
21850,7283,REPORTS_TO
21851,7284,REPORTS_TO
21852,7284,REPORTS_TO
21853,7284,REPORTS_TO
21854,7285,REPORTS_TO
21855,7285,REPORTS_TO
21856,7285,REPORTS_TO
21857,7286,REPORTS_TO
21858,7286,REPORTS_TO
21859,7286,REPORTS_TO
21860,7287,REPORTS_TO
21861,7287,REPORTS_TO
21862,7287,REPORTS_TO
21863,7288,REPORTS_TO
21864,7288,REPORTS_TO
21865,7288,REPORTS_TO
21866,7289,REPORTS_TO
21867,7289,REPORTS_TO
21868,7289,REPORTS_TO
21869,7290,REPORTS_TO
21870,7290,REPORTS_TO
21871,7290,REPORTS_TO
21872,7291,REPORTS_TO
21873,7291,REPORTS_TO
21874,7291,REPORTS_TO
21875,7292,REPORTS_TO
21876,7292,REPORTS_TO
21877,7292,REPORTS_TO
21878,7293,REPORTS_TO
21879,7293,REPORTS_TO
21880,7293,REPORTS_TO
21881,7294,REPORTS_TO
21882,7294,REPORTS_TO
21883,7294,REPORTS_TO
21884,7295,REPORTS_TO
21885,7295,REPORTS_TO
21886,7295,REPORTS_TO
21887,7296,REPORTS_TO
21888,7296,REPORTS_TO
21889,7296,REPORTS_TO
21890,7297,REPORTS_TO
21891,7297,REPORTS_TO
21892,7297,REPORTS_TO
21893,7298,REPORTS_TO
21894,7298,REPORTS_TO
21895,7298,REPORTS_TO
21896,7299,REPORTS_TO
21897,7299,REPORTS_TO
21898,7299,REPORTS_TO
21899,7300,REPORTS_TO
21900,7300,REPORTS_TO
21901,7300,REPORTS_TO
21902,7301,REPORTS_TO
21903,7301,REPORTS_TO
21904,7301,REPORTS_TO
21905,7302,REPORTS_TO
21906,7302,REPORTS_TO
21907,7302,REPORTS_TO
21908,7303,REPORTS_TO
21909,7303,REPORTS_TO
21910,7303,REPORTS_TO
21911,7304,REPORTS_TO
21912,7304,REPORTS_TO
21913,7304,REPORTS_TO
21914,7305,REPORTS_TO
21915,7305,REPORTS_TO
21916,7305,REPORTS_TO
21917,7306,REPORTS_TO
21918,7306,REPORTS_TO
21919,7306,REPORTS_TO
21920,7307,REPORTS_TO
21921,7307,REPORTS_TO
21922,7307,REPORTS_TO
21923,7308,REPORTS_TO
21924,7308,REPORTS_TO
21925,7308,REPORTS_TO
21926,7309,REPORTS_TO
21927,7309,REPORTS_TO
21928,7309,REPORTS_TO
21929,7310,REPORTS_TO
21930,7310,REPORTS_TO
21931,7310,REPORTS_TO
21932,7311,REPORTS_TO
21933,7311,REPORTS_TO
21934,7311,REPORTS_TO
21935,7312,REPORTS_TO
21936,7312,REPORTS_TO
21937,7312,REPORTS_TO
21938,7313,REPORTS_TO
21939,7313,REPORTS_TO
21940,7313,REPORTS_TO
21941,7314,REPORTS_TO
21942,7314,REPORTS_TO
21943,7314,REPORTS_TO
21944,7315,REPORTS_TO
21945,7315,REPORTS_TO
21946,7315,REPORTS_TO
21947,7316,REPORTS_TO
21948,7316,REPORTS_TO
21949,7316,REPORTS_TO
21950,7317,REPORTS_TO
21951,7317,REPORTS_TO
21952,7317,REPORTS_TO
21953,7318,REPORTS_TO
21954,7318,REPORTS_TO
21955,7318,REPORTS_TO
21956,7319,REPORTS_TO
21957,7319,REPORTS_TO
21958,7319,REPORTS_TO
21959,7320,REPORTS_TO
21960,7320,REPORTS_TO
21961,7320,REPORTS_TO
21962,7321,REPORTS_TO
21963,7321,REPORTS_TO
21964,7321,REPORTS_TO
21965,7322,REPORTS_TO
21966,7322,REPORTS_TO
21967,7322,REPORTS_TO
21968,7323,REPORTS_TO
21969,7323,REPORTS_TO
21970,7323,REPORTS_TO
21971,7324,REPORTS_TO
21972,7324,REPORTS_TO
21973,7324,REPORTS_TO
21974,7325,REPORTS_TO
21975,7325,REPORTS_TO
21976,7325,REPORTS_TO
21977,7326,REPORTS_TO
21978,7326,REPORTS_TO
21979,7326,REPORTS_TO
21980,7327,REPORTS_TO
21981,7327,REPORTS_TO
21982,7327,REPORTS_TO
21983,7328,REPORTS_TO
21984,7328,REPORTS_TO
21985,7328,REPORTS_TO
21986,7329,REPORTS_TO
21987,7329,REPORTS_TO
21988,7329,REPORTS_TO
21989,7330,REPORTS_TO
21990,7330,REPORTS_TO
21991,7330,REPORTS_TO
21992,7331,REPORTS_TO
21993,7331,REPORTS_TO
21994,7331,REPORTS_TO
21995,7332,REPORTS_TO
21996,7332,REPORTS_TO
21997,7332,REPORTS_TO
21998,7333,REPORTS_TO
21999,7333,REPORTS_TO
22000,7333,REPORTS_TO
22001,7334,REPORTS_TO
22002,7334,REPORTS_TO
22003,7334,REPORTS_TO
22004,7335,REPORTS_TO
22005,7335,REPORTS_TO
22006,7335,REPORTS_TO
22007,7336,REPORTS_TO
22008,7336,REPORTS_TO
22009,7336,REPORTS_TO
22010,7337,REPORTS_TO
22011,7337,REPORTS_TO
22012,7337,REPORTS_TO
22013,7338,REPORTS_TO
22014,7338,REPORTS_TO
22015,7338,REPORTS_TO
22016,7339,REPORTS_TO
22017,7339,REPORTS_TO
22018,7339,REPORTS_TO
22019,7340,REPORTS_TO
22020,7340,REPORTS_TO
22021,7340,REPORTS_TO
22022,7341,REPORTS_TO
22023,7341,REPORTS_TO
22024,7341,REPORTS_TO
22025,7342,REPORTS_TO
22026,7342,REPORTS_TO
22027,7342,REPORTS_TO
22028,7343,REPORTS_TO
22029,7343,REPORTS_TO
22030,7343,REPORTS_TO
22031,7344,REPORTS_TO
22032,7344,REPORTS_TO
22033,7344,REPORTS_TO
22034,7345,REPORTS_TO
22035,7345,REPORTS_TO
22036,7345,REPORTS_TO
22037,7346,REPORTS_TO
22038,7346,REPORTS_TO
22039,7346,REPORTS_TO
22040,7347,REPORTS_TO
22041,7347,REPORTS_TO
22042,7347,REPORTS_TO
22043,7348,REPORTS_TO
22044,7348,REPORTS_TO
22045,7348,REPORTS_TO
22046,7349,REPORTS_TO
22047,7349,REPORTS_TO
22048,7349,REPORTS_TO
22049,7350,REPORTS_TO
22050,7350,REPORTS_TO
22051,7350,REPORTS_TO
22052,7351,REPORTS_TO
22053,7351,REPORTS_TO
22054,7351,REPORTS_TO
22055,7352,REPORTS_TO
22056,7352,REPORTS_TO
22057,7352,REPORTS_TO
22058,7353,REPORTS_TO
22059,7353,REPORTS_TO
22060,7353,REPORTS_TO
22061,7354,REPORTS_TO
22062,7354,REPORTS_TO
22063,7354,REPORTS_TO
22064,7355,REPORTS_TO
22065,7355,REPORTS_TO
22066,7355,REPORTS_TO
22067,7356,REPORTS_TO
22068,7356,REPORTS_TO
22069,7356,REPORTS_TO
22070,7357,REPORTS_TO
22071,7357,REPORTS_TO
22072,7357,REPORTS_TO
22073,7358,REPORTS_TO
22074,7358,REPORTS_TO
22075,7358,REPORTS_TO
22076,7359,REPORTS_TO
22077,7359,REPORTS_TO
22078,7359,REPORTS_TO
22079,7360,REPORTS_TO
22080,7360,REPORTS_TO
22081,7360,REPORTS_TO
22082,7361,REPORTS_TO
22083,7361,REPORTS_TO
22084,7361,REPORTS_TO
22085,7362,REPORTS_TO
22086,7362,REPORTS_TO
22087,7362,REPORTS_TO
22088,7363,REPORTS_TO
22089,7363,REPORTS_TO
22090,7363,REPORTS_TO
22091,7364,REPORTS_TO
22092,7364,REPORTS_TO
22093,7364,REPORTS_TO
22094,7365,REPORTS_TO
22095,7365,REPORTS_TO
22096,7365,REPORTS_TO
22097,7366,REPORTS_TO
22098,7366,REPORTS_TO
22099,7366,REPORTS_TO
22100,7367,REPORTS_TO
22101,7367,REPORTS_TO
22102,7367,REPORTS_TO
22103,7368,REPORTS_TO
22104,7368,REPORTS_TO
22105,7368,REPORTS_TO
22106,7369,REPORTS_TO
22107,7369,REPORTS_TO
22108,7369,REPORTS_TO
22109,7370,REPORTS_TO
22110,7370,REPORTS_TO
22111,7370,REPORTS_TO
22112,7371,REPORTS_TO
22113,7371,REPORTS_TO
22114,7371,REPORTS_TO
22115,7372,REPORTS_TO
22116,7372,REPORTS_TO
22117,7372,REPORTS_TO
22118,7373,REPORTS_TO
22119,7373,REPORTS_TO
22120,7373,REPORTS_TO
22121,7374,REPORTS_TO
22122,7374,REPORTS_TO
22123,7374,REPORTS_TO
22124,7375,REPORTS_TO
22125,7375,REPORTS_TO
22126,7375,REPORTS_TO
22127,7376,REPORTS_TO
22128,7376,REPORTS_TO
22129,7376,REPORTS_TO
22130,7377,REPORTS_TO
22131,7377,REPORTS_TO
22132,7377,REPORTS_TO
22133,7378,REPORTS_TO
22134,7378,REPORTS_TO
22135,7378,REPORTS_TO
22136,7379,REPORTS_TO
22137,7379,REPORTS_TO
22138,7379,REPORTS_TO
22139,7380,REPORTS_TO
22140,7380,REPORTS_TO
22141,7380,REPORTS_TO
22142,7381,REPORTS_TO
22143,7381,REPORTS_TO
22144,7381,REPORTS_TO
22145,7382,REPORTS_TO
22146,7382,REPORTS_TO
22147,7382,REPORTS_TO
22148,7383,REPORTS_TO
22149,7383,REPORTS_TO
22150,7383,REPORTS_TO
22151,7384,REPORTS_TO
22152,7384,REPORTS_TO
22153,7384,REPORTS_TO
22154,7385,REPORTS_TO
22155,7385,REPORTS_TO
22156,7385,REPORTS_TO
22157,7386,REPORTS_TO
22158,7386,REPORTS_TO
22159,7386,REPORTS_TO
22160,7387,REPORTS_TO
22161,7387,REPORTS_TO
22162,7387,REPORTS_TO
22163,7388,REPORTS_TO
22164,7388,REPORTS_TO
22165,7388,REPORTS_TO
22166,7389,REPORTS_TO
22167,7389,REPORTS_TO
22168,7389,REPORTS_TO
22169,7390,REPORTS_TO
22170,7390,REPORTS_TO
22171,7390,REPORTS_TO
22172,7391,REPORTS_TO
22173,7391,REPORTS_TO
22174,7391,REPORTS_TO
22175,7392,REPORTS_TO
22176,7392,REPORTS_TO
22177,7392,REPORTS_TO
22178,7393,REPORTS_TO
22179,7393,REPORTS_TO
22180,7393,REPORTS_TO
22181,7394,REPORTS_TO
22182,7394,REPORTS_TO
22183,7394,REPORTS_TO
22184,7395,REPORTS_TO
22185,7395,REPORTS_TO
22186,7395,REPORTS_TO
22187,7396,REPORTS_TO
22188,7396,REPORTS_TO
22189,7396,REPORTS_TO
22190,7397,REPORTS_TO
22191,7397,REPORTS_TO
22192,7397,REPORTS_TO
22193,7398,REPORTS_TO
22194,7398,REPORTS_TO
22195,7398,REPORTS_TO
22196,7399,REPORTS_TO
22197,7399,REPORTS_TO
22198,7399,REPORTS_TO
22199,7400,REPORTS_TO
22200,7400,REPORTS_TO
22201,7400,REPORTS_TO
22202,7401,REPORTS_TO
22203,7401,REPORTS_TO
22204,7401,REPORTS_TO
22205,7402,REPORTS_TO
22206,7402,REPORTS_TO
22207,7402,REPORTS_TO
22208,7403,REPORTS_TO
22209,7403,REPORTS_TO
22210,7403,REPORTS_TO
22211,7404,REPORTS_TO
22212,7404,REPORTS_TO
22213,7404,REPORTS_TO
22214,7405,REPORTS_TO
22215,7405,REPORTS_TO
22216,7405,REPORTS_TO
22217,7406,REPORTS_TO
22218,7406,REPORTS_TO
22219,7406,REPORTS_TO
22220,7407,REPORTS_TO
22221,7407,REPORTS_TO
22222,7407,REPORTS_TO
22223,7408,REPORTS_TO
22224,7408,REPORTS_TO
22225,7408,REPORTS_TO
22226,7409,REPORTS_TO
22227,7409,REPORTS_TO
22228,7409,REPORTS_TO
22229,7410,REPORTS_TO
22230,7410,REPORTS_TO
22231,7410,REPORTS_TO
22232,7411,REPORTS_TO
22233,7411,REPORTS_TO
22234,7411,REPORTS_TO
22235,7412,REPORTS_TO
22236,7412,REPORTS_TO
22237,7412,REPORTS_TO
22238,7413,REPORTS_TO
22239,7413,REPORTS_TO
22240,7413,REPORTS_TO
22241,7414,REPORTS_TO
22242,7414,REPORTS_TO
22243,7414,REPORTS_TO
22244,7415,REPORTS_TO
22245,7415,REPORTS_TO
22246,7415,REPORTS_TO
22247,7416,REPORTS_TO
22248,7416,REPORTS_TO
22249,7416,REPORTS_TO
22250,7417,REPORTS_TO
22251,7417,REPORTS_TO
22252,7417,REPORTS_TO
22253,7418,REPORTS_TO
22254,7418,REPORTS_TO
22255,7418,REPORTS_TO
22256,7419,REPORTS_TO
22257,7419,REPORTS_TO
22258,7419,REPORTS_TO
22259,7420,REPORTS_TO
22260,7420,REPORTS_TO
22261,7420,REPORTS_TO
22262,7421,REPORTS_TO
22263,7421,REPORTS_TO
22264,7421,REPORTS_TO
22265,7422,REPORTS_TO
22266,7422,REPORTS_TO
22267,7422,REPORTS_TO
22268,7423,REPORTS_TO
22269,7423,REPORTS_TO
22270,7423,REPORTS_TO
22271,7424,REPORTS_TO
22272,7424,REPORTS_TO
22273,7424,REPORTS_TO
22274,7425,REPORTS_TO
22275,7425,REPORTS_TO
22276,7425,REPORTS_TO
22277,7426,REPORTS_TO
22278,7426,REPORTS_TO
22279,7426,REPORTS_TO
22280,7427,REPORTS_TO
22281,7427,REPORTS_TO
22282,7427,REPORTS_TO
22283,7428,REPORTS_TO
22284,7428,REPORTS_TO
22285,7428,REPORTS_TO
22286,7429,REPORTS_TO
22287,7429,REPORTS_TO
22288,7429,REPORTS_TO
22289,7430,REPORTS_TO
22290,7430,REPORTS_TO
22291,7430,REPORTS_TO
22292,7431,REPORTS_TO
22293,7431,REPORTS_TO
22294,7431,REPORTS_TO
22295,7432,REPORTS_TO
22296,7432,REPORTS_TO
22297,7432,REPORTS_TO
22298,7433,REPORTS_TO
22299,7433,REPORTS_TO
22300,7433,REPORTS_TO
22301,7434,REPORTS_TO
22302,7434,REPORTS_TO
22303,7434,REPORTS_TO
22304,7435,REPORTS_TO
22305,7435,REPORTS_TO
22306,7435,REPORTS_TO
22307,7436,REPORTS_TO
22308,7436,REPORTS_TO
22309,7436,REPORTS_TO
22310,7437,REPORTS_TO
22311,7437,REPORTS_TO
22312,7437,REPORTS_TO
22313,7438,REPORTS_TO
22314,7438,REPORTS_TO
22315,7438,REPORTS_TO
22316,7439,REPORTS_TO
22317,7439,REPORTS_TO
22318,7439,REPORTS_TO
22319,7440,REPORTS_TO
22320,7440,REPORTS_TO
22321,7440,REPORTS_TO
22322,7441,REPORTS_TO
22323,7441,REPORTS_TO
22324,7441,REPORTS_TO
22325,7442,REPORTS_TO
22326,7442,REPORTS_TO
22327,7442,REPORTS_TO
22328,7443,REPORTS_TO
22329,7443,REPORTS_TO
22330,7443,REPORTS_TO
22331,7444,REPORTS_TO
22332,7444,REPORTS_TO
22333,7444,REPORTS_TO
22334,7445,REPORTS_TO
22335,7445,REPORTS_TO
22336,7445,REPORTS_TO
22337,7446,REPORTS_TO
22338,7446,REPORTS_TO
22339,7446,REPORTS_TO
22340,7447,REPORTS_TO
22341,7447,REPORTS_TO
22342,7447,REPORTS_TO
22343,7448,REPORTS_TO
22344,7448,REPORTS_TO
22345,7448,REPORTS_TO
22346,7449,REPORTS_TO
22347,7449,REPORTS_TO
22348,7449,REPORTS_TO
22349,7450,REPORTS_TO
22350,7450,REPORTS_TO
22351,7450,REPORTS_TO
22352,7451,REPORTS_TO
22353,7451,REPORTS_TO
22354,7451,REPORTS_TO
22355,7452,REPORTS_TO
22356,7452,REPORTS_TO
22357,7452,REPORTS_TO
22358,7453,REPORTS_TO
22359,7453,REPORTS_TO
22360,7453,REPORTS_TO
22361,7454,REPORTS_TO
22362,7454,REPORTS_TO
22363,7454,REPORTS_TO
22364,7455,REPORTS_TO
22365,7455,REPORTS_TO
22366,7455,REPORTS_TO
22367,7456,REPORTS_TO
22368,7456,REPORTS_TO
22369,7456,REPORTS_TO
22370,7457,REPORTS_TO
22371,7457,REPORTS_TO
22372,7457,REPORTS_TO
22373,7458,REPORTS_TO
22374,7458,REPORTS_TO
22375,7458,REPORTS_TO
22376,7459,REPORTS_TO
22377,7459,REPORTS_TO
22378,7459,REPORTS_TO
22379,7460,REPORTS_TO
22380,7460,REPORTS_TO
22381,7460,REPORTS_TO
22382,7461,REPORTS_TO
22383,7461,REPORTS_TO
22384,7461,REPORTS_TO
22385,7462,REPORTS_TO
22386,7462,REPORTS_TO
22387,7462,REPORTS_TO
22388,7463,REPORTS_TO
22389,7463,REPORTS_TO
22390,7463,REPORTS_TO
22391,7464,REPORTS_TO
22392,7464,REPORTS_TO
22393,7464,REPORTS_TO
22394,7465,REPORTS_TO
22395,7465,REPORTS_TO
22396,7465,REPORTS_TO
22397,7466,REPORTS_TO
22398,7466,REPORTS_TO
22399,7466,REPORTS_TO
22400,7467,REPORTS_TO
22401,7467,REPORTS_TO
22402,7467,REPORTS_TO
22403,7468,REPORTS_TO
22404,7468,REPORTS_TO
22405,7468,REPORTS_TO
22406,7469,REPORTS_TO
22407,7469,REPORTS_TO
22408,7469,REPORTS_TO
22409,7470,REPORTS_TO
22410,7470,REPORTS_TO
22411,7470,REPORTS_TO
22412,7471,REPORTS_TO
22413,7471,REPORTS_TO
22414,7471,REPORTS_TO
22415,7472,REPORTS_TO
22416,7472,REPORTS_TO
22417,7472,REPORTS_TO
22418,7473,REPORTS_TO
22419,7473,REPORTS_TO
22420,7473,REPORTS_TO
22421,7474,REPORTS_TO
22422,7474,REPORTS_TO
22423,7474,REPORTS_TO
22424,7475,REPORTS_TO
22425,7475,REPORTS_TO
22426,7475,REPORTS_TO
22427,7476,REPORTS_TO
22428,7476,REPORTS_TO
22429,7476,REPORTS_TO
22430,7477,REPORTS_TO
22431,7477,REPORTS_TO
22432,7477,REPORTS_TO
22433,7478,REPORTS_TO
22434,7478,REPORTS_TO
22435,7478,REPORTS_TO
22436,7479,REPORTS_TO
22437,7479,REPORTS_TO
22438,7479,REPORTS_TO
22439,7480,REPORTS_TO
22440,7480,REPORTS_TO
22441,7480,REPORTS_TO
22442,7481,REPORTS_TO
22443,7481,REPORTS_TO
22444,7481,REPORTS_TO
22445,7482,REPORTS_TO
22446,7482,REPORTS_TO
22447,7482,REPORTS_TO
22448,7483,REPORTS_TO
22449,7483,REPORTS_TO
22450,7483,REPORTS_TO
22451,7484,REPORTS_TO
22452,7484,REPORTS_TO
22453,7484,REPORTS_TO
22454,7485,REPORTS_TO
22455,7485,REPORTS_TO
22456,7485,REPORTS_TO
22457,7486,REPORTS_TO
22458,7486,REPORTS_TO
22459,7486,REPORTS_TO
22460,7487,REPORTS_TO
22461,7487,REPORTS_TO
22462,7487,REPORTS_TO
22463,7488,REPORTS_TO
22464,7488,REPORTS_TO
22465,7488,REPORTS_TO
22466,7489,REPORTS_TO
22467,7489,REPORTS_TO
22468,7489,REPORTS_TO
22469,7490,REPORTS_TO
22470,7490,REPORTS_TO
22471,7490,REPORTS_TO
22472,7491,REPORTS_TO
22473,7491,REPORTS_TO
22474,7491,REPORTS_TO
22475,7492,REPORTS_TO
22476,7492,REPORTS_TO
22477,7492,REPORTS_TO
22478,7493,REPORTS_TO
22479,7493,REPORTS_TO
22480,7493,REPORTS_TO
22481,7494,REPORTS_TO
22482,7494,REPORTS_TO
22483,7494,REPORTS_TO
22484,7495,REPORTS_TO
22485,7495,REPORTS_TO
22486,7495,REPORTS_TO
22487,7496,REPORTS_TO
22488,7496,REPORTS_TO
22489,7496,REPORTS_TO
22490,7497,REPORTS_TO
22491,7497,REPORTS_TO
22492,7497,REPORTS_TO
22493,7498,REPORTS_TO
22494,7498,REPORTS_TO
22495,7498,REPORTS_TO
22496,7499,REPORTS_TO
22497,7499,REPORTS_TO
22498,7499,REPORTS_TO
22499,7500,REPORTS_TO
22500,7500,REPORTS_TO
22501,7500,REPORTS_TO
22502,7501,REPORTS_TO
22503,7501,REPORTS_TO
22504,7501,REPORTS_TO
22505,7502,REPORTS_TO
22506,7502,REPORTS_TO
22507,7502,REPORTS_TO
22508,7503,REPORTS_TO
22509,7503,REPORTS_TO
22510,7503,REPORTS_TO
22511,7504,REPORTS_TO
22512,7504,REPORTS_TO
22513,7504,REPORTS_TO
22514,7505,REPORTS_TO
22515,7505,REPORTS_TO
22516,7505,REPORTS_TO
22517,7506,REPORTS_TO
22518,7506,REPORTS_TO
22519,7506,REPORTS_TO
22520,7507,REPORTS_TO
22521,7507,REPORTS_TO
22522,7507,REPORTS_TO
22523,7508,REPORTS_TO
22524,7508,REPORTS_TO
22525,7508,REPORTS_TO
22526,7509,REPORTS_TO
22527,7509,REPORTS_TO
22528,7509,REPORTS_TO
22529,7510,REPORTS_TO
22530,7510,REPORTS_TO
22531,7510,REPORTS_TO
22532,7511,REPORTS_TO
22533,7511,REPORTS_TO
22534,7511,REPORTS_TO
22535,7512,REPORTS_TO
22536,7512,REPORTS_TO
22537,7512,REPORTS_TO
22538,7513,REPORTS_TO
22539,7513,REPORTS_TO
22540,7513,REPORTS_TO
22541,7514,REPORTS_TO
22542,7514,REPORTS_TO
22543,7514,REPORTS_TO
22544,7515,REPORTS_TO
22545,7515,REPORTS_TO
22546,7515,REPORTS_TO
22547,7516,REPORTS_TO
22548,7516,REPORTS_TO
22549,7516,REPORTS_TO
22550,7517,REPORTS_TO
22551,7517,REPORTS_TO
22552,7517,REPORTS_TO
22553,7518,REPORTS_TO
22554,7518,REPORTS_TO
22555,7518,REPORTS_TO
22556,7519,REPORTS_TO
22557,7519,REPORTS_TO
22558,7519,REPORTS_TO
22559,7520,REPORTS_TO
22560,7520,REPORTS_TO
22561,7520,REPORTS_TO
22562,7521,REPORTS_TO
22563,7521,REPORTS_TO
22564,7521,REPORTS_TO
22565,7522,REPORTS_TO
22566,7522,REPORTS_TO
22567,7522,REPORTS_TO
22568,7523,REPORTS_TO
22569,7523,REPORTS_TO
22570,7523,REPORTS_TO
22571,7524,REPORTS_TO
22572,7524,REPORTS_TO
22573,7524,REPORTS_TO
22574,7525,REPORTS_TO
22575,7525,REPORTS_TO
22576,7525,REPORTS_TO
22577,7526,REPORTS_TO
22578,7526,REPORTS_TO
22579,7526,REPORTS_TO
22580,7527,REPORTS_TO
22581,7527,REPORTS_TO
22582,7527,REPORTS_TO
22583,7528,REPORTS_TO
22584,7528,REPORTS_TO
22585,7528,REPORTS_TO
22586,7529,REPORTS_TO
22587,7529,REPORTS_TO
22588,7529,REPORTS_TO
22589,7530,REPORTS_TO
22590,7530,REPORTS_TO
22591,7530,REPORTS_TO
22592,7531,REPORTS_TO
22593,7531,REPORTS_TO
22594,7531,REPORTS_TO
22595,7532,REPORTS_TO
22596,7532,REPORTS_TO
22597,7532,REPORTS_TO
22598,7533,REPORTS_TO
22599,7533,REPORTS_TO
22600,7533,REPORTS_TO
22601,7534,REPORTS_TO
22602,7534,REPORTS_TO
22603,7534,REPORTS_TO
22604,7535,REPORTS_TO
22605,7535,REPORTS_TO
22606,7535,REPORTS_TO
22607,7536,REPORTS_TO
22608,7536,REPORTS_TO
22609,7536,REPORTS_TO
22610,7537,REPORTS_TO
22611,7537,REPORTS_TO
22612,7537,REPORTS_TO
22613,7538,REPORTS_TO
22614,7538,REPORTS_TO
22615,7538,REPORTS_TO
22616,7539,REPORTS_TO
22617,7539,REPORTS_TO
22618,7539,REPORTS_TO
22619,7540,REPORTS_TO
22620,7540,REPORTS_TO
22621,7540,REPORTS_TO
22622,7541,REPORTS_TO
22623,7541,REPORTS_TO
22624,7541,REPORTS_TO
22625,7542,REPORTS_TO
22626,7542,REPORTS_TO
22627,7542,REPORTS_TO
22628,7543,REPORTS_TO
22629,7543,REPORTS_TO
22630,7543,REPORTS_TO
22631,7544,REPORTS_TO
22632,7544,REPORTS_TO
22633,7544,REPORTS_TO
22634,7545,REPORTS_TO
22635,7545,REPORTS_TO
22636,7545,REPORTS_TO
22637,7546,REPORTS_TO
22638,7546,REPORTS_TO
22639,7546,REPORTS_TO
22640,7547,REPORTS_TO
22641,7547,REPORTS_TO
22642,7547,REPORTS_TO
22643,7548,REPORTS_TO
22644,7548,REPORTS_TO
22645,7548,REPORTS_TO
22646,7549,REPORTS_TO
22647,7549,REPORTS_TO
22648,7549,REPORTS_TO
22649,7550,REPORTS_TO
22650,7550,REPORTS_TO
22651,7550,REPORTS_TO
22652,7551,REPORTS_TO
22653,7551,REPORTS_TO
22654,7551,REPORTS_TO
22655,7552,REPORTS_TO
22656,7552,REPORTS_TO
22657,7552,REPORTS_TO
22658,7553,REPORTS_TO
22659,7553,REPORTS_TO
22660,7553,REPORTS_TO
22661,7554,REPORTS_TO
22662,7554,REPORTS_TO
22663,7554,REPORTS_TO
22664,7555,REPORTS_TO
22665,7555,REPORTS_TO
22666,7555,REPORTS_TO
22667,7556,REPORTS_TO
22668,7556,REPORTS_TO
22669,7556,REPORTS_TO
22670,7557,REPORTS_TO
22671,7557,REPORTS_TO
22672,7557,REPORTS_TO
22673,7558,REPORTS_TO
22674,7558,REPORTS_TO
22675,7558,REPORTS_TO
22676,7559,REPORTS_TO
22677,7559,REPORTS_TO
22678,7559,REPORTS_TO
22679,7560,REPORTS_TO
22680,7560,REPORTS_TO
22681,7560,REPORTS_TO
22682,7561,REPORTS_TO
22683,7561,REPORTS_TO
22684,7561,REPORTS_TO
22685,7562,REPORTS_TO
22686,7562,REPORTS_TO
22687,7562,REPORTS_TO
22688,7563,REPORTS_TO
22689,7563,REPORTS_TO
22690,7563,REPORTS_TO
22691,7564,REPORTS_TO
22692,7564,REPORTS_TO
22693,7564,REPORTS_TO
22694,7565,REPORTS_TO
22695,7565,REPORTS_TO
22696,7565,REPORTS_TO
22697,7566,REPORTS_TO
22698,7566,REPORTS_TO
22699,7566,REPORTS_TO
22700,7567,REPORTS_TO
22701,7567,REPORTS_TO
22702,7567,REPORTS_TO
22703,7568,REPORTS_TO
22704,7568,REPORTS_TO
22705,7568,REPORTS_TO
22706,7569,REPORTS_TO
22707,7569,REPORTS_TO
22708,7569,REPORTS_TO
22709,7570,REPORTS_TO
22710,7570,REPORTS_TO
22711,7570,REPORTS_TO
22712,7571,REPORTS_TO
22713,7571,REPORTS_TO
22714,7571,REPORTS_TO
22715,7572,REPORTS_TO
22716,7572,REPORTS_TO
22717,7572,REPORTS_TO
22718,7573,REPORTS_TO
22719,7573,REPORTS_TO
22720,7573,REPORTS_TO
22721,7574,REPORTS_TO
22722,7574,REPORTS_TO
22723,7574,REPORTS_TO
22724,7575,REPORTS_TO
22725,7575,REPORTS_TO
22726,7575,REPORTS_TO
22727,7576,REPORTS_TO
22728,7576,REPORTS_TO
22729,7576,REPORTS_TO
22730,7577,REPORTS_TO
22731,7577,REPORTS_TO
22732,7577,REPORTS_TO
22733,7578,REPORTS_TO
22734,7578,REPORTS_TO
22735,7578,REPORTS_TO
22736,7579,REPORTS_TO
22737,7579,REPORTS_TO
22738,7579,REPORTS_TO
22739,7580,REPORTS_TO
22740,7580,REPORTS_TO
22741,7580,REPORTS_TO
22742,7581,REPORTS_TO
22743,7581,REPORTS_TO
22744,7581,REPORTS_TO
22745,7582,REPORTS_TO
22746,7582,REPORTS_TO
22747,7582,REPORTS_TO
22748,7583,REPORTS_TO
22749,7583,REPORTS_TO
22750,7583,REPORTS_TO
22751,7584,REPORTS_TO
22752,7584,REPORTS_TO
22753,7584,REPORTS_TO
22754,7585,REPORTS_TO
22755,7585,REPORTS_TO
22756,7585,REPORTS_TO
22757,7586,REPORTS_TO
22758,7586,REPORTS_TO
22759,7586,REPORTS_TO
22760,7587,REPORTS_TO
22761,7587,REPORTS_TO
22762,7587,REPORTS_TO
22763,7588,REPORTS_TO
22764,7588,REPORTS_TO
22765,7588,REPORTS_TO
22766,7589,REPORTS_TO
22767,7589,REPORTS_TO
22768,7589,REPORTS_TO
22769,7590,REPORTS_TO
22770,7590,REPORTS_TO
22771,7590,REPORTS_TO
22772,7591,REPORTS_TO
22773,7591,REPORTS_TO
22774,7591,REPORTS_TO
22775,7592,REPORTS_TO
22776,7592,REPORTS_TO
22777,7592,REPORTS_TO
22778,7593,REPORTS_TO
22779,7593,REPORTS_TO
22780,7593,REPORTS_TO
22781,7594,REPORTS_TO
22782,7594,REPORTS_TO
22783,7594,REPORTS_TO
22784,7595,REPORTS_TO
22785,7595,REPORTS_TO
22786,7595,REPORTS_TO
22787,7596,REPORTS_TO
22788,7596,REPORTS_TO
22789,7596,REPORTS_TO
22790,7597,REPORTS_TO
22791,7597,REPORTS_TO
22792,7597,REPORTS_TO
22793,7598,REPORTS_TO
22794,7598,REPORTS_TO
22795,7598,REPORTS_TO
22796,7599,REPORTS_TO
22797,7599,REPORTS_TO
22798,7599,REPORTS_TO
22799,7600,REPORTS_TO
22800,7600,REPORTS_TO
22801,7600,REPORTS_TO
22802,7601,REPORTS_TO
22803,7601,REPORTS_TO
22804,7601,REPORTS_TO
22805,7602,REPORTS_TO
22806,7602,REPORTS_TO
22807,7602,REPORTS_TO
22808,7603,REPORTS_TO
22809,7603,REPORTS_TO
22810,7603,REPORTS_TO
22811,7604,REPORTS_TO
22812,7604,REPORTS_TO
22813,7604,REPORTS_TO
22814,7605,REPORTS_TO
22815,7605,REPORTS_TO
22816,7605,REPORTS_TO
22817,7606,REPORTS_TO
22818,7606,REPORTS_TO
22819,7606,REPORTS_TO
22820,7607,REPORTS_TO
22821,7607,REPORTS_TO
22822,7607,REPORTS_TO
22823,7608,REPORTS_TO
22824,7608,REPORTS_TO
22825,7608,REPORTS_TO
22826,7609,REPORTS_TO
22827,7609,REPORTS_TO
22828,7609,REPORTS_TO
22829,7610,REPORTS_TO
22830,7610,REPORTS_TO
22831,7610,REPORTS_TO
22832,7611,REPORTS_TO
22833,7611,REPORTS_TO
22834,7611,REPORTS_TO
22835,7612,REPORTS_TO
22836,7612,REPORTS_TO
22837,7612,REPORTS_TO
22838,7613,REPORTS_TO
22839,7613,REPORTS_TO
22840,7613,REPORTS_TO
22841,7614,REPORTS_TO
22842,7614,REPORTS_TO
22843,7614,REPORTS_TO
22844,7615,REPORTS_TO
22845,7615,REPORTS_TO
22846,7615,REPORTS_TO
22847,7616,REPORTS_TO
22848,7616,REPORTS_TO
22849,7616,REPORTS_TO
22850,7617,REPORTS_TO
22851,7617,REPORTS_TO
22852,7617,REPORTS_TO
22853,7618,REPORTS_TO
22854,7618,REPORTS_TO
22855,7618,REPORTS_TO
22856,7619,REPORTS_TO
22857,7619,REPORTS_TO
22858,7619,REPORTS_TO
22859,7620,REPORTS_TO
22860,7620,REPORTS_TO
22861,7620,REPORTS_TO
22862,7621,REPORTS_TO
22863,7621,REPORTS_TO
22864,7621,REPORTS_TO
22865,7622,REPORTS_TO
22866,7622,REPORTS_TO
22867,7622,REPORTS_TO
22868,7623,REPORTS_TO
22869,7623,REPORTS_TO
22870,7623,REPORTS_TO
22871,7624,REPORTS_TO
22872,7624,REPORTS_TO
22873,7624,REPORTS_TO
22874,7625,REPORTS_TO
22875,7625,REPORTS_TO
22876,7625,REPORTS_TO
22877,7626,REPORTS_TO
22878,7626,REPORTS_TO
22879,7626,REPORTS_TO
22880,7627,REPORTS_TO
22881,7627,REPORTS_TO
22882,7627,REPORTS_TO
22883,7628,REPORTS_TO
22884,7628,REPORTS_TO
22885,7628,REPORTS_TO
22886,7629,REPORTS_TO
22887,7629,REPORTS_TO
22888,7629,REPORTS_TO
22889,7630,REPORTS_TO
22890,7630,REPORTS_TO
22891,7630,REPORTS_TO
22892,7631,REPORTS_TO
22893,7631,REPORTS_TO
22894,7631,REPORTS_TO
22895,7632,REPORTS_TO
22896,7632,REPORTS_TO
22897,7632,REPORTS_TO
22898,7633,REPORTS_TO
22899,7633,REPORTS_TO
22900,7633,REPORTS_TO
22901,7634,REPORTS_TO
22902,7634,REPORTS_TO
22903,7634,REPORTS_TO
22904,7635,REPORTS_TO
22905,7635,REPORTS_TO
22906,7635,REPORTS_TO
22907,7636,REPORTS_TO
22908,7636,REPORTS_TO
22909,7636,REPORTS_TO
22910,7637,REPORTS_TO
22911,7637,REPORTS_TO
22912,7637,REPORTS_TO
22913,7638,REPORTS_TO
22914,7638,REPORTS_TO
22915,7638,REPORTS_TO
22916,7639,REPORTS_TO
22917,7639,REPORTS_TO
22918,7639,REPORTS_TO
22919,7640,REPORTS_TO
22920,7640,REPORTS_TO
22921,7640,REPORTS_TO
22922,7641,REPORTS_TO
22923,7641,REPORTS_TO
22924,7641,REPORTS_TO
22925,7642,REPORTS_TO
22926,7642,REPORTS_TO
22927,7642,REPORTS_TO
22928,7643,REPORTS_TO
22929,7643,REPORTS_TO
22930,7643,REPORTS_TO
22931,7644,REPORTS_TO
22932,7644,REPORTS_TO
22933,7644,REPORTS_TO
22934,7645,REPORTS_TO
22935,7645,REPORTS_TO
22936,7645,REPORTS_TO
22937,7646,REPORTS_TO
22938,7646,REPORTS_TO
22939,7646,REPORTS_TO
22940,7647,REPORTS_TO
22941,7647,REPORTS_TO
22942,7647,REPORTS_TO
22943,7648,REPORTS_TO
22944,7648,REPORTS_TO
22945,7648,REPORTS_TO
22946,7649,REPORTS_TO
22947,7649,REPORTS_TO
22948,7649,REPORTS_TO
22949,7650,REPORTS_TO
22950,7650,REPORTS_TO
22951,7650,REPORTS_TO
22952,7651,REPORTS_TO
22953,7651,REPORTS_TO
22954,7651,REPORTS_TO
22955,7652,REPORTS_TO
22956,7652,REPORTS_TO
22957,7652,REPORTS_TO
22958,7653,REPORTS_TO
22959,7653,REPORTS_TO
22960,7653,REPORTS_TO
22961,7654,REPORTS_TO
22962,7654,REPORTS_TO
22963,7654,REPORTS_TO
22964,7655,REPORTS_TO
22965,7655,REPORTS_TO
22966,7655,REPORTS_TO
22967,7656,REPORTS_TO
22968,7656,REPORTS_TO
22969,7656,REPORTS_TO
22970,7657,REPORTS_TO
22971,7657,REPORTS_TO
22972,7657,REPORTS_TO
22973,7658,REPORTS_TO
22974,7658,REPORTS_TO
22975,7658,REPORTS_TO
22976,7659,REPORTS_TO
22977,7659,REPORTS_TO
22978,7659,REPORTS_TO
22979,7660,REPORTS_TO
22980,7660,REPORTS_TO
22981,7660,REPORTS_TO
22982,7661,REPORTS_TO
22983,7661,REPORTS_TO
22984,7661,REPORTS_TO
22985,7662,REPORTS_TO
22986,7662,REPORTS_TO
22987,7662,REPORTS_TO
22988,7663,REPORTS_TO
22989,7663,REPORTS_TO
22990,7663,REPORTS_TO
22991,7664,REPORTS_TO
22992,7664,REPORTS_TO
22993,7664,REPORTS_TO
22994,7665,REPORTS_TO
22995,7665,REPORTS_TO
22996,7665,REPORTS_TO
22997,7666,REPORTS_TO
22998,7666,REPORTS_TO
22999,7666,REPORTS_TO
23000,7667,REPORTS_TO
23001,7667,REPORTS_TO
23002,7667,REPORTS_TO
23003,7668,REPORTS_TO
23004,7668,REPORTS_TO
23005,7668,REPORTS_TO
23006,7669,REPORTS_TO
23007,7669,REPORTS_TO
23008,7669,REPORTS_TO
23009,7670,REPORTS_TO
23010,7670,REPORTS_TO
23011,7670,REPORTS_TO
23012,7671,REPORTS_TO
23013,7671,REPORTS_TO
23014,7671,REPORTS_TO
23015,7672,REPORTS_TO
23016,7672,REPORTS_TO
23017,7672,REPORTS_TO
23018,7673,REPORTS_TO
23019,7673,REPORTS_TO
23020,7673,REPORTS_TO
23021,7674,REPORTS_TO
23022,7674,REPORTS_TO
23023,7674,REPORTS_TO
23024,7675,REPORTS_TO
23025,7675,REPORTS_TO
23026,7675,REPORTS_TO
23027,7676,REPORTS_TO
23028,7676,REPORTS_TO
23029,7676,REPORTS_TO
23030,7677,REPORTS_TO
23031,7677,REPORTS_TO
23032,7677,REPORTS_TO
23033,7678,REPORTS_TO
23034,7678,REPORTS_TO
23035,7678,REPORTS_TO
23036,7679,REPORTS_TO
23037,7679,REPORTS_TO
23038,7679,REPORTS_TO
23039,7680,REPORTS_TO
23040,7680,REPORTS_TO
23041,7680,REPORTS_TO
23042,7681,REPORTS_TO
23043,7681,REPORTS_TO
23044,7681,REPORTS_TO
23045,7682,REPORTS_TO
23046,7682,REPORTS_TO
23047,7682,REPORTS_TO
23048,7683,REPORTS_TO
23049,7683,REPORTS_TO
23050,7683,REPORTS_TO
23051,7684,REPORTS_TO
23052,7684,REPORTS_TO
23053,7684,REPORTS_TO
23054,7685,REPORTS_TO
23055,7685,REPORTS_TO
23056,7685,REPORTS_TO
23057,7686,REPORTS_TO
23058,7686,REPORTS_TO
23059,7686,REPORTS_TO
23060,7687,REPORTS_TO
23061,7687,REPORTS_TO
23062,7687,REPORTS_TO
23063,7688,REPORTS_TO
23064,7688,REPORTS_TO
23065,7688,REPORTS_TO
23066,7689,REPORTS_TO
23067,7689,REPORTS_TO
23068,7689,REPORTS_TO
23069,7690,REPORTS_TO
23070,7690,REPORTS_TO
23071,7690,REPORTS_TO
23072,7691,REPORTS_TO
23073,7691,REPORTS_TO
23074,7691,REPORTS_TO
23075,7692,REPORTS_TO
23076,7692,REPORTS_TO
23077,7692,REPORTS_TO
23078,7693,REPORTS_TO
23079,7693,REPORTS_TO
23080,7693,REPORTS_TO
23081,7694,REPORTS_TO
23082,7694,REPORTS_TO
23083,7694,REPORTS_TO
23084,7695,REPORTS_TO
23085,7695,REPORTS_TO
23086,7695,REPORTS_TO
23087,7696,REPORTS_TO
23088,7696,REPORTS_TO
23089,7696,REPORTS_TO
23090,7697,REPORTS_TO
23091,7697,REPORTS_TO
23092,7697,REPORTS_TO
23093,7698,REPORTS_TO
23094,7698,REPORTS_TO
23095,7698,REPORTS_TO
23096,7699,REPORTS_TO
23097,7699,REPORTS_TO
23098,7699,REPORTS_TO
23099,7700,REPORTS_TO
23100,7700,REPORTS_TO
23101,7700,REPORTS_TO
23102,7701,REPORTS_TO
23103,7701,REPORTS_TO
23104,7701,REPORTS_TO
23105,7702,REPORTS_TO
23106,7702,REPORTS_TO
23107,7702,REPORTS_TO
23108,7703,REPORTS_TO
23109,7703,REPORTS_TO
23110,7703,REPORTS_TO
23111,7704,REPORTS_TO
23112,7704,REPORTS_TO
23113,7704,REPORTS_TO
23114,7705,REPORTS_TO
23115,7705,REPORTS_TO
23116,7705,REPORTS_TO
23117,7706,REPORTS_TO
23118,7706,REPORTS_TO
23119,7706,REPORTS_TO
23120,7707,REPORTS_TO
23121,7707,REPORTS_TO
23122,7707,REPORTS_TO
23123,7708,REPORTS_TO
23124,7708,REPORTS_TO
23125,7708,REPORTS_TO
23126,7709,REPORTS_TO
23127,7709,REPORTS_TO
23128,7709,REPORTS_TO
23129,7710,REPORTS_TO
23130,7710,REPORTS_TO
23131,7710,REPORTS_TO
23132,7711,REPORTS_TO
23133,7711,REPORTS_TO
23134,7711,REPORTS_TO
23135,7712,REPORTS_TO
23136,7712,REPORTS_TO
23137,7712,REPORTS_TO
23138,7713,REPORTS_TO
23139,7713,REPORTS_TO
23140,7713,REPORTS_TO
23141,7714,REPORTS_TO
23142,7714,REPORTS_TO
23143,7714,REPORTS_TO
23144,7715,REPORTS_TO
23145,7715,REPORTS_TO
23146,7715,REPORTS_TO
23147,7716,REPORTS_TO
23148,7716,REPORTS_TO
23149,7716,REPORTS_TO
23150,7717,REPORTS_TO
23151,7717,REPORTS_TO
23152,7717,REPORTS_TO
23153,7718,REPORTS_TO
23154,7718,REPORTS_TO
23155,7718,REPORTS_TO
23156,7719,REPORTS_TO
23157,7719,REPORTS_TO
23158,7719,REPORTS_TO
23159,7720,REPORTS_TO
23160,7720,REPORTS_TO
23161,7720,REPORTS_TO
23162,7721,REPORTS_TO
23163,7721,REPORTS_TO
23164,7721,REPORTS_TO
23165,7722,REPORTS_TO
23166,7722,REPORTS_TO
23167,7722,REPORTS_TO
23168,7723,REPORTS_TO
23169,7723,REPORTS_TO
23170,7723,REPORTS_TO
23171,7724,REPORTS_TO
23172,7724,REPORTS_TO
23173,7724,REPORTS_TO
23174,7725,REPORTS_TO
23175,7725,REPORTS_TO
23176,7725,REPORTS_TO
23177,7726,REPORTS_TO
23178,7726,REPORTS_TO
23179,7726,REPORTS_TO
23180,7727,REPORTS_TO
23181,7727,REPORTS_TO
23182,7727,REPORTS_TO
23183,7728,REPORTS_TO
23184,7728,REPORTS_TO
23185,7728,REPORTS_TO
23186,7729,REPORTS_TO
23187,7729,REPORTS_TO
23188,7729,REPORTS_TO
23189,7730,REPORTS_TO
23190,7730,REPORTS_TO
23191,7730,REPORTS_TO
23192,7731,REPORTS_TO
23193,7731,REPORTS_TO
23194,7731,REPORTS_TO
23195,7732,REPORTS_TO
23196,7732,REPORTS_TO
23197,7732,REPORTS_TO
23198,7733,REPORTS_TO
23199,7733,REPORTS_TO
23200,7733,REPORTS_TO
23201,7734,REPORTS_TO
23202,7734,REPORTS_TO
23203,7734,REPORTS_TO
23204,7735,REPORTS_TO
23205,7735,REPORTS_TO
23206,7735,REPORTS_TO
23207,7736,REPORTS_TO
23208,7736,REPORTS_TO
23209,7736,REPORTS_TO
23210,7737,REPORTS_TO
23211,7737,REPORTS_TO
23212,7737,REPORTS_TO
23213,7738,REPORTS_TO
23214,7738,REPORTS_TO
23215,7738,REPORTS_TO
23216,7739,REPORTS_TO
23217,7739,REPORTS_TO
23218,7739,REPORTS_TO
23219,7740,REPORTS_TO
23220,7740,REPORTS_TO
23221,7740,REPORTS_TO
23222,7741,REPORTS_TO
23223,7741,REPORTS_TO
23224,7741,REPORTS_TO
23225,7742,REPORTS_TO
23226,7742,REPORTS_TO
23227,7742,REPORTS_TO
23228,7743,REPORTS_TO
23229,7743,REPORTS_TO
23230,7743,REPORTS_TO
23231,7744,REPORTS_TO
23232,7744,REPORTS_TO
23233,7744,REPORTS_TO
23234,7745,REPORTS_TO
23235,7745,REPORTS_TO
23236,7745,REPORTS_TO
23237,7746,REPORTS_TO
23238,7746,REPORTS_TO
23239,7746,REPORTS_TO
23240,7747,REPORTS_TO
23241,7747,REPORTS_TO
23242,7747,REPORTS_TO
23243,7748,REPORTS_TO
23244,7748,REPORTS_TO
23245,7748,REPORTS_TO
23246,7749,REPORTS_TO
23247,7749,REPORTS_TO
23248,7749,REPORTS_TO
23249,7750,REPORTS_TO
23250,7750,REPORTS_TO
23251,7750,REPORTS_TO
23252,7751,REPORTS_TO
23253,7751,REPORTS_TO
23254,7751,REPORTS_TO
23255,7752,REPORTS_TO
23256,7752,REPORTS_TO
23257,7752,REPORTS_TO
23258,7753,REPORTS_TO
23259,7753,REPORTS_TO
23260,7753,REPORTS_TO
23261,7754,REPORTS_TO
23262,7754,REPORTS_TO
23263,7754,REPORTS_TO
23264,7755,REPORTS_TO
23265,7755,REPORTS_TO
23266,7755,REPORTS_TO
23267,7756,REPORTS_TO
23268,7756,REPORTS_TO
23269,7756,REPORTS_TO
23270,7757,REPORTS_TO
23271,7757,REPORTS_TO
23272,7757,REPORTS_TO
23273,7758,REPORTS_TO
23274,7758,REPORTS_TO
23275,7758,REPORTS_TO
23276,7759,REPORTS_TO
23277,7759,REPORTS_TO
23278,7759,REPORTS_TO
23279,7760,REPORTS_TO
23280,7760,REPORTS_TO
23281,7760,REPORTS_TO
23282,7761,REPORTS_TO
23283,7761,REPORTS_TO
23284,7761,REPORTS_TO
23285,7762,REPORTS_TO
23286,7762,REPORTS_TO
23287,7762,REPORTS_TO
23288,7763,REPORTS_TO
23289,7763,REPORTS_TO
23290,7763,REPORTS_TO
23291,7764,REPORTS_TO
23292,7764,REPORTS_TO
23293,7764,REPORTS_TO
23294,7765,REPORTS_TO
23295,7765,REPORTS_TO
23296,7765,REPORTS_TO
23297,7766,REPORTS_TO
23298,7766,REPORTS_TO
23299,7766,REPORTS_TO
23300,7767,REPORTS_TO
23301,7767,REPORTS_TO
23302,7767,REPORTS_TO
23303,7768,REPORTS_TO
23304,7768,REPORTS_TO
23305,7768,REPORTS_TO
23306,7769,REPORTS_TO
23307,7769,REPORTS_TO
23308,7769,REPORTS_TO
23309,7770,REPORTS_TO
23310,7770,REPORTS_TO
23311,7770,REPORTS_TO
23312,7771,REPORTS_TO
23313,7771,REPORTS_TO
23314,7771,REPORTS_TO
23315,7772,REPORTS_TO
23316,7772,REPORTS_TO
23317,7772,REPORTS_TO
23318,7773,REPORTS_TO
23319,7773,REPORTS_TO
23320,7773,REPORTS_TO
23321,7774,REPORTS_TO
23322,7774,REPORTS_TO
23323,7774,REPORTS_TO
23324,7775,REPORTS_TO
23325,7775,REPORTS_TO
23326,7775,REPORTS_TO
23327,7776,REPORTS_TO
23328,7776,REPORTS_TO
23329,7776,REPORTS_TO
23330,7777,REPORTS_TO
23331,7777,REPORTS_TO
23332,7777,REPORTS_TO
23333,7778,REPORTS_TO
23334,7778,REPORTS_TO
23335,7778,REPORTS_TO
23336,7779,REPORTS_TO
23337,7779,REPORTS_TO
23338,7779,REPORTS_TO
23339,7780,REPORTS_TO
23340,7780,REPORTS_TO
23341,7780,REPORTS_TO
23342,7781,REPORTS_TO
23343,7781,REPORTS_TO
23344,7781,REPORTS_TO
23345,7782,REPORTS_TO
23346,7782,REPORTS_TO
23347,7782,REPORTS_TO
23348,7783,REPORTS_TO
23349,7783,REPORTS_TO
23350,7783,REPORTS_TO
23351,7784,REPORTS_TO
23352,7784,REPORTS_TO
23353,7784,REPORTS_TO
23354,7785,REPORTS_TO
23355,7785,REPORTS_TO
23356,7785,REPORTS_TO
23357,7786,REPORTS_TO
23358,7786,REPORTS_TO
23359,7786,REPORTS_TO
23360,7787,REPORTS_TO
23361,7787,REPORTS_TO
23362,7787,REPORTS_TO
23363,7788,REPORTS_TO
23364,7788,REPORTS_TO
23365,7788,REPORTS_TO
23366,7789,REPORTS_TO
23367,7789,REPORTS_TO
23368,7789,REPORTS_TO
23369,7790,REPORTS_TO
23370,7790,REPORTS_TO
23371,7790,REPORTS_TO
23372,7791,REPORTS_TO
23373,7791,REPORTS_TO
23374,7791,REPORTS_TO
23375,7792,REPORTS_TO
23376,7792,REPORTS_TO
23377,7792,REPORTS_TO
23378,7793,REPORTS_TO
23379,7793,REPORTS_TO
23380,7793,REPORTS_TO
23381,7794,REPORTS_TO
23382,7794,REPORTS_TO
23383,7794,REPORTS_TO
23384,7795,REPORTS_TO
23385,7795,REPORTS_TO
23386,7795,REPORTS_TO
23387,7796,REPORTS_TO
23388,7796,REPORTS_TO
23389,7796,REPORTS_TO
23390,7797,REPORTS_TO
23391,7797,REPORTS_TO
23392,7797,REPORTS_TO
23393,7798,REPORTS_TO
23394,7798,REPORTS_TO
23395,7798,REPORTS_TO
23396,7799,REPORTS_TO
23397,7799,REPORTS_TO
23398,7799,REPORTS_TO
23399,7800,REPORTS_TO
23400,7800,REPORTS_TO
23401,7800,REPORTS_TO
23402,7801,REPORTS_TO
23403,7801,REPORTS_TO
23404,7801,REPORTS_TO
23405,7802,REPORTS_TO
23406,7802,REPORTS_TO
23407,7802,REPORTS_TO
23408,7803,REPORTS_TO
23409,7803,REPORTS_TO
23410,7803,REPORTS_TO
23411,7804,REPORTS_TO
23412,7804,REPORTS_TO
23413,7804,REPORTS_TO
23414,7805,REPORTS_TO
23415,7805,REPORTS_TO
23416,7805,REPORTS_TO
23417,7806,REPORTS_TO
23418,7806,REPORTS_TO
23419,7806,REPORTS_TO
23420,7807,REPORTS_TO
23421,7807,REPORTS_TO
23422,7807,REPORTS_TO
23423,7808,REPORTS_TO
23424,7808,REPORTS_TO
23425,7808,REPORTS_TO
23426,7809,REPORTS_TO
23427,7809,REPORTS_TO
23428,7809,REPORTS_TO
23429,7810,REPORTS_TO
23430,7810,REPORTS_TO
23431,7810,REPORTS_TO
23432,7811,REPORTS_TO
23433,7811,REPORTS_TO
23434,7811,REPORTS_TO
23435,7812,REPORTS_TO
23436,7812,REPORTS_TO
23437,7812,REPORTS_TO
23438,7813,REPORTS_TO
23439,7813,REPORTS_TO
23440,7813,REPORTS_TO
23441,7814,REPORTS_TO
23442,7814,REPORTS_TO
23443,7814,REPORTS_TO
23444,7815,REPORTS_TO
23445,7815,REPORTS_TO
23446,7815,REPORTS_TO
23447,7816,REPORTS_TO
23448,7816,REPORTS_TO
23449,7816,REPORTS_TO
23450,7817,REPORTS_TO
23451,7817,REPORTS_TO
23452,7817,REPORTS_TO
23453,7818,REPORTS_TO
23454,7818,REPORTS_TO
23455,7818,REPORTS_TO
23456,7819,REPORTS_TO
23457,7819,REPORTS_TO
23458,7819,REPORTS_TO
23459,7820,REPORTS_TO
23460,7820,REPORTS_TO
23461,7820,REPORTS_TO
23462,7821,REPORTS_TO
23463,7821,REPORTS_TO
23464,7821,REPORTS_TO
23465,7822,REPORTS_TO
23466,7822,REPORTS_TO
23467,7822,REPORTS_TO
23468,7823,REPORTS_TO
23469,7823,REPORTS_TO
23470,7823,REPORTS_TO
23471,7824,REPORTS_TO
23472,7824,REPORTS_TO
23473,7824,REPORTS_TO
23474,7825,REPORTS_TO
23475,7825,REPORTS_TO
23476,7825,REPORTS_TO
23477,7826,REPORTS_TO
23478,7826,REPORTS_TO
23479,7826,REPORTS_TO
23480,7827,REPORTS_TO
23481,7827,REPORTS_TO
23482,7827,REPORTS_TO
23483,7828,REPORTS_TO
23484,7828,REPORTS_TO
23485,7828,REPORTS_TO
23486,7829,REPORTS_TO
23487,7829,REPORTS_TO
23488,7829,REPORTS_TO
23489,7830,REPORTS_TO
23490,7830,REPORTS_TO
23491,7830,REPORTS_TO
23492,7831,REPORTS_TO
23493,7831,REPORTS_TO
23494,7831,REPORTS_TO
23495,7832,REPORTS_TO
23496,7832,REPORTS_TO
23497,7832,REPORTS_TO
23498,7833,REPORTS_TO
23499,7833,REPORTS_TO
23500,7833,REPORTS_TO
23501,7834,REPORTS_TO
23502,7834,REPORTS_TO
23503,7834,REPORTS_TO
23504,7835,REPORTS_TO
23505,7835,REPORTS_TO
23506,7835,REPORTS_TO
23507,7836,REPORTS_TO
23508,7836,REPORTS_TO
23509,7836,REPORTS_TO
23510,7837,REPORTS_TO
23511,7837,REPORTS_TO
23512,7837,REPORTS_TO
23513,7838,REPORTS_TO
23514,7838,REPORTS_TO
23515,7838,REPORTS_TO
23516,7839,REPORTS_TO
23517,7839,REPORTS_TO
23518,7839,REPORTS_TO
23519,7840,REPORTS_TO
23520,7840,REPORTS_TO
23521,7840,REPORTS_TO
23522,7841,REPORTS_TO
23523,7841,REPORTS_TO
23524,7841,REPORTS_TO
23525,7842,REPORTS_TO
23526,7842,REPORTS_TO
23527,7842,REPORTS_TO
23528,7843,REPORTS_TO
23529,7843,REPORTS_TO
23530,7843,REPORTS_TO
23531,7844,REPORTS_TO
23532,7844,REPORTS_TO
23533,7844,REPORTS_TO
23534,7845,REPORTS_TO
23535,7845,REPORTS_TO
23536,7845,REPORTS_TO
23537,7846,REPORTS_TO
23538,7846,REPORTS_TO
23539,7846,REPORTS_TO
23540,7847,REPORTS_TO
23541,7847,REPORTS_TO
23542,7847,REPORTS_TO
23543,7848,REPORTS_TO
23544,7848,REPORTS_TO
23545,7848,REPORTS_TO
23546,7849,REPORTS_TO
23547,7849,REPORTS_TO
23548,7849,REPORTS_TO
23549,7850,REPORTS_TO
23550,7850,REPORTS_TO
23551,7850,REPORTS_TO
23552,7851,REPORTS_TO
23553,7851,REPORTS_TO
23554,7851,REPORTS_TO
23555,7852,REPORTS_TO
23556,7852,REPORTS_TO
23557,7852,REPORTS_TO
23558,7853,REPORTS_TO
23559,7853,REPORTS_TO
23560,7853,REPORTS_TO
23561,7854,REPORTS_TO
23562,7854,REPORTS_TO
23563,7854,REPORTS_TO
23564,7855,REPORTS_TO
23565,7855,REPORTS_TO
23566,7855,REPORTS_TO
23567,7856,REPORTS_TO
23568,7856,REPORTS_TO
23569,7856,REPORTS_TO
23570,7857,REPORTS_TO
23571,7857,REPORTS_TO
23572,7857,REPORTS_TO
23573,7858,REPORTS_TO
23574,7858,REPORTS_TO
23575,7858,REPORTS_TO
23576,7859,REPORTS_TO
23577,7859,REPORTS_TO
23578,7859,REPORTS_TO
23579,7860,REPORTS_TO
23580,7860,REPORTS_TO
23581,7860,REPORTS_TO
23582,7861,REPORTS_TO
23583,7861,REPORTS_TO
23584,7861,REPORTS_TO
23585,7862,REPORTS_TO
23586,7862,REPORTS_TO
23587,7862,REPORTS_TO
23588,7863,REPORTS_TO
23589,7863,REPORTS_TO
23590,7863,REPORTS_TO
23591,7864,REPORTS_TO
23592,7864,REPORTS_TO
23593,7864,REPORTS_TO
23594,7865,REPORTS_TO
23595,7865,REPORTS_TO
23596,7865,REPORTS_TO
23597,7866,REPORTS_TO
23598,7866,REPORTS_TO
23599,7866,REPORTS_TO
23600,7867,REPORTS_TO
23601,7867,REPORTS_TO
23602,7867,REPORTS_TO
23603,7868,REPORTS_TO
23604,7868,REPORTS_TO
23605,7868,REPORTS_TO
23606,7869,REPORTS_TO
23607,7869,REPORTS_TO
23608,7869,REPORTS_TO
23609,7870,REPORTS_TO
23610,7870,REPORTS_TO
23611,7870,REPORTS_TO
23612,7871,REPORTS_TO
23613,7871,REPORTS_TO
23614,7871,REPORTS_TO
23615,7872,REPORTS_TO
23616,7872,REPORTS_TO
23617,7872,REPORTS_TO
23618,7873,REPORTS_TO
23619,7873,REPORTS_TO
23620,7873,REPORTS_TO
23621,7874,REPORTS_TO
23622,7874,REPORTS_TO
23623,7874,REPORTS_TO
23624,7875,REPORTS_TO
23625,7875,REPORTS_TO
23626,7875,REPORTS_TO
23627,7876,REPORTS_TO
23628,7876,REPORTS_TO
23629,7876,REPORTS_TO
23630,7877,REPORTS_TO
23631,7877,REPORTS_TO
23632,7877,REPORTS_TO
23633,7878,REPORTS_TO
23634,7878,REPORTS_TO
23635,7878,REPORTS_TO
23636,7879,REPORTS_TO
23637,7879,REPORTS_TO
23638,7879,REPORTS_TO
23639,7880,REPORTS_TO
23640,7880,REPORTS_TO
23641,7880,REPORTS_TO
23642,7881,REPORTS_TO
23643,7881,REPORTS_TO
23644,7881,REPORTS_TO
23645,7882,REPORTS_TO
23646,7882,REPORTS_TO
23647,7882,REPORTS_TO
23648,7883,REPORTS_TO
23649,7883,REPORTS_TO
23650,7883,REPORTS_TO
23651,7884,REPORTS_TO
23652,7884,REPORTS_TO
23653,7884,REPORTS_TO
23654,7885,REPORTS_TO
23655,7885,REPORTS_TO
23656,7885,REPORTS_TO
23657,7886,REPORTS_TO
23658,7886,REPORTS_TO
23659,7886,REPORTS_TO
23660,7887,REPORTS_TO
23661,7887,REPORTS_TO
23662,7887,REPORTS_TO
23663,7888,REPORTS_TO
23664,7888,REPORTS_TO
23665,7888,REPORTS_TO
23666,7889,REPORTS_TO
23667,7889,REPORTS_TO
23668,7889,REPORTS_TO
23669,7890,REPORTS_TO
23670,7890,REPORTS_TO
23671,7890,REPORTS_TO
23672,7891,REPORTS_TO
23673,7891,REPORTS_TO
23674,7891,REPORTS_TO
23675,7892,REPORTS_TO
23676,7892,REPORTS_TO
23677,7892,REPORTS_TO
23678,7893,REPORTS_TO
23679,7893,REPORTS_TO
23680,7893,REPORTS_TO
23681,7894,REPORTS_TO
23682,7894,REPORTS_TO
23683,7894,REPORTS_TO
23684,7895,REPORTS_TO
23685,7895,REPORTS_TO
23686,7895,REPORTS_TO
23687,7896,REPORTS_TO
23688,7896,REPORTS_TO
23689,7896,REPORTS_TO
23690,7897,REPORTS_TO
23691,7897,REPORTS_TO
23692,7897,REPORTS_TO
23693,7898,REPORTS_TO
23694,7898,REPORTS_TO
23695,7898,REPORTS_TO
23696,7899,REPORTS_TO
23697,7899,REPORTS_TO
23698,7899,REPORTS_TO
23699,7900,REPORTS_TO
23700,7900,REPORTS_TO
23701,7900,REPORTS_TO
23702,7901,REPORTS_TO
23703,7901,REPORTS_TO
23704,7901,REPORTS_TO
23705,7902,REPORTS_TO
23706,7902,REPORTS_TO
23707,7902,REPORTS_TO
23708,7903,REPORTS_TO
23709,7903,REPORTS_TO
23710,7903,REPORTS_TO
23711,7904,REPORTS_TO
23712,7904,REPORTS_TO
23713,7904,REPORTS_TO
23714,7905,REPORTS_TO
23715,7905,REPORTS_TO
23716,7905,REPORTS_TO
23717,7906,REPORTS_TO
23718,7906,REPORTS_TO
23719,7906,REPORTS_TO
23720,7907,REPORTS_TO
23721,7907,REPORTS_TO
23722,7907,REPORTS_TO
23723,7908,REPORTS_TO
23724,7908,REPORTS_TO
23725,7908,REPORTS_TO
23726,7909,REPORTS_TO
23727,7909,REPORTS_TO
23728,7909,REPORTS_TO
23729,7910,REPORTS_TO
23730,7910,REPORTS_TO
23731,7910,REPORTS_TO
23732,7911,REPORTS_TO
23733,7911,REPORTS_TO
23734,7911,REPORTS_TO
23735,7912,REPORTS_TO
23736,7912,REPORTS_TO
23737,7912,REPORTS_TO
23738,7913,REPORTS_TO
23739,7913,REPORTS_TO
23740,7913,REPORTS_TO
23741,7914,REPORTS_TO
23742,7914,REPORTS_TO
23743,7914,REPORTS_TO
23744,7915,REPORTS_TO
23745,7915,REPORTS_TO
23746,7915,REPORTS_TO
23747,7916,REPORTS_TO
23748,7916,REPORTS_TO
23749,7916,REPORTS_TO
23750,7917,REPORTS_TO
23751,7917,REPORTS_TO
23752,7917,REPORTS_TO
23753,7918,REPORTS_TO
23754,7918,REPORTS_TO
23755,7918,REPORTS_TO
23756,7919,REPORTS_TO
23757,7919,REPORTS_TO
23758,7919,REPORTS_TO
23759,7920,REPORTS_TO
23760,7920,REPORTS_TO
23761,7920,REPORTS_TO
23762,7921,REPORTS_TO
23763,7921,REPORTS_TO
23764,7921,REPORTS_TO
23765,7922,REPORTS_TO
23766,7922,REPORTS_TO
23767,7922,REPORTS_TO
23768,7923,REPORTS_TO
23769,7923,REPORTS_TO
23770,7923,REPORTS_TO
23771,7924,REPORTS_TO
23772,7924,REPORTS_TO
23773,7924,REPORTS_TO
23774,7925,REPORTS_TO
23775,7925,REPORTS_TO
23776,7925,REPORTS_TO
23777,7926,REPORTS_TO
23778,7926,REPORTS_TO
23779,7926,REPORTS_TO
23780,7927,REPORTS_TO
23781,7927,REPORTS_TO
23782,7927,REPORTS_TO
23783,7928,REPORTS_TO
23784,7928,REPORTS_TO
23785,7928,REPORTS_TO
23786,7929,REPORTS_TO
23787,7929,REPORTS_TO
23788,7929,REPORTS_TO
23789,7930,REPORTS_TO
23790,7930,REPORTS_TO
23791,7930,REPORTS_TO
23792,7931,REPORTS_TO
23793,7931,REPORTS_TO
23794,7931,REPORTS_TO
23795,7932,REPORTS_TO
23796,7932,REPORTS_TO
23797,7932,REPORTS_TO
23798,7933,REPORTS_TO
23799,7933,REPORTS_TO
23800,7933,REPORTS_TO
23801,7934,REPORTS_TO
23802,7934,REPORTS_TO
23803,7934,REPORTS_TO
23804,7935,REPORTS_TO
23805,7935,REPORTS_TO
23806,7935,REPORTS_TO
23807,7936,REPORTS_TO
23808,7936,REPORTS_TO
23809,7936,REPORTS_TO
23810,7937,REPORTS_TO
23811,7937,REPORTS_TO
23812,7937,REPORTS_TO
23813,7938,REPORTS_TO
23814,7938,REPORTS_TO
23815,7938,REPORTS_TO
23816,7939,REPORTS_TO
23817,7939,REPORTS_TO
23818,7939,REPORTS_TO
23819,7940,REPORTS_TO
23820,7940,REPORTS_TO
23821,7940,REPORTS_TO
23822,7941,REPORTS_TO
23823,7941,REPORTS_TO
23824,7941,REPORTS_TO
23825,7942,REPORTS_TO
23826,7942,REPORTS_TO
23827,7942,REPORTS_TO
23828,7943,REPORTS_TO
23829,7943,REPORTS_TO
23830,7943,REPORTS_TO
23831,7944,REPORTS_TO
23832,7944,REPORTS_TO
23833,7944,REPORTS_TO
23834,7945,REPORTS_TO
23835,7945,REPORTS_TO
23836,7945,REPORTS_TO
23837,7946,REPORTS_TO
23838,7946,REPORTS_TO
23839,7946,REPORTS_TO
23840,7947,REPORTS_TO
23841,7947,REPORTS_TO
23842,7947,REPORTS_TO
23843,7948,REPORTS_TO
23844,7948,REPORTS_TO
23845,7948,REPORTS_TO
23846,7949,REPORTS_TO
23847,7949,REPORTS_TO
23848,7949,REPORTS_TO
23849,7950,REPORTS_TO
23850,7950,REPORTS_TO
23851,7950,REPORTS_TO
23852,7951,REPORTS_TO
23853,7951,REPORTS_TO
23854,7951,REPORTS_TO
23855,7952,REPORTS_TO
23856,7952,REPORTS_TO
23857,7952,REPORTS_TO
23858,7953,REPORTS_TO
23859,7953,REPORTS_TO
23860,7953,REPORTS_TO
23861,7954,REPORTS_TO
23862,7954,REPORTS_TO
23863,7954,REPORTS_TO
23864,7955,REPORTS_TO
23865,7955,REPORTS_TO
23866,7955,REPORTS_TO
23867,7956,REPORTS_TO
23868,7956,REPORTS_TO
23869,7956,REPORTS_TO
23870,7957,REPORTS_TO
23871,7957,REPORTS_TO
23872,7957,REPORTS_TO
23873,7958,REPORTS_TO
23874,7958,REPORTS_TO
23875,7958,REPORTS_TO
23876,7959,REPORTS_TO
23877,7959,REPORTS_TO
23878,7959,REPORTS_TO
23879,7960,REPORTS_TO
23880,7960,REPORTS_TO
23881,7960,REPORTS_TO
23882,7961,REPORTS_TO
23883,7961,REPORTS_TO
23884,7961,REPORTS_TO
23885,7962,REPORTS_TO
23886,7962,REPORTS_TO
23887,7962,REPORTS_TO
23888,7963,REPORTS_TO
23889,7963,REPORTS_TO
23890,7963,REPORTS_TO
23891,7964,REPORTS_TO
23892,7964,REPORTS_TO
23893,7964,REPORTS_TO
23894,7965,REPORTS_TO
23895,7965,REPORTS_TO
23896,7965,REPORTS_TO
23897,7966,REPORTS_TO
23898,7966,REPORTS_TO
23899,7966,REPORTS_TO
23900,7967,REPORTS_TO
23901,7967,REPORTS_TO
23902,7967,REPORTS_TO
23903,7968,REPORTS_TO
23904,7968,REPORTS_TO
23905,7968,REPORTS_TO
23906,7969,REPORTS_TO
23907,7969,REPORTS_TO
23908,7969,REPORTS_TO
23909,7970,REPORTS_TO
23910,7970,REPORTS_TO
23911,7970,REPORTS_TO
23912,7971,REPORTS_TO
23913,7971,REPORTS_TO
23914,7971,REPORTS_TO
23915,7972,REPORTS_TO
23916,7972,REPORTS_TO
23917,7972,REPORTS_TO
23918,7973,REPORTS_TO
23919,7973,REPORTS_TO
23920,7973,REPORTS_TO
23921,7974,REPORTS_TO
23922,7974,REPORTS_TO
23923,7974,REPORTS_TO
23924,7975,REPORTS_TO
23925,7975,REPORTS_TO
23926,7975,REPORTS_TO
23927,7976,REPORTS_TO
23928,7976,REPORTS_TO
23929,7976,REPORTS_TO
23930,7977,REPORTS_TO
23931,7977,REPORTS_TO
23932,7977,REPORTS_TO
23933,7978,REPORTS_TO
23934,7978,REPORTS_TO
23935,7978,REPORTS_TO
23936,7979,REPORTS_TO
23937,7979,REPORTS_TO
23938,7979,REPORTS_TO
23939,7980,REPORTS_TO
23940,7980,REPORTS_TO
23941,7980,REPORTS_TO
23942,7981,REPORTS_TO
23943,7981,REPORTS_TO
23944,7981,REPORTS_TO
23945,7982,REPORTS_TO
23946,7982,REPORTS_TO
23947,7982,REPORTS_TO
23948,7983,REPORTS_TO
23949,7983,REPORTS_TO
23950,7983,REPORTS_TO
23951,7984,REPORTS_TO
23952,7984,REPORTS_TO
23953,7984,REPORTS_TO
23954,7985,REPORTS_TO
23955,7985,REPORTS_TO
23956,7985,REPORTS_TO
23957,7986,REPORTS_TO
23958,7986,REPORTS_TO
23959,7986,REPORTS_TO
23960,7987,REPORTS_TO
23961,7987,REPORTS_TO
23962,7987,REPORTS_TO
23963,7988,REPORTS_TO
23964,7988,REPORTS_TO
23965,7988,REPORTS_TO
23966,7989,REPORTS_TO
23967,7989,REPORTS_TO
23968,7989,REPORTS_TO
23969,7990,REPORTS_TO
23970,7990,REPORTS_TO
23971,7990,REPORTS_TO
23972,7991,REPORTS_TO
23973,7991,REPORTS_TO
23974,7991,REPORTS_TO
23975,7992,REPORTS_TO
23976,7992,REPORTS_TO
23977,7992,REPORTS_TO
23978,7993,REPORTS_TO
23979,7993,REPORTS_TO
23980,7993,REPORTS_TO
23981,7994,REPORTS_TO
23982,7994,REPORTS_TO
23983,7994,REPORTS_TO
23984,7995,REPORTS_TO
23985,7995,REPORTS_TO
23986,7995,REPORTS_TO
23987,7996,REPORTS_TO
23988,7996,REPORTS_TO
23989,7996,REPORTS_TO
23990,7997,REPORTS_TO
23991,7997,REPORTS_TO
23992,7997,REPORTS_TO
23993,7998,REPORTS_TO
23994,7998,REPORTS_TO
23995,7998,REPORTS_TO
23996,7999,REPORTS_TO
23997,7999,REPORTS_TO
23998,7999,REPORTS_TO
23999,8000,REPORTS_TO
24000,8000,REPORTS_TO
24001,8000,REPORTS_TO
24002,8001,REPORTS_TO
24003,8001,REPORTS_TO
24004,8001,REPORTS_TO
24005,8002,REPORTS_TO
24006,8002,REPORTS_TO
24007,8002,REPORTS_TO
24008,8003,REPORTS_TO
24009,8003,REPORTS_TO
24010,8003,REPORTS_TO
24011,8004,REPORTS_TO
24012,8004,REPORTS_TO
24013,8004,REPORTS_TO
24014,8005,REPORTS_TO
24015,8005,REPORTS_TO
24016,8005,REPORTS_TO
24017,8006,REPORTS_TO
24018,8006,REPORTS_TO
24019,8006,REPORTS_TO
24020,8007,REPORTS_TO
24021,8007,REPORTS_TO
24022,8007,REPORTS_TO
24023,8008,REPORTS_TO
24024,8008,REPORTS_TO
24025,8008,REPORTS_TO
24026,8009,REPORTS_TO
24027,8009,REPORTS_TO
24028,8009,REPORTS_TO
24029,8010,REPORTS_TO
24030,8010,REPORTS_TO
24031,8010,REPORTS_TO
24032,8011,REPORTS_TO
24033,8011,REPORTS_TO
24034,8011,REPORTS_TO
24035,8012,REPORTS_TO
24036,8012,REPORTS_TO
24037,8012,REPORTS_TO
24038,8013,REPORTS_TO
24039,8013,REPORTS_TO
24040,8013,REPORTS_TO
24041,8014,REPORTS_TO
24042,8014,REPORTS_TO
24043,8014,REPORTS_TO
24044,8015,REPORTS_TO
24045,8015,REPORTS_TO
24046,8015,REPORTS_TO
24047,8016,REPORTS_TO
24048,8016,REPORTS_TO
24049,8016,REPORTS_TO
24050,8017,REPORTS_TO
24051,8017,REPORTS_TO
24052,8017,REPORTS_TO
24053,8018,REPORTS_TO
24054,8018,REPORTS_TO
24055,8018,REPORTS_TO
24056,8019,REPORTS_TO
24057,8019,REPORTS_TO
24058,8019,REPORTS_TO
24059,8020,REPORTS_TO
24060,8020,REPORTS_TO
24061,8020,REPORTS_TO
24062,8021,REPORTS_TO
24063,8021,REPORTS_TO
24064,8021,REPORTS_TO
24065,8022,REPORTS_TO
24066,8022,REPORTS_TO
24067,8022,REPORTS_TO
24068,8023,REPORTS_TO
24069,8023,REPORTS_TO
24070,8023,REPORTS_TO
24071,8024,REPORTS_TO
24072,8024,REPORTS_TO
24073,8024,REPORTS_TO
24074,8025,REPORTS_TO
24075,8025,REPORTS_TO
24076,8025,REPORTS_TO
24077,8026,REPORTS_TO
24078,8026,REPORTS_TO
24079,8026,REPORTS_TO
24080,8027,REPORTS_TO
24081,8027,REPORTS_TO
24082,8027,REPORTS_TO
24083,8028,REPORTS_TO
24084,8028,REPORTS_TO
24085,8028,REPORTS_TO
24086,8029,REPORTS_TO
24087,8029,REPORTS_TO
24088,8029,REPORTS_TO
24089,8030,REPORTS_TO
24090,8030,REPORTS_TO
24091,8030,REPORTS_TO
24092,8031,REPORTS_TO
24093,8031,REPORTS_TO
24094,8031,REPORTS_TO
24095,8032,REPORTS_TO
24096,8032,REPORTS_TO
24097,8032,REPORTS_TO
24098,8033,REPORTS_TO
24099,8033,REPORTS_TO
24100,8033,REPORTS_TO
24101,8034,REPORTS_TO
24102,8034,REPORTS_TO
24103,8034,REPORTS_TO
24104,8035,REPORTS_TO
24105,8035,REPORTS_TO
24106,8035,REPORTS_TO
24107,8036,REPORTS_TO
24108,8036,REPORTS_TO
24109,8036,REPORTS_TO
24110,8037,REPORTS_TO
24111,8037,REPORTS_TO
24112,8037,REPORTS_TO
24113,8038,REPORTS_TO
24114,8038,REPORTS_TO
24115,8038,REPORTS_TO
24116,8039,REPORTS_TO
24117,8039,REPORTS_TO
24118,8039,REPORTS_TO
24119,8040,REPORTS_TO
24120,8040,REPORTS_TO
24121,8040,REPORTS_TO
24122,8041,REPORTS_TO
24123,8041,REPORTS_TO
24124,8041,REPORTS_TO
24125,8042,REPORTS_TO
24126,8042,REPORTS_TO
24127,8042,REPORTS_TO
24128,8043,REPORTS_TO
24129,8043,REPORTS_TO
24130,8043,REPORTS_TO
24131,8044,REPORTS_TO
24132,8044,REPORTS_TO
24133,8044,REPORTS_TO
24134,8045,REPORTS_TO
24135,8045,REPORTS_TO
24136,8045,REPORTS_TO
24137,8046,REPORTS_TO
24138,8046,REPORTS_TO
24139,8046,REPORTS_TO
24140,8047,REPORTS_TO
24141,8047,REPORTS_TO
24142,8047,REPORTS_TO
24143,8048,REPORTS_TO
24144,8048,REPORTS_TO
24145,8048,REPORTS_TO
24146,8049,REPORTS_TO
24147,8049,REPORTS_TO
24148,8049,REPORTS_TO
24149,8050,REPORTS_TO
24150,8050,REPORTS_TO
24151,8050,REPORTS_TO
24152,8051,REPORTS_TO
24153,8051,REPORTS_TO
24154,8051,REPORTS_TO
24155,8052,REPORTS_TO
24156,8052,REPORTS_TO
24157,8052,REPORTS_TO
24158,8053,REPORTS_TO
24159,8053,REPORTS_TO
24160,8053,REPORTS_TO
24161,8054,REPORTS_TO
24162,8054,REPORTS_TO
24163,8054,REPORTS_TO
24164,8055,REPORTS_TO
24165,8055,REPORTS_TO
24166,8055,REPORTS_TO
24167,8056,REPORTS_TO
24168,8056,REPORTS_TO
24169,8056,REPORTS_TO
24170,8057,REPORTS_TO
24171,8057,REPORTS_TO
24172,8057,REPORTS_TO
24173,8058,REPORTS_TO
24174,8058,REPORTS_TO
24175,8058,REPORTS_TO
24176,8059,REPORTS_TO
24177,8059,REPORTS_TO
24178,8059,REPORTS_TO
24179,8060,REPORTS_TO
24180,8060,REPORTS_TO
24181,8060,REPORTS_TO
24182,8061,REPORTS_TO
24183,8061,REPORTS_TO
24184,8061,REPORTS_TO
24185,8062,REPORTS_TO
24186,8062,REPORTS_TO
24187,8062,REPORTS_TO
24188,8063,REPORTS_TO
24189,8063,REPORTS_TO
24190,8063,REPORTS_TO
24191,8064,REPORTS_TO
24192,8064,REPORTS_TO
24193,8064,REPORTS_TO
24194,8065,REPORTS_TO
24195,8065,REPORTS_TO
24196,8065,REPORTS_TO
24197,8066,REPORTS_TO
24198,8066,REPORTS_TO
24199,8066,REPORTS_TO
24200,8067,REPORTS_TO
24201,8067,REPORTS_TO
24202,8067,REPORTS_TO
24203,8068,REPORTS_TO
24204,8068,REPORTS_TO
24205,8068,REPORTS_TO
24206,8069,REPORTS_TO
24207,8069,REPORTS_TO
24208,8069,REPORTS_TO
24209,8070,REPORTS_TO
24210,8070,REPORTS_TO
24211,8070,REPORTS_TO
24212,8071,REPORTS_TO
24213,8071,REPORTS_TO
24214,8071,REPORTS_TO
24215,8072,REPORTS_TO
24216,8072,REPORTS_TO
24217,8072,REPORTS_TO
24218,8073,REPORTS_TO
24219,8073,REPORTS_TO
24220,8073,REPORTS_TO
24221,8074,REPORTS_TO
24222,8074,REPORTS_TO
24223,8074,REPORTS_TO
24224,8075,REPORTS_TO
24225,8075,REPORTS_TO
24226,8075,REPORTS_TO
24227,8076,REPORTS_TO
24228,8076,REPORTS_TO
24229,8076,REPORTS_TO
24230,8077,REPORTS_TO
24231,8077,REPORTS_TO
24232,8077,REPORTS_TO
24233,8078,REPORTS_TO
24234,8078,REPORTS_TO
24235,8078,REPORTS_TO
24236,8079,REPORTS_TO
24237,8079,REPORTS_TO
24238,8079,REPORTS_TO
24239,8080,REPORTS_TO
24240,8080,REPORTS_TO
24241,8080,REPORTS_TO
24242,8081,REPORTS_TO
24243,8081,REPORTS_TO
24244,8081,REPORTS_TO
24245,8082,REPORTS_TO
24246,8082,REPORTS_TO
24247,8082,REPORTS_TO
24248,8083,REPORTS_TO
24249,8083,REPORTS_TO
24250,8083,REPORTS_TO
24251,8084,REPORTS_TO
24252,8084,REPORTS_TO
24253,8084,REPORTS_TO
24254,8085,REPORTS_TO
24255,8085,REPORTS_TO
24256,8085,REPORTS_TO
24257,8086,REPORTS_TO
24258,8086,REPORTS_TO
24259,8086,REPORTS_TO
24260,8087,REPORTS_TO
24261,8087,REPORTS_TO
24262,8087,REPORTS_TO
24263,8088,REPORTS_TO
24264,8088,REPORTS_TO
24265,8088,REPORTS_TO
24266,8089,REPORTS_TO
24267,8089,REPORTS_TO
24268,8089,REPORTS_TO
24269,8090,REPORTS_TO
24270,8090,REPORTS_TO
24271,8090,REPORTS_TO
24272,8091,REPORTS_TO
24273,8091,REPORTS_TO
24274,8091,REPORTS_TO
24275,8092,REPORTS_TO
24276,8092,REPORTS_TO
24277,8092,REPORTS_TO
24278,8093,REPORTS_TO
24279,8093,REPORTS_TO
24280,8093,REPORTS_TO
24281,8094,REPORTS_TO
24282,8094,REPORTS_TO
24283,8094,REPORTS_TO
24284,8095,REPORTS_TO
24285,8095,REPORTS_TO
24286,8095,REPORTS_TO
24287,8096,REPORTS_TO
24288,8096,REPORTS_TO
24289,8096,REPORTS_TO
24290,8097,REPORTS_TO
24291,8097,REPORTS_TO
24292,8097,REPORTS_TO
24293,8098,REPORTS_TO
24294,8098,REPORTS_TO
24295,8098,REPORTS_TO
24296,8099,REPORTS_TO
24297,8099,REPORTS_TO
24298,8099,REPORTS_TO
24299,8100,REPORTS_TO
24300,8100,REPORTS_TO
24301,8100,REPORTS_TO
24302,8101,REPORTS_TO
24303,8101,REPORTS_TO
24304,8101,REPORTS_TO
24305,8102,REPORTS_TO
24306,8102,REPORTS_TO
24307,8102,REPORTS_TO
24308,8103,REPORTS_TO
24309,8103,REPORTS_TO
24310,8103,REPORTS_TO
24311,8104,REPORTS_TO
24312,8104,REPORTS_TO
24313,8104,REPORTS_TO
24314,8105,REPORTS_TO
24315,8105,REPORTS_TO
24316,8105,REPORTS_TO
24317,8106,REPORTS_TO
24318,8106,REPORTS_TO
24319,8106,REPORTS_TO
24320,8107,REPORTS_TO
24321,8107,REPORTS_TO
24322,8107,REPORTS_TO
24323,8108,REPORTS_TO
24324,8108,REPORTS_TO
24325,8108,REPORTS_TO
24326,8109,REPORTS_TO
24327,8109,REPORTS_TO
24328,8109,REPORTS_TO
24329,8110,REPORTS_TO
24330,8110,REPORTS_TO
24331,8110,REPORTS_TO
24332,8111,REPORTS_TO
24333,8111,REPORTS_TO
24334,8111,REPORTS_TO
24335,8112,REPORTS_TO
24336,8112,REPORTS_TO
24337,8112,REPORTS_TO
24338,8113,REPORTS_TO
24339,8113,REPORTS_TO
24340,8113,REPORTS_TO
24341,8114,REPORTS_TO
24342,8114,REPORTS_TO
24343,8114,REPORTS_TO
24344,8115,REPORTS_TO
24345,8115,REPORTS_TO
24346,8115,REPORTS_TO
24347,8116,REPORTS_TO
24348,8116,REPORTS_TO
24349,8116,REPORTS_TO
24350,8117,REPORTS_TO
24351,8117,REPORTS_TO
24352,8117,REPORTS_TO
24353,8118,REPORTS_TO
24354,8118,REPORTS_TO
24355,8118,REPORTS_TO
24356,8119,REPORTS_TO
24357,8119,REPORTS_TO
24358,8119,REPORTS_TO
24359,8120,REPORTS_TO
24360,8120,REPORTS_TO
24361,8120,REPORTS_TO
24362,8121,REPORTS_TO
24363,8121,REPORTS_TO
24364,8121,REPORTS_TO
24365,8122,REPORTS_TO
24366,8122,REPORTS_TO
24367,8122,REPORTS_TO
24368,8123,REPORTS_TO
24369,8123,REPORTS_TO
24370,8123,REPORTS_TO
24371,8124,REPORTS_TO
24372,8124,REPORTS_TO
24373,8124,REPORTS_TO
24374,8125,REPORTS_TO
24375,8125,REPORTS_TO
24376,8125,REPORTS_TO
24377,8126,REPORTS_TO
24378,8126,REPORTS_TO
24379,8126,REPORTS_TO
24380,8127,REPORTS_TO
24381,8127,REPORTS_TO
24382,8127,REPORTS_TO
24383,8128,REPORTS_TO
24384,8128,REPORTS_TO
24385,8128,REPORTS_TO
24386,8129,REPORTS_TO
24387,8129,REPORTS_TO
24388,8129,REPORTS_TO
24389,8130,REPORTS_TO
24390,8130,REPORTS_TO
24391,8130,REPORTS_TO
24392,8131,REPORTS_TO
24393,8131,REPORTS_TO
24394,8131,REPORTS_TO
24395,8132,REPORTS_TO
24396,8132,REPORTS_TO
24397,8132,REPORTS_TO
24398,8133,REPORTS_TO
24399,8133,REPORTS_TO
24400,8133,REPORTS_TO
24401,8134,REPORTS_TO
24402,8134,REPORTS_TO
24403,8134,REPORTS_TO
24404,8135,REPORTS_TO
24405,8135,REPORTS_TO
24406,8135,REPORTS_TO
24407,8136,REPORTS_TO
24408,8136,REPORTS_TO
24409,8136,REPORTS_TO
24410,8137,REPORTS_TO
24411,8137,REPORTS_TO
24412,8137,REPORTS_TO
24413,8138,REPORTS_TO
24414,8138,REPORTS_TO
24415,8138,REPORTS_TO
24416,8139,REPORTS_TO
24417,8139,REPORTS_TO
24418,8139,REPORTS_TO
24419,8140,REPORTS_TO
24420,8140,REPORTS_TO
24421,8140,REPORTS_TO
24422,8141,REPORTS_TO
24423,8141,REPORTS_TO
24424,8141,REPORTS_TO
24425,8142,REPORTS_TO
24426,8142,REPORTS_TO
24427,8142,REPORTS_TO
24428,8143,REPORTS_TO
24429,8143,REPORTS_TO
24430,8143,REPORTS_TO
24431,8144,REPORTS_TO
24432,8144,REPORTS_TO
24433,8144,REPORTS_TO
24434,8145,REPORTS_TO
24435,8145,REPORTS_TO
24436,8145,REPORTS_TO
24437,8146,REPORTS_TO
24438,8146,REPORTS_TO
24439,8146,REPORTS_TO
24440,8147,REPORTS_TO
24441,8147,REPORTS_TO
24442,8147,REPORTS_TO
24443,8148,REPORTS_TO
24444,8148,REPORTS_TO
24445,8148,REPORTS_TO
24446,8149,REPORTS_TO
24447,8149,REPORTS_TO
24448,8149,REPORTS_TO
24449,8150,REPORTS_TO
24450,8150,REPORTS_TO
24451,8150,REPORTS_TO
24452,8151,REPORTS_TO
24453,8151,REPORTS_TO
24454,8151,REPORTS_TO
24455,8152,REPORTS_TO
24456,8152,REPORTS_TO
24457,8152,REPORTS_TO
24458,8153,REPORTS_TO
24459,8153,REPORTS_TO
24460,8153,REPORTS_TO
24461,8154,REPORTS_TO
24462,8154,REPORTS_TO
24463,8154,REPORTS_TO
24464,8155,REPORTS_TO
24465,8155,REPORTS_TO
24466,8155,REPORTS_TO
24467,8156,REPORTS_TO
24468,8156,REPORTS_TO
24469,8156,REPORTS_TO
24470,8157,REPORTS_TO
24471,8157,REPORTS_TO
24472,8157,REPORTS_TO
24473,8158,REPORTS_TO
24474,8158,REPORTS_TO
24475,8158,REPORTS_TO
24476,8159,REPORTS_TO
24477,8159,REPORTS_TO
24478,8159,REPORTS_TO
24479,8160,REPORTS_TO
24480,8160,REPORTS_TO
24481,8160,REPORTS_TO
24482,8161,REPORTS_TO
24483,8161,REPORTS_TO
24484,8161,REPORTS_TO
24485,8162,REPORTS_TO
24486,8162,REPORTS_TO
24487,8162,REPORTS_TO
24488,8163,REPORTS_TO
24489,8163,REPORTS_TO
24490,8163,REPORTS_TO
24491,8164,REPORTS_TO
24492,8164,REPORTS_TO
24493,8164,REPORTS_TO
24494,8165,REPORTS_TO
24495,8165,REPORTS_TO
24496,8165,REPORTS_TO
24497,8166,REPORTS_TO
24498,8166,REPORTS_TO
24499,8166,REPORTS_TO
24500,8167,REPORTS_TO
24501,8167,REPORTS_TO
24502,8167,REPORTS_TO
24503,8168,REPORTS_TO
24504,8168,REPORTS_TO
24505,8168,REPORTS_TO
24506,8169,REPORTS_TO
24507,8169,REPORTS_TO
24508,8169,REPORTS_TO
24509,8170,REPORTS_TO
24510,8170,REPORTS_TO
24511,8170,REPORTS_TO
24512,8171,REPORTS_TO
24513,8171,REPORTS_TO
24514,8171,REPORTS_TO
24515,8172,REPORTS_TO
24516,8172,REPORTS_TO
24517,8172,REPORTS_TO
24518,8173,REPORTS_TO
24519,8173,REPORTS_TO
24520,8173,REPORTS_TO
24521,8174,REPORTS_TO
24522,8174,REPORTS_TO
24523,8174,REPORTS_TO
24524,8175,REPORTS_TO
24525,8175,REPORTS_TO
24526,8175,REPORTS_TO
24527,8176,REPORTS_TO
24528,8176,REPORTS_TO
24529,8176,REPORTS_TO
24530,8177,REPORTS_TO
24531,8177,REPORTS_TO
24532,8177,REPORTS_TO
24533,8178,REPORTS_TO
24534,8178,REPORTS_TO
24535,8178,REPORTS_TO
24536,8179,REPORTS_TO
24537,8179,REPORTS_TO
24538,8179,REPORTS_TO
24539,8180,REPORTS_TO
24540,8180,REPORTS_TO
24541,8180,REPORTS_TO
24542,8181,REPORTS_TO
24543,8181,REPORTS_TO
24544,8181,REPORTS_TO
24545,8182,REPORTS_TO
24546,8182,REPORTS_TO
24547,8182,REPORTS_TO
24548,8183,REPORTS_TO
24549,8183,REPORTS_TO
24550,8183,REPORTS_TO
24551,8184,REPORTS_TO
24552,8184,REPORTS_TO
24553,8184,REPORTS_TO
24554,8185,REPORTS_TO
24555,8185,REPORTS_TO
24556,8185,REPORTS_TO
24557,8186,REPORTS_TO
24558,8186,REPORTS_TO
24559,8186,REPORTS_TO
24560,8187,REPORTS_TO
24561,8187,REPORTS_TO
24562,8187,REPORTS_TO
24563,8188,REPORTS_TO
24564,8188,REPORTS_TO
24565,8188,REPORTS_TO
24566,8189,REPORTS_TO
24567,8189,REPORTS_TO
24568,8189,REPORTS_TO
24569,8190,REPORTS_TO
24570,8190,REPORTS_TO
24571,8190,REPORTS_TO
24572,8191,REPORTS_TO
24573,8191,REPORTS_TO
24574,8191,REPORTS_TO
24575,8192,REPORTS_TO
24576,8192,REPORTS_TO
24577,8192,REPORTS_TO
24578,8193,REPORTS_TO
24579,8193,REPORTS_TO
24580,8193,REPORTS_TO
24581,8194,REPORTS_TO
24582,8194,REPORTS_TO
24583,8194,REPORTS_TO
24584,8195,REPORTS_TO
24585,8195,REPORTS_TO
24586,8195,REPORTS_TO
24587,8196,REPORTS_TO
24588,8196,REPORTS_TO
24589,8196,REPORTS_TO
24590,8197,REPORTS_TO
24591,8197,REPORTS_TO
24592,8197,REPORTS_TO
24593,8198,REPORTS_TO
24594,8198,REPORTS_TO
24595,8198,REPORTS_TO
24596,8199,REPORTS_TO
24597,8199,REPORTS_TO
24598,8199,REPORTS_TO
24599,8200,REPORTS_TO
24600,8200,REPORTS_TO
24601,8200,REPORTS_TO
24602,8201,REPORTS_TO
24603,8201,REPORTS_TO
24604,8201,REPORTS_TO
24605,8202,REPORTS_TO
24606,8202,REPORTS_TO
24607,8202,REPORTS_TO
24608,8203,REPORTS_TO
24609,8203,REPORTS_TO
24610,8203,REPORTS_TO
24611,8204,REPORTS_TO
24612,8204,REPORTS_TO
24613,8204,REPORTS_TO
24614,8205,REPORTS_TO
24615,8205,REPORTS_TO
24616,8205,REPORTS_TO
24617,8206,REPORTS_TO
24618,8206,REPORTS_TO
24619,8206,REPORTS_TO
24620,8207,REPORTS_TO
24621,8207,REPORTS_TO
24622,8207,REPORTS_TO
24623,8208,REPORTS_TO
24624,8208,REPORTS_TO
24625,8208,REPORTS_TO
24626,8209,REPORTS_TO
24627,8209,REPORTS_TO
24628,8209,REPORTS_TO
24629,8210,REPORTS_TO
24630,8210,REPORTS_TO
24631,8210,REPORTS_TO
24632,8211,REPORTS_TO
24633,8211,REPORTS_TO
24634,8211,REPORTS_TO
24635,8212,REPORTS_TO
24636,8212,REPORTS_TO
24637,8212,REPORTS_TO
24638,8213,REPORTS_TO
24639,8213,REPORTS_TO
24640,8213,REPORTS_TO
24641,8214,REPORTS_TO
24642,8214,REPORTS_TO
24643,8214,REPORTS_TO
24644,8215,REPORTS_TO
24645,8215,REPORTS_TO
24646,8215,REPORTS_TO
24647,8216,REPORTS_TO
24648,8216,REPORTS_TO
24649,8216,REPORTS_TO
24650,8217,REPORTS_TO
24651,8217,REPORTS_TO
24652,8217,REPORTS_TO
24653,8218,REPORTS_TO
24654,8218,REPORTS_TO
24655,8218,REPORTS_TO
24656,8219,REPORTS_TO
24657,8219,REPORTS_TO
24658,8219,REPORTS_TO
24659,8220,REPORTS_TO
24660,8220,REPORTS_TO
24661,8220,REPORTS_TO
24662,8221,REPORTS_TO
24663,8221,REPORTS_TO
24664,8221,REPORTS_TO
24665,8222,REPORTS_TO
24666,8222,REPORTS_TO
24667,8222,REPORTS_TO
24668,8223,REPORTS_TO
24669,8223,REPORTS_TO
24670,8223,REPORTS_TO
24671,8224,REPORTS_TO
24672,8224,REPORTS_TO
24673,8224,REPORTS_TO
24674,8225,REPORTS_TO
24675,8225,REPORTS_TO
24676,8225,REPORTS_TO
24677,8226,REPORTS_TO
24678,8226,REPORTS_TO
24679,8226,REPORTS_TO
24680,8227,REPORTS_TO
24681,8227,REPORTS_TO
24682,8227,REPORTS_TO
24683,8228,REPORTS_TO
24684,8228,REPORTS_TO
24685,8228,REPORTS_TO
24686,8229,REPORTS_TO
24687,8229,REPORTS_TO
24688,8229,REPORTS_TO
24689,8230,REPORTS_TO
24690,8230,REPORTS_TO
24691,8230,REPORTS_TO
24692,8231,REPORTS_TO
24693,8231,REPORTS_TO
24694,8231,REPORTS_TO
24695,8232,REPORTS_TO
24696,8232,REPORTS_TO
24697,8232,REPORTS_TO
24698,8233,REPORTS_TO
24699,8233,REPORTS_TO
24700,8233,REPORTS_TO
24701,8234,REPORTS_TO
24702,8234,REPORTS_TO
24703,8234,REPORTS_TO
24704,8235,REPORTS_TO
24705,8235,REPORTS_TO
24706,8235,REPORTS_TO
24707,8236,REPORTS_TO
24708,8236,REPORTS_TO
24709,8236,REPORTS_TO
24710,8237,REPORTS_TO
24711,8237,REPORTS_TO
24712,8237,REPORTS_TO
24713,8238,REPORTS_TO
24714,8238,REPORTS_TO
24715,8238,REPORTS_TO
24716,8239,REPORTS_TO
24717,8239,REPORTS_TO
24718,8239,REPORTS_TO
24719,8240,REPORTS_TO
24720,8240,REPORTS_TO
24721,8240,REPORTS_TO
24722,8241,REPORTS_TO
24723,8241,REPORTS_TO
24724,8241,REPORTS_TO
24725,8242,REPORTS_TO
24726,8242,REPORTS_TO
24727,8242,REPORTS_TO
24728,8243,REPORTS_TO
24729,8243,REPORTS_TO
24730,8243,REPORTS_TO
24731,8244,REPORTS_TO
24732,8244,REPORTS_TO
24733,8244,REPORTS_TO
24734,8245,REPORTS_TO
24735,8245,REPORTS_TO
24736,8245,REPORTS_TO
24737,8246,REPORTS_TO
24738,8246,REPORTS_TO
24739,8246,REPORTS_TO
24740,8247,REPORTS_TO
24741,8247,REPORTS_TO
24742,8247,REPORTS_TO
24743,8248,REPORTS_TO
24744,8248,REPORTS_TO
24745,8248,REPORTS_TO
24746,8249,REPORTS_TO
24747,8249,REPORTS_TO
24748,8249,REPORTS_TO
24749,8250,REPORTS_TO
24750,8250,REPORTS_TO
24751,8250,REPORTS_TO
24752,8251,REPORTS_TO
24753,8251,REPORTS_TO
24754,8251,REPORTS_TO
24755,8252,REPORTS_TO
24756,8252,REPORTS_TO
24757,8252,REPORTS_TO
24758,8253,REPORTS_TO
24759,8253,REPORTS_TO
24760,8253,REPORTS_TO
24761,8254,REPORTS_TO
24762,8254,REPORTS_TO
24763,8254,REPORTS_TO
24764,8255,REPORTS_TO
24765,8255,REPORTS_TO
24766,8255,REPORTS_TO
24767,8256,REPORTS_TO
24768,8256,REPORTS_TO
24769,8256,REPORTS_TO
24770,8257,REPORTS_TO
24771,8257,REPORTS_TO
24772,8257,REPORTS_TO
24773,8258,REPORTS_TO
24774,8258,REPORTS_TO
24775,8258,REPORTS_TO
24776,8259,REPORTS_TO
24777,8259,REPORTS_TO
24778,8259,REPORTS_TO
24779,8260,REPORTS_TO
24780,8260,REPORTS_TO
24781,8260,REPORTS_TO
24782,8261,REPORTS_TO
24783,8261,REPORTS_TO
24784,8261,REPORTS_TO
24785,8262,REPORTS_TO
24786,8262,REPORTS_TO
24787,8262,REPORTS_TO
24788,8263,REPORTS_TO
24789,8263,REPORTS_TO
24790,8263,REPORTS_TO
24791,8264,REPORTS_TO
24792,8264,REPORTS_TO
24793,8264,REPORTS_TO
24794,8265,REPORTS_TO
24795,8265,REPORTS_TO
24796,8265,REPORTS_TO
24797,8266,REPORTS_TO
24798,8266,REPORTS_TO
24799,8266,REPORTS_TO
24800,8267,REPORTS_TO
24801,8267,REPORTS_TO
24802,8267,REPORTS_TO
24803,8268,REPORTS_TO
24804,8268,REPORTS_TO
24805,8268,REPORTS_TO
24806,8269,REPORTS_TO
24807,8269,REPORTS_TO
24808,8269,REPORTS_TO
24809,8270,REPORTS_TO
24810,8270,REPORTS_TO
24811,8270,REPORTS_TO
24812,8271,REPORTS_TO
24813,8271,REPORTS_TO
24814,8271,REPORTS_TO
24815,8272,REPORTS_TO
24816,8272,REPORTS_TO
24817,8272,REPORTS_TO
24818,8273,REPORTS_TO
24819,8273,REPORTS_TO
24820,8273,REPORTS_TO
24821,8274,REPORTS_TO
24822,8274,REPORTS_TO
24823,8274,REPORTS_TO
24824,8275,REPORTS_TO
24825,8275,REPORTS_TO
24826,8275,REPORTS_TO
24827,8276,REPORTS_TO
24828,8276,REPORTS_TO
24829,8276,REPORTS_TO
24830,8277,REPORTS_TO
24831,8277,REPORTS_TO
24832,8277,REPORTS_TO
24833,8278,REPORTS_TO
24834,8278,REPORTS_TO
24835,8278,REPORTS_TO
24836,8279,REPORTS_TO
24837,8279,REPORTS_TO
24838,8279,REPORTS_TO
24839,8280,REPORTS_TO
24840,8280,REPORTS_TO
24841,8280,REPORTS_TO
24842,8281,REPORTS_TO
24843,8281,REPORTS_TO
24844,8281,REPORTS_TO
24845,8282,REPORTS_TO
24846,8282,REPORTS_TO
24847,8282,REPORTS_TO
24848,8283,REPORTS_TO
24849,8283,REPORTS_TO
24850,8283,REPORTS_TO
24851,8284,REPORTS_TO
24852,8284,REPORTS_TO
24853,8284,REPORTS_TO
24854,8285,REPORTS_TO
24855,8285,REPORTS_TO
24856,8285,REPORTS_TO
24857,8286,REPORTS_TO
24858,8286,REPORTS_TO
24859,8286,REPORTS_TO
24860,8287,REPORTS_TO
24861,8287,REPORTS_TO
24862,8287,REPORTS_TO
24863,8288,REPORTS_TO
24864,8288,REPORTS_TO
24865,8288,REPORTS_TO
24866,8289,REPORTS_TO
24867,8289,REPORTS_TO
24868,8289,REPORTS_TO
24869,8290,REPORTS_TO
24870,8290,REPORTS_TO
24871,8290,REPORTS_TO
24872,8291,REPORTS_TO
24873,8291,REPORTS_TO
24874,8291,REPORTS_TO
24875,8292,REPORTS_TO
24876,8292,REPORTS_TO
24877,8292,REPORTS_TO
24878,8293,REPORTS_TO
24879,8293,REPORTS_TO
24880,8293,REPORTS_TO
24881,8294,REPORTS_TO
24882,8294,REPORTS_TO
24883,8294,REPORTS_TO
24884,8295,REPORTS_TO
24885,8295,REPORTS_TO
24886,8295,REPORTS_TO
24887,8296,REPORTS_TO
24888,8296,REPORTS_TO
24889,8296,REPORTS_TO
24890,8297,REPORTS_TO
24891,8297,REPORTS_TO
24892,8297,REPORTS_TO
24893,8298,REPORTS_TO
24894,8298,REPORTS_TO
24895,8298,REPORTS_TO
24896,8299,REPORTS_TO
24897,8299,REPORTS_TO
24898,8299,REPORTS_TO
24899,8300,REPORTS_TO
24900,8300,REPORTS_TO
24901,8300,REPORTS_TO
24902,8301,REPORTS_TO
24903,8301,REPORTS_TO
24904,8301,REPORTS_TO
24905,8302,REPORTS_TO
24906,8302,REPORTS_TO
24907,8302,REPORTS_TO
24908,8303,REPORTS_TO
24909,8303,REPORTS_TO
24910,8303,REPORTS_TO
24911,8304,REPORTS_TO
24912,8304,REPORTS_TO
24913,8304,REPORTS_TO
24914,8305,REPORTS_TO
24915,8305,REPORTS_TO
24916,8305,REPORTS_TO
24917,8306,REPORTS_TO
24918,8306,REPORTS_TO
24919,8306,REPORTS_TO
24920,8307,REPORTS_TO
24921,8307,REPORTS_TO
24922,8307,REPORTS_TO
24923,8308,REPORTS_TO
24924,8308,REPORTS_TO
24925,8308,REPORTS_TO
24926,8309,REPORTS_TO
24927,8309,REPORTS_TO
24928,8309,REPORTS_TO
24929,8310,REPORTS_TO
24930,8310,REPORTS_TO
24931,8310,REPORTS_TO
24932,8311,REPORTS_TO
24933,8311,REPORTS_TO
24934,8311,REPORTS_TO
24935,8312,REPORTS_TO
24936,8312,REPORTS_TO
24937,8312,REPORTS_TO
24938,8313,REPORTS_TO
24939,8313,REPORTS_TO
24940,8313,REPORTS_TO
24941,8314,REPORTS_TO
24942,8314,REPORTS_TO
24943,8314,REPORTS_TO
24944,8315,REPORTS_TO
24945,8315,REPORTS_TO
24946,8315,REPORTS_TO
24947,8316,REPORTS_TO
24948,8316,REPORTS_TO
24949,8316,REPORTS_TO
24950,8317,REPORTS_TO
24951,8317,REPORTS_TO
24952,8317,REPORTS_TO
24953,8318,REPORTS_TO
24954,8318,REPORTS_TO
24955,8318,REPORTS_TO
24956,8319,REPORTS_TO
24957,8319,REPORTS_TO
24958,8319,REPORTS_TO
24959,8320,REPORTS_TO
24960,8320,REPORTS_TO
24961,8320,REPORTS_TO
24962,8321,REPORTS_TO
24963,8321,REPORTS_TO
24964,8321,REPORTS_TO
24965,8322,REPORTS_TO
24966,8322,REPORTS_TO
24967,8322,REPORTS_TO
24968,8323,REPORTS_TO
24969,8323,REPORTS_TO
24970,8323,REPORTS_TO
24971,8324,REPORTS_TO
24972,8324,REPORTS_TO
24973,8324,REPORTS_TO
24974,8325,REPORTS_TO
24975,8325,REPORTS_TO
24976,8325,REPORTS_TO
24977,8326,REPORTS_TO
24978,8326,REPORTS_TO
24979,8326,REPORTS_TO
24980,8327,REPORTS_TO
24981,8327,REPORTS_TO
24982,8327,REPORTS_TO
24983,8328,REPORTS_TO
24984,8328,REPORTS_TO
24985,8328,REPORTS_TO
24986,8329,REPORTS_TO
24987,8329,REPORTS_TO
24988,8329,REPORTS_TO
24989,8330,REPORTS_TO
24990,8330,REPORTS_TO
24991,8330,REPORTS_TO
24992,8331,REPORTS_TO
24993,8331,REPORTS_TO
24994,8331,REPORTS_TO
24995,8332,REPORTS_TO
24996,8332,REPORTS_TO
24997,8332,REPORTS_TO
24998,8333,REPORTS_TO
24999,8333,REPORTS_TO
25000,8333,REPORTS_TO
25001,8334,REPORTS_TO
25002,8334,REPORTS_TO
25003,8334,REPORTS_TO
25004,8335,REPORTS_TO
25005,8335,REPORTS_TO
25006,8335,REPORTS_TO
25007,8336,REPORTS_TO
25008,8336,REPORTS_TO
25009,8336,REPORTS_TO
25010,8337,REPORTS_TO
25011,8337,REPORTS_TO
25012,8337,REPORTS_TO
25013,8338,REPORTS_TO
25014,8338,REPORTS_TO
25015,8338,REPORTS_TO
25016,8339,REPORTS_TO
25017,8339,REPORTS_TO
25018,8339,REPORTS_TO
25019,8340,REPORTS_TO
25020,8340,REPORTS_TO
25021,8340,REPORTS_TO
25022,8341,REPORTS_TO
25023,8341,REPORTS_TO
25024,8341,REPORTS_TO
25025,8342,REPORTS_TO
25026,8342,REPORTS_TO
25027,8342,REPORTS_TO
25028,8343,REPORTS_TO
25029,8343,REPORTS_TO
25030,8343,REPORTS_TO
25031,8344,REPORTS_TO
25032,8344,REPORTS_TO
25033,8344,REPORTS_TO
25034,8345,REPORTS_TO
25035,8345,REPORTS_TO
25036,8345,REPORTS_TO
25037,8346,REPORTS_TO
25038,8346,REPORTS_TO
25039,8346,REPORTS_TO
25040,8347,REPORTS_TO
25041,8347,REPORTS_TO
25042,8347,REPORTS_TO
25043,8348,REPORTS_TO
25044,8348,REPORTS_TO
25045,8348,REPORTS_TO
25046,8349,REPORTS_TO
25047,8349,REPORTS_TO
25048,8349,REPORTS_TO
25049,8350,REPORTS_TO
25050,8350,REPORTS_TO
25051,8350,REPORTS_TO
25052,8351,REPORTS_TO
25053,8351,REPORTS_TO
25054,8351,REPORTS_TO
25055,8352,REPORTS_TO
25056,8352,REPORTS_TO
25057,8352,REPORTS_TO
25058,8353,REPORTS_TO
25059,8353,REPORTS_TO
25060,8353,REPORTS_TO
25061,8354,REPORTS_TO
25062,8354,REPORTS_TO
25063,8354,REPORTS_TO
25064,8355,REPORTS_TO
25065,8355,REPORTS_TO
25066,8355,REPORTS_TO
25067,8356,REPORTS_TO
25068,8356,REPORTS_TO
25069,8356,REPORTS_TO
25070,8357,REPORTS_TO
25071,8357,REPORTS_TO
25072,8357,REPORTS_TO
25073,8358,REPORTS_TO
25074,8358,REPORTS_TO
25075,8358,REPORTS_TO
25076,8359,REPORTS_TO
25077,8359,REPORTS_TO
25078,8359,REPORTS_TO
25079,8360,REPORTS_TO
25080,8360,REPORTS_TO
25081,8360,REPORTS_TO
25082,8361,REPORTS_TO
25083,8361,REPORTS_TO
25084,8361,REPORTS_TO
25085,8362,REPORTS_TO
25086,8362,REPORTS_TO
25087,8362,REPORTS_TO
25088,8363,REPORTS_TO
25089,8363,REPORTS_TO
25090,8363,REPORTS_TO
25091,8364,REPORTS_TO
25092,8364,REPORTS_TO
25093,8364,REPORTS_TO
25094,8365,REPORTS_TO
25095,8365,REPORTS_TO
25096,8365,REPORTS_TO
25097,8366,REPORTS_TO
25098,8366,REPORTS_TO
25099,8366,REPORTS_TO
25100,8367,REPORTS_TO
25101,8367,REPORTS_TO
25102,8367,REPORTS_TO
25103,8368,REPORTS_TO
25104,8368,REPORTS_TO
25105,8368,REPORTS_TO
25106,8369,REPORTS_TO
25107,8369,REPORTS_TO
25108,8369,REPORTS_TO
25109,8370,REPORTS_TO
25110,8370,REPORTS_TO
25111,8370,REPORTS_TO
25112,8371,REPORTS_TO
25113,8371,REPORTS_TO
25114,8371,REPORTS_TO
25115,8372,REPORTS_TO
25116,8372,REPORTS_TO
25117,8372,REPORTS_TO
25118,8373,REPORTS_TO
25119,8373,REPORTS_TO
25120,8373,REPORTS_TO
25121,8374,REPORTS_TO
25122,8374,REPORTS_TO
25123,8374,REPORTS_TO
25124,8375,REPORTS_TO
25125,8375,REPORTS_TO
25126,8375,REPORTS_TO
25127,8376,REPORTS_TO
25128,8376,REPORTS_TO
25129,8376,REPORTS_TO
25130,8377,REPORTS_TO
25131,8377,REPORTS_TO
25132,8377,REPORTS_TO
25133,8378,REPORTS_TO
25134,8378,REPORTS_TO
25135,8378,REPORTS_TO
25136,8379,REPORTS_TO
25137,8379,REPORTS_TO
25138,8379,REPORTS_TO
25139,8380,REPORTS_TO
25140,8380,REPORTS_TO
25141,8380,REPORTS_TO
25142,8381,REPORTS_TO
25143,8381,REPORTS_TO
25144,8381,REPORTS_TO
25145,8382,REPORTS_TO
25146,8382,REPORTS_TO
25147,8382,REPORTS_TO
25148,8383,REPORTS_TO
25149,8383,REPORTS_TO
25150,8383,REPORTS_TO
25151,8384,REPORTS_TO
25152,8384,REPORTS_TO
25153,8384,REPORTS_TO
25154,8385,REPORTS_TO
25155,8385,REPORTS_TO
25156,8385,REPORTS_TO
25157,8386,REPORTS_TO
25158,8386,REPORTS_TO
25159,8386,REPORTS_TO
25160,8387,REPORTS_TO
25161,8387,REPORTS_TO
25162,8387,REPORTS_TO
25163,8388,REPORTS_TO
25164,8388,REPORTS_TO
25165,8388,REPORTS_TO
25166,8389,REPORTS_TO
25167,8389,REPORTS_TO
25168,8389,REPORTS_TO
25169,8390,REPORTS_TO
25170,8390,REPORTS_TO
25171,8390,REPORTS_TO
25172,8391,REPORTS_TO
25173,8391,REPORTS_TO
25174,8391,REPORTS_TO
25175,8392,REPORTS_TO
25176,8392,REPORTS_TO
25177,8392,REPORTS_TO
25178,8393,REPORTS_TO
25179,8393,REPORTS_TO
25180,8393,REPORTS_TO
25181,8394,REPORTS_TO
25182,8394,REPORTS_TO
25183,8394,REPORTS_TO
25184,8395,REPORTS_TO
25185,8395,REPORTS_TO
25186,8395,REPORTS_TO
25187,8396,REPORTS_TO
25188,8396,REPORTS_TO
25189,8396,REPORTS_TO
25190,8397,REPORTS_TO
25191,8397,REPORTS_TO
25192,8397,REPORTS_TO
25193,8398,REPORTS_TO
25194,8398,REPORTS_TO
25195,8398,REPORTS_TO
25196,8399,REPORTS_TO
25197,8399,REPORTS_TO
25198,8399,REPORTS_TO
25199,8400,REPORTS_TO
25200,8400,REPORTS_TO
25201,8400,REPORTS_TO
25202,8401,REPORTS_TO
25203,8401,REPORTS_TO
25204,8401,REPORTS_TO
25205,8402,REPORTS_TO
25206,8402,REPORTS_TO
25207,8402,REPORTS_TO
25208,8403,REPORTS_TO
25209,8403,REPORTS_TO
25210,8403,REPORTS_TO
25211,8404,REPORTS_TO
25212,8404,REPORTS_TO
25213,8404,REPORTS_TO
25214,8405,REPORTS_TO
25215,8405,REPORTS_TO
25216,8405,REPORTS_TO
25217,8406,REPORTS_TO
25218,8406,REPORTS_TO
25219,8406,REPORTS_TO
25220,8407,REPORTS_TO
25221,8407,REPORTS_TO
25222,8407,REPORTS_TO
25223,8408,REPORTS_TO
25224,8408,REPORTS_TO
25225,8408,REPORTS_TO
25226,8409,REPORTS_TO
25227,8409,REPORTS_TO
25228,8409,REPORTS_TO
25229,8410,REPORTS_TO
25230,8410,REPORTS_TO
25231,8410,REPORTS_TO
25232,8411,REPORTS_TO
25233,8411,REPORTS_TO
25234,8411,REPORTS_TO
25235,8412,REPORTS_TO
25236,8412,REPORTS_TO
25237,8412,REPORTS_TO
25238,8413,REPORTS_TO
25239,8413,REPORTS_TO
25240,8413,REPORTS_TO
25241,8414,REPORTS_TO
25242,8414,REPORTS_TO
25243,8414,REPORTS_TO
25244,8415,REPORTS_TO
25245,8415,REPORTS_TO
25246,8415,REPORTS_TO
25247,8416,REPORTS_TO
25248,8416,REPORTS_TO
25249,8416,REPORTS_TO
25250,8417,REPORTS_TO
25251,8417,REPORTS_TO
25252,8417,REPORTS_TO
25253,8418,REPORTS_TO
25254,8418,REPORTS_TO
25255,8418,REPORTS_TO
25256,8419,REPORTS_TO
25257,8419,REPORTS_TO
25258,8419,REPORTS_TO
25259,8420,REPORTS_TO
25260,8420,REPORTS_TO
25261,8420,REPORTS_TO
25262,8421,REPORTS_TO
25263,8421,REPORTS_TO
25264,8421,REPORTS_TO
25265,8422,REPORTS_TO
25266,8422,REPORTS_TO
25267,8422,REPORTS_TO
25268,8423,REPORTS_TO
25269,8423,REPORTS_TO
25270,8423,REPORTS_TO
25271,8424,REPORTS_TO
25272,8424,REPORTS_TO
25273,8424,REPORTS_TO
25274,8425,REPORTS_TO
25275,8425,REPORTS_TO
25276,8425,REPORTS_TO
25277,8426,REPORTS_TO
25278,8426,REPORTS_TO
25279,8426,REPORTS_TO
25280,8427,REPORTS_TO
25281,8427,REPORTS_TO
25282,8427,REPORTS_TO
25283,8428,REPORTS_TO
25284,8428,REPORTS_TO
25285,8428,REPORTS_TO
25286,8429,REPORTS_TO
25287,8429,REPORTS_TO
25288,8429,REPORTS_TO
25289,8430,REPORTS_TO
25290,8430,REPORTS_TO
25291,8430,REPORTS_TO
25292,8431,REPORTS_TO
25293,8431,REPORTS_TO
25294,8431,REPORTS_TO
25295,8432,REPORTS_TO
25296,8432,REPORTS_TO
25297,8432,REPORTS_TO
25298,8433,REPORTS_TO
25299,8433,REPORTS_TO
25300,8433,REPORTS_TO
25301,8434,REPORTS_TO
25302,8434,REPORTS_TO
25303,8434,REPORTS_TO
25304,8435,REPORTS_TO
25305,8435,REPORTS_TO
25306,8435,REPORTS_TO
25307,8436,REPORTS_TO
25308,8436,REPORTS_TO
25309,8436,REPORTS_TO
25310,8437,REPORTS_TO
25311,8437,REPORTS_TO
25312,8437,REPORTS_TO
25313,8438,REPORTS_TO
25314,8438,REPORTS_TO
25315,8438,REPORTS_TO
25316,8439,REPORTS_TO
25317,8439,REPORTS_TO
25318,8439,REPORTS_TO
25319,8440,REPORTS_TO
25320,8440,REPORTS_TO
25321,8440,REPORTS_TO
25322,8441,REPORTS_TO
25323,8441,REPORTS_TO
25324,8441,REPORTS_TO
25325,8442,REPORTS_TO
25326,8442,REPORTS_TO
25327,8442,REPORTS_TO
25328,8443,REPORTS_TO
25329,8443,REPORTS_TO
25330,8443,REPORTS_TO
25331,8444,REPORTS_TO
25332,8444,REPORTS_TO
25333,8444,REPORTS_TO
25334,8445,REPORTS_TO
25335,8445,REPORTS_TO
25336,8445,REPORTS_TO
25337,8446,REPORTS_TO
25338,8446,REPORTS_TO
25339,8446,REPORTS_TO
25340,8447,REPORTS_TO
25341,8447,REPORTS_TO
25342,8447,REPORTS_TO
25343,8448,REPORTS_TO
25344,8448,REPORTS_TO
25345,8448,REPORTS_TO
25346,8449,REPORTS_TO
25347,8449,REPORTS_TO
25348,8449,REPORTS_TO
25349,8450,REPORTS_TO
25350,8450,REPORTS_TO
25351,8450,REPORTS_TO
25352,8451,REPORTS_TO
25353,8451,REPORTS_TO
25354,8451,REPORTS_TO
25355,8452,REPORTS_TO
25356,8452,REPORTS_TO
25357,8452,REPORTS_TO
25358,8453,REPORTS_TO
25359,8453,REPORTS_TO
25360,8453,REPORTS_TO
25361,8454,REPORTS_TO
25362,8454,REPORTS_TO
25363,8454,REPORTS_TO
25364,8455,REPORTS_TO
25365,8455,REPORTS_TO
25366,8455,REPORTS_TO
25367,8456,REPORTS_TO
25368,8456,REPORTS_TO
25369,8456,REPORTS_TO
25370,8457,REPORTS_TO
25371,8457,REPORTS_TO
25372,8457,REPORTS_TO
25373,8458,REPORTS_TO
25374,8458,REPORTS_TO
25375,8458,REPORTS_TO
25376,8459,REPORTS_TO
25377,8459,REPORTS_TO
25378,8459,REPORTS_TO
25379,8460,REPORTS_TO
25380,8460,REPORTS_TO
25381,8460,REPORTS_TO
25382,8461,REPORTS_TO
25383,8461,REPORTS_TO
25384,8461,REPORTS_TO
25385,8462,REPORTS_TO
25386,8462,REPORTS_TO
25387,8462,REPORTS_TO
25388,8463,REPORTS_TO
25389,8463,REPORTS_TO
25390,8463,REPORTS_TO
25391,8464,REPORTS_TO
25392,8464,REPORTS_TO
25393,8464,REPORTS_TO
25394,8465,REPORTS_TO
25395,8465,REPORTS_TO
25396,8465,REPORTS_TO
25397,8466,REPORTS_TO
25398,8466,REPORTS_TO
25399,8466,REPORTS_TO
25400,8467,REPORTS_TO
25401,8467,REPORTS_TO
25402,8467,REPORTS_TO
25403,8468,REPORTS_TO
25404,8468,REPORTS_TO
25405,8468,REPORTS_TO
25406,8469,REPORTS_TO
25407,8469,REPORTS_TO
25408,8469,REPORTS_TO
25409,8470,REPORTS_TO
25410,8470,REPORTS_TO
25411,8470,REPORTS_TO
25412,8471,REPORTS_TO
25413,8471,REPORTS_TO
25414,8471,REPORTS_TO
25415,8472,REPORTS_TO
25416,8472,REPORTS_TO
25417,8472,REPORTS_TO
25418,8473,REPORTS_TO
25419,8473,REPORTS_TO
25420,8473,REPORTS_TO
25421,8474,REPORTS_TO
25422,8474,REPORTS_TO
25423,8474,REPORTS_TO
25424,8475,REPORTS_TO
25425,8475,REPORTS_TO
25426,8475,REPORTS_TO
25427,8476,REPORTS_TO
25428,8476,REPORTS_TO
25429,8476,REPORTS_TO
25430,8477,REPORTS_TO
25431,8477,REPORTS_TO
25432,8477,REPORTS_TO
25433,8478,REPORTS_TO
25434,8478,REPORTS_TO
25435,8478,REPORTS_TO
25436,8479,REPORTS_TO
25437,8479,REPORTS_TO
25438,8479,REPORTS_TO
25439,8480,REPORTS_TO
25440,8480,REPORTS_TO
25441,8480,REPORTS_TO
25442,8481,REPORTS_TO
25443,8481,REPORTS_TO
25444,8481,REPORTS_TO
25445,8482,REPORTS_TO
25446,8482,REPORTS_TO
25447,8482,REPORTS_TO
25448,8483,REPORTS_TO
25449,8483,REPORTS_TO
25450,8483,REPORTS_TO
25451,8484,REPORTS_TO
25452,8484,REPORTS_TO
25453,8484,REPORTS_TO
25454,8485,REPORTS_TO
25455,8485,REPORTS_TO
25456,8485,REPORTS_TO
25457,8486,REPORTS_TO
25458,8486,REPORTS_TO
25459,8486,REPORTS_TO
25460,8487,REPORTS_TO
25461,8487,REPORTS_TO
25462,8487,REPORTS_TO
25463,8488,REPORTS_TO
25464,8488,REPORTS_TO
25465,8488,REPORTS_TO
25466,8489,REPORTS_TO
25467,8489,REPORTS_TO
25468,8489,REPORTS_TO
25469,8490,REPORTS_TO
25470,8490,REPORTS_TO
25471,8490,REPORTS_TO
25472,8491,REPORTS_TO
25473,8491,REPORTS_TO
25474,8491,REPORTS_TO
25475,8492,REPORTS_TO
25476,8492,REPORTS_TO
25477,8492,REPORTS_TO
25478,8493,REPORTS_TO
25479,8493,REPORTS_TO
25480,8493,REPORTS_TO
25481,8494,REPORTS_TO
25482,8494,REPORTS_TO
25483,8494,REPORTS_TO
25484,8495,REPORTS_TO
25485,8495,REPORTS_TO
25486,8495,REPORTS_TO
25487,8496,REPORTS_TO
25488,8496,REPORTS_TO
25489,8496,REPORTS_TO
25490,8497,REPORTS_TO
25491,8497,REPORTS_TO
25492,8497,REPORTS_TO
25493,8498,REPORTS_TO
25494,8498,REPORTS_TO
25495,8498,REPORTS_TO
25496,8499,REPORTS_TO
25497,8499,REPORTS_TO
25498,8499,REPORTS_TO
25499,8500,REPORTS_TO
25500,8500,REPORTS_TO
25501,8500,REPORTS_TO
25502,8501,REPORTS_TO
25503,8501,REPORTS_TO
25504,8501,REPORTS_TO
25505,8502,REPORTS_TO
25506,8502,REPORTS_TO
25507,8502,REPORTS_TO
25508,8503,REPORTS_TO
25509,8503,REPORTS_TO
25510,8503,REPORTS_TO
25511,8504,REPORTS_TO
25512,8504,REPORTS_TO
25513,8504,REPORTS_TO
25514,8505,REPORTS_TO
25515,8505,REPORTS_TO
25516,8505,REPORTS_TO
25517,8506,REPORTS_TO
25518,8506,REPORTS_TO
25519,8506,REPORTS_TO
25520,8507,REPORTS_TO
25521,8507,REPORTS_TO
25522,8507,REPORTS_TO
25523,8508,REPORTS_TO
25524,8508,REPORTS_TO
25525,8508,REPORTS_TO
25526,8509,REPORTS_TO
25527,8509,REPORTS_TO
25528,8509,REPORTS_TO
25529,8510,REPORTS_TO
25530,8510,REPORTS_TO
25531,8510,REPORTS_TO
25532,8511,REPORTS_TO
25533,8511,REPORTS_TO
25534,8511,REPORTS_TO
25535,8512,REPORTS_TO
25536,8512,REPORTS_TO
25537,8512,REPORTS_TO
25538,8513,REPORTS_TO
25539,8513,REPORTS_TO
25540,8513,REPORTS_TO
25541,8514,REPORTS_TO
25542,8514,REPORTS_TO
25543,8514,REPORTS_TO
25544,8515,REPORTS_TO
25545,8515,REPORTS_TO
25546,8515,REPORTS_TO
25547,8516,REPORTS_TO
25548,8516,REPORTS_TO
25549,8516,REPORTS_TO
25550,8517,REPORTS_TO
25551,8517,REPORTS_TO
25552,8517,REPORTS_TO
25553,8518,REPORTS_TO
25554,8518,REPORTS_TO
25555,8518,REPORTS_TO
25556,8519,REPORTS_TO
25557,8519,REPORTS_TO
25558,8519,REPORTS_TO
25559,8520,REPORTS_TO
25560,8520,REPORTS_TO
25561,8520,REPORTS_TO
25562,8521,REPORTS_TO
25563,8521,REPORTS_TO
25564,8521,REPORTS_TO
25565,8522,REPORTS_TO
25566,8522,REPORTS_TO
25567,8522,REPORTS_TO
25568,8523,REPORTS_TO
25569,8523,REPORTS_TO
25570,8523,REPORTS_TO
25571,8524,REPORTS_TO
25572,8524,REPORTS_TO
25573,8524,REPORTS_TO
25574,8525,REPORTS_TO
25575,8525,REPORTS_TO
25576,8525,REPORTS_TO
25577,8526,REPORTS_TO
25578,8526,REPORTS_TO
25579,8526,REPORTS_TO
25580,8527,REPORTS_TO
25581,8527,REPORTS_TO
25582,8527,REPORTS_TO
25583,8528,REPORTS_TO
25584,8528,REPORTS_TO
25585,8528,REPORTS_TO
25586,8529,REPORTS_TO
25587,8529,REPORTS_TO
25588,8529,REPORTS_TO
25589,8530,REPORTS_TO
25590,8530,REPORTS_TO
25591,8530,REPORTS_TO
25592,8531,REPORTS_TO
25593,8531,REPORTS_TO
25594,8531,REPORTS_TO
25595,8532,REPORTS_TO
25596,8532,REPORTS_TO
25597,8532,REPORTS_TO
25598,8533,REPORTS_TO
25599,8533,REPORTS_TO
25600,8533,REPORTS_TO
25601,8534,REPORTS_TO
25602,8534,REPORTS_TO
25603,8534,REPORTS_TO
25604,8535,REPORTS_TO
25605,8535,REPORTS_TO
25606,8535,REPORTS_TO
25607,8536,REPORTS_TO
25608,8536,REPORTS_TO
25609,8536,REPORTS_TO
25610,8537,REPORTS_TO
25611,8537,REPORTS_TO
25612,8537,REPORTS_TO
25613,8538,REPORTS_TO
25614,8538,REPORTS_TO
25615,8538,REPORTS_TO
25616,8539,REPORTS_TO
25617,8539,REPORTS_TO
25618,8539,REPORTS_TO
25619,8540,REPORTS_TO
25620,8540,REPORTS_TO
25621,8540,REPORTS_TO
25622,8541,REPORTS_TO
25623,8541,REPORTS_TO
25624,8541,REPORTS_TO
25625,8542,REPORTS_TO
25626,8542,REPORTS_TO
25627,8542,REPORTS_TO
25628,8543,REPORTS_TO
25629,8543,REPORTS_TO
25630,8543,REPORTS_TO
25631,8544,REPORTS_TO
25632,8544,REPORTS_TO
25633,8544,REPORTS_TO
25634,8545,REPORTS_TO
25635,8545,REPORTS_TO
25636,8545,REPORTS_TO
25637,8546,REPORTS_TO
25638,8546,REPORTS_TO
25639,8546,REPORTS_TO
25640,8547,REPORTS_TO
25641,8547,REPORTS_TO
25642,8547,REPORTS_TO
25643,8548,REPORTS_TO
25644,8548,REPORTS_TO
25645,8548,REPORTS_TO
25646,8549,REPORTS_TO
25647,8549,REPORTS_TO
25648,8549,REPORTS_TO
25649,8550,REPORTS_TO
25650,8550,REPORTS_TO
25651,8550,REPORTS_TO
25652,8551,REPORTS_TO
25653,8551,REPORTS_TO
25654,8551,REPORTS_TO
25655,8552,REPORTS_TO
25656,8552,REPORTS_TO
25657,8552,REPORTS_TO
25658,8553,REPORTS_TO
25659,8553,REPORTS_TO
25660,8553,REPORTS_TO
25661,8554,REPORTS_TO
25662,8554,REPORTS_TO
25663,8554,REPORTS_TO
25664,8555,REPORTS_TO
25665,8555,REPORTS_TO
25666,8555,REPORTS_TO
25667,8556,REPORTS_TO
25668,8556,REPORTS_TO
25669,8556,REPORTS_TO
25670,8557,REPORTS_TO
25671,8557,REPORTS_TO
25672,8557,REPORTS_TO
25673,8558,REPORTS_TO
25674,8558,REPORTS_TO
25675,8558,REPORTS_TO
25676,8559,REPORTS_TO
25677,8559,REPORTS_TO
25678,8559,REPORTS_TO
25679,8560,REPORTS_TO
25680,8560,REPORTS_TO
25681,8560,REPORTS_TO
25682,8561,REPORTS_TO
25683,8561,REPORTS_TO
25684,8561,REPORTS_TO
25685,8562,REPORTS_TO
25686,8562,REPORTS_TO
25687,8562,REPORTS_TO
25688,8563,REPORTS_TO
25689,8563,REPORTS_TO
25690,8563,REPORTS_TO
25691,8564,REPORTS_TO
25692,8564,REPORTS_TO
25693,8564,REPORTS_TO
25694,8565,REPORTS_TO
25695,8565,REPORTS_TO
25696,8565,REPORTS_TO
25697,8566,REPORTS_TO
25698,8566,REPORTS_TO
25699,8566,REPORTS_TO
25700,8567,REPORTS_TO
25701,8567,REPORTS_TO
25702,8567,REPORTS_TO
25703,8568,REPORTS_TO
25704,8568,REPORTS_TO
25705,8568,REPORTS_TO
25706,8569,REPORTS_TO
25707,8569,REPORTS_TO
25708,8569,REPORTS_TO
25709,8570,REPORTS_TO
25710,8570,REPORTS_TO
25711,8570,REPORTS_TO
25712,8571,REPORTS_TO
25713,8571,REPORTS_TO
25714,8571,REPORTS_TO
25715,8572,REPORTS_TO
25716,8572,REPORTS_TO
25717,8572,REPORTS_TO
25718,8573,REPORTS_TO
25719,8573,REPORTS_TO
25720,8573,REPORTS_TO
25721,8574,REPORTS_TO
25722,8574,REPORTS_TO
25723,8574,REPORTS_TO
25724,8575,REPORTS_TO
25725,8575,REPORTS_TO
25726,8575,REPORTS_TO
25727,8576,REPORTS_TO
25728,8576,REPORTS_TO
25729,8576,REPORTS_TO
25730,8577,REPORTS_TO
25731,8577,REPORTS_TO
25732,8577,REPORTS_TO
25733,8578,REPORTS_TO
25734,8578,REPORTS_TO
25735,8578,REPORTS_TO
25736,8579,REPORTS_TO
25737,8579,REPORTS_TO
25738,8579,REPORTS_TO
25739,8580,REPORTS_TO
25740,8580,REPORTS_TO
25741,8580,REPORTS_TO
25742,8581,REPORTS_TO
25743,8581,REPORTS_TO
25744,8581,REPORTS_TO
25745,8582,REPORTS_TO
25746,8582,REPORTS_TO
25747,8582,REPORTS_TO
25748,8583,REPORTS_TO
25749,8583,REPORTS_TO
25750,8583,REPORTS_TO
25751,8584,REPORTS_TO
25752,8584,REPORTS_TO
25753,8584,REPORTS_TO
25754,8585,REPORTS_TO
25755,8585,REPORTS_TO
25756,8585,REPORTS_TO
25757,8586,REPORTS_TO
25758,8586,REPORTS_TO
25759,8586,REPORTS_TO
25760,8587,REPORTS_TO
25761,8587,REPORTS_TO
25762,8587,REPORTS_TO
25763,8588,REPORTS_TO
25764,8588,REPORTS_TO
25765,8588,REPORTS_TO
25766,8589,REPORTS_TO
25767,8589,REPORTS_TO
25768,8589,REPORTS_TO
25769,8590,REPORTS_TO
25770,8590,REPORTS_TO
25771,8590,REPORTS_TO
25772,8591,REPORTS_TO
25773,8591,REPORTS_TO
25774,8591,REPORTS_TO
25775,8592,REPORTS_TO
25776,8592,REPORTS_TO
25777,8592,REPORTS_TO
25778,8593,REPORTS_TO
25779,8593,REPORTS_TO
25780,8593,REPORTS_TO
25781,8594,REPORTS_TO
25782,8594,REPORTS_TO
25783,8594,REPORTS_TO
25784,8595,REPORTS_TO
25785,8595,REPORTS_TO
25786,8595,REPORTS_TO
25787,8596,REPORTS_TO
25788,8596,REPORTS_TO
25789,8596,REPORTS_TO
25790,8597,REPORTS_TO
25791,8597,REPORTS_TO
25792,8597,REPORTS_TO
25793,8598,REPORTS_TO
25794,8598,REPORTS_TO
25795,8598,REPORTS_TO
25796,8599,REPORTS_TO
25797,8599,REPORTS_TO
25798,8599,REPORTS_TO
25799,8600,REPORTS_TO
25800,8600,REPORTS_TO
25801,8600,REPORTS_TO
25802,8601,REPORTS_TO
25803,8601,REPORTS_TO
25804,8601,REPORTS_TO
25805,8602,REPORTS_TO
25806,8602,REPORTS_TO
25807,8602,REPORTS_TO
25808,8603,REPORTS_TO
25809,8603,REPORTS_TO
25810,8603,REPORTS_TO
25811,8604,REPORTS_TO
25812,8604,REPORTS_TO
25813,8604,REPORTS_TO
25814,8605,REPORTS_TO
25815,8605,REPORTS_TO
25816,8605,REPORTS_TO
25817,8606,REPORTS_TO
25818,8606,REPORTS_TO
25819,8606,REPORTS_TO
25820,8607,REPORTS_TO
25821,8607,REPORTS_TO
25822,8607,REPORTS_TO
25823,8608,REPORTS_TO
25824,8608,REPORTS_TO
25825,8608,REPORTS_TO
25826,8609,REPORTS_TO
25827,8609,REPORTS_TO
25828,8609,REPORTS_TO
25829,8610,REPORTS_TO
25830,8610,REPORTS_TO
25831,8610,REPORTS_TO
25832,8611,REPORTS_TO
25833,8611,REPORTS_TO
25834,8611,REPORTS_TO
25835,8612,REPORTS_TO
25836,8612,REPORTS_TO
25837,8612,REPORTS_TO
25838,8613,REPORTS_TO
25839,8613,REPORTS_TO
25840,8613,REPORTS_TO
25841,8614,REPORTS_TO
25842,8614,REPORTS_TO
25843,8614,REPORTS_TO
25844,8615,REPORTS_TO
25845,8615,REPORTS_TO
25846,8615,REPORTS_TO
25847,8616,REPORTS_TO
25848,8616,REPORTS_TO
25849,8616,REPORTS_TO
25850,8617,REPORTS_TO
25851,8617,REPORTS_TO
25852,8617,REPORTS_TO
25853,8618,REPORTS_TO
25854,8618,REPORTS_TO
25855,8618,REPORTS_TO
25856,8619,REPORTS_TO
25857,8619,REPORTS_TO
25858,8619,REPORTS_TO
25859,8620,REPORTS_TO
25860,8620,REPORTS_TO
25861,8620,REPORTS_TO
25862,8621,REPORTS_TO
25863,8621,REPORTS_TO
25864,8621,REPORTS_TO
25865,8622,REPORTS_TO
25866,8622,REPORTS_TO
25867,8622,REPORTS_TO
25868,8623,REPORTS_TO
25869,8623,REPORTS_TO
25870,8623,REPORTS_TO
25871,8624,REPORTS_TO
25872,8624,REPORTS_TO
25873,8624,REPORTS_TO
25874,8625,REPORTS_TO
25875,8625,REPORTS_TO
25876,8625,REPORTS_TO
25877,8626,REPORTS_TO
25878,8626,REPORTS_TO
25879,8626,REPORTS_TO
25880,8627,REPORTS_TO
25881,8627,REPORTS_TO
25882,8627,REPORTS_TO
25883,8628,REPORTS_TO
25884,8628,REPORTS_TO
25885,8628,REPORTS_TO
25886,8629,REPORTS_TO
25887,8629,REPORTS_TO
25888,8629,REPORTS_TO
25889,8630,REPORTS_TO
25890,8630,REPORTS_TO
25891,8630,REPORTS_TO
25892,8631,REPORTS_TO
25893,8631,REPORTS_TO
25894,8631,REPORTS_TO
25895,8632,REPORTS_TO
25896,8632,REPORTS_TO
25897,8632,REPORTS_TO
25898,8633,REPORTS_TO
25899,8633,REPORTS_TO
25900,8633,REPORTS_TO
25901,8634,REPORTS_TO
25902,8634,REPORTS_TO
25903,8634,REPORTS_TO
25904,8635,REPORTS_TO
25905,8635,REPORTS_TO
25906,8635,REPORTS_TO
25907,8636,REPORTS_TO
25908,8636,REPORTS_TO
25909,8636,REPORTS_TO
25910,8637,REPORTS_TO
25911,8637,REPORTS_TO
25912,8637,REPORTS_TO
25913,8638,REPORTS_TO
25914,8638,REPORTS_TO
25915,8638,REPORTS_TO
25916,8639,REPORTS_TO
25917,8639,REPORTS_TO
25918,8639,REPORTS_TO
25919,8640,REPORTS_TO
25920,8640,REPORTS_TO
25921,8640,REPORTS_TO
25922,8641,REPORTS_TO
25923,8641,REPORTS_TO
25924,8641,REPORTS_TO
25925,8642,REPORTS_TO
25926,8642,REPORTS_TO
25927,8642,REPORTS_TO
25928,8643,REPORTS_TO
25929,8643,REPORTS_TO
25930,8643,REPORTS_TO
25931,8644,REPORTS_TO
25932,8644,REPORTS_TO
25933,8644,REPORTS_TO
25934,8645,REPORTS_TO
25935,8645,REPORTS_TO
25936,8645,REPORTS_TO
25937,8646,REPORTS_TO
25938,8646,REPORTS_TO
25939,8646,REPORTS_TO
25940,8647,REPORTS_TO
25941,8647,REPORTS_TO
25942,8647,REPORTS_TO
25943,8648,REPORTS_TO
25944,8648,REPORTS_TO
25945,8648,REPORTS_TO
25946,8649,REPORTS_TO
25947,8649,REPORTS_TO
25948,8649,REPORTS_TO
25949,8650,REPORTS_TO
25950,8650,REPORTS_TO
25951,8650,REPORTS_TO
25952,8651,REPORTS_TO
25953,8651,REPORTS_TO
25954,8651,REPORTS_TO
25955,8652,REPORTS_TO
25956,8652,REPORTS_TO
25957,8652,REPORTS_TO
25958,8653,REPORTS_TO
25959,8653,REPORTS_TO
25960,8653,REPORTS_TO
25961,8654,REPORTS_TO
25962,8654,REPORTS_TO
25963,8654,REPORTS_TO
25964,8655,REPORTS_TO
25965,8655,REPORTS_TO
25966,8655,REPORTS_TO
25967,8656,REPORTS_TO
25968,8656,REPORTS_TO
25969,8656,REPORTS_TO
25970,8657,REPORTS_TO
25971,8657,REPORTS_TO
25972,8657,REPORTS_TO
25973,8658,REPORTS_TO
25974,8658,REPORTS_TO
25975,8658,REPORTS_TO
25976,8659,REPORTS_TO
25977,8659,REPORTS_TO
25978,8659,REPORTS_TO
25979,8660,REPORTS_TO
25980,8660,REPORTS_TO
25981,8660,REPORTS_TO
25982,8661,REPORTS_TO
25983,8661,REPORTS_TO
25984,8661,REPORTS_TO
25985,8662,REPORTS_TO
25986,8662,REPORTS_TO
25987,8662,REPORTS_TO
25988,8663,REPORTS_TO
25989,8663,REPORTS_TO
25990,8663,REPORTS_TO
25991,8664,REPORTS_TO
25992,8664,REPORTS_TO
25993,8664,REPORTS_TO
25994,8665,REPORTS_TO
25995,8665,REPORTS_TO
25996,8665,REPORTS_TO
25997,8666,REPORTS_TO
25998,8666,REPORTS_TO
25999,8666,REPORTS_TO
26000,8667,REPORTS_TO
26001,8667,REPORTS_TO
26002,8667,REPORTS_TO
26003,8668,REPORTS_TO
26004,8668,REPORTS_TO
26005,8668,REPORTS_TO
26006,8669,REPORTS_TO
26007,8669,REPORTS_TO
26008,8669,REPORTS_TO
26009,8670,REPORTS_TO
26010,8670,REPORTS_TO
26011,8670,REPORTS_TO
26012,8671,REPORTS_TO
26013,8671,REPORTS_TO
26014,8671,REPORTS_TO
26015,8672,REPORTS_TO
26016,8672,REPORTS_TO
26017,8672,REPORTS_TO
26018,8673,REPORTS_TO
26019,8673,REPORTS_TO
26020,8673,REPORTS_TO
26021,8674,REPORTS_TO
26022,8674,REPORTS_TO
26023,8674,REPORTS_TO
26024,8675,REPORTS_TO
26025,8675,REPORTS_TO
26026,8675,REPORTS_TO
26027,8676,REPORTS_TO
26028,8676,REPORTS_TO
26029,8676,REPORTS_TO
26030,8677,REPORTS_TO
26031,8677,REPORTS_TO
26032,8677,REPORTS_TO
26033,8678,REPORTS_TO
26034,8678,REPORTS_TO
26035,8678,REPORTS_TO
26036,8679,REPORTS_TO
26037,8679,REPORTS_TO
26038,8679,REPORTS_TO
26039,8680,REPORTS_TO
26040,8680,REPORTS_TO
26041,8680,REPORTS_TO
26042,8681,REPORTS_TO
26043,8681,REPORTS_TO
26044,8681,REPORTS_TO
26045,8682,REPORTS_TO
26046,8682,REPORTS_TO
26047,8682,REPORTS_TO
26048,8683,REPORTS_TO
26049,8683,REPORTS_TO
26050,8683,REPORTS_TO
26051,8684,REPORTS_TO
26052,8684,REPORTS_TO
26053,8684,REPORTS_TO
26054,8685,REPORTS_TO
26055,8685,REPORTS_TO
26056,8685,REPORTS_TO
26057,8686,REPORTS_TO
26058,8686,REPORTS_TO
26059,8686,REPORTS_TO
26060,8687,REPORTS_TO
26061,8687,REPORTS_TO
26062,8687,REPORTS_TO
26063,8688,REPORTS_TO
26064,8688,REPORTS_TO
26065,8688,REPORTS_TO
26066,8689,REPORTS_TO
26067,8689,REPORTS_TO
26068,8689,REPORTS_TO
26069,8690,REPORTS_TO
26070,8690,REPORTS_TO
26071,8690,REPORTS_TO
26072,8691,REPORTS_TO
26073,8691,REPORTS_TO
26074,8691,REPORTS_TO
26075,8692,REPORTS_TO
26076,8692,REPORTS_TO
26077,8692,REPORTS_TO
26078,8693,REPORTS_TO
26079,8693,REPORTS_TO
26080,8693,REPORTS_TO
26081,8694,REPORTS_TO
26082,8694,REPORTS_TO
26083,8694,REPORTS_TO
26084,8695,REPORTS_TO
26085,8695,REPORTS_TO
26086,8695,REPORTS_TO
26087,8696,REPORTS_TO
26088,8696,REPORTS_TO
26089,8696,REPORTS_TO
26090,8697,REPORTS_TO
26091,8697,REPORTS_TO
26092,8697,REPORTS_TO
26093,8698,REPORTS_TO
26094,8698,REPORTS_TO
26095,8698,REPORTS_TO
26096,8699,REPORTS_TO
26097,8699,REPORTS_TO
26098,8699,REPORTS_TO
26099,8700,REPORTS_TO
26100,8700,REPORTS_TO
26101,8700,REPORTS_TO
26102,8701,REPORTS_TO
26103,8701,REPORTS_TO
26104,8701,REPORTS_TO
26105,8702,REPORTS_TO
26106,8702,REPORTS_TO
26107,8702,REPORTS_TO
26108,8703,REPORTS_TO
26109,8703,REPORTS_TO
26110,8703,REPORTS_TO
26111,8704,REPORTS_TO
26112,8704,REPORTS_TO
26113,8704,REPORTS_TO
26114,8705,REPORTS_TO
26115,8705,REPORTS_TO
26116,8705,REPORTS_TO
26117,8706,REPORTS_TO
26118,8706,REPORTS_TO
26119,8706,REPORTS_TO
26120,8707,REPORTS_TO
26121,8707,REPORTS_TO
26122,8707,REPORTS_TO
26123,8708,REPORTS_TO
26124,8708,REPORTS_TO
26125,8708,REPORTS_TO
26126,8709,REPORTS_TO
26127,8709,REPORTS_TO
26128,8709,REPORTS_TO
26129,8710,REPORTS_TO
26130,8710,REPORTS_TO
26131,8710,REPORTS_TO
26132,8711,REPORTS_TO
26133,8711,REPORTS_TO
26134,8711,REPORTS_TO
26135,8712,REPORTS_TO
26136,8712,REPORTS_TO
26137,8712,REPORTS_TO
26138,8713,REPORTS_TO
26139,8713,REPORTS_TO
26140,8713,REPORTS_TO
26141,8714,REPORTS_TO
26142,8714,REPORTS_TO
26143,8714,REPORTS_TO
26144,8715,REPORTS_TO
26145,8715,REPORTS_TO
26146,8715,REPORTS_TO
26147,8716,REPORTS_TO
26148,8716,REPORTS_TO
26149,8716,REPORTS_TO
26150,8717,REPORTS_TO
26151,8717,REPORTS_TO
26152,8717,REPORTS_TO
26153,8718,REPORTS_TO
26154,8718,REPORTS_TO
26155,8718,REPORTS_TO
26156,8719,REPORTS_TO
26157,8719,REPORTS_TO
26158,8719,REPORTS_TO
26159,8720,REPORTS_TO
26160,8720,REPORTS_TO
26161,8720,REPORTS_TO
26162,8721,REPORTS_TO
26163,8721,REPORTS_TO
26164,8721,REPORTS_TO
26165,8722,REPORTS_TO
26166,8722,REPORTS_TO
26167,8722,REPORTS_TO
26168,8723,REPORTS_TO
26169,8723,REPORTS_TO
26170,8723,REPORTS_TO
26171,8724,REPORTS_TO
26172,8724,REPORTS_TO
26173,8724,REPORTS_TO
26174,8725,REPORTS_TO
26175,8725,REPORTS_TO
26176,8725,REPORTS_TO
26177,8726,REPORTS_TO
26178,8726,REPORTS_TO
26179,8726,REPORTS_TO
26180,8727,REPORTS_TO
26181,8727,REPORTS_TO
26182,8727,REPORTS_TO
26183,8728,REPORTS_TO
26184,8728,REPORTS_TO
26185,8728,REPORTS_TO
26186,8729,REPORTS_TO
26187,8729,REPORTS_TO
26188,8729,REPORTS_TO
26189,8730,REPORTS_TO
26190,8730,REPORTS_TO
26191,8730,REPORTS_TO
26192,8731,REPORTS_TO
26193,8731,REPORTS_TO
26194,8731,REPORTS_TO
26195,8732,REPORTS_TO
26196,8732,REPORTS_TO
26197,8732,REPORTS_TO
26198,8733,REPORTS_TO
26199,8733,REPORTS_TO
26200,8733,REPORTS_TO
26201,8734,REPORTS_TO
26202,8734,REPORTS_TO
26203,8734,REPORTS_TO
26204,8735,REPORTS_TO
26205,8735,REPORTS_TO
26206,8735,REPORTS_TO
26207,8736,REPORTS_TO
26208,8736,REPORTS_TO
26209,8736,REPORTS_TO
26210,8737,REPORTS_TO
26211,8737,REPORTS_TO
26212,8737,REPORTS_TO
26213,8738,REPORTS_TO
26214,8738,REPORTS_TO
26215,8738,REPORTS_TO
26216,8739,REPORTS_TO
26217,8739,REPORTS_TO
26218,8739,REPORTS_TO
26219,8740,REPORTS_TO
26220,8740,REPORTS_TO
26221,8740,REPORTS_TO
26222,8741,REPORTS_TO
26223,8741,REPORTS_TO
26224,8741,REPORTS_TO
26225,8742,REPORTS_TO
26226,8742,REPORTS_TO
26227,8742,REPORTS_TO
26228,8743,REPORTS_TO
26229,8743,REPORTS_TO
26230,8743,REPORTS_TO
26231,8744,REPORTS_TO
26232,8744,REPORTS_TO
26233,8744,REPORTS_TO
26234,8745,REPORTS_TO
26235,8745,REPORTS_TO
26236,8745,REPORTS_TO
26237,8746,REPORTS_TO
26238,8746,REPORTS_TO
26239,8746,REPORTS_TO
26240,8747,REPORTS_TO
26241,8747,REPORTS_TO
26242,8747,REPORTS_TO
26243,8748,REPORTS_TO
26244,8748,REPORTS_TO
26245,8748,REPORTS_TO
26246,8749,REPORTS_TO
26247,8749,REPORTS_TO
26248,8749,REPORTS_TO
26249,8750,REPORTS_TO
26250,8750,REPORTS_TO
26251,8750,REPORTS_TO
26252,8751,REPORTS_TO
26253,8751,REPORTS_TO
26254,8751,REPORTS_TO
26255,8752,REPORTS_TO
26256,8752,REPORTS_TO
26257,8752,REPORTS_TO
26258,8753,REPORTS_TO
26259,8753,REPORTS_TO
26260,8753,REPORTS_TO
26261,8754,REPORTS_TO
26262,8754,REPORTS_TO
26263,8754,REPORTS_TO
26264,8755,REPORTS_TO
26265,8755,REPORTS_TO
26266,8755,REPORTS_TO
26267,8756,REPORTS_TO
26268,8756,REPORTS_TO
26269,8756,REPORTS_TO
26270,8757,REPORTS_TO
26271,8757,REPORTS_TO
26272,8757,REPORTS_TO
26273,8758,REPORTS_TO
26274,8758,REPORTS_TO
26275,8758,REPORTS_TO
26276,8759,REPORTS_TO
26277,8759,REPORTS_TO
26278,8759,REPORTS_TO
26279,8760,REPORTS_TO
26280,8760,REPORTS_TO
26281,8760,REPORTS_TO
26282,8761,REPORTS_TO
26283,8761,REPORTS_TO
26284,8761,REPORTS_TO
26285,8762,REPORTS_TO
26286,8762,REPORTS_TO
26287,8762,REPORTS_TO
26288,8763,REPORTS_TO
26289,8763,REPORTS_TO
26290,8763,REPORTS_TO
26291,8764,REPORTS_TO
26292,8764,REPORTS_TO
26293,8764,REPORTS_TO
26294,8765,REPORTS_TO
26295,8765,REPORTS_TO
26296,8765,REPORTS_TO
26297,8766,REPORTS_TO
26298,8766,REPORTS_TO
26299,8766,REPORTS_TO
26300,8767,REPORTS_TO
26301,8767,REPORTS_TO
26302,8767,REPORTS_TO
26303,8768,REPORTS_TO
26304,8768,REPORTS_TO
26305,8768,REPORTS_TO
26306,8769,REPORTS_TO
26307,8769,REPORTS_TO
26308,8769,REPORTS_TO
26309,8770,REPORTS_TO
26310,8770,REPORTS_TO
26311,8770,REPORTS_TO
26312,8771,REPORTS_TO
26313,8771,REPORTS_TO
26314,8771,REPORTS_TO
26315,8772,REPORTS_TO
26316,8772,REPORTS_TO
26317,8772,REPORTS_TO
26318,8773,REPORTS_TO
26319,8773,REPORTS_TO
26320,8773,REPORTS_TO
26321,8774,REPORTS_TO
26322,8774,REPORTS_TO
26323,8774,REPORTS_TO
26324,8775,REPORTS_TO
26325,8775,REPORTS_TO
26326,8775,REPORTS_TO
26327,8776,REPORTS_TO
26328,8776,REPORTS_TO
26329,8776,REPORTS_TO
26330,8777,REPORTS_TO
26331,8777,REPORTS_TO
26332,8777,REPORTS_TO
26333,8778,REPORTS_TO
26334,8778,REPORTS_TO
26335,8778,REPORTS_TO
26336,8779,REPORTS_TO
26337,8779,REPORTS_TO
26338,8779,REPORTS_TO
26339,8780,REPORTS_TO
26340,8780,REPORTS_TO
26341,8780,REPORTS_TO
26342,8781,REPORTS_TO
26343,8781,REPORTS_TO
26344,8781,REPORTS_TO
26345,8782,REPORTS_TO
26346,8782,REPORTS_TO
26347,8782,REPORTS_TO
26348,8783,REPORTS_TO
26349,8783,REPORTS_TO
26350,8783,REPORTS_TO
26351,8784,REPORTS_TO
26352,8784,REPORTS_TO
26353,8784,REPORTS_TO
26354,8785,REPORTS_TO
26355,8785,REPORTS_TO
26356,8785,REPORTS_TO
26357,8786,REPORTS_TO
26358,8786,REPORTS_TO
26359,8786,REPORTS_TO
26360,8787,REPORTS_TO
26361,8787,REPORTS_TO
26362,8787,REPORTS_TO
26363,8788,REPORTS_TO
26364,8788,REPORTS_TO
26365,8788,REPORTS_TO
26366,8789,REPORTS_TO
26367,8789,REPORTS_TO
26368,8789,REPORTS_TO
26369,8790,REPORTS_TO
26370,8790,REPORTS_TO
26371,8790,REPORTS_TO
26372,8791,REPORTS_TO
26373,8791,REPORTS_TO
26374,8791,REPORTS_TO
26375,8792,REPORTS_TO
26376,8792,REPORTS_TO
26377,8792,REPORTS_TO
26378,8793,REPORTS_TO
26379,8793,REPORTS_TO
26380,8793,REPORTS_TO
26381,8794,REPORTS_TO
26382,8794,REPORTS_TO
26383,8794,REPORTS_TO
26384,8795,REPORTS_TO
26385,8795,REPORTS_TO
26386,8795,REPORTS_TO
26387,8796,REPORTS_TO
26388,8796,REPORTS_TO
26389,8796,REPORTS_TO
26390,8797,REPORTS_TO
26391,8797,REPORTS_TO
26392,8797,REPORTS_TO
26393,8798,REPORTS_TO
26394,8798,REPORTS_TO
26395,8798,REPORTS_TO
26396,8799,REPORTS_TO
26397,8799,REPORTS_TO
26398,8799,REPORTS_TO
26399,8800,REPORTS_TO
26400,8800,REPORTS_TO
26401,8800,REPORTS_TO
26402,8801,REPORTS_TO
26403,8801,REPORTS_TO
26404,8801,REPORTS_TO
26405,8802,REPORTS_TO
26406,8802,REPORTS_TO
26407,8802,REPORTS_TO
26408,8803,REPORTS_TO
26409,8803,REPORTS_TO
26410,8803,REPORTS_TO
26411,8804,REPORTS_TO
26412,8804,REPORTS_TO
26413,8804,REPORTS_TO
26414,8805,REPORTS_TO
26415,8805,REPORTS_TO
26416,8805,REPORTS_TO
26417,8806,REPORTS_TO
26418,8806,REPORTS_TO
26419,8806,REPORTS_TO
26420,8807,REPORTS_TO
26421,8807,REPORTS_TO
26422,8807,REPORTS_TO
26423,8808,REPORTS_TO
26424,8808,REPORTS_TO
26425,8808,REPORTS_TO
26426,8809,REPORTS_TO
26427,8809,REPORTS_TO
26428,8809,REPORTS_TO
26429,8810,REPORTS_TO
26430,8810,REPORTS_TO
26431,8810,REPORTS_TO
26432,8811,REPORTS_TO
26433,8811,REPORTS_TO
26434,8811,REPORTS_TO
26435,8812,REPORTS_TO
26436,8812,REPORTS_TO
26437,8812,REPORTS_TO
26438,8813,REPORTS_TO
26439,8813,REPORTS_TO
26440,8813,REPORTS_TO
26441,8814,REPORTS_TO
26442,8814,REPORTS_TO
26443,8814,REPORTS_TO
26444,8815,REPORTS_TO
26445,8815,REPORTS_TO
26446,8815,REPORTS_TO
26447,8816,REPORTS_TO
26448,8816,REPORTS_TO
26449,8816,REPORTS_TO
26450,8817,REPORTS_TO
26451,8817,REPORTS_TO
26452,8817,REPORTS_TO
26453,8818,REPORTS_TO
26454,8818,REPORTS_TO
26455,8818,REPORTS_TO
26456,8819,REPORTS_TO
26457,8819,REPORTS_TO
26458,8819,REPORTS_TO
26459,8820,REPORTS_TO
26460,8820,REPORTS_TO
26461,8820,REPORTS_TO
26462,8821,REPORTS_TO
26463,8821,REPORTS_TO
26464,8821,REPORTS_TO
26465,8822,REPORTS_TO
26466,8822,REPORTS_TO
26467,8822,REPORTS_TO
26468,8823,REPORTS_TO
26469,8823,REPORTS_TO
26470,8823,REPORTS_TO
26471,8824,REPORTS_TO
26472,8824,REPORTS_TO
26473,8824,REPORTS_TO
26474,8825,REPORTS_TO
26475,8825,REPORTS_TO
26476,8825,REPORTS_TO
26477,8826,REPORTS_TO
26478,8826,REPORTS_TO
26479,8826,REPORTS_TO
26480,8827,REPORTS_TO
26481,8827,REPORTS_TO
26482,8827,REPORTS_TO
26483,8828,REPORTS_TO
26484,8828,REPORTS_TO
26485,8828,REPORTS_TO
26486,8829,REPORTS_TO
26487,8829,REPORTS_TO
26488,8829,REPORTS_TO
26489,8830,REPORTS_TO
26490,8830,REPORTS_TO
26491,8830,REPORTS_TO
26492,8831,REPORTS_TO
26493,8831,REPORTS_TO
26494,8831,REPORTS_TO
26495,8832,REPORTS_TO
26496,8832,REPORTS_TO
26497,8832,REPORTS_TO
26498,8833,REPORTS_TO
26499,8833,REPORTS_TO
26500,8833,REPORTS_TO
26501,8834,REPORTS_TO
26502,8834,REPORTS_TO
26503,8834,REPORTS_TO
26504,8835,REPORTS_TO
26505,8835,REPORTS_TO
26506,8835,REPORTS_TO
26507,8836,REPORTS_TO
26508,8836,REPORTS_TO
26509,8836,REPORTS_TO
26510,8837,REPORTS_TO
26511,8837,REPORTS_TO
26512,8837,REPORTS_TO
26513,8838,REPORTS_TO
26514,8838,REPORTS_TO
26515,8838,REPORTS_TO
26516,8839,REPORTS_TO
26517,8839,REPORTS_TO
26518,8839,REPORTS_TO
26519,8840,REPORTS_TO
26520,8840,REPORTS_TO
26521,8840,REPORTS_TO
26522,8841,REPORTS_TO
26523,8841,REPORTS_TO
26524,8841,REPORTS_TO
26525,8842,REPORTS_TO
26526,8842,REPORTS_TO
26527,8842,REPORTS_TO
26528,8843,REPORTS_TO
26529,8843,REPORTS_TO
26530,8843,REPORTS_TO
26531,8844,REPORTS_TO
26532,8844,REPORTS_TO
26533,8844,REPORTS_TO
26534,8845,REPORTS_TO
26535,8845,REPORTS_TO
26536,8845,REPORTS_TO
26537,8846,REPORTS_TO
26538,8846,REPORTS_TO
26539,8846,REPORTS_TO
26540,8847,REPORTS_TO
26541,8847,REPORTS_TO
26542,8847,REPORTS_TO
26543,8848,REPORTS_TO
26544,8848,REPORTS_TO
26545,8848,REPORTS_TO
26546,8849,REPORTS_TO
26547,8849,REPORTS_TO
26548,8849,REPORTS_TO
26549,8850,REPORTS_TO
26550,8850,REPORTS_TO
26551,8850,REPORTS_TO
26552,8851,REPORTS_TO
26553,8851,REPORTS_TO
26554,8851,REPORTS_TO
26555,8852,REPORTS_TO
26556,8852,REPORTS_TO
26557,8852,REPORTS_TO
26558,8853,REPORTS_TO
26559,8853,REPORTS_TO
26560,8853,REPORTS_TO
26561,8854,REPORTS_TO
26562,8854,REPORTS_TO
26563,8854,REPORTS_TO
26564,8855,REPORTS_TO
26565,8855,REPORTS_TO
26566,8855,REPORTS_TO
26567,8856,REPORTS_TO
26568,8856,REPORTS_TO
26569,8856,REPORTS_TO
26570,8857,REPORTS_TO
26571,8857,REPORTS_TO
26572,8857,REPORTS_TO
26573,8858,REPORTS_TO
26574,8858,REPORTS_TO
26575,8858,REPORTS_TO
26576,8859,REPORTS_TO
26577,8859,REPORTS_TO
26578,8859,REPORTS_TO
26579,8860,REPORTS_TO
26580,8860,REPORTS_TO
26581,8860,REPORTS_TO
26582,8861,REPORTS_TO
26583,8861,REPORTS_TO
26584,8861,REPORTS_TO
26585,8862,REPORTS_TO
26586,8862,REPORTS_TO
26587,8862,REPORTS_TO
26588,8863,REPORTS_TO
26589,8863,REPORTS_TO
26590,8863,REPORTS_TO
26591,8864,REPORTS_TO
26592,8864,REPORTS_TO
26593,8864,REPORTS_TO
26594,8865,REPORTS_TO
26595,8865,REPORTS_TO
26596,8865,REPORTS_TO
26597,8866,REPORTS_TO
26598,8866,REPORTS_TO
26599,8866,REPORTS_TO
26600,8867,REPORTS_TO
26601,8867,REPORTS_TO
26602,8867,REPORTS_TO
26603,8868,REPORTS_TO
26604,8868,REPORTS_TO
26605,8868,REPORTS_TO
26606,8869,REPORTS_TO
26607,8869,REPORTS_TO
26608,8869,REPORTS_TO
26609,8870,REPORTS_TO
26610,8870,REPORTS_TO
26611,8870,REPORTS_TO
26612,8871,REPORTS_TO
26613,8871,REPORTS_TO
26614,8871,REPORTS_TO
26615,8872,REPORTS_TO
26616,8872,REPORTS_TO
26617,8872,REPORTS_TO
26618,8873,REPORTS_TO
26619,8873,REPORTS_TO
26620,8873,REPORTS_TO
26621,8874,REPORTS_TO
26622,8874,REPORTS_TO
26623,8874,REPORTS_TO
26624,8875,REPORTS_TO
26625,8875,REPORTS_TO
26626,8875,REPORTS_TO
26627,8876,REPORTS_TO
26628,8876,REPORTS_TO
26629,8876,REPORTS_TO
26630,8877,REPORTS_TO
26631,8877,REPORTS_TO
26632,8877,REPORTS_TO
26633,8878,REPORTS_TO
26634,8878,REPORTS_TO
26635,8878,REPORTS_TO
26636,8879,REPORTS_TO
26637,8879,REPORTS_TO
26638,8879,REPORTS_TO
26639,8880,REPORTS_TO
26640,8880,REPORTS_TO
26641,8880,REPORTS_TO
26642,8881,REPORTS_TO
26643,8881,REPORTS_TO
26644,8881,REPORTS_TO
26645,8882,REPORTS_TO
26646,8882,REPORTS_TO
26647,8882,REPORTS_TO
26648,8883,REPORTS_TO
26649,8883,REPORTS_TO
26650,8883,REPORTS_TO
26651,8884,REPORTS_TO
26652,8884,REPORTS_TO
26653,8884,REPORTS_TO
26654,8885,REPORTS_TO
26655,8885,REPORTS_TO
26656,8885,REPORTS_TO
26657,8886,REPORTS_TO
26658,8886,REPORTS_TO
26659,8886,REPORTS_TO
26660,8887,REPORTS_TO
26661,8887,REPORTS_TO
26662,8887,REPORTS_TO
26663,8888,REPORTS_TO
26664,8888,REPORTS_TO
26665,8888,REPORTS_TO
26666,8889,REPORTS_TO
26667,8889,REPORTS_TO
26668,8889,REPORTS_TO
26669,8890,REPORTS_TO
26670,8890,REPORTS_TO
26671,8890,REPORTS_TO
26672,8891,REPORTS_TO
26673,8891,REPORTS_TO
26674,8891,REPORTS_TO
26675,8892,REPORTS_TO
26676,8892,REPORTS_TO
26677,8892,REPORTS_TO
26678,8893,REPORTS_TO
26679,8893,REPORTS_TO
26680,8893,REPORTS_TO
26681,8894,REPORTS_TO
26682,8894,REPORTS_TO
26683,8894,REPORTS_TO
26684,8895,REPORTS_TO
26685,8895,REPORTS_TO
26686,8895,REPORTS_TO
26687,8896,REPORTS_TO
26688,8896,REPORTS_TO
26689,8896,REPORTS_TO
26690,8897,REPORTS_TO
26691,8897,REPORTS_TO
26692,8897,REPORTS_TO
26693,8898,REPORTS_TO
26694,8898,REPORTS_TO
26695,8898,REPORTS_TO
26696,8899,REPORTS_TO
26697,8899,REPORTS_TO
26698,8899,REPORTS_TO
26699,8900,REPORTS_TO
26700,8900,REPORTS_TO
26701,8900,REPORTS_TO
26702,8901,REPORTS_TO
26703,8901,REPORTS_TO
26704,8901,REPORTS_TO
26705,8902,REPORTS_TO
26706,8902,REPORTS_TO
26707,8902,REPORTS_TO
26708,8903,REPORTS_TO
26709,8903,REPORTS_TO
26710,8903,REPORTS_TO
26711,8904,REPORTS_TO
26712,8904,REPORTS_TO
26713,8904,REPORTS_TO
26714,8905,REPORTS_TO
26715,8905,REPORTS_TO
26716,8905,REPORTS_TO
26717,8906,REPORTS_TO
26718,8906,REPORTS_TO
26719,8906,REPORTS_TO
26720,8907,REPORTS_TO
26721,8907,REPORTS_TO
26722,8907,REPORTS_TO
26723,8908,REPORTS_TO
26724,8908,REPORTS_TO
26725,8908,REPORTS_TO
26726,8909,REPORTS_TO
26727,8909,REPORTS_TO
26728,8909,REPORTS_TO
26729,8910,REPORTS_TO
26730,8910,REPORTS_TO
26731,8910,REPORTS_TO
26732,8911,REPORTS_TO
26733,8911,REPORTS_TO
26734,8911,REPORTS_TO
26735,8912,REPORTS_TO
26736,8912,REPORTS_TO
26737,8912,REPORTS_TO
26738,8913,REPORTS_TO
26739,8913,REPORTS_TO
26740,8913,REPORTS_TO
26741,8914,REPORTS_TO
26742,8914,REPORTS_TO
26743,8914,REPORTS_TO
26744,8915,REPORTS_TO
26745,8915,REPORTS_TO
26746,8915,REPORTS_TO
26747,8916,REPORTS_TO
26748,8916,REPORTS_TO
26749,8916,REPORTS_TO
26750,8917,REPORTS_TO
26751,8917,REPORTS_TO
26752,8917,REPORTS_TO
26753,8918,REPORTS_TO
26754,8918,REPORTS_TO
26755,8918,REPORTS_TO
26756,8919,REPORTS_TO
26757,8919,REPORTS_TO
26758,8919,REPORTS_TO
26759,8920,REPORTS_TO
26760,8920,REPORTS_TO
26761,8920,REPORTS_TO
26762,8921,REPORTS_TO
26763,8921,REPORTS_TO
26764,8921,REPORTS_TO
26765,8922,REPORTS_TO
26766,8922,REPORTS_TO
26767,8922,REPORTS_TO
26768,8923,REPORTS_TO
26769,8923,REPORTS_TO
26770,8923,REPORTS_TO
26771,8924,REPORTS_TO
26772,8924,REPORTS_TO
26773,8924,REPORTS_TO
26774,8925,REPORTS_TO
26775,8925,REPORTS_TO
26776,8925,REPORTS_TO
26777,8926,REPORTS_TO
26778,8926,REPORTS_TO
26779,8926,REPORTS_TO
26780,8927,REPORTS_TO
26781,8927,REPORTS_TO
26782,8927,REPORTS_TO
26783,8928,REPORTS_TO
26784,8928,REPORTS_TO
26785,8928,REPORTS_TO
26786,8929,REPORTS_TO
26787,8929,REPORTS_TO
26788,8929,REPORTS_TO
26789,8930,REPORTS_TO
26790,8930,REPORTS_TO
26791,8930,REPORTS_TO
26792,8931,REPORTS_TO
26793,8931,REPORTS_TO
26794,8931,REPORTS_TO
26795,8932,REPORTS_TO
26796,8932,REPORTS_TO
26797,8932,REPORTS_TO
26798,8933,REPORTS_TO
26799,8933,REPORTS_TO
26800,8933,REPORTS_TO
26801,8934,REPORTS_TO
26802,8934,REPORTS_TO
26803,8934,REPORTS_TO
26804,8935,REPORTS_TO
26805,8935,REPORTS_TO
26806,8935,REPORTS_TO
26807,8936,REPORTS_TO
26808,8936,REPORTS_TO
26809,8936,REPORTS_TO
26810,8937,REPORTS_TO
26811,8937,REPORTS_TO
26812,8937,REPORTS_TO
26813,8938,REPORTS_TO
26814,8938,REPORTS_TO
26815,8938,REPORTS_TO
26816,8939,REPORTS_TO
26817,8939,REPORTS_TO
26818,8939,REPORTS_TO
26819,8940,REPORTS_TO
26820,8940,REPORTS_TO
26821,8940,REPORTS_TO
26822,8941,REPORTS_TO
26823,8941,REPORTS_TO
26824,8941,REPORTS_TO
26825,8942,REPORTS_TO
26826,8942,REPORTS_TO
26827,8942,REPORTS_TO
26828,8943,REPORTS_TO
26829,8943,REPORTS_TO
26830,8943,REPORTS_TO
26831,8944,REPORTS_TO
26832,8944,REPORTS_TO
26833,8944,REPORTS_TO
26834,8945,REPORTS_TO
26835,8945,REPORTS_TO
26836,8945,REPORTS_TO
26837,8946,REPORTS_TO
26838,8946,REPORTS_TO
26839,8946,REPORTS_TO
26840,8947,REPORTS_TO
26841,8947,REPORTS_TO
26842,8947,REPORTS_TO
26843,8948,REPORTS_TO
26844,8948,REPORTS_TO
26845,8948,REPORTS_TO
26846,8949,REPORTS_TO
26847,8949,REPORTS_TO
26848,8949,REPORTS_TO
26849,8950,REPORTS_TO
26850,8950,REPORTS_TO
26851,8950,REPORTS_TO
26852,8951,REPORTS_TO
26853,8951,REPORTS_TO
26854,8951,REPORTS_TO
26855,8952,REPORTS_TO
26856,8952,REPORTS_TO
26857,8952,REPORTS_TO
26858,8953,REPORTS_TO
26859,8953,REPORTS_TO
26860,8953,REPORTS_TO
26861,8954,REPORTS_TO
26862,8954,REPORTS_TO
26863,8954,REPORTS_TO
26864,8955,REPORTS_TO
26865,8955,REPORTS_TO
26866,8955,REPORTS_TO
26867,8956,REPORTS_TO
26868,8956,REPORTS_TO
26869,8956,REPORTS_TO
26870,8957,REPORTS_TO
26871,8957,REPORTS_TO
26872,8957,REPORTS_TO
26873,8958,REPORTS_TO
26874,8958,REPORTS_TO
26875,8958,REPORTS_TO
26876,8959,REPORTS_TO
26877,8959,REPORTS_TO
26878,8959,REPORTS_TO
26879,8960,REPORTS_TO
26880,8960,REPORTS_TO
26881,8960,REPORTS_TO
26882,8961,REPORTS_TO
26883,8961,REPORTS_TO
26884,8961,REPORTS_TO
26885,8962,REPORTS_TO
26886,8962,REPORTS_TO
26887,8962,REPORTS_TO
26888,8963,REPORTS_TO
26889,8963,REPORTS_TO
26890,8963,REPORTS_TO
26891,8964,REPORTS_TO
26892,8964,REPORTS_TO
26893,8964,REPORTS_TO
26894,8965,REPORTS_TO
26895,8965,REPORTS_TO
26896,8965,REPORTS_TO
26897,8966,REPORTS_TO
26898,8966,REPORTS_TO
26899,8966,REPORTS_TO
26900,8967,REPORTS_TO
26901,8967,REPORTS_TO
26902,8967,REPORTS_TO
26903,8968,REPORTS_TO
26904,8968,REPORTS_TO
26905,8968,REPORTS_TO
26906,8969,REPORTS_TO
26907,8969,REPORTS_TO
26908,8969,REPORTS_TO
26909,8970,REPORTS_TO
26910,8970,REPORTS_TO
26911,8970,REPORTS_TO
26912,8971,REPORTS_TO
26913,8971,REPORTS_TO
26914,8971,REPORTS_TO
26915,8972,REPORTS_TO
26916,8972,REPORTS_TO
26917,8972,REPORTS_TO
26918,8973,REPORTS_TO
26919,8973,REPORTS_TO
26920,8973,REPORTS_TO
26921,8974,REPORTS_TO
26922,8974,REPORTS_TO
26923,8974,REPORTS_TO
26924,8975,REPORTS_TO
26925,8975,REPORTS_TO
26926,8975,REPORTS_TO
26927,8976,REPORTS_TO
26928,8976,REPORTS_TO
26929,8976,REPORTS_TO
26930,8977,REPORTS_TO
26931,8977,REPORTS_TO
26932,8977,REPORTS_TO
26933,8978,REPORTS_TO
26934,8978,REPORTS_TO
26935,8978,REPORTS_TO
26936,8979,REPORTS_TO
26937,8979,REPORTS_TO
26938,8979,REPORTS_TO
26939,8980,REPORTS_TO
26940,8980,REPORTS_TO
26941,8980,REPORTS_TO
26942,8981,REPORTS_TO
26943,8981,REPORTS_TO
26944,8981,REPORTS_TO
26945,8982,REPORTS_TO
26946,8982,REPORTS_TO
26947,8982,REPORTS_TO
26948,8983,REPORTS_TO
26949,8983,REPORTS_TO
26950,8983,REPORTS_TO
26951,8984,REPORTS_TO
26952,8984,REPORTS_TO
26953,8984,REPORTS_TO
26954,8985,REPORTS_TO
26955,8985,REPORTS_TO
26956,8985,REPORTS_TO
26957,8986,REPORTS_TO
26958,8986,REPORTS_TO
26959,8986,REPORTS_TO
26960,8987,REPORTS_TO
26961,8987,REPORTS_TO
26962,8987,REPORTS_TO
26963,8988,REPORTS_TO
26964,8988,REPORTS_TO
26965,8988,REPORTS_TO
26966,8989,REPORTS_TO
26967,8989,REPORTS_TO
26968,8989,REPORTS_TO
26969,8990,REPORTS_TO
26970,8990,REPORTS_TO
26971,8990,REPORTS_TO
26972,8991,REPORTS_TO
26973,8991,REPORTS_TO
26974,8991,REPORTS_TO
26975,8992,REPORTS_TO
26976,8992,REPORTS_TO
26977,8992,REPORTS_TO
26978,8993,REPORTS_TO
26979,8993,REPORTS_TO
26980,8993,REPORTS_TO
26981,8994,REPORTS_TO
26982,8994,REPORTS_TO
26983,8994,REPORTS_TO
26984,8995,REPORTS_TO
26985,8995,REPORTS_TO
26986,8995,REPORTS_TO
26987,8996,REPORTS_TO
26988,8996,REPORTS_TO
26989,8996,REPORTS_TO
26990,8997,REPORTS_TO
26991,8997,REPORTS_TO
26992,8997,REPORTS_TO
26993,8998,REPORTS_TO
26994,8998,REPORTS_TO
26995,8998,REPORTS_TO
26996,8999,REPORTS_TO
26997,8999,REPORTS_TO
26998,8999,REPORTS_TO
26999,9000,REPORTS_TO
27000,9000,REPORTS_TO
27001,9000,REPORTS_TO
27002,9001,REPORTS_TO
27003,9001,REPORTS_TO
27004,9001,REPORTS_TO
27005,9002,REPORTS_TO
27006,9002,REPORTS_TO
27007,9002,REPORTS_TO
27008,9003,REPORTS_TO
27009,9003,REPORTS_TO
27010,9003,REPORTS_TO
27011,9004,REPORTS_TO
27012,9004,REPORTS_TO
27013,9004,REPORTS_TO
27014,9005,REPORTS_TO
27015,9005,REPORTS_TO
27016,9005,REPORTS_TO
27017,9006,REPORTS_TO
27018,9006,REPORTS_TO
27019,9006,REPORTS_TO
27020,9007,REPORTS_TO
27021,9007,REPORTS_TO
27022,9007,REPORTS_TO
27023,9008,REPORTS_TO
27024,9008,REPORTS_TO
27025,9008,REPORTS_TO
27026,9009,REPORTS_TO
27027,9009,REPORTS_TO
27028,9009,REPORTS_TO
27029,9010,REPORTS_TO
27030,9010,REPORTS_TO
27031,9010,REPORTS_TO
27032,9011,REPORTS_TO
27033,9011,REPORTS_TO
27034,9011,REPORTS_TO
27035,9012,REPORTS_TO
27036,9012,REPORTS_TO
27037,9012,REPORTS_TO
27038,9013,REPORTS_TO
27039,9013,REPORTS_TO
27040,9013,REPORTS_TO
27041,9014,REPORTS_TO
27042,9014,REPORTS_TO
27043,9014,REPORTS_TO
27044,9015,REPORTS_TO
27045,9015,REPORTS_TO
27046,9015,REPORTS_TO
27047,9016,REPORTS_TO
27048,9016,REPORTS_TO
27049,9016,REPORTS_TO
27050,9017,REPORTS_TO
27051,9017,REPORTS_TO
27052,9017,REPORTS_TO
27053,9018,REPORTS_TO
27054,9018,REPORTS_TO
27055,9018,REPORTS_TO
27056,9019,REPORTS_TO
27057,9019,REPORTS_TO
27058,9019,REPORTS_TO
27059,9020,REPORTS_TO
27060,9020,REPORTS_TO
27061,9020,REPORTS_TO
27062,9021,REPORTS_TO
27063,9021,REPORTS_TO
27064,9021,REPORTS_TO
27065,9022,REPORTS_TO
27066,9022,REPORTS_TO
27067,9022,REPORTS_TO
27068,9023,REPORTS_TO
27069,9023,REPORTS_TO
27070,9023,REPORTS_TO
27071,9024,REPORTS_TO
27072,9024,REPORTS_TO
27073,9024,REPORTS_TO
27074,9025,REPORTS_TO
27075,9025,REPORTS_TO
27076,9025,REPORTS_TO
27077,9026,REPORTS_TO
27078,9026,REPORTS_TO
27079,9026,REPORTS_TO
27080,9027,REPORTS_TO
27081,9027,REPORTS_TO
27082,9027,REPORTS_TO
27083,9028,REPORTS_TO
27084,9028,REPORTS_TO
27085,9028,REPORTS_TO
27086,9029,REPORTS_TO
27087,9029,REPORTS_TO
27088,9029,REPORTS_TO
27089,9030,REPORTS_TO
27090,9030,REPORTS_TO
27091,9030,REPORTS_TO
27092,9031,REPORTS_TO
27093,9031,REPORTS_TO
27094,9031,REPORTS_TO
27095,9032,REPORTS_TO
27096,9032,REPORTS_TO
27097,9032,REPORTS_TO
27098,9033,REPORTS_TO
27099,9033,REPORTS_TO
27100,9033,REPORTS_TO
27101,9034,REPORTS_TO
27102,9034,REPORTS_TO
27103,9034,REPORTS_TO
27104,9035,REPORTS_TO
27105,9035,REPORTS_TO
27106,9035,REPORTS_TO
27107,9036,REPORTS_TO
27108,9036,REPORTS_TO
27109,9036,REPORTS_TO
27110,9037,REPORTS_TO
27111,9037,REPORTS_TO
27112,9037,REPORTS_TO
27113,9038,REPORTS_TO
27114,9038,REPORTS_TO
27115,9038,REPORTS_TO
27116,9039,REPORTS_TO
27117,9039,REPORTS_TO
27118,9039,REPORTS_TO
27119,9040,REPORTS_TO
27120,9040,REPORTS_TO
27121,9040,REPORTS_TO
27122,9041,REPORTS_TO
27123,9041,REPORTS_TO
27124,9041,REPORTS_TO
27125,9042,REPORTS_TO
27126,9042,REPORTS_TO
27127,9042,REPORTS_TO
27128,9043,REPORTS_TO
27129,9043,REPORTS_TO
27130,9043,REPORTS_TO
27131,9044,REPORTS_TO
27132,9044,REPORTS_TO
27133,9044,REPORTS_TO
27134,9045,REPORTS_TO
27135,9045,REPORTS_TO
27136,9045,REPORTS_TO
27137,9046,REPORTS_TO
27138,9046,REPORTS_TO
27139,9046,REPORTS_TO
27140,9047,REPORTS_TO
27141,9047,REPORTS_TO
27142,9047,REPORTS_TO
27143,9048,REPORTS_TO
27144,9048,REPORTS_TO
27145,9048,REPORTS_TO
27146,9049,REPORTS_TO
27147,9049,REPORTS_TO
27148,9049,REPORTS_TO
27149,9050,REPORTS_TO
27150,9050,REPORTS_TO
27151,9050,REPORTS_TO
27152,9051,REPORTS_TO
27153,9051,REPORTS_TO
27154,9051,REPORTS_TO
27155,9052,REPORTS_TO
27156,9052,REPORTS_TO
27157,9052,REPORTS_TO
27158,9053,REPORTS_TO
27159,9053,REPORTS_TO
27160,9053,REPORTS_TO
27161,9054,REPORTS_TO
27162,9054,REPORTS_TO
27163,9054,REPORTS_TO
27164,9055,REPORTS_TO
27165,9055,REPORTS_TO
27166,9055,REPORTS_TO
27167,9056,REPORTS_TO
27168,9056,REPORTS_TO
27169,9056,REPORTS_TO
27170,9057,REPORTS_TO
27171,9057,REPORTS_TO
27172,9057,REPORTS_TO
27173,9058,REPORTS_TO
27174,9058,REPORTS_TO
27175,9058,REPORTS_TO
27176,9059,REPORTS_TO
27177,9059,REPORTS_TO
27178,9059,REPORTS_TO
27179,9060,REPORTS_TO
27180,9060,REPORTS_TO
27181,9060,REPORTS_TO
27182,9061,REPORTS_TO
27183,9061,REPORTS_TO
27184,9061,REPORTS_TO
27185,9062,REPORTS_TO
27186,9062,REPORTS_TO
27187,9062,REPORTS_TO
27188,9063,REPORTS_TO
27189,9063,REPORTS_TO
27190,9063,REPORTS_TO
27191,9064,REPORTS_TO
27192,9064,REPORTS_TO
27193,9064,REPORTS_TO
27194,9065,REPORTS_TO
27195,9065,REPORTS_TO
27196,9065,REPORTS_TO
27197,9066,REPORTS_TO
27198,9066,REPORTS_TO
27199,9066,REPORTS_TO
27200,9067,REPORTS_TO
27201,9067,REPORTS_TO
27202,9067,REPORTS_TO
27203,9068,REPORTS_TO
27204,9068,REPORTS_TO
27205,9068,REPORTS_TO
27206,9069,REPORTS_TO
27207,9069,REPORTS_TO
27208,9069,REPORTS_TO
27209,9070,REPORTS_TO
27210,9070,REPORTS_TO
27211,9070,REPORTS_TO
27212,9071,REPORTS_TO
27213,9071,REPORTS_TO
27214,9071,REPORTS_TO
27215,9072,REPORTS_TO
27216,9072,REPORTS_TO
27217,9072,REPORTS_TO
27218,9073,REPORTS_TO
27219,9073,REPORTS_TO
27220,9073,REPORTS_TO
27221,9074,REPORTS_TO
27222,9074,REPORTS_TO
27223,9074,REPORTS_TO
27224,9075,REPORTS_TO
27225,9075,REPORTS_TO
27226,9075,REPORTS_TO
27227,9076,REPORTS_TO
27228,9076,REPORTS_TO
27229,9076,REPORTS_TO
27230,9077,REPORTS_TO
27231,9077,REPORTS_TO
27232,9077,REPORTS_TO
27233,9078,REPORTS_TO
27234,9078,REPORTS_TO
27235,9078,REPORTS_TO
27236,9079,REPORTS_TO
27237,9079,REPORTS_TO
27238,9079,REPORTS_TO
27239,9080,REPORTS_TO
27240,9080,REPORTS_TO
27241,9080,REPORTS_TO
27242,9081,REPORTS_TO
27243,9081,REPORTS_TO
27244,9081,REPORTS_TO
27245,9082,REPORTS_TO
27246,9082,REPORTS_TO
27247,9082,REPORTS_TO
27248,9083,REPORTS_TO
27249,9083,REPORTS_TO
27250,9083,REPORTS_TO
27251,9084,REPORTS_TO
27252,9084,REPORTS_TO
27253,9084,REPORTS_TO
27254,9085,REPORTS_TO
27255,9085,REPORTS_TO
27256,9085,REPORTS_TO
27257,9086,REPORTS_TO
27258,9086,REPORTS_TO
27259,9086,REPORTS_TO
27260,9087,REPORTS_TO
27261,9087,REPORTS_TO
27262,9087,REPORTS_TO
27263,9088,REPORTS_TO
27264,9088,REPORTS_TO
27265,9088,REPORTS_TO
27266,9089,REPORTS_TO
27267,9089,REPORTS_TO
27268,9089,REPORTS_TO
27269,9090,REPORTS_TO
27270,9090,REPORTS_TO
27271,9090,REPORTS_TO
27272,9091,REPORTS_TO
27273,9091,REPORTS_TO
27274,9091,REPORTS_TO
27275,9092,REPORTS_TO
27276,9092,REPORTS_TO
27277,9092,REPORTS_TO
27278,9093,REPORTS_TO
27279,9093,REPORTS_TO
27280,9093,REPORTS_TO
27281,9094,REPORTS_TO
27282,9094,REPORTS_TO
27283,9094,REPORTS_TO
27284,9095,REPORTS_TO
27285,9095,REPORTS_TO
27286,9095,REPORTS_TO
27287,9096,REPORTS_TO
27288,9096,REPORTS_TO
27289,9096,REPORTS_TO
27290,9097,REPORTS_TO
27291,9097,REPORTS_TO
27292,9097,REPORTS_TO
27293,9098,REPORTS_TO
27294,9098,REPORTS_TO
27295,9098,REPORTS_TO
27296,9099,REPORTS_TO
27297,9099,REPORTS_TO
27298,9099,REPORTS_TO
27299,9100,REPORTS_TO
27300,9100,REPORTS_TO
27301,9100,REPORTS_TO
27302,9101,REPORTS_TO
27303,9101,REPORTS_TO
27304,9101,REPORTS_TO
27305,9102,REPORTS_TO
27306,9102,REPORTS_TO
27307,9102,REPORTS_TO
27308,9103,REPORTS_TO
27309,9103,REPORTS_TO
27310,9103,REPORTS_TO
27311,9104,REPORTS_TO
27312,9104,REPORTS_TO
27313,9104,REPORTS_TO
27314,9105,REPORTS_TO
27315,9105,REPORTS_TO
27316,9105,REPORTS_TO
27317,9106,REPORTS_TO
27318,9106,REPORTS_TO
27319,9106,REPORTS_TO
27320,9107,REPORTS_TO
27321,9107,REPORTS_TO
27322,9107,REPORTS_TO
27323,9108,REPORTS_TO
27324,9108,REPORTS_TO
27325,9108,REPORTS_TO
27326,9109,REPORTS_TO
27327,9109,REPORTS_TO
27328,9109,REPORTS_TO
27329,9110,REPORTS_TO
27330,9110,REPORTS_TO
27331,9110,REPORTS_TO
27332,9111,REPORTS_TO
27333,9111,REPORTS_TO
27334,9111,REPORTS_TO
27335,9112,REPORTS_TO
27336,9112,REPORTS_TO
27337,9112,REPORTS_TO
27338,9113,REPORTS_TO
27339,9113,REPORTS_TO
27340,9113,REPORTS_TO
27341,9114,REPORTS_TO
27342,9114,REPORTS_TO
27343,9114,REPORTS_TO
27344,9115,REPORTS_TO
27345,9115,REPORTS_TO
27346,9115,REPORTS_TO
27347,9116,REPORTS_TO
27348,9116,REPORTS_TO
27349,9116,REPORTS_TO
27350,9117,REPORTS_TO
27351,9117,REPORTS_TO
27352,9117,REPORTS_TO
27353,9118,REPORTS_TO
27354,9118,REPORTS_TO
27355,9118,REPORTS_TO
27356,9119,REPORTS_TO
27357,9119,REPORTS_TO
27358,9119,REPORTS_TO
27359,9120,REPORTS_TO
27360,9120,REPORTS_TO
27361,9120,REPORTS_TO
27362,9121,REPORTS_TO
27363,9121,REPORTS_TO
27364,9121,REPORTS_TO
27365,9122,REPORTS_TO
27366,9122,REPORTS_TO
27367,9122,REPORTS_TO
27368,9123,REPORTS_TO
27369,9123,REPORTS_TO
27370,9123,REPORTS_TO
27371,9124,REPORTS_TO
27372,9124,REPORTS_TO
27373,9124,REPORTS_TO
27374,9125,REPORTS_TO
27375,9125,REPORTS_TO
27376,9125,REPORTS_TO
27377,9126,REPORTS_TO
27378,9126,REPORTS_TO
27379,9126,REPORTS_TO
27380,9127,REPORTS_TO
27381,9127,REPORTS_TO
27382,9127,REPORTS_TO
27383,9128,REPORTS_TO
27384,9128,REPORTS_TO
27385,9128,REPORTS_TO
27386,9129,REPORTS_TO
27387,9129,REPORTS_TO
27388,9129,REPORTS_TO
27389,9130,REPORTS_TO
27390,9130,REPORTS_TO
27391,9130,REPORTS_TO
27392,9131,REPORTS_TO
27393,9131,REPORTS_TO
27394,9131,REPORTS_TO
27395,9132,REPORTS_TO
27396,9132,REPORTS_TO
27397,9132,REPORTS_TO
27398,9133,REPORTS_TO
27399,9133,REPORTS_TO
27400,9133,REPORTS_TO
27401,9134,REPORTS_TO
27402,9134,REPORTS_TO
27403,9134,REPORTS_TO
27404,9135,REPORTS_TO
27405,9135,REPORTS_TO
27406,9135,REPORTS_TO
27407,9136,REPORTS_TO
27408,9136,REPORTS_TO
27409,9136,REPORTS_TO
27410,9137,REPORTS_TO
27411,9137,REPORTS_TO
27412,9137,REPORTS_TO
27413,9138,REPORTS_TO
27414,9138,REPORTS_TO
27415,9138,REPORTS_TO
27416,9139,REPORTS_TO
27417,9139,REPORTS_TO
27418,9139,REPORTS_TO
27419,9140,REPORTS_TO
27420,9140,REPORTS_TO
27421,9140,REPORTS_TO
27422,9141,REPORTS_TO
27423,9141,REPORTS_TO
27424,9141,REPORTS_TO
27425,9142,REPORTS_TO
27426,9142,REPORTS_TO
27427,9142,REPORTS_TO
27428,9143,REPORTS_TO
27429,9143,REPORTS_TO
27430,9143,REPORTS_TO
27431,9144,REPORTS_TO
27432,9144,REPORTS_TO
27433,9144,REPORTS_TO
27434,9145,REPORTS_TO
27435,9145,REPORTS_TO
27436,9145,REPORTS_TO
27437,9146,REPORTS_TO
27438,9146,REPORTS_TO
27439,9146,REPORTS_TO
27440,9147,REPORTS_TO
27441,9147,REPORTS_TO
27442,9147,REPORTS_TO
27443,9148,REPORTS_TO
27444,9148,REPORTS_TO
27445,9148,REPORTS_TO
27446,9149,REPORTS_TO
27447,9149,REPORTS_TO
27448,9149,REPORTS_TO
27449,9150,REPORTS_TO
27450,9150,REPORTS_TO
27451,9150,REPORTS_TO
27452,9151,REPORTS_TO
27453,9151,REPORTS_TO
27454,9151,REPORTS_TO
27455,9152,REPORTS_TO
27456,9152,REPORTS_TO
27457,9152,REPORTS_TO
27458,9153,REPORTS_TO
27459,9153,REPORTS_TO
27460,9153,REPORTS_TO
27461,9154,REPORTS_TO
27462,9154,REPORTS_TO
27463,9154,REPORTS_TO
27464,9155,REPORTS_TO
27465,9155,REPORTS_TO
27466,9155,REPORTS_TO
27467,9156,REPORTS_TO
27468,9156,REPORTS_TO
27469,9156,REPORTS_TO
27470,9157,REPORTS_TO
27471,9157,REPORTS_TO
27472,9157,REPORTS_TO
27473,9158,REPORTS_TO
27474,9158,REPORTS_TO
27475,9158,REPORTS_TO
27476,9159,REPORTS_TO
27477,9159,REPORTS_TO
27478,9159,REPORTS_TO
27479,9160,REPORTS_TO
27480,9160,REPORTS_TO
27481,9160,REPORTS_TO
27482,9161,REPORTS_TO
27483,9161,REPORTS_TO
27484,9161,REPORTS_TO
27485,9162,REPORTS_TO
27486,9162,REPORTS_TO
27487,9162,REPORTS_TO
27488,9163,REPORTS_TO
27489,9163,REPORTS_TO
27490,9163,REPORTS_TO
27491,9164,REPORTS_TO
27492,9164,REPORTS_TO
27493,9164,REPORTS_TO
27494,9165,REPORTS_TO
27495,9165,REPORTS_TO
27496,9165,REPORTS_TO
27497,9166,REPORTS_TO
27498,9166,REPORTS_TO
27499,9166,REPORTS_TO
27500,9167,REPORTS_TO
27501,9167,REPORTS_TO
27502,9167,REPORTS_TO
27503,9168,REPORTS_TO
27504,9168,REPORTS_TO
27505,9168,REPORTS_TO
27506,9169,REPORTS_TO
27507,9169,REPORTS_TO
27508,9169,REPORTS_TO
27509,9170,REPORTS_TO
27510,9170,REPORTS_TO
27511,9170,REPORTS_TO
27512,9171,REPORTS_TO
27513,9171,REPORTS_TO
27514,9171,REPORTS_TO
27515,9172,REPORTS_TO
27516,9172,REPORTS_TO
27517,9172,REPORTS_TO
27518,9173,REPORTS_TO
27519,9173,REPORTS_TO
27520,9173,REPORTS_TO
27521,9174,REPORTS_TO
27522,9174,REPORTS_TO
27523,9174,REPORTS_TO
27524,9175,REPORTS_TO
27525,9175,REPORTS_TO
27526,9175,REPORTS_TO
27527,9176,REPORTS_TO
27528,9176,REPORTS_TO
27529,9176,REPORTS_TO
27530,9177,REPORTS_TO
27531,9177,REPORTS_TO
27532,9177,REPORTS_TO
27533,9178,REPORTS_TO
27534,9178,REPORTS_TO
27535,9178,REPORTS_TO
27536,9179,REPORTS_TO
27537,9179,REPORTS_TO
27538,9179,REPORTS_TO
27539,9180,REPORTS_TO
27540,9180,REPORTS_TO
27541,9180,REPORTS_TO
27542,9181,REPORTS_TO
27543,9181,REPORTS_TO
27544,9181,REPORTS_TO
27545,9182,REPORTS_TO
27546,9182,REPORTS_TO
27547,9182,REPORTS_TO
27548,9183,REPORTS_TO
27549,9183,REPORTS_TO
27550,9183,REPORTS_TO
27551,9184,REPORTS_TO
27552,9184,REPORTS_TO
27553,9184,REPORTS_TO
27554,9185,REPORTS_TO
27555,9185,REPORTS_TO
27556,9185,REPORTS_TO
27557,9186,REPORTS_TO
27558,9186,REPORTS_TO
27559,9186,REPORTS_TO
27560,9187,REPORTS_TO
27561,9187,REPORTS_TO
27562,9187,REPORTS_TO
27563,9188,REPORTS_TO
27564,9188,REPORTS_TO
27565,9188,REPORTS_TO
27566,9189,REPORTS_TO
27567,9189,REPORTS_TO
27568,9189,REPORTS_TO
27569,9190,REPORTS_TO
27570,9190,REPORTS_TO
27571,9190,REPORTS_TO
27572,9191,REPORTS_TO
27573,9191,REPORTS_TO
27574,9191,REPORTS_TO
27575,9192,REPORTS_TO
27576,9192,REPORTS_TO
27577,9192,REPORTS_TO
27578,9193,REPORTS_TO
27579,9193,REPORTS_TO
27580,9193,REPORTS_TO
27581,9194,REPORTS_TO
27582,9194,REPORTS_TO
27583,9194,REPORTS_TO
27584,9195,REPORTS_TO
27585,9195,REPORTS_TO
27586,9195,REPORTS_TO
27587,9196,REPORTS_TO
27588,9196,REPORTS_TO
27589,9196,REPORTS_TO
27590,9197,REPORTS_TO
27591,9197,REPORTS_TO
27592,9197,REPORTS_TO
27593,9198,REPORTS_TO
27594,9198,REPORTS_TO
27595,9198,REPORTS_TO
27596,9199,REPORTS_TO
27597,9199,REPORTS_TO
27598,9199,REPORTS_TO
27599,9200,REPORTS_TO
27600,9200,REPORTS_TO
27601,9200,REPORTS_TO
27602,9201,REPORTS_TO
27603,9201,REPORTS_TO
27604,9201,REPORTS_TO
27605,9202,REPORTS_TO
27606,9202,REPORTS_TO
27607,9202,REPORTS_TO
27608,9203,REPORTS_TO
27609,9203,REPORTS_TO
27610,9203,REPORTS_TO
27611,9204,REPORTS_TO
27612,9204,REPORTS_TO
27613,9204,REPORTS_TO
27614,9205,REPORTS_TO
27615,9205,REPORTS_TO
27616,9205,REPORTS_TO
27617,9206,REPORTS_TO
27618,9206,REPORTS_TO
27619,9206,REPORTS_TO
27620,9207,REPORTS_TO
27621,9207,REPORTS_TO
27622,9207,REPORTS_TO
27623,9208,REPORTS_TO
27624,9208,REPORTS_TO
27625,9208,REPORTS_TO
27626,9209,REPORTS_TO
27627,9209,REPORTS_TO
27628,9209,REPORTS_TO
27629,9210,REPORTS_TO
27630,9210,REPORTS_TO
27631,9210,REPORTS_TO
27632,9211,REPORTS_TO
27633,9211,REPORTS_TO
27634,9211,REPORTS_TO
27635,9212,REPORTS_TO
27636,9212,REPORTS_TO
27637,9212,REPORTS_TO
27638,9213,REPORTS_TO
27639,9213,REPORTS_TO
27640,9213,REPORTS_TO
27641,9214,REPORTS_TO
27642,9214,REPORTS_TO
27643,9214,REPORTS_TO
27644,9215,REPORTS_TO
27645,9215,REPORTS_TO
27646,9215,REPORTS_TO
27647,9216,REPORTS_TO
27648,9216,REPORTS_TO
27649,9216,REPORTS_TO
27650,9217,REPORTS_TO
27651,9217,REPORTS_TO
27652,9217,REPORTS_TO
27653,9218,REPORTS_TO
27654,9218,REPORTS_TO
27655,9218,REPORTS_TO
27656,9219,REPORTS_TO
27657,9219,REPORTS_TO
27658,9219,REPORTS_TO
27659,9220,REPORTS_TO
27660,9220,REPORTS_TO
27661,9220,REPORTS_TO
27662,9221,REPORTS_TO
27663,9221,REPORTS_TO
27664,9221,REPORTS_TO
27665,9222,REPORTS_TO
27666,9222,REPORTS_TO
27667,9222,REPORTS_TO
27668,9223,REPORTS_TO
27669,9223,REPORTS_TO
27670,9223,REPORTS_TO
27671,9224,REPORTS_TO
27672,9224,REPORTS_TO
27673,9224,REPORTS_TO
27674,9225,REPORTS_TO
27675,9225,REPORTS_TO
27676,9225,REPORTS_TO
27677,9226,REPORTS_TO
27678,9226,REPORTS_TO
27679,9226,REPORTS_TO
27680,9227,REPORTS_TO
27681,9227,REPORTS_TO
27682,9227,REPORTS_TO
27683,9228,REPORTS_TO
27684,9228,REPORTS_TO
27685,9228,REPORTS_TO
27686,9229,REPORTS_TO
27687,9229,REPORTS_TO
27688,9229,REPORTS_TO
27689,9230,REPORTS_TO
27690,9230,REPORTS_TO
27691,9230,REPORTS_TO
27692,9231,REPORTS_TO
27693,9231,REPORTS_TO
27694,9231,REPORTS_TO
27695,9232,REPORTS_TO
27696,9232,REPORTS_TO
27697,9232,REPORTS_TO
27698,9233,REPORTS_TO
27699,9233,REPORTS_TO
27700,9233,REPORTS_TO
27701,9234,REPORTS_TO
27702,9234,REPORTS_TO
27703,9234,REPORTS_TO
27704,9235,REPORTS_TO
27705,9235,REPORTS_TO
27706,9235,REPORTS_TO
27707,9236,REPORTS_TO
27708,9236,REPORTS_TO
27709,9236,REPORTS_TO
27710,9237,REPORTS_TO
27711,9237,REPORTS_TO
27712,9237,REPORTS_TO
27713,9238,REPORTS_TO
27714,9238,REPORTS_TO
27715,9238,REPORTS_TO
27716,9239,REPORTS_TO
27717,9239,REPORTS_TO
27718,9239,REPORTS_TO
27719,9240,REPORTS_TO
27720,9240,REPORTS_TO
27721,9240,REPORTS_TO
27722,9241,REPORTS_TO
27723,9241,REPORTS_TO
27724,9241,REPORTS_TO
27725,9242,REPORTS_TO
27726,9242,REPORTS_TO
27727,9242,REPORTS_TO
27728,9243,REPORTS_TO
27729,9243,REPORTS_TO
27730,9243,REPORTS_TO
27731,9244,REPORTS_TO
27732,9244,REPORTS_TO
27733,9244,REPORTS_TO
27734,9245,REPORTS_TO
27735,9245,REPORTS_TO
27736,9245,REPORTS_TO
27737,9246,REPORTS_TO
27738,9246,REPORTS_TO
27739,9246,REPORTS_TO
27740,9247,REPORTS_TO
27741,9247,REPORTS_TO
27742,9247,REPORTS_TO
27743,9248,REPORTS_TO
27744,9248,REPORTS_TO
27745,9248,REPORTS_TO
27746,9249,REPORTS_TO
27747,9249,REPORTS_TO
27748,9249,REPORTS_TO
27749,9250,REPORTS_TO
27750,9250,REPORTS_TO
27751,9250,REPORTS_TO
27752,9251,REPORTS_TO
27753,9251,REPORTS_TO
27754,9251,REPORTS_TO
27755,9252,REPORTS_TO
27756,9252,REPORTS_TO
27757,9252,REPORTS_TO
27758,9253,REPORTS_TO
27759,9253,REPORTS_TO
27760,9253,REPORTS_TO
27761,9254,REPORTS_TO
27762,9254,REPORTS_TO
27763,9254,REPORTS_TO
27764,9255,REPORTS_TO
27765,9255,REPORTS_TO
27766,9255,REPORTS_TO
27767,9256,REPORTS_TO
27768,9256,REPORTS_TO
27769,9256,REPORTS_TO
27770,9257,REPORTS_TO
27771,9257,REPORTS_TO
27772,9257,REPORTS_TO
27773,9258,REPORTS_TO
27774,9258,REPORTS_TO
27775,9258,REPORTS_TO
27776,9259,REPORTS_TO
27777,9259,REPORTS_TO
27778,9259,REPORTS_TO
27779,9260,REPORTS_TO
27780,9260,REPORTS_TO
27781,9260,REPORTS_TO
27782,9261,REPORTS_TO
27783,9261,REPORTS_TO
27784,9261,REPORTS_TO
27785,9262,REPORTS_TO
27786,9262,REPORTS_TO
27787,9262,REPORTS_TO
27788,9263,REPORTS_TO
27789,9263,REPORTS_TO
27790,9263,REPORTS_TO
27791,9264,REPORTS_TO
27792,9264,REPORTS_TO
27793,9264,REPORTS_TO
27794,9265,REPORTS_TO
27795,9265,REPORTS_TO
27796,9265,REPORTS_TO
27797,9266,REPORTS_TO
27798,9266,REPORTS_TO
27799,9266,REPORTS_TO
27800,9267,REPORTS_TO
27801,9267,REPORTS_TO
27802,9267,REPORTS_TO
27803,9268,REPORTS_TO
27804,9268,REPORTS_TO
27805,9268,REPORTS_TO
27806,9269,REPORTS_TO
27807,9269,REPORTS_TO
27808,9269,REPORTS_TO
27809,9270,REPORTS_TO
27810,9270,REPORTS_TO
27811,9270,REPORTS_TO
27812,9271,REPORTS_TO
27813,9271,REPORTS_TO
27814,9271,REPORTS_TO
27815,9272,REPORTS_TO
27816,9272,REPORTS_TO
27817,9272,REPORTS_TO
27818,9273,REPORTS_TO
27819,9273,REPORTS_TO
27820,9273,REPORTS_TO
27821,9274,REPORTS_TO
27822,9274,REPORTS_TO
27823,9274,REPORTS_TO
27824,9275,REPORTS_TO
27825,9275,REPORTS_TO
27826,9275,REPORTS_TO
27827,9276,REPORTS_TO
27828,9276,REPORTS_TO
27829,9276,REPORTS_TO
27830,9277,REPORTS_TO
27831,9277,REPORTS_TO
27832,9277,REPORTS_TO
27833,9278,REPORTS_TO
27834,9278,REPORTS_TO
27835,9278,REPORTS_TO
27836,9279,REPORTS_TO
27837,9279,REPORTS_TO
27838,9279,REPORTS_TO
27839,9280,REPORTS_TO
27840,9280,REPORTS_TO
27841,9280,REPORTS_TO
27842,9281,REPORTS_TO
27843,9281,REPORTS_TO
27844,9281,REPORTS_TO
27845,9282,REPORTS_TO
27846,9282,REPORTS_TO
27847,9282,REPORTS_TO
27848,9283,REPORTS_TO
27849,9283,REPORTS_TO
27850,9283,REPORTS_TO
27851,9284,REPORTS_TO
27852,9284,REPORTS_TO
27853,9284,REPORTS_TO
27854,9285,REPORTS_TO
27855,9285,REPORTS_TO
27856,9285,REPORTS_TO
27857,9286,REPORTS_TO
27858,9286,REPORTS_TO
27859,9286,REPORTS_TO
27860,9287,REPORTS_TO
27861,9287,REPORTS_TO
27862,9287,REPORTS_TO
27863,9288,REPORTS_TO
27864,9288,REPORTS_TO
27865,9288,REPORTS_TO
27866,9289,REPORTS_TO
27867,9289,REPORTS_TO
27868,9289,REPORTS_TO
27869,9290,REPORTS_TO
27870,9290,REPORTS_TO
27871,9290,REPORTS_TO
27872,9291,REPORTS_TO
27873,9291,REPORTS_TO
27874,9291,REPORTS_TO
27875,9292,REPORTS_TO
27876,9292,REPORTS_TO
27877,9292,REPORTS_TO
27878,9293,REPORTS_TO
27879,9293,REPORTS_TO
27880,9293,REPORTS_TO
27881,9294,REPORTS_TO
27882,9294,REPORTS_TO
27883,9294,REPORTS_TO
27884,9295,REPORTS_TO
27885,9295,REPORTS_TO
27886,9295,REPORTS_TO
27887,9296,REPORTS_TO
27888,9296,REPORTS_TO
27889,9296,REPORTS_TO
27890,9297,REPORTS_TO
27891,9297,REPORTS_TO
27892,9297,REPORTS_TO
27893,9298,REPORTS_TO
27894,9298,REPORTS_TO
27895,9298,REPORTS_TO
27896,9299,REPORTS_TO
27897,9299,REPORTS_TO
27898,9299,REPORTS_TO
27899,9300,REPORTS_TO
27900,9300,REPORTS_TO
27901,9300,REPORTS_TO
27902,9301,REPORTS_TO
27903,9301,REPORTS_TO
27904,9301,REPORTS_TO
27905,9302,REPORTS_TO
27906,9302,REPORTS_TO
27907,9302,REPORTS_TO
27908,9303,REPORTS_TO
27909,9303,REPORTS_TO
27910,9303,REPORTS_TO
27911,9304,REPORTS_TO
27912,9304,REPORTS_TO
27913,9304,REPORTS_TO
27914,9305,REPORTS_TO
27915,9305,REPORTS_TO
27916,9305,REPORTS_TO
27917,9306,REPORTS_TO
27918,9306,REPORTS_TO
27919,9306,REPORTS_TO
27920,9307,REPORTS_TO
27921,9307,REPORTS_TO
27922,9307,REPORTS_TO
27923,9308,REPORTS_TO
27924,9308,REPORTS_TO
27925,9308,REPORTS_TO
27926,9309,REPORTS_TO
27927,9309,REPORTS_TO
27928,9309,REPORTS_TO
27929,9310,REPORTS_TO
27930,9310,REPORTS_TO
27931,9310,REPORTS_TO
27932,9311,REPORTS_TO
27933,9311,REPORTS_TO
27934,9311,REPORTS_TO
27935,9312,REPORTS_TO
27936,9312,REPORTS_TO
27937,9312,REPORTS_TO
27938,9313,REPORTS_TO
27939,9313,REPORTS_TO
27940,9313,REPORTS_TO
27941,9314,REPORTS_TO
27942,9314,REPORTS_TO
27943,9314,REPORTS_TO
27944,9315,REPORTS_TO
27945,9315,REPORTS_TO
27946,9315,REPORTS_TO
27947,9316,REPORTS_TO
27948,9316,REPORTS_TO
27949,9316,REPORTS_TO
27950,9317,REPORTS_TO
27951,9317,REPORTS_TO
27952,9317,REPORTS_TO
27953,9318,REPORTS_TO
27954,9318,REPORTS_TO
27955,9318,REPORTS_TO
27956,9319,REPORTS_TO
27957,9319,REPORTS_TO
27958,9319,REPORTS_TO
27959,9320,REPORTS_TO
27960,9320,REPORTS_TO
27961,9320,REPORTS_TO
27962,9321,REPORTS_TO
27963,9321,REPORTS_TO
27964,9321,REPORTS_TO
27965,9322,REPORTS_TO
27966,9322,REPORTS_TO
27967,9322,REPORTS_TO
27968,9323,REPORTS_TO
27969,9323,REPORTS_TO
27970,9323,REPORTS_TO
27971,9324,REPORTS_TO
27972,9324,REPORTS_TO
27973,9324,REPORTS_TO
27974,9325,REPORTS_TO
27975,9325,REPORTS_TO
27976,9325,REPORTS_TO
27977,9326,REPORTS_TO
27978,9326,REPORTS_TO
27979,9326,REPORTS_TO
27980,9327,REPORTS_TO
27981,9327,REPORTS_TO
27982,9327,REPORTS_TO
27983,9328,REPORTS_TO
27984,9328,REPORTS_TO
27985,9328,REPORTS_TO
27986,9329,REPORTS_TO
27987,9329,REPORTS_TO
27988,9329,REPORTS_TO
27989,9330,REPORTS_TO
27990,9330,REPORTS_TO
27991,9330,REPORTS_TO
27992,9331,REPORTS_TO
27993,9331,REPORTS_TO
27994,9331,REPORTS_TO
27995,9332,REPORTS_TO
27996,9332,REPORTS_TO
27997,9332,REPORTS_TO
27998,9333,REPORTS_TO
27999,9333,REPORTS_TO
28000,9333,REPORTS_TO
28001,9334,REPORTS_TO
28002,9334,REPORTS_TO
28003,9334,REPORTS_TO
28004,9335,REPORTS_TO
28005,9335,REPORTS_TO
28006,9335,REPORTS_TO
28007,9336,REPORTS_TO
28008,9336,REPORTS_TO
28009,9336,REPORTS_TO
28010,9337,REPORTS_TO
28011,9337,REPORTS_TO
28012,9337,REPORTS_TO
28013,9338,REPORTS_TO
28014,9338,REPORTS_TO
28015,9338,REPORTS_TO
28016,9339,REPORTS_TO
28017,9339,REPORTS_TO
28018,9339,REPORTS_TO
28019,9340,REPORTS_TO
28020,9340,REPORTS_TO
28021,9340,REPORTS_TO
28022,9341,REPORTS_TO
28023,9341,REPORTS_TO
28024,9341,REPORTS_TO
28025,9342,REPORTS_TO
28026,9342,REPORTS_TO
28027,9342,REPORTS_TO
28028,9343,REPORTS_TO
28029,9343,REPORTS_TO
28030,9343,REPORTS_TO
28031,9344,REPORTS_TO
28032,9344,REPORTS_TO
28033,9344,REPORTS_TO
28034,9345,REPORTS_TO
28035,9345,REPORTS_TO
28036,9345,REPORTS_TO
28037,9346,REPORTS_TO
28038,9346,REPORTS_TO
28039,9346,REPORTS_TO
28040,9347,REPORTS_TO
28041,9347,REPORTS_TO
28042,9347,REPORTS_TO
28043,9348,REPORTS_TO
28044,9348,REPORTS_TO
28045,9348,REPORTS_TO
28046,9349,REPORTS_TO
28047,9349,REPORTS_TO
28048,9349,REPORTS_TO
28049,9350,REPORTS_TO
28050,9350,REPORTS_TO
28051,9350,REPORTS_TO
28052,9351,REPORTS_TO
28053,9351,REPORTS_TO
28054,9351,REPORTS_TO
28055,9352,REPORTS_TO
28056,9352,REPORTS_TO
28057,9352,REPORTS_TO
28058,9353,REPORTS_TO
28059,9353,REPORTS_TO
28060,9353,REPORTS_TO
28061,9354,REPORTS_TO
28062,9354,REPORTS_TO
28063,9354,REPORTS_TO
28064,9355,REPORTS_TO
28065,9355,REPORTS_TO
28066,9355,REPORTS_TO
28067,9356,REPORTS_TO
28068,9356,REPORTS_TO
28069,9356,REPORTS_TO
28070,9357,REPORTS_TO
28071,9357,REPORTS_TO
28072,9357,REPORTS_TO
28073,9358,REPORTS_TO
28074,9358,REPORTS_TO
28075,9358,REPORTS_TO
28076,9359,REPORTS_TO
28077,9359,REPORTS_TO
28078,9359,REPORTS_TO
28079,9360,REPORTS_TO
28080,9360,REPORTS_TO
28081,9360,REPORTS_TO
28082,9361,REPORTS_TO
28083,9361,REPORTS_TO
28084,9361,REPORTS_TO
28085,9362,REPORTS_TO
28086,9362,REPORTS_TO
28087,9362,REPORTS_TO
28088,9363,REPORTS_TO
28089,9363,REPORTS_TO
28090,9363,REPORTS_TO
28091,9364,REPORTS_TO
28092,9364,REPORTS_TO
28093,9364,REPORTS_TO
28094,9365,REPORTS_TO
28095,9365,REPORTS_TO
28096,9365,REPORTS_TO
28097,9366,REPORTS_TO
28098,9366,REPORTS_TO
28099,9366,REPORTS_TO
28100,9367,REPORTS_TO
28101,9367,REPORTS_TO
28102,9367,REPORTS_TO
28103,9368,REPORTS_TO
28104,9368,REPORTS_TO
28105,9368,REPORTS_TO
28106,9369,REPORTS_TO
28107,9369,REPORTS_TO
28108,9369,REPORTS_TO
28109,9370,REPORTS_TO
28110,9370,REPORTS_TO
28111,9370,REPORTS_TO
28112,9371,REPORTS_TO
28113,9371,REPORTS_TO
28114,9371,REPORTS_TO
28115,9372,REPORTS_TO
28116,9372,REPORTS_TO
28117,9372,REPORTS_TO
28118,9373,REPORTS_TO
28119,9373,REPORTS_TO
28120,9373,REPORTS_TO
28121,9374,REPORTS_TO
28122,9374,REPORTS_TO
28123,9374,REPORTS_TO
28124,9375,REPORTS_TO
28125,9375,REPORTS_TO
28126,9375,REPORTS_TO
28127,9376,REPORTS_TO
28128,9376,REPORTS_TO
28129,9376,REPORTS_TO
28130,9377,REPORTS_TO
28131,9377,REPORTS_TO
28132,9377,REPORTS_TO
28133,9378,REPORTS_TO
28134,9378,REPORTS_TO
28135,9378,REPORTS_TO
28136,9379,REPORTS_TO
28137,9379,REPORTS_TO
28138,9379,REPORTS_TO
28139,9380,REPORTS_TO
28140,9380,REPORTS_TO
28141,9380,REPORTS_TO
28142,9381,REPORTS_TO
28143,9381,REPORTS_TO
28144,9381,REPORTS_TO
28145,9382,REPORTS_TO
28146,9382,REPORTS_TO
28147,9382,REPORTS_TO
28148,9383,REPORTS_TO
28149,9383,REPORTS_TO
28150,9383,REPORTS_TO
28151,9384,REPORTS_TO
28152,9384,REPORTS_TO
28153,9384,REPORTS_TO
28154,9385,REPORTS_TO
28155,9385,REPORTS_TO
28156,9385,REPORTS_TO
28157,9386,REPORTS_TO
28158,9386,REPORTS_TO
28159,9386,REPORTS_TO
28160,9387,REPORTS_TO
28161,9387,REPORTS_TO
28162,9387,REPORTS_TO
28163,9388,REPORTS_TO
28164,9388,REPORTS_TO
28165,9388,REPORTS_TO
28166,9389,REPORTS_TO
28167,9389,REPORTS_TO
28168,9389,REPORTS_TO
28169,9390,REPORTS_TO
28170,9390,REPORTS_TO
28171,9390,REPORTS_TO
28172,9391,REPORTS_TO
28173,9391,REPORTS_TO
28174,9391,REPORTS_TO
28175,9392,REPORTS_TO
28176,9392,REPORTS_TO
28177,9392,REPORTS_TO
28178,9393,REPORTS_TO
28179,9393,REPORTS_TO
28180,9393,REPORTS_TO
28181,9394,REPORTS_TO
28182,9394,REPORTS_TO
28183,9394,REPORTS_TO
28184,9395,REPORTS_TO
28185,9395,REPORTS_TO
28186,9395,REPORTS_TO
28187,9396,REPORTS_TO
28188,9396,REPORTS_TO
28189,9396,REPORTS_TO
28190,9397,REPORTS_TO
28191,9397,REPORTS_TO
28192,9397,REPORTS_TO
28193,9398,REPORTS_TO
28194,9398,REPORTS_TO
28195,9398,REPORTS_TO
28196,9399,REPORTS_TO
28197,9399,REPORTS_TO
28198,9399,REPORTS_TO
28199,9400,REPORTS_TO
28200,9400,REPORTS_TO
28201,9400,REPORTS_TO
28202,9401,REPORTS_TO
28203,9401,REPORTS_TO
28204,9401,REPORTS_TO
28205,9402,REPORTS_TO
28206,9402,REPORTS_TO
28207,9402,REPORTS_TO
28208,9403,REPORTS_TO
28209,9403,REPORTS_TO
28210,9403,REPORTS_TO
28211,9404,REPORTS_TO
28212,9404,REPORTS_TO
28213,9404,REPORTS_TO
28214,9405,REPORTS_TO
28215,9405,REPORTS_TO
28216,9405,REPORTS_TO
28217,9406,REPORTS_TO
28218,9406,REPORTS_TO
28219,9406,REPORTS_TO
28220,9407,REPORTS_TO
28221,9407,REPORTS_TO
28222,9407,REPORTS_TO
28223,9408,REPORTS_TO
28224,9408,REPORTS_TO
28225,9408,REPORTS_TO
28226,9409,REPORTS_TO
28227,9409,REPORTS_TO
28228,9409,REPORTS_TO
28229,9410,REPORTS_TO
28230,9410,REPORTS_TO
28231,9410,REPORTS_TO
28232,9411,REPORTS_TO
28233,9411,REPORTS_TO
28234,9411,REPORTS_TO
28235,9412,REPORTS_TO
28236,9412,REPORTS_TO
28237,9412,REPORTS_TO
28238,9413,REPORTS_TO
28239,9413,REPORTS_TO
28240,9413,REPORTS_TO
28241,9414,REPORTS_TO
28242,9414,REPORTS_TO
28243,9414,REPORTS_TO
28244,9415,REPORTS_TO
28245,9415,REPORTS_TO
28246,9415,REPORTS_TO
28247,9416,REPORTS_TO
28248,9416,REPORTS_TO
28249,9416,REPORTS_TO
28250,9417,REPORTS_TO
28251,9417,REPORTS_TO
28252,9417,REPORTS_TO
28253,9418,REPORTS_TO
28254,9418,REPORTS_TO
28255,9418,REPORTS_TO
28256,9419,REPORTS_TO
28257,9419,REPORTS_TO
28258,9419,REPORTS_TO
28259,9420,REPORTS_TO
28260,9420,REPORTS_TO
28261,9420,REPORTS_TO
28262,9421,REPORTS_TO
28263,9421,REPORTS_TO
28264,9421,REPORTS_TO
28265,9422,REPORTS_TO
28266,9422,REPORTS_TO
28267,9422,REPORTS_TO
28268,9423,REPORTS_TO
28269,9423,REPORTS_TO
28270,9423,REPORTS_TO
28271,9424,REPORTS_TO
28272,9424,REPORTS_TO
28273,9424,REPORTS_TO
28274,9425,REPORTS_TO
28275,9425,REPORTS_TO
28276,9425,REPORTS_TO
28277,9426,REPORTS_TO
28278,9426,REPORTS_TO
28279,9426,REPORTS_TO
28280,9427,REPORTS_TO
28281,9427,REPORTS_TO
28282,9427,REPORTS_TO
28283,9428,REPORTS_TO
28284,9428,REPORTS_TO
28285,9428,REPORTS_TO
28286,9429,REPORTS_TO
28287,9429,REPORTS_TO
28288,9429,REPORTS_TO
28289,9430,REPORTS_TO
28290,9430,REPORTS_TO
28291,9430,REPORTS_TO
28292,9431,REPORTS_TO
28293,9431,REPORTS_TO
28294,9431,REPORTS_TO
28295,9432,REPORTS_TO
28296,9432,REPORTS_TO
28297,9432,REPORTS_TO
28298,9433,REPORTS_TO
28299,9433,REPORTS_TO
28300,9433,REPORTS_TO
28301,9434,REPORTS_TO
28302,9434,REPORTS_TO
28303,9434,REPORTS_TO
28304,9435,REPORTS_TO
28305,9435,REPORTS_TO
28306,9435,REPORTS_TO
28307,9436,REPORTS_TO
28308,9436,REPORTS_TO
28309,9436,REPORTS_TO
28310,9437,REPORTS_TO
28311,9437,REPORTS_TO
28312,9437,REPORTS_TO
28313,9438,REPORTS_TO
28314,9438,REPORTS_TO
28315,9438,REPORTS_TO
28316,9439,REPORTS_TO
28317,9439,REPORTS_TO
28318,9439,REPORTS_TO
28319,9440,REPORTS_TO
28320,9440,REPORTS_TO
28321,9440,REPORTS_TO
28322,9441,REPORTS_TO
28323,9441,REPORTS_TO
28324,9441,REPORTS_TO
28325,9442,REPORTS_TO
28326,9442,REPORTS_TO
28327,9442,REPORTS_TO
28328,9443,REPORTS_TO
28329,9443,REPORTS_TO
28330,9443,REPORTS_TO
28331,9444,REPORTS_TO
28332,9444,REPORTS_TO
28333,9444,REPORTS_TO
28334,9445,REPORTS_TO
28335,9445,REPORTS_TO
28336,9445,REPORTS_TO
28337,9446,REPORTS_TO
28338,9446,REPORTS_TO
28339,9446,REPORTS_TO
28340,9447,REPORTS_TO
28341,9447,REPORTS_TO
28342,9447,REPORTS_TO
28343,9448,REPORTS_TO
28344,9448,REPORTS_TO
28345,9448,REPORTS_TO
28346,9449,REPORTS_TO
28347,9449,REPORTS_TO
28348,9449,REPORTS_TO
28349,9450,REPORTS_TO
28350,9450,REPORTS_TO
28351,9450,REPORTS_TO
28352,9451,REPORTS_TO
28353,9451,REPORTS_TO
28354,9451,REPORTS_TO
28355,9452,REPORTS_TO
28356,9452,REPORTS_TO
28357,9452,REPORTS_TO
28358,9453,REPORTS_TO
28359,9453,REPORTS_TO
28360,9453,REPORTS_TO
28361,9454,REPORTS_TO
28362,9454,REPORTS_TO
28363,9454,REPORTS_TO
28364,9455,REPORTS_TO
28365,9455,REPORTS_TO
28366,9455,REPORTS_TO
28367,9456,REPORTS_TO
28368,9456,REPORTS_TO
28369,9456,REPORTS_TO
28370,9457,REPORTS_TO
28371,9457,REPORTS_TO
28372,9457,REPORTS_TO
28373,9458,REPORTS_TO
28374,9458,REPORTS_TO
28375,9458,REPORTS_TO
28376,9459,REPORTS_TO
28377,9459,REPORTS_TO
28378,9459,REPORTS_TO
28379,9460,REPORTS_TO
28380,9460,REPORTS_TO
28381,9460,REPORTS_TO
28382,9461,REPORTS_TO
28383,9461,REPORTS_TO
28384,9461,REPORTS_TO
28385,9462,REPORTS_TO
28386,9462,REPORTS_TO
28387,9462,REPORTS_TO
28388,9463,REPORTS_TO
28389,9463,REPORTS_TO
28390,9463,REPORTS_TO
28391,9464,REPORTS_TO
28392,9464,REPORTS_TO
28393,9464,REPORTS_TO
28394,9465,REPORTS_TO
28395,9465,REPORTS_TO
28396,9465,REPORTS_TO
28397,9466,REPORTS_TO
28398,9466,REPORTS_TO
28399,9466,REPORTS_TO
28400,9467,REPORTS_TO
28401,9467,REPORTS_TO
28402,9467,REPORTS_TO
28403,9468,REPORTS_TO
28404,9468,REPORTS_TO
28405,9468,REPORTS_TO
28406,9469,REPORTS_TO
28407,9469,REPORTS_TO
28408,9469,REPORTS_TO
28409,9470,REPORTS_TO
28410,9470,REPORTS_TO
28411,9470,REPORTS_TO
28412,9471,REPORTS_TO
28413,9471,REPORTS_TO
28414,9471,REPORTS_TO
28415,9472,REPORTS_TO
28416,9472,REPORTS_TO
28417,9472,REPORTS_TO
28418,9473,REPORTS_TO
28419,9473,REPORTS_TO
28420,9473,REPORTS_TO
28421,9474,REPORTS_TO
28422,9474,REPORTS_TO
28423,9474,REPORTS_TO
28424,9475,REPORTS_TO
28425,9475,REPORTS_TO
28426,9475,REPORTS_TO
28427,9476,REPORTS_TO
28428,9476,REPORTS_TO
28429,9476,REPORTS_TO
28430,9477,REPORTS_TO
28431,9477,REPORTS_TO
28432,9477,REPORTS_TO
28433,9478,REPORTS_TO
28434,9478,REPORTS_TO
28435,9478,REPORTS_TO
28436,9479,REPORTS_TO
28437,9479,REPORTS_TO
28438,9479,REPORTS_TO
28439,9480,REPORTS_TO
28440,9480,REPORTS_TO
28441,9480,REPORTS_TO
28442,9481,REPORTS_TO
28443,9481,REPORTS_TO
28444,9481,REPORTS_TO
28445,9482,REPORTS_TO
28446,9482,REPORTS_TO
28447,9482,REPORTS_TO
28448,9483,REPORTS_TO
28449,9483,REPORTS_TO
28450,9483,REPORTS_TO
28451,9484,REPORTS_TO
28452,9484,REPORTS_TO
28453,9484,REPORTS_TO
28454,9485,REPORTS_TO
28455,9485,REPORTS_TO
28456,9485,REPORTS_TO
28457,9486,REPORTS_TO
28458,9486,REPORTS_TO
28459,9486,REPORTS_TO
28460,9487,REPORTS_TO
28461,9487,REPORTS_TO
28462,9487,REPORTS_TO
28463,9488,REPORTS_TO
28464,9488,REPORTS_TO
28465,9488,REPORTS_TO
28466,9489,REPORTS_TO
28467,9489,REPORTS_TO
28468,9489,REPORTS_TO
28469,9490,REPORTS_TO
28470,9490,REPORTS_TO
28471,9490,REPORTS_TO
28472,9491,REPORTS_TO
28473,9491,REPORTS_TO
28474,9491,REPORTS_TO
28475,9492,REPORTS_TO
28476,9492,REPORTS_TO
28477,9492,REPORTS_TO
28478,9493,REPORTS_TO
28479,9493,REPORTS_TO
28480,9493,REPORTS_TO
28481,9494,REPORTS_TO
28482,9494,REPORTS_TO
28483,9494,REPORTS_TO
28484,9495,REPORTS_TO
28485,9495,REPORTS_TO
28486,9495,REPORTS_TO
28487,9496,REPORTS_TO
28488,9496,REPORTS_TO
28489,9496,REPORTS_TO
28490,9497,REPORTS_TO
28491,9497,REPORTS_TO
28492,9497,REPORTS_TO
28493,9498,REPORTS_TO
28494,9498,REPORTS_TO
28495,9498,REPORTS_TO
28496,9499,REPORTS_TO
28497,9499,REPORTS_TO
28498,9499,REPORTS_TO
28499,9500,REPORTS_TO
28500,9500,REPORTS_TO
28501,9500,REPORTS_TO
28502,9501,REPORTS_TO
28503,9501,REPORTS_TO
28504,9501,REPORTS_TO
28505,9502,REPORTS_TO
28506,9502,REPORTS_TO
28507,9502,REPORTS_TO
28508,9503,REPORTS_TO
28509,9503,REPORTS_TO
28510,9503,REPORTS_TO
28511,9504,REPORTS_TO
28512,9504,REPORTS_TO
28513,9504,REPORTS_TO
28514,9505,REPORTS_TO
28515,9505,REPORTS_TO
28516,9505,REPORTS_TO
28517,9506,REPORTS_TO
28518,9506,REPORTS_TO
28519,9506,REPORTS_TO
28520,9507,REPORTS_TO
28521,9507,REPORTS_TO
28522,9507,REPORTS_TO
28523,9508,REPORTS_TO
28524,9508,REPORTS_TO
28525,9508,REPORTS_TO
28526,9509,REPORTS_TO
28527,9509,REPORTS_TO
28528,9509,REPORTS_TO
28529,9510,REPORTS_TO
28530,9510,REPORTS_TO
28531,9510,REPORTS_TO
28532,9511,REPORTS_TO
28533,9511,REPORTS_TO
28534,9511,REPORTS_TO
28535,9512,REPORTS_TO
28536,9512,REPORTS_TO
28537,9512,REPORTS_TO
28538,9513,REPORTS_TO
28539,9513,REPORTS_TO
28540,9513,REPORTS_TO
28541,9514,REPORTS_TO
28542,9514,REPORTS_TO
28543,9514,REPORTS_TO
28544,9515,REPORTS_TO
28545,9515,REPORTS_TO
28546,9515,REPORTS_TO
28547,9516,REPORTS_TO
28548,9516,REPORTS_TO
28549,9516,REPORTS_TO
28550,9517,REPORTS_TO
28551,9517,REPORTS_TO
28552,9517,REPORTS_TO
28553,9518,REPORTS_TO
28554,9518,REPORTS_TO
28555,9518,REPORTS_TO
28556,9519,REPORTS_TO
28557,9519,REPORTS_TO
28558,9519,REPORTS_TO
28559,9520,REPORTS_TO
28560,9520,REPORTS_TO
28561,9520,REPORTS_TO
28562,9521,REPORTS_TO
28563,9521,REPORTS_TO
28564,9521,REPORTS_TO
28565,9522,REPORTS_TO
28566,9522,REPORTS_TO
28567,9522,REPORTS_TO
28568,9523,REPORTS_TO
28569,9523,REPORTS_TO
28570,9523,REPORTS_TO
28571,9524,REPORTS_TO
28572,9524,REPORTS_TO
28573,9524,REPORTS_TO
28574,9525,REPORTS_TO
28575,9525,REPORTS_TO
28576,9525,REPORTS_TO
28577,9526,REPORTS_TO
28578,9526,REPORTS_TO
28579,9526,REPORTS_TO
28580,9527,REPORTS_TO
28581,9527,REPORTS_TO
28582,9527,REPORTS_TO
28583,9528,REPORTS_TO
28584,9528,REPORTS_TO
28585,9528,REPORTS_TO
28586,9529,REPORTS_TO
28587,9529,REPORTS_TO
28588,9529,REPORTS_TO
28589,9530,REPORTS_TO
28590,9530,REPORTS_TO
28591,9530,REPORTS_TO
28592,9531,REPORTS_TO
28593,9531,REPORTS_TO
28594,9531,REPORTS_TO
28595,9532,REPORTS_TO
28596,9532,REPORTS_TO
28597,9532,REPORTS_TO
28598,9533,REPORTS_TO
28599,9533,REPORTS_TO
28600,9533,REPORTS_TO
28601,9534,REPORTS_TO
28602,9534,REPORTS_TO
28603,9534,REPORTS_TO
28604,9535,REPORTS_TO
28605,9535,REPORTS_TO
28606,9535,REPORTS_TO
28607,9536,REPORTS_TO
28608,9536,REPORTS_TO
28609,9536,REPORTS_TO
28610,9537,REPORTS_TO
28611,9537,REPORTS_TO
28612,9537,REPORTS_TO
28613,9538,REPORTS_TO
28614,9538,REPORTS_TO
28615,9538,REPORTS_TO
28616,9539,REPORTS_TO
28617,9539,REPORTS_TO
28618,9539,REPORTS_TO
28619,9540,REPORTS_TO
28620,9540,REPORTS_TO
28621,9540,REPORTS_TO
28622,9541,REPORTS_TO
28623,9541,REPORTS_TO
28624,9541,REPORTS_TO
28625,9542,REPORTS_TO
28626,9542,REPORTS_TO
28627,9542,REPORTS_TO
28628,9543,REPORTS_TO
28629,9543,REPORTS_TO
28630,9543,REPORTS_TO
28631,9544,REPORTS_TO
28632,9544,REPORTS_TO
28633,9544,REPORTS_TO
28634,9545,REPORTS_TO
28635,9545,REPORTS_TO
28636,9545,REPORTS_TO
28637,9546,REPORTS_TO
28638,9546,REPORTS_TO
28639,9546,REPORTS_TO
28640,9547,REPORTS_TO
28641,9547,REPORTS_TO
28642,9547,REPORTS_TO
28643,9548,REPORTS_TO
28644,9548,REPORTS_TO
28645,9548,REPORTS_TO
28646,9549,REPORTS_TO
28647,9549,REPORTS_TO
28648,9549,REPORTS_TO
28649,9550,REPORTS_TO
28650,9550,REPORTS_TO
28651,9550,REPORTS_TO
28652,9551,REPORTS_TO
28653,9551,REPORTS_TO
28654,9551,REPORTS_TO
28655,9552,REPORTS_TO
28656,9552,REPORTS_TO
28657,9552,REPORTS_TO
28658,9553,REPORTS_TO
28659,9553,REPORTS_TO
28660,9553,REPORTS_TO
28661,9554,REPORTS_TO
28662,9554,REPORTS_TO
28663,9554,REPORTS_TO
28664,9555,REPORTS_TO
28665,9555,REPORTS_TO
28666,9555,REPORTS_TO
28667,9556,REPORTS_TO
28668,9556,REPORTS_TO
28669,9556,REPORTS_TO
28670,9557,REPORTS_TO
28671,9557,REPORTS_TO
28672,9557,REPORTS_TO
28673,9558,REPORTS_TO
28674,9558,REPORTS_TO
28675,9558,REPORTS_TO
28676,9559,REPORTS_TO
28677,9559,REPORTS_TO
28678,9559,REPORTS_TO
28679,9560,REPORTS_TO
28680,9560,REPORTS_TO
28681,9560,REPORTS_TO
28682,9561,REPORTS_TO
28683,9561,REPORTS_TO
28684,9561,REPORTS_TO
28685,9562,REPORTS_TO
28686,9562,REPORTS_TO
28687,9562,REPORTS_TO
28688,9563,REPORTS_TO
28689,9563,REPORTS_TO
28690,9563,REPORTS_TO
28691,9564,REPORTS_TO
28692,9564,REPORTS_TO
28693,9564,REPORTS_TO
28694,9565,REPORTS_TO
28695,9565,REPORTS_TO
28696,9565,REPORTS_TO
28697,9566,REPORTS_TO
28698,9566,REPORTS_TO
28699,9566,REPORTS_TO
28700,9567,REPORTS_TO
28701,9567,REPORTS_TO
28702,9567,REPORTS_TO
28703,9568,REPORTS_TO
28704,9568,REPORTS_TO
28705,9568,REPORTS_TO
28706,9569,REPORTS_TO
28707,9569,REPORTS_TO
28708,9569,REPORTS_TO
28709,9570,REPORTS_TO
28710,9570,REPORTS_TO
28711,9570,REPORTS_TO
28712,9571,REPORTS_TO
28713,9571,REPORTS_TO
28714,9571,REPORTS_TO
28715,9572,REPORTS_TO
28716,9572,REPORTS_TO
28717,9572,REPORTS_TO
28718,9573,REPORTS_TO
28719,9573,REPORTS_TO
28720,9573,REPORTS_TO
28721,9574,REPORTS_TO
28722,9574,REPORTS_TO
28723,9574,REPORTS_TO
28724,9575,REPORTS_TO
28725,9575,REPORTS_TO
28726,9575,REPORTS_TO
28727,9576,REPORTS_TO
28728,9576,REPORTS_TO
28729,9576,REPORTS_TO
28730,9577,REPORTS_TO
28731,9577,REPORTS_TO
28732,9577,REPORTS_TO
28733,9578,REPORTS_TO
28734,9578,REPORTS_TO
28735,9578,REPORTS_TO
28736,9579,REPORTS_TO
28737,9579,REPORTS_TO
28738,9579,REPORTS_TO
28739,9580,REPORTS_TO
28740,9580,REPORTS_TO
28741,9580,REPORTS_TO
28742,9581,REPORTS_TO
28743,9581,REPORTS_TO
28744,9581,REPORTS_TO
28745,9582,REPORTS_TO
28746,9582,REPORTS_TO
28747,9582,REPORTS_TO
28748,9583,REPORTS_TO
28749,9583,REPORTS_TO
28750,9583,REPORTS_TO
28751,9584,REPORTS_TO
28752,9584,REPORTS_TO
28753,9584,REPORTS_TO
28754,9585,REPORTS_TO
28755,9585,REPORTS_TO
28756,9585,REPORTS_TO
28757,9586,REPORTS_TO
28758,9586,REPORTS_TO
28759,9586,REPORTS_TO
28760,9587,REPORTS_TO
28761,9587,REPORTS_TO
28762,9587,REPORTS_TO
28763,9588,REPORTS_TO
28764,9588,REPORTS_TO
28765,9588,REPORTS_TO
28766,9589,REPORTS_TO
28767,9589,REPORTS_TO
28768,9589,REPORTS_TO
28769,9590,REPORTS_TO
28770,9590,REPORTS_TO
28771,9590,REPORTS_TO
28772,9591,REPORTS_TO
28773,9591,REPORTS_TO
28774,9591,REPORTS_TO
28775,9592,REPORTS_TO
28776,9592,REPORTS_TO
28777,9592,REPORTS_TO
28778,9593,REPORTS_TO
28779,9593,REPORTS_TO
28780,9593,REPORTS_TO
28781,9594,REPORTS_TO
28782,9594,REPORTS_TO
28783,9594,REPORTS_TO
28784,9595,REPORTS_TO
28785,9595,REPORTS_TO
28786,9595,REPORTS_TO
28787,9596,REPORTS_TO
28788,9596,REPORTS_TO
28789,9596,REPORTS_TO
28790,9597,REPORTS_TO
28791,9597,REPORTS_TO
28792,9597,REPORTS_TO
28793,9598,REPORTS_TO
28794,9598,REPORTS_TO
28795,9598,REPORTS_TO
28796,9599,REPORTS_TO
28797,9599,REPORTS_TO
28798,9599,REPORTS_TO
28799,9600,REPORTS_TO
28800,9600,REPORTS_TO
28801,9600,REPORTS_TO
28802,9601,REPORTS_TO
28803,9601,REPORTS_TO
28804,9601,REPORTS_TO
28805,9602,REPORTS_TO
28806,9602,REPORTS_TO
28807,9602,REPORTS_TO
28808,9603,REPORTS_TO
28809,9603,REPORTS_TO
28810,9603,REPORTS_TO
28811,9604,REPORTS_TO
28812,9604,REPORTS_TO
28813,9604,REPORTS_TO
28814,9605,REPORTS_TO
28815,9605,REPORTS_TO
28816,9605,REPORTS_TO
28817,9606,REPORTS_TO
28818,9606,REPORTS_TO
28819,9606,REPORTS_TO
28820,9607,REPORTS_TO
28821,9607,REPORTS_TO
28822,9607,REPORTS_TO
28823,9608,REPORTS_TO
28824,9608,REPORTS_TO
28825,9608,REPORTS_TO
28826,9609,REPORTS_TO
28827,9609,REPORTS_TO
28828,9609,REPORTS_TO
28829,9610,REPORTS_TO
28830,9610,REPORTS_TO
28831,9610,REPORTS_TO
28832,9611,REPORTS_TO
28833,9611,REPORTS_TO
28834,9611,REPORTS_TO
28835,9612,REPORTS_TO
28836,9612,REPORTS_TO
28837,9612,REPORTS_TO
28838,9613,REPORTS_TO
28839,9613,REPORTS_TO
28840,9613,REPORTS_TO
28841,9614,REPORTS_TO
28842,9614,REPORTS_TO
28843,9614,REPORTS_TO
28844,9615,REPORTS_TO
28845,9615,REPORTS_TO
28846,9615,REPORTS_TO
28847,9616,REPORTS_TO
28848,9616,REPORTS_TO
28849,9616,REPORTS_TO
28850,9617,REPORTS_TO
28851,9617,REPORTS_TO
28852,9617,REPORTS_TO
28853,9618,REPORTS_TO
28854,9618,REPORTS_TO
28855,9618,REPORTS_TO
28856,9619,REPORTS_TO
28857,9619,REPORTS_TO
28858,9619,REPORTS_TO
28859,9620,REPORTS_TO
28860,9620,REPORTS_TO
28861,9620,REPORTS_TO
28862,9621,REPORTS_TO
28863,9621,REPORTS_TO
28864,9621,REPORTS_TO
28865,9622,REPORTS_TO
28866,9622,REPORTS_TO
28867,9622,REPORTS_TO
28868,9623,REPORTS_TO
28869,9623,REPORTS_TO
28870,9623,REPORTS_TO
28871,9624,REPORTS_TO
28872,9624,REPORTS_TO
28873,9624,REPORTS_TO
28874,9625,REPORTS_TO
28875,9625,REPORTS_TO
28876,9625,REPORTS_TO
28877,9626,REPORTS_TO
28878,9626,REPORTS_TO
28879,9626,REPORTS_TO
28880,9627,REPORTS_TO
28881,9627,REPORTS_TO
28882,9627,REPORTS_TO
28883,9628,REPORTS_TO
28884,9628,REPORTS_TO
28885,9628,REPORTS_TO
28886,9629,REPORTS_TO
28887,9629,REPORTS_TO
28888,9629,REPORTS_TO
28889,9630,REPORTS_TO
28890,9630,REPORTS_TO
28891,9630,REPORTS_TO
28892,9631,REPORTS_TO
28893,9631,REPORTS_TO
28894,9631,REPORTS_TO
28895,9632,REPORTS_TO
28896,9632,REPORTS_TO
28897,9632,REPORTS_TO
28898,9633,REPORTS_TO
28899,9633,REPORTS_TO
28900,9633,REPORTS_TO
28901,9634,REPORTS_TO
28902,9634,REPORTS_TO
28903,9634,REPORTS_TO
28904,9635,REPORTS_TO
28905,9635,REPORTS_TO
28906,9635,REPORTS_TO
28907,9636,REPORTS_TO
28908,9636,REPORTS_TO
28909,9636,REPORTS_TO
28910,9637,REPORTS_TO
28911,9637,REPORTS_TO
28912,9637,REPORTS_TO
28913,9638,REPORTS_TO
28914,9638,REPORTS_TO
28915,9638,REPORTS_TO
28916,9639,REPORTS_TO
28917,9639,REPORTS_TO
28918,9639,REPORTS_TO
28919,9640,REPORTS_TO
28920,9640,REPORTS_TO
28921,9640,REPORTS_TO
28922,9641,REPORTS_TO
28923,9641,REPORTS_TO
28924,9641,REPORTS_TO
28925,9642,REPORTS_TO
28926,9642,REPORTS_TO
28927,9642,REPORTS_TO
28928,9643,REPORTS_TO
28929,9643,REPORTS_TO
28930,9643,REPORTS_TO
28931,9644,REPORTS_TO
28932,9644,REPORTS_TO
28933,9644,REPORTS_TO
28934,9645,REPORTS_TO
28935,9645,REPORTS_TO
28936,9645,REPORTS_TO
28937,9646,REPORTS_TO
28938,9646,REPORTS_TO
28939,9646,REPORTS_TO
28940,9647,REPORTS_TO
28941,9647,REPORTS_TO
28942,9647,REPORTS_TO
28943,9648,REPORTS_TO
28944,9648,REPORTS_TO
28945,9648,REPORTS_TO
28946,9649,REPORTS_TO
28947,9649,REPORTS_TO
28948,9649,REPORTS_TO
28949,9650,REPORTS_TO
28950,9650,REPORTS_TO
28951,9650,REPORTS_TO
28952,9651,REPORTS_TO
28953,9651,REPORTS_TO
28954,9651,REPORTS_TO
28955,9652,REPORTS_TO
28956,9652,REPORTS_TO
28957,9652,REPORTS_TO
28958,9653,REPORTS_TO
28959,9653,REPORTS_TO
28960,9653,REPORTS_TO
28961,9654,REPORTS_TO
28962,9654,REPORTS_TO
28963,9654,REPORTS_TO
28964,9655,REPORTS_TO
28965,9655,REPORTS_TO
28966,9655,REPORTS_TO
28967,9656,REPORTS_TO
28968,9656,REPORTS_TO
28969,9656,REPORTS_TO
28970,9657,REPORTS_TO
28971,9657,REPORTS_TO
28972,9657,REPORTS_TO
28973,9658,REPORTS_TO
28974,9658,REPORTS_TO
28975,9658,REPORTS_TO
28976,9659,REPORTS_TO
28977,9659,REPORTS_TO
28978,9659,REPORTS_TO
28979,9660,REPORTS_TO
28980,9660,REPORTS_TO
28981,9660,REPORTS_TO
28982,9661,REPORTS_TO
28983,9661,REPORTS_TO
28984,9661,REPORTS_TO
28985,9662,REPORTS_TO
28986,9662,REPORTS_TO
28987,9662,REPORTS_TO
28988,9663,REPORTS_TO
28989,9663,REPORTS_TO
28990,9663,REPORTS_TO
28991,9664,REPORTS_TO
28992,9664,REPORTS_TO
28993,9664,REPORTS_TO
28994,9665,REPORTS_TO
28995,9665,REPORTS_TO
28996,9665,REPORTS_TO
28997,9666,REPORTS_TO
28998,9666,REPORTS_TO
28999,9666,REPORTS_TO
29000,9667,REPORTS_TO
29001,9667,REPORTS_TO
29002,9667,REPORTS_TO
29003,9668,REPORTS_TO
29004,9668,REPORTS_TO
29005,9668,REPORTS_TO
29006,9669,REPORTS_TO
29007,9669,REPORTS_TO
29008,9669,REPORTS_TO
29009,9670,REPORTS_TO
29010,9670,REPORTS_TO
29011,9670,REPORTS_TO
29012,9671,REPORTS_TO
29013,9671,REPORTS_TO
29014,9671,REPORTS_TO
29015,9672,REPORTS_TO
29016,9672,REPORTS_TO
29017,9672,REPORTS_TO
29018,9673,REPORTS_TO
29019,9673,REPORTS_TO
29020,9673,REPORTS_TO
29021,9674,REPORTS_TO
29022,9674,REPORTS_TO
29023,9674,REPORTS_TO
29024,9675,REPORTS_TO
29025,9675,REPORTS_TO
29026,9675,REPORTS_TO
29027,9676,REPORTS_TO
29028,9676,REPORTS_TO
29029,9676,REPORTS_TO
29030,9677,REPORTS_TO
29031,9677,REPORTS_TO
29032,9677,REPORTS_TO
29033,9678,REPORTS_TO
29034,9678,REPORTS_TO
29035,9678,REPORTS_TO
29036,9679,REPORTS_TO
29037,9679,REPORTS_TO
29038,9679,REPORTS_TO
29039,9680,REPORTS_TO
29040,9680,REPORTS_TO
29041,9680,REPORTS_TO
29042,9681,REPORTS_TO
29043,9681,REPORTS_TO
29044,9681,REPORTS_TO
29045,9682,REPORTS_TO
29046,9682,REPORTS_TO
29047,9682,REPORTS_TO
29048,9683,REPORTS_TO
29049,9683,REPORTS_TO
29050,9683,REPORTS_TO
29051,9684,REPORTS_TO
29052,9684,REPORTS_TO
29053,9684,REPORTS_TO
29054,9685,REPORTS_TO
29055,9685,REPORTS_TO
29056,9685,REPORTS_TO
29057,9686,REPORTS_TO
29058,9686,REPORTS_TO
29059,9686,REPORTS_TO
29060,9687,REPORTS_TO
29061,9687,REPORTS_TO
29062,9687,REPORTS_TO
29063,9688,REPORTS_TO
29064,9688,REPORTS_TO
29065,9688,REPORTS_TO
29066,9689,REPORTS_TO
29067,9689,REPORTS_TO
29068,9689,REPORTS_TO
29069,9690,REPORTS_TO
29070,9690,REPORTS_TO
29071,9690,REPORTS_TO
29072,9691,REPORTS_TO
29073,9691,REPORTS_TO
29074,9691,REPORTS_TO
29075,9692,REPORTS_TO
29076,9692,REPORTS_TO
29077,9692,REPORTS_TO
29078,9693,REPORTS_TO
29079,9693,REPORTS_TO
29080,9693,REPORTS_TO
29081,9694,REPORTS_TO
29082,9694,REPORTS_TO
29083,9694,REPORTS_TO
29084,9695,REPORTS_TO
29085,9695,REPORTS_TO
29086,9695,REPORTS_TO
29087,9696,REPORTS_TO
29088,9696,REPORTS_TO
29089,9696,REPORTS_TO
29090,9697,REPORTS_TO
29091,9697,REPORTS_TO
29092,9697,REPORTS_TO
29093,9698,REPORTS_TO
29094,9698,REPORTS_TO
29095,9698,REPORTS_TO
29096,9699,REPORTS_TO
29097,9699,REPORTS_TO
29098,9699,REPORTS_TO
29099,9700,REPORTS_TO
29100,9700,REPORTS_TO
29101,9700,REPORTS_TO
29102,9701,REPORTS_TO
29103,9701,REPORTS_TO
29104,9701,REPORTS_TO
29105,9702,REPORTS_TO
29106,9702,REPORTS_TO
29107,9702,REPORTS_TO
29108,9703,REPORTS_TO
29109,9703,REPORTS_TO
29110,9703,REPORTS_TO
29111,9704,REPORTS_TO
29112,9704,REPORTS_TO
29113,9704,REPORTS_TO
29114,9705,REPORTS_TO
29115,9705,REPORTS_TO
29116,9705,REPORTS_TO
29117,9706,REPORTS_TO
29118,9706,REPORTS_TO
29119,9706,REPORTS_TO
29120,9707,REPORTS_TO
29121,9707,REPORTS_TO
29122,9707,REPORTS_TO
29123,9708,REPORTS_TO
29124,9708,REPORTS_TO
29125,9708,REPORTS_TO
29126,9709,REPORTS_TO
29127,9709,REPORTS_TO
29128,9709,REPORTS_TO
29129,9710,REPORTS_TO
29130,9710,REPORTS_TO
29131,9710,REPORTS_TO
29132,9711,REPORTS_TO
29133,9711,REPORTS_TO
29134,9711,REPORTS_TO
29135,9712,REPORTS_TO
29136,9712,REPORTS_TO
29137,9712,REPORTS_TO
29138,9713,REPORTS_TO
29139,9713,REPORTS_TO
29140,9713,REPORTS_TO
29141,9714,REPORTS_TO
29142,9714,REPORTS_TO
29143,9714,REPORTS_TO
29144,9715,REPORTS_TO
29145,9715,REPORTS_TO
29146,9715,REPORTS_TO
29147,9716,REPORTS_TO
29148,9716,REPORTS_TO
29149,9716,REPORTS_TO
29150,9717,REPORTS_TO
29151,9717,REPORTS_TO
29152,9717,REPORTS_TO
29153,9718,REPORTS_TO
29154,9718,REPORTS_TO
29155,9718,REPORTS_TO
29156,9719,REPORTS_TO
29157,9719,REPORTS_TO
29158,9719,REPORTS_TO
29159,9720,REPORTS_TO
29160,9720,REPORTS_TO
29161,9720,REPORTS_TO
29162,9721,REPORTS_TO
29163,9721,REPORTS_TO
29164,9721,REPORTS_TO
29165,9722,REPORTS_TO
29166,9722,REPORTS_TO
29167,9722,REPORTS_TO
29168,9723,REPORTS_TO
29169,9723,REPORTS_TO
29170,9723,REPORTS_TO
29171,9724,REPORTS_TO
29172,9724,REPORTS_TO
29173,9724,REPORTS_TO
29174,9725,REPORTS_TO
29175,9725,REPORTS_TO
29176,9725,REPORTS_TO
29177,9726,REPORTS_TO
29178,9726,REPORTS_TO
29179,9726,REPORTS_TO
29180,9727,REPORTS_TO
29181,9727,REPORTS_TO
29182,9727,REPORTS_TO
29183,9728,REPORTS_TO
29184,9728,REPORTS_TO
29185,9728,REPORTS_TO
29186,9729,REPORTS_TO
29187,9729,REPORTS_TO
29188,9729,REPORTS_TO
29189,9730,REPORTS_TO
29190,9730,REPORTS_TO
29191,9730,REPORTS_TO
29192,9731,REPORTS_TO
29193,9731,REPORTS_TO
29194,9731,REPORTS_TO
29195,9732,REPORTS_TO
29196,9732,REPORTS_TO
29197,9732,REPORTS_TO
29198,9733,REPORTS_TO
29199,9733,REPORTS_TO
29200,9733,REPORTS_TO
29201,9734,REPORTS_TO
29202,9734,REPORTS_TO
29203,9734,REPORTS_TO
29204,9735,REPORTS_TO
29205,9735,REPORTS_TO
29206,9735,REPORTS_TO
29207,9736,REPORTS_TO
29208,9736,REPORTS_TO
29209,9736,REPORTS_TO
29210,9737,REPORTS_TO
29211,9737,REPORTS_TO
29212,9737,REPORTS_TO
29213,9738,REPORTS_TO
29214,9738,REPORTS_TO
29215,9738,REPORTS_TO
29216,9739,REPORTS_TO
29217,9739,REPORTS_TO
29218,9739,REPORTS_TO
29219,9740,REPORTS_TO
29220,9740,REPORTS_TO
29221,9740,REPORTS_TO
29222,9741,REPORTS_TO
29223,9741,REPORTS_TO
29224,9741,REPORTS_TO
29225,9742,REPORTS_TO
29226,9742,REPORTS_TO
29227,9742,REPORTS_TO
29228,9743,REPORTS_TO
29229,9743,REPORTS_TO
29230,9743,REPORTS_TO
29231,9744,REPORTS_TO
29232,9744,REPORTS_TO
29233,9744,REPORTS_TO
29234,9745,REPORTS_TO
29235,9745,REPORTS_TO
29236,9745,REPORTS_TO
29237,9746,REPORTS_TO
29238,9746,REPORTS_TO
29239,9746,REPORTS_TO
29240,9747,REPORTS_TO
29241,9747,REPORTS_TO
29242,9747,REPORTS_TO
29243,9748,REPORTS_TO
29244,9748,REPORTS_TO
29245,9748,REPORTS_TO
29246,9749,REPORTS_TO
29247,9749,REPORTS_TO
29248,9749,REPORTS_TO
29249,9750,REPORTS_TO
29250,9750,REPORTS_TO
29251,9750,REPORTS_TO
29252,9751,REPORTS_TO
29253,9751,REPORTS_TO
29254,9751,REPORTS_TO
29255,9752,REPORTS_TO
29256,9752,REPORTS_TO
29257,9752,REPORTS_TO
29258,9753,REPORTS_TO
29259,9753,REPORTS_TO
29260,9753,REPORTS_TO
29261,9754,REPORTS_TO
29262,9754,REPORTS_TO
29263,9754,REPORTS_TO
29264,9755,REPORTS_TO
29265,9755,REPORTS_TO
29266,9755,REPORTS_TO
29267,9756,REPORTS_TO
29268,9756,REPORTS_TO
29269,9756,REPORTS_TO
29270,9757,REPORTS_TO
29271,9757,REPORTS_TO
29272,9757,REPORTS_TO
29273,9758,REPORTS_TO
29274,9758,REPORTS_TO
29275,9758,REPORTS_TO
29276,9759,REPORTS_TO
29277,9759,REPORTS_TO
29278,9759,REPORTS_TO
29279,9760,REPORTS_TO
29280,9760,REPORTS_TO
29281,9760,REPORTS_TO
29282,9761,REPORTS_TO
29283,9761,REPORTS_TO
29284,9761,REPORTS_TO
29285,9762,REPORTS_TO
29286,9762,REPORTS_TO
29287,9762,REPORTS_TO
29288,9763,REPORTS_TO
29289,9763,REPORTS_TO
29290,9763,REPORTS_TO
29291,9764,REPORTS_TO
29292,9764,REPORTS_TO
29293,9764,REPORTS_TO
29294,9765,REPORTS_TO
29295,9765,REPORTS_TO
29296,9765,REPORTS_TO
29297,9766,REPORTS_TO
29298,9766,REPORTS_TO
29299,9766,REPORTS_TO
29300,9767,REPORTS_TO
29301,9767,REPORTS_TO
29302,9767,REPORTS_TO
29303,9768,REPORTS_TO
29304,9768,REPORTS_TO
29305,9768,REPORTS_TO
29306,9769,REPORTS_TO
29307,9769,REPORTS_TO
29308,9769,REPORTS_TO
29309,9770,REPORTS_TO
29310,9770,REPORTS_TO
29311,9770,REPORTS_TO
29312,9771,REPORTS_TO
29313,9771,REPORTS_TO
29314,9771,REPORTS_TO
29315,9772,REPORTS_TO
29316,9772,REPORTS_TO
29317,9772,REPORTS_TO
29318,9773,REPORTS_TO
29319,9773,REPORTS_TO
29320,9773,REPORTS_TO
29321,9774,REPORTS_TO
29322,9774,REPORTS_TO
29323,9774,REPORTS_TO
29324,9775,REPORTS_TO
29325,9775,REPORTS_TO
29326,9775,REPORTS_TO
29327,9776,REPORTS_TO
29328,9776,REPORTS_TO
29329,9776,REPORTS_TO
29330,9777,REPORTS_TO
29331,9777,REPORTS_TO
29332,9777,REPORTS_TO
29333,9778,REPORTS_TO
29334,9778,REPORTS_TO
29335,9778,REPORTS_TO
29336,9779,REPORTS_TO
29337,9779,REPORTS_TO
29338,9779,REPORTS_TO
29339,9780,REPORTS_TO
29340,9780,REPORTS_TO
29341,9780,REPORTS_TO
29342,9781,REPORTS_TO
29343,9781,REPORTS_TO
29344,9781,REPORTS_TO
29345,9782,REPORTS_TO
29346,9782,REPORTS_TO
29347,9782,REPORTS_TO
29348,9783,REPORTS_TO
29349,9783,REPORTS_TO
29350,9783,REPORTS_TO
29351,9784,REPORTS_TO
29352,9784,REPORTS_TO
29353,9784,REPORTS_TO
29354,9785,REPORTS_TO
29355,9785,REPORTS_TO
29356,9785,REPORTS_TO
29357,9786,REPORTS_TO
29358,9786,REPORTS_TO
29359,9786,REPORTS_TO
29360,9787,REPORTS_TO
29361,9787,REPORTS_TO
29362,9787,REPORTS_TO
29363,9788,REPORTS_TO
29364,9788,REPORTS_TO
29365,9788,REPORTS_TO
29366,9789,REPORTS_TO
29367,9789,REPORTS_TO
29368,9789,REPORTS_TO
29369,9790,REPORTS_TO
29370,9790,REPORTS_TO
29371,9790,REPORTS_TO
29372,9791,REPORTS_TO
29373,9791,REPORTS_TO
29374,9791,REPORTS_TO
29375,9792,REPORTS_TO
29376,9792,REPORTS_TO
29377,9792,REPORTS_TO
29378,9793,REPORTS_TO
29379,9793,REPORTS_TO
29380,9793,REPORTS_TO
29381,9794,REPORTS_TO
29382,9794,REPORTS_TO
29383,9794,REPORTS_TO
29384,9795,REPORTS_TO
29385,9795,REPORTS_TO
29386,9795,REPORTS_TO
29387,9796,REPORTS_TO
29388,9796,REPORTS_TO
29389,9796,REPORTS_TO
29390,9797,REPORTS_TO
29391,9797,REPORTS_TO
29392,9797,REPORTS_TO
29393,9798,REPORTS_TO
29394,9798,REPORTS_TO
29395,9798,REPORTS_TO
29396,9799,REPORTS_TO
29397,9799,REPORTS_TO
29398,9799,REPORTS_TO
29399,9800,REPORTS_TO
29400,9800,REPORTS_TO
29401,9800,REPORTS_TO
29402,9801,REPORTS_TO
29403,9801,REPORTS_TO
29404,9801,REPORTS_TO
29405,9802,REPORTS_TO
29406,9802,REPORTS_TO
29407,9802,REPORTS_TO
29408,9803,REPORTS_TO
29409,9803,REPORTS_TO
29410,9803,REPORTS_TO
29411,9804,REPORTS_TO
29412,9804,REPORTS_TO
29413,9804,REPORTS_TO
29414,9805,REPORTS_TO
29415,9805,REPORTS_TO
29416,9805,REPORTS_TO
29417,9806,REPORTS_TO
29418,9806,REPORTS_TO
29419,9806,REPORTS_TO
29420,9807,REPORTS_TO
29421,9807,REPORTS_TO
29422,9807,REPORTS_TO
29423,9808,REPORTS_TO
29424,9808,REPORTS_TO
29425,9808,REPORTS_TO
29426,9809,REPORTS_TO
29427,9809,REPORTS_TO
29428,9809,REPORTS_TO
29429,9810,REPORTS_TO
29430,9810,REPORTS_TO
29431,9810,REPORTS_TO
29432,9811,REPORTS_TO
29433,9811,REPORTS_TO
29434,9811,REPORTS_TO
29435,9812,REPORTS_TO
29436,9812,REPORTS_TO
29437,9812,REPORTS_TO
29438,9813,REPORTS_TO
29439,9813,REPORTS_TO
29440,9813,REPORTS_TO
29441,9814,REPORTS_TO
29442,9814,REPORTS_TO
29443,9814,REPORTS_TO
29444,9815,REPORTS_TO
29445,9815,REPORTS_TO
29446,9815,REPORTS_TO
29447,9816,REPORTS_TO
29448,9816,REPORTS_TO
29449,9816,REPORTS_TO
29450,9817,REPORTS_TO
29451,9817,REPORTS_TO
29452,9817,REPORTS_TO
29453,9818,REPORTS_TO
29454,9818,REPORTS_TO
29455,9818,REPORTS_TO
29456,9819,REPORTS_TO
29457,9819,REPORTS_TO
29458,9819,REPORTS_TO
29459,9820,REPORTS_TO
29460,9820,REPORTS_TO
29461,9820,REPORTS_TO
29462,9821,REPORTS_TO
29463,9821,REPORTS_TO
29464,9821,REPORTS_TO
29465,9822,REPORTS_TO
29466,9822,REPORTS_TO
29467,9822,REPORTS_TO
29468,9823,REPORTS_TO
29469,9823,REPORTS_TO
29470,9823,REPORTS_TO
29471,9824,REPORTS_TO
29472,9824,REPORTS_TO
29473,9824,REPORTS_TO
29474,9825,REPORTS_TO
29475,9825,REPORTS_TO
29476,9825,REPORTS_TO
29477,9826,REPORTS_TO
29478,9826,REPORTS_TO
29479,9826,REPORTS_TO
29480,9827,REPORTS_TO
29481,9827,REPORTS_TO
29482,9827,REPORTS_TO
29483,9828,REPORTS_TO
29484,9828,REPORTS_TO
29485,9828,REPORTS_TO
29486,9829,REPORTS_TO
29487,9829,REPORTS_TO
29488,9829,REPORTS_TO
29489,9830,REPORTS_TO
29490,9830,REPORTS_TO
29491,9830,REPORTS_TO
29492,9831,REPORTS_TO
29493,9831,REPORTS_TO
29494,9831,REPORTS_TO
29495,9832,REPORTS_TO
29496,9832,REPORTS_TO
29497,9832,REPORTS_TO
29498,9833,REPORTS_TO
29499,9833,REPORTS_TO
29500,9833,REPORTS_TO
29501,9834,REPORTS_TO
29502,9834,REPORTS_TO
29503,9834,REPORTS_TO
29504,9835,REPORTS_TO
29505,9835,REPORTS_TO
29506,9835,REPORTS_TO
29507,9836,REPORTS_TO
29508,9836,REPORTS_TO
29509,9836,REPORTS_TO
29510,9837,REPORTS_TO
29511,9837,REPORTS_TO
29512,9837,REPORTS_TO
29513,9838,REPORTS_TO
29514,9838,REPORTS_TO
29515,9838,REPORTS_TO
29516,9839,REPORTS_TO
29517,9839,REPORTS_TO
29518,9839,REPORTS_TO
29519,9840,REPORTS_TO
29520,9840,REPORTS_TO
29521,9840,REPORTS_TO
29522,9841,REPORTS_TO
29523,9841,REPORTS_TO
29524,9841,REPORTS_TO
