id,name,role,parent_id
1,Alice_1,CEO,
2,Bob_2,Vice President,1
3,Carol_3,Vice President,1
4,Dave_4,Vice President,1
5,Eve_5,Director,2
6,Frank_6,Director,2
7,Grace_7,Director,2
8,Hank_8,Director,3
9,Iris_9,Director,3
10,Jack_10,Director,3
11,Karen_11,Director,4
12,Leo_12,Director,4
13,Maya_13,Director,4
14,Nate_14,Senior Manager,5
15,Olivia_15,Senior Manager,5
16,Paul_16,Senior Manager,5
17,Quinn_17,Senior Manager,6
18,Rose_18,Senior Manager,6
19,Sam_19,Senior Manager,6
20,Tina_20,Senior Manager,7
21,Uma_21,Senior Manager,7
22,Victor_22,Senior Manager,7
23,Wendy_23,Senior Manager,8
24,Xander_24,Senior Manager,8
25,Yara_25,Senior Manager,8
26,Zack_26,Senior Manager,9
27,Ava_27,Senior Manager,9
28,Ben_28,Senior Manager,9
29,Chloe_29,Senior Manager,10
30,Dylan_30,Senior Manager,10
31,Ella_31,Senior Manager,10
32,Finn_32,Senior Manager,11
33,Alice_33,Senior Manager,11
34,Bob_34,Senior Manager,11
35,Carol_35,Senior Manager,12
36,Dave_36,Senior Manager,12
37,Eve_37,Senior Manager,12
38,Frank_38,Senior Manager,13
39,Grace_39,Senior Manager,13
40,Hank_40,Senior Manager,13
41,Iris_41,Manager,14
42,Jack_42,Manager,14
43,Karen_43,Manager,14
44,Leo_44,Manager,15
45,Maya_45,Manager,15
46,Nate_46,Manager,15
47,Olivia_47,Manager,16
48,Paul_48,Manager,16
49,Quinn_49,Manager,16
50,Rose_50,Manager,17
51,Sam_51,Manager,17
52,Tina_52,Manager,17
53,Uma_53,Manager,18
54,Victor_54,Manager,18
55,Wendy_55,Manager,18
56,Xander_56,Manager,19
57,Yara_57,Manager,19
58,Zack_58,Manager,19
59,Ava_59,Manager,20
60,Ben_60,Manager,20
61,Chloe_61,Manager,20
62,Dylan_62,Manager,21
63,Ella_63,Manager,21
64,Finn_64,Manager,21
65,Alice_65,Manager,22
66,Bob_66,Manager,22
67,Carol_67,Manager,22
68,Dave_68,Manager,23
69,Eve_69,Manager,23
70,Frank_70,Manager,23
71,Grace_71,Manager,24
72,Hank_72,Manager,24
73,Iris_73,Manager,24
74,Jack_74,Manager,25
75,Karen_75,Manager,25
76,Leo_76,Manager,25
77,Maya_77,Manager,26
78,Nate_78,Manager,26
79,Olivia_79,Manager,26
80,Paul_80,Manager,27
81,Quinn_81,Manager,27
82,Rose_82,Manager,27
83,Sam_83,Manager,28
84,Tina_84,Manager,28
85,Uma_85,Manager,28
86,Victor_86,Manager,29
87,Wendy_87,Manager,29
88,Xander_88,Manager,29
89,Yara_89,Manager,30
90,Zack_90,Manager,30
91,Ava_91,Manager,30
92,Ben_92,Manager,31
93,Chloe_93,Manager,31
94,Dylan_94,Manager,31
95,Ella_95,Manager,32
96,Finn_96,Manager,32
97,Alice_97,Manager,32
98,Bob_98,Manager,33
99,Carol_99,Manager,33
100,Dave_100,Manager,33
101,Eve_101,Manager,34
102,Frank_102,Manager,34
103,Grace_103,Manager,34
104,Hank_104,Manager,35
105,Iris_105,Manager,35
106,Jack_106,Manager,35
107,Karen_107,Manager,36
108,Leo_108,Manager,36
109,Maya_109,Manager,36
110,Nate_110,Manager,37
111,Olivia_111,Manager,37
112,Paul_112,Manager,37
113,Quinn_113,Manager,38
114,Rose_114,Manager,38
115,Sam_115,Manager,38
116,Tina_116,Manager,39
117,Uma_117,Manager,39
118,Victor_118,Manager,39
119,Wendy_119,Manager,40
120,Xander_120,Manager,40
121,Yara_121,Manager,40
122,Zack_122,Senior Staff,41
123,Ava_123,Senior Staff,41
124,Ben_124,Senior Staff,41
125,Chloe_125,Senior Staff,42
126,Dylan_126,Senior Staff,42
127,Ella_127,Senior Staff,42
128,Finn_128,Senior Staff,43
129,Alice_129,Senior Staff,43
130,Bob_130,Senior Staff,43
131,Carol_131,Senior Staff,44
132,Dave_132,Senior Staff,44
133,Eve_133,Senior Staff,44
134,Frank_134,Senior Staff,45
135,Grace_135,Senior Staff,45
136,Hank_136,Senior Staff,45
137,Iris_137,Senior Staff,46
138,Jack_138,Senior Staff,46
139,Karen_139,Senior Staff,46
140,Leo_140,Senior Staff,47
141,Maya_141,Senior Staff,47
142,Nate_142,Senior Staff,47
143,Olivia_143,Senior Staff,48
144,Paul_144,Senior Staff,48
145,Quinn_145,Senior Staff,48
146,Rose_146,Senior Staff,49
147,Sam_147,Senior Staff,49
148,Tina_148,Senior Staff,49
149,Uma_149,Senior Staff,50
150,Victor_150,Senior Staff,50
151,Wendy_151,Senior Staff,50
152,Xander_152,Senior Staff,51
153,Yara_153,Senior Staff,51
154,Zack_154,Senior Staff,51
155,Ava_155,Senior Staff,52
156,Ben_156,Senior Staff,52
157,Chloe_157,Senior Staff,52
158,Dylan_158,Senior Staff,53
159,Ella_159,Senior Staff,53
160,Finn_160,Senior Staff,53
161,Alice_161,Senior Staff,54
162,Bob_162,Senior Staff,54
163,Carol_163,Senior Staff,54
164,Dave_164,Senior Staff,55
165,Eve_165,Senior Staff,55
166,Frank_166,Senior Staff,55
167,Grace_167,Senior Staff,56
168,Hank_168,Senior Staff,56
169,Iris_169,Senior Staff,56
170,Jack_170,Senior Staff,57
171,Karen_171,Senior Staff,57
172,Leo_172,Senior Staff,57
173,Maya_173,Senior Staff,58
174,Nate_174,Senior Staff,58
175,Olivia_175,Senior Staff,58
176,Paul_176,Senior Staff,59
177,Quinn_177,Senior Staff,59
178,Rose_178,Senior Staff,59
179,Sam_179,Senior Staff,60
180,Tina_180,Senior Staff,60
181,Uma_181,Senior Staff,60
182,Victor_182,Senior Staff,61
183,Wendy_183,Senior Staff,61
184,Xander_184,Senior Staff,61
185,Yara_185,Senior Staff,62
186,Zack_186,Senior Staff,62
187,Ava_187,Senior Staff,62
188,Ben_188,Senior Staff,63
189,Chloe_189,Senior Staff,63
190,Dylan_190,Senior Staff,63
191,Ella_191,Senior Staff,64
192,Finn_192,Senior Staff,64
193,Alice_193,Senior Staff,64
194,Bob_194,Senior Staff,65
195,Carol_195,Senior Staff,65
196,Dave_196,Senior Staff,65
197,Eve_197,Senior Staff,66
198,Frank_198,Senior Staff,66
199,Grace_199,Senior Staff,66
200,Hank_200,Senior Staff,67
201,Iris_201,Senior Staff,67
202,Jack_202,Senior Staff,67
203,Karen_203,Senior Staff,68
204,Leo_204,Senior Staff,68
205,Maya_205,Senior Staff,68
206,Nate_206,Senior Staff,69
207,Olivia_207,Senior Staff,69
208,Paul_208,Senior Staff,69
209,Quinn_209,Senior Staff,70
210,Rose_210,Senior Staff,70
211,Sam_211,Senior Staff,70
212,Tina_212,Senior Staff,71
213,Uma_213,Senior Staff,71
214,Victor_214,Senior Staff,71
215,Wendy_215,Senior Staff,72
216,Xander_216,Senior Staff,72
217,Yara_217,Senior Staff,72
218,Zack_218,Senior Staff,73
219,Ava_219,Senior Staff,73
220,Ben_220,Senior Staff,73
221,Chloe_221,Senior Staff,74
222,Dylan_222,Senior Staff,74
223,Ella_223,Senior Staff,74
224,Finn_224,Senior Staff,75
225,Alice_225,Senior Staff,75
226,Bob_226,Senior Staff,75
227,Carol_227,Senior Staff,76
228,Dave_228,Senior Staff,76
229,Eve_229,Senior Staff,76
230,Frank_230,Senior Staff,77
231,Grace_231,Senior Staff,77
232,Hank_232,Senior Staff,77
233,Iris_233,Senior Staff,78
234,Jack_234,Senior Staff,78
235,Karen_235,Senior Staff,78
236,Leo_236,Senior Staff,79
237,Maya_237,Senior Staff,79
238,Nate_238,Senior Staff,79
239,Olivia_239,Senior Staff,80
240,Paul_240,Senior Staff,80
241,Quinn_241,Senior Staff,80
242,Rose_242,Senior Staff,81
243,Sam_243,Senior Staff,81
244,Tina_244,Senior Staff,81
245,Uma_245,Senior Staff,82
246,Victor_246,Senior Staff,82
247,Wendy_247,Senior Staff,82
248,Xander_248,Senior Staff,83
249,Yara_249,Senior Staff,83
250,Zack_250,Senior Staff,83
251,Ava_251,Senior Staff,84
252,Ben_252,Senior Staff,84
253,Chloe_253,Senior Staff,84
254,Dylan_254,Senior Staff,85
255,Ella_255,Senior Staff,85
256,Finn_256,Senior Staff,85
257,Alice_257,Senior Staff,86
258,Bob_258,Senior Staff,86
259,Carol_259,Senior Staff,86
260,Dave_260,Senior Staff,87
261,Eve_261,Senior Staff,87
262,Frank_262,Senior Staff,87
263,Grace_263,Senior Staff,88
264,Hank_264,Senior Staff,88
265,Iris_265,Senior Staff,88
266,Jack_266,Senior Staff,89
267,Karen_267,Senior Staff,89
268,Leo_268,Senior Staff,89
269,Maya_269,Senior Staff,90
270,Nate_270,Senior Staff,90
271,Olivia_271,Senior Staff,90
272,Paul_272,Senior Staff,91
273,Quinn_273,Senior Staff,91
274,Rose_274,Senior Staff,91
275,Sam_275,Senior Staff,92
276,Tina_276,Senior Staff,92
277,Uma_277,Senior Staff,92
278,Victor_278,Senior Staff,93
279,Wendy_279,Senior Staff,93
280,Xander_280,Senior Staff,93
281,Yara_281,Senior Staff,94
282,Zack_282,Senior Staff,94
283,Ava_283,Senior Staff,94
284,Ben_284,Senior Staff,95
285,Chloe_285,Senior Staff,95
286,Dylan_286,Senior Staff,95
287,Ella_287,Senior Staff,96
288,Finn_288,Senior Staff,96
289,Alice_289,Senior Staff,96
290,Bob_290,Senior Staff,97
291,Carol_291,Senior Staff,97
292,Dave_292,Senior Staff,97
293,Eve_293,Senior Staff,98
294,Frank_294,Senior Staff,98
295,Grace_295,Senior Staff,98
296,Hank_296,Senior Staff,99
297,Iris_297,Senior Staff,99
298,Jack_298,Senior Staff,99
299,Karen_299,Senior Staff,100
300,Leo_300,Senior Staff,100
301,Maya_301,Senior Staff,100
302,Nate_302,Senior Staff,101
303,Olivia_303,Senior Staff,101
304,Paul_304,Senior Staff,101
305,Quinn_305,Senior Staff,102
306,Rose_306,Senior Staff,102
307,Sam_307,Senior Staff,102
308,Tina_308,Senior Staff,103
309,Uma_309,Senior Staff,103
310,Victor_310,Senior Staff,103
311,Wendy_311,Senior Staff,104
312,Xander_312,Senior Staff,104
313,Yara_313,Senior Staff,104
314,Zack_314,Senior Staff,105
315,Ava_315,Senior Staff,105
316,Ben_316,Senior Staff,105
317,Chloe_317,Senior Staff,106
318,Dylan_318,Senior Staff,106
319,Ella_319,Senior Staff,106
320,Finn_320,Senior Staff,107
321,Alice_321,Senior Staff,107
322,Bob_322,Senior Staff,107
323,Carol_323,Senior Staff,108
324,Dave_324,Senior Staff,108
325,Eve_325,Senior Staff,108
326,Frank_326,Senior Staff,109
327,Grace_327,Senior Staff,109
328,Hank_328,Senior Staff,109
329,Iris_329,Senior Staff,110
330,Jack_330,Senior Staff,110
331,Karen_331,Senior Staff,110
332,Leo_332,Senior Staff,111
333,Maya_333,Senior Staff,111
334,Nate_334,Senior Staff,111
335,Olivia_335,Senior Staff,112
336,Paul_336,Senior Staff,112
337,Quinn_337,Senior Staff,112
338,Rose_338,Senior Staff,113
339,Sam_339,Senior Staff,113
340,Tina_340,Senior Staff,113
341,Uma_341,Senior Staff,114
342,Victor_342,Senior Staff,114
343,Wendy_343,Senior Staff,114
344,Xander_344,Senior Staff,115
345,Yara_345,Senior Staff,115
346,Zack_346,Senior Staff,115
347,Ava_347,Senior Staff,116
348,Ben_348,Senior Staff,116
349,Chloe_349,Senior Staff,116
350,Dylan_350,Senior Staff,117
351,Ella_351,Senior Staff,117
352,Finn_352,Senior Staff,117
353,Alice_353,Senior Staff,118
354,Bob_354,Senior Staff,118
355,Carol_355,Senior Staff,118
356,Dave_356,Senior Staff,119
357,Eve_357,Senior Staff,119
358,Frank_358,Senior Staff,119
359,Grace_359,Senior Staff,120
360,Hank_360,Senior Staff,120
361,Iris_361,Senior Staff,120
362,Jack_362,Senior Staff,121
363,Karen_363,Senior Staff,121
364,Leo_364,Senior Staff,121
365,Maya_365,Staff,122
366,Nate_366,Staff,122
367,Olivia_367,Staff,122
368,Paul_368,Staff,123
369,Quinn_369,Staff,123
370,Rose_370,Staff,123
371,Sam_371,Staff,124
372,Tina_372,Staff,124
373,Uma_373,Staff,124
374,Victor_374,Staff,125
375,Wendy_375,Staff,125
376,Xander_376,Staff,125
377,Yara_377,Staff,126
378,Zack_378,Staff,126
379,Ava_379,Staff,126
380,Ben_380,Staff,127
381,Chloe_381,Staff,127
382,Dylan_382,Staff,127
383,Ella_383,Staff,128
384,Finn_384,Staff,128
385,Alice_385,Staff,128
386,Bob_386,Staff,129
387,Carol_387,Staff,129
388,Dave_388,Staff,129
389,Eve_389,Staff,130
390,Frank_390,Staff,130
391,Grace_391,Staff,130
392,Hank_392,Staff,131
393,Iris_393,Staff,131
394,Jack_394,Staff,131
395,Karen_395,Staff,132
396,Leo_396,Staff,132
397,Maya_397,Staff,132
398,Nate_398,Staff,133
399,Olivia_399,Staff,133
400,Paul_400,Staff,133
401,Quinn_401,Staff,134
402,Rose_402,Staff,134
403,Sam_403,Staff,134
404,Tina_404,Staff,135
405,Uma_405,Staff,135
406,Victor_406,Staff,135
407,Wendy_407,Staff,136
408,Xander_408,Staff,136
409,Yara_409,Staff,136
410,Zack_410,Staff,137
411,Ava_411,Staff,137
412,Ben_412,Staff,137
413,Chloe_413,Staff,138
414,Dylan_414,Staff,138
415,Ella_415,Staff,138
416,Finn_416,Staff,139
417,Alice_417,Staff,139
418,Bob_418,Staff,139
419,Carol_419,Staff,140
420,Dave_420,Staff,140
421,Eve_421,Staff,140
422,Frank_422,Staff,141
423,Grace_423,Staff,141
424,Hank_424,Staff,141
425,Iris_425,Staff,142
426,Jack_426,Staff,142
427,Karen_427,Staff,142
428,Leo_428,Staff,143
429,Maya_429,Staff,143
430,Nate_430,Staff,143
431,Olivia_431,Staff,144
432,Paul_432,Staff,144
433,Quinn_433,Staff,144
434,Rose_434,Staff,145
435,Sam_435,Staff,145
436,Tina_436,Staff,145
437,Uma_437,Staff,146
438,Victor_438,Staff,146
439,Wendy_439,Staff,146
440,Xander_440,Staff,147
441,Yara_441,Staff,147
442,Zack_442,Staff,147
443,Ava_443,Staff,148
444,Ben_444,Staff,148
445,Chloe_445,Staff,148
446,Dylan_446,Staff,149
447,Ella_447,Staff,149
448,Finn_448,Staff,149
449,Alice_449,Staff,150
450,Bob_450,Staff,150
451,Carol_451,Staff,150
452,Dave_452,Staff,151
453,Eve_453,Staff,151
454,Frank_454,Staff,151
455,Grace_455,Staff,152
456,Hank_456,Staff,152
457,Iris_457,Staff,152
458,Jack_458,Staff,153
459,Karen_459,Staff,153
460,Leo_460,Staff,153
461,Maya_461,Staff,154
462,Nate_462,Staff,154
463,Olivia_463,Staff,154
464,Paul_464,Staff,155
465,Quinn_465,Staff,155
466,Rose_466,Staff,155
467,Sam_467,Staff,156
468,Tina_468,Staff,156
469,Uma_469,Staff,156
470,Victor_470,Staff,157
471,Wendy_471,Staff,157
472,Xander_472,Staff,157
473,Yara_473,Staff,158
474,Zack_474,Staff,158
475,Ava_475,Staff,158
476,Ben_476,Staff,159
477,Chloe_477,Staff,159
478,Dylan_478,Staff,159
479,Ella_479,Staff,160
480,Finn_480,Staff,160
481,Alice_481,Staff,160
482,Bob_482,Staff,161
483,Carol_483,Staff,161
484,Dave_484,Staff,161
485,Eve_485,Staff,162
486,Frank_486,Staff,162
487,Grace_487,Staff,162
488,Hank_488,Staff,163
489,Iris_489,Staff,163
490,Jack_490,Staff,163
491,Karen_491,Staff,164
492,Leo_492,Staff,164
493,Maya_493,Staff,164
494,Nate_494,Staff,165
495,Olivia_495,Staff,165
496,Paul_496,Staff,165
497,Quinn_497,Staff,166
498,Rose_498,Staff,166
499,Sam_499,Staff,166
500,Tina_500,Staff,167
501,Uma_501,Staff,167
502,Victor_502,Staff,167
503,Wendy_503,Staff,168
504,Xander_504,Staff,168
505,Yara_505,Staff,168
506,Zack_506,Staff,169
507,Ava_507,Staff,169
508,Ben_508,Staff,169
509,Chloe_509,Staff,170
510,Dylan_510,Staff,170
511,Ella_511,Staff,170
512,Finn_512,Staff,171
513,Alice_513,Staff,171
514,Bob_514,Staff,171
515,Carol_515,Staff,172
516,Dave_516,Staff,172
517,Eve_517,Staff,172
518,Frank_518,Staff,173
519,Grace_519,Staff,173
520,Hank_520,Staff,173
521,Iris_521,Staff,174
522,Jack_522,Staff,174
523,Karen_523,Staff,174
524,Leo_524,Staff,175
525,Maya_525,Staff,175
526,Nate_526,Staff,175
527,Olivia_527,Staff,176
528,Paul_528,Staff,176
529,Quinn_529,Staff,176
530,Rose_530,Staff,177
531,Sam_531,Staff,177
532,Tina_532,Staff,177
533,Uma_533,Staff,178
534,Victor_534,Staff,178
535,Wendy_535,Staff,178
536,Xander_536,Staff,179
537,Yara_537,Staff,179
538,Zack_538,Staff,179
539,Ava_539,Staff,180
540,Ben_540,Staff,180
541,Chloe_541,Staff,180
542,Dylan_542,Staff,181
543,Ella_543,Staff,181
544,Finn_544,Staff,181
545,Alice_545,Staff,182
546,Bob_546,Staff,182
547,Carol_547,Staff,182
548,Dave_548,Staff,183
549,Eve_549,Staff,183
550,Frank_550,Staff,183
551,Grace_551,Staff,184
552,Hank_552,Staff,184
553,Iris_553,Staff,184
554,Jack_554,Staff,185
555,Karen_555,Staff,185
556,Leo_556,Staff,185
557,Maya_557,Staff,186
558,Nate_558,Staff,186
559,Olivia_559,Staff,186
560,Paul_560,Staff,187
561,Quinn_561,Staff,187
562,Rose_562,Staff,187
563,Sam_563,Staff,188
564,Tina_564,Staff,188
565,Uma_565,Staff,188
566,Victor_566,Staff,189
567,Wendy_567,Staff,189
568,Xander_568,Staff,189
569,Yara_569,Staff,190
570,Zack_570,Staff,190
571,Ava_571,Staff,190
572,Ben_572,Staff,191
573,Chloe_573,Staff,191
574,Dylan_574,Staff,191
575,Ella_575,Staff,192
576,Finn_576,Staff,192
577,Alice_577,Staff,192
578,Bob_578,Staff,193
579,Carol_579,Staff,193
580,Dave_580,Staff,193
581,Eve_581,Staff,194
582,Frank_582,Staff,194
583,Grace_583,Staff,194
584,Hank_584,Staff,195
585,Iris_585,Staff,195
586,Jack_586,Staff,195
587,Karen_587,Staff,196
588,Leo_588,Staff,196
589,Maya_589,Staff,196
590,Nate_590,Staff,197
591,Olivia_591,Staff,197
592,Paul_592,Staff,197
593,Quinn_593,Staff,198
594,Rose_594,Staff,198
595,Sam_595,Staff,198
596,Tina_596,Staff,199
597,Uma_597,Staff,199
598,Victor_598,Staff,199
599,Wendy_599,Staff,200
600,Xander_600,Staff,200
601,Yara_601,Staff,200
602,Zack_602,Staff,201
603,Ava_603,Staff,201
604,Ben_604,Staff,201
605,Chloe_605,Staff,202
606,Dylan_606,Staff,202
607,Ella_607,Staff,202
608,Finn_608,Staff,203
609,Alice_609,Staff,203
610,Bob_610,Staff,203
611,Carol_611,Staff,204
612,Dave_612,Staff,204
613,Eve_613,Staff,204
614,Frank_614,Staff,205
615,Grace_615,Staff,205
616,Hank_616,Staff,205
617,Iris_617,Staff,206
618,Jack_618,Staff,206
619,Karen_619,Staff,206
620,Leo_620,Staff,207
621,Maya_621,Staff,207
622,Nate_622,Staff,207
623,Olivia_623,Staff,208
624,Paul_624,Staff,208
625,Quinn_625,Staff,208
626,Rose_626,Staff,209
627,Sam_627,Staff,209
628,Tina_628,Staff,209
629,Uma_629,Staff,210
630,Victor_630,Staff,210
631,Wendy_631,Staff,210
632,Xander_632,Staff,211
633,Yara_633,Staff,211
634,Zack_634,Staff,211
635,Ava_635,Staff,212
636,Ben_636,Staff,212
637,Chloe_637,Staff,212
638,Dylan_638,Staff,213
639,Ella_639,Staff,213
640,Finn_640,Staff,213
641,Alice_641,Staff,214
642,Bob_642,Staff,214
643,Carol_643,Staff,214
644,Dave_644,Staff,215
645,Eve_645,Staff,215
646,Frank_646,Staff,215
647,Grace_647,Staff,216
648,Hank_648,Staff,216
649,Iris_649,Staff,216
650,Jack_650,Staff,217
651,Karen_651,Staff,217
652,Leo_652,Staff,217
653,Maya_653,Staff,218
654,Nate_654,Staff,218
655,Olivia_655,Staff,218
656,Paul_656,Staff,219
657,Quinn_657,Staff,219
658,Rose_658,Staff,219
659,Sam_659,Staff,220
660,Tina_660,Staff,220
661,Uma_661,Staff,220
662,Victor_662,Staff,221
663,Wendy_663,Staff,221
664,Xander_664,Staff,221
665,Yara_665,Staff,222
666,Zack_666,Staff,222
667,Ava_667,Staff,222
668,Ben_668,Staff,223
669,Chloe_669,Staff,223
670,Dylan_670,Staff,223
671,Ella_671,Staff,224
672,Finn_672,Staff,224
673,Alice_673,Staff,224
674,Bob_674,Staff,225
675,Carol_675,Staff,225
676,Dave_676,Staff,225
677,Eve_677,Staff,226
678,Frank_678,Staff,226
679,Grace_679,Staff,226
680,Hank_680,Staff,227
681,Iris_681,Staff,227
682,Jack_682,Staff,227
683,Karen_683,Staff,228
684,Leo_684,Staff,228
685,Maya_685,Staff,228
686,Nate_686,Staff,229
687,Olivia_687,Staff,229
688,Paul_688,Staff,229
689,Quinn_689,Staff,230
690,Rose_690,Staff,230
691,Sam_691,Staff,230
692,Tina_692,Staff,231
693,Uma_693,Staff,231
694,Victor_694,Staff,231
695,Wendy_695,Staff,232
696,Xander_696,Staff,232
697,Yara_697,Staff,232
698,Zack_698,Staff,233
699,Ava_699,Staff,233
700,Ben_700,Staff,233
701,Chloe_701,Staff,234
702,Dylan_702,Staff,234
703,Ella_703,Staff,234
704,Finn_704,Staff,235
705,Alice_705,Staff,235
706,Bob_706,Staff,235
707,Carol_707,Staff,236
708,Dave_708,Staff,236
709,Eve_709,Staff,236
710,Frank_710,Staff,237
711,Grace_711,Staff,237
712,Hank_712,Staff,237
713,Iris_713,Staff,238
714,Jack_714,Staff,238
715,Karen_715,Staff,238
716,Leo_716,Staff,239
717,Maya_717,Staff,239
718,Nate_718,Staff,239
719,Olivia_719,Staff,240
720,Paul_720,Staff,240
721,Quinn_721,Staff,240
722,Rose_722,Staff,241
723,Sam_723,Staff,241
724,Tina_724,Staff,241
725,Uma_725,Staff,242
726,Victor_726,Staff,242
727,Wendy_727,Staff,242
728,Xander_728,Staff,243
729,Yara_729,Staff,243
730,Zack_730,Staff,243
731,Ava_731,Staff,244
732,Ben_732,Staff,244
733,Chloe_733,Staff,244
734,Dylan_734,Staff,245
735,Ella_735,Staff,245
736,Finn_736,Staff,245
737,Alice_737,Staff,246
738,Bob_738,Staff,246
739,Carol_739,Staff,246
740,Dave_740,Staff,247
741,Eve_741,Staff,247
742,Frank_742,Staff,247
743,Grace_743,Staff,248
744,Hank_744,Staff,248
745,Iris_745,Staff,248
746,Jack_746,Staff,249
747,Karen_747,Staff,249
748,Leo_748,Staff,249
749,Maya_749,Staff,250
750,Nate_750,Staff,250
751,Olivia_751,Staff,250
752,Paul_752,Staff,251
753,Quinn_753,Staff,251
754,Rose_754,Staff,251
755,Sam_755,Staff,252
756,Tina_756,Staff,252
757,Uma_757,Staff,252
758,Victor_758,Staff,253
759,Wendy_759,Staff,253
760,Xander_760,Staff,253
761,Yara_761,Staff,254
762,Zack_762,Staff,254
763,Ava_763,Staff,254
764,Ben_764,Staff,255
765,Chloe_765,Staff,255
766,Dylan_766,Staff,255
767,Ella_767,Staff,256
768,Finn_768,Staff,256
769,Alice_769,Staff,256
770,Bob_770,Staff,257
771,Carol_771,Staff,257
772,Dave_772,Staff,257
773,Eve_773,Staff,258
774,Frank_774,Staff,258
775,Grace_775,Staff,258
776,Hank_776,Staff,259
777,Iris_777,Staff,259
778,Jack_778,Staff,259
779,Karen_779,Staff,260
780,Leo_780,Staff,260
781,Maya_781,Staff,260
782,Nate_782,Staff,261
783,Olivia_783,Staff,261
784,Paul_784,Staff,261
785,Quinn_785,Staff,262
786,Rose_786,Staff,262
787,Sam_787,Staff,262
788,Tina_788,Staff,263
789,Uma_789,Staff,263
790,Victor_790,Staff,263
791,Wendy_791,Staff,264
792,Xander_792,Staff,264
793,Yara_793,Staff,264
794,Zack_794,Staff,265
795,Ava_795,Staff,265
796,Ben_796,Staff,265
797,Chloe_797,Staff,266
798,Dylan_798,Staff,266
799,Ella_799,Staff,266
800,Finn_800,Staff,267
801,Alice_801,Staff,267
802,Bob_802,Staff,267
803,Carol_803,Staff,268
804,Dave_804,Staff,268
805,Eve_805,Staff,268
806,Frank_806,Staff,269
807,Grace_807,Staff,269
808,Hank_808,Staff,269
809,Iris_809,Staff,270
810,Jack_810,Staff,270
811,Karen_811,Staff,270
812,Leo_812,Staff,271
813,Maya_813,Staff,271
814,Nate_814,Staff,271
815,Olivia_815,Staff,272
816,Paul_816,Staff,272
817,Quinn_817,Staff,272
818,Rose_818,Staff,273
819,Sam_819,Staff,273
820,Tina_820,Staff,273
821,Uma_821,Staff,274
822,Victor_822,Staff,274
823,Wendy_823,Staff,274
824,Xander_824,Staff,275
825,Yara_825,Staff,275
826,Zack_826,Staff,275
827,Ava_827,Staff,276
828,Ben_828,Staff,276
829,Chloe_829,Staff,276
830,Dylan_830,Staff,277
831,Ella_831,Staff,277
832,Finn_832,Staff,277
833,Alice_833,Staff,278
834,Bob_834,Staff,278
835,Carol_835,Staff,278
836,Dave_836,Staff,279
837,Eve_837,Staff,279
838,Frank_838,Staff,279
839,Grace_839,Staff,280
840,Hank_840,Staff,280
841,Iris_841,Staff,280
842,Jack_842,Staff,281
843,Karen_843,Staff,281
844,Leo_844,Staff,281
845,Maya_845,Staff,282
846,Nate_846,Staff,282
847,Olivia_847,Staff,282
848,Paul_848,Staff,283
849,Quinn_849,Staff,283
850,Rose_850,Staff,283
851,Sam_851,Staff,284
852,Tina_852,Staff,284
853,Uma_853,Staff,284
854,Victor_854,Staff,285
855,Wendy_855,Staff,285
856,Xander_856,Staff,285
857,Yara_857,Staff,286
858,Zack_858,Staff,286
859,Ava_859,Staff,286
860,Ben_860,Staff,287
861,Chloe_861,Staff,287
862,Dylan_862,Staff,287
863,Ella_863,Staff,288
864,Finn_864,Staff,288
865,Alice_865,Staff,288
866,Bob_866,Staff,289
867,Carol_867,Staff,289
868,Dave_868,Staff,289
869,Eve_869,Staff,290
870,Frank_870,Staff,290
871,Grace_871,Staff,290
872,Hank_872,Staff,291
873,Iris_873,Staff,291
874,Jack_874,Staff,291
875,Karen_875,Staff,292
876,Leo_876,Staff,292
877,Maya_877,Staff,292
878,Nate_878,Staff,293
879,Olivia_879,Staff,293
880,Paul_880,Staff,293
881,Quinn_881,Staff,294
882,Rose_882,Staff,294
883,Sam_883,Staff,294
884,Tina_884,Staff,295
885,Uma_885,Staff,295
886,Victor_886,Staff,295
887,Wendy_887,Staff,296
888,Xander_888,Staff,296
889,Yara_889,Staff,296
890,Zack_890,Staff,297
891,Ava_891,Staff,297
892,Ben_892,Staff,297
893,Chloe_893,Staff,298
894,Dylan_894,Staff,298
895,Ella_895,Staff,298
896,Finn_896,Staff,299
897,Alice_897,Staff,299
898,Bob_898,Staff,299
899,Carol_899,Staff,300
900,Dave_900,Staff,300
901,Eve_901,Staff,300
902,Frank_902,Staff,301
903,Grace_903,Staff,301
904,Hank_904,Staff,301
905,Iris_905,Staff,302
906,Jack_906,Staff,302
907,Karen_907,Staff,302
908,Leo_908,Staff,303
909,Maya_909,Staff,303
910,Nate_910,Staff,303
911,Olivia_911,Staff,304
912,Paul_912,Staff,304
913,Quinn_913,Staff,304
914,Rose_914,Staff,305
915,Sam_915,Staff,305
916,Tina_916,Staff,305
917,Uma_917,Staff,306
918,Victor_918,Staff,306
919,Wendy_919,Staff,306
920,Xander_920,Staff,307
921,Yara_921,Staff,307
922,Zack_922,Staff,307
923,Ava_923,Staff,308
924,Ben_924,Staff,308
925,Chloe_925,Staff,308
926,Dylan_926,Staff,309
927,Ella_927,Staff,309
928,Finn_928,Staff,309
929,Alice_929,Staff,310
930,Bob_930,Staff,310
931,Carol_931,Staff,310
932,Dave_932,Staff,311
933,Eve_933,Staff,311
934,Frank_934,Staff,311
935,Grace_935,Staff,312
936,Hank_936,Staff,312
937,Iris_937,Staff,312
938,Jack_938,Staff,313
939,Karen_939,Staff,313
940,Leo_940,Staff,313
941,Maya_941,Staff,314
942,Nate_942,Staff,314
943,Olivia_943,Staff,314
944,Paul_944,Staff,315
945,Quinn_945,Staff,315
946,Rose_946,Staff,315
947,Sam_947,Staff,316
948,Tina_948,Staff,316
949,Uma_949,Staff,316
950,Victor_950,Staff,317
951,Wendy_951,Staff,317
952,Xander_952,Staff,317
953,Yara_953,Staff,318
954,Zack_954,Staff,318
955,Ava_955,Staff,318
956,Ben_956,Staff,319
957,Chloe_957,Staff,319
958,Dylan_958,Staff,319
959,Ella_959,Staff,320
960,Finn_960,Staff,320
961,Alice_961,Staff,320
962,Bob_962,Staff,321
963,Carol_963,Staff,321
964,Dave_964,Staff,321
965,Eve_965,Staff,322
966,Frank_966,Staff,322
967,Grace_967,Staff,322
968,Hank_968,Staff,323
969,Iris_969,Staff,323
970,Jack_970,Staff,323
971,Karen_971,Staff,324
972,Leo_972,Staff,324
973,Maya_973,Staff,324
974,Nate_974,Staff,325
975,Olivia_975,Staff,325
976,Paul_976,Staff,325
977,Quinn_977,Staff,326
978,Rose_978,Staff,326
979,Sam_979,Staff,326
980,Tina_980,Staff,327
981,Uma_981,Staff,327
982,Victor_982,Staff,327
983,Wendy_983,Staff,328
984,Xander_984,Staff,328
985,Yara_985,Staff,328
986,Zack_986,Staff,329
987,Ava_987,Staff,329
988,Ben_988,Staff,329
989,Chloe_989,Staff,330
990,Dylan_990,Staff,330
991,Ella_991,Staff,330
992,Finn_992,Staff,331
993,Alice_993,Staff,331
994,Bob_994,Staff,331
995,Carol_995,Staff,332
996,Dave_996,Staff,332
997,Eve_997,Staff,332
998,Frank_998,Staff,333
999,Grace_999,Staff,333
1000,Hank_1000,Staff,333
1001,Iris_1001,Staff,334
1002,Jack_1002,Staff,334
1003,Karen_1003,Staff,334
1004,Leo_1004,Staff,335
1005,Maya_1005,Staff,335
1006,Nate_1006,Staff,335
1007,Olivia_1007,Staff,336
1008,Paul_1008,Staff,336
1009,Quinn_1009,Staff,336
1010,Rose_1010,Staff,337
1011,Sam_1011,Staff,337
1012,Tina_1012,Staff,337
1013,Uma_1013,Staff,338
1014,Victor_1014,Staff,338
1015,Wendy_1015,Staff,338
1016,Xander_1016,Staff,339
1017,Yara_1017,Staff,339
1018,Zack_1018,Staff,339
1019,Ava_1019,Staff,340
1020,Ben_1020,Staff,340
1021,Chloe_1021,Staff,340
1022,Dylan_1022,Staff,341
1023,Ella_1023,Staff,341
1024,Finn_1024,Staff,341
1025,Alice_1025,Staff,342
1026,Bob_1026,Staff,342
1027,Carol_1027,Staff,342
1028,Dave_1028,Staff,343
1029,Eve_1029,Staff,343
1030,Frank_1030,Staff,343
1031,Grace_1031,Staff,344
1032,Hank_1032,Staff,344
1033,Iris_1033,Staff,344
1034,Jack_1034,Staff,345
1035,Karen_1035,Staff,345
1036,Leo_1036,Staff,345
1037,Maya_1037,Staff,346
1038,Nate_1038,Staff,346
1039,Olivia_1039,Staff,346
1040,Paul_1040,Staff,347
1041,Quinn_1041,Staff,347
1042,Rose_1042,Staff,347
1043,Sam_1043,Staff,348
1044,Tina_1044,Staff,348
1045,Uma_1045,Staff,348
1046,Victor_1046,Staff,349
1047,Wendy_1047,Staff,349
1048,Xander_1048,Staff,349
1049,Yara_1049,Staff,350
1050,Zack_1050,Staff,350
1051,Ava_1051,Staff,350
1052,Ben_1052,Staff,351
1053,Chloe_1053,Staff,351
1054,Dylan_1054,Staff,351
1055,Ella_1055,Staff,352
1056,Finn_1056,Staff,352
1057,Alice_1057,Staff,352
1058,Bob_1058,Staff,353
1059,Carol_1059,Staff,353
1060,Dave_1060,Staff,353
1061,Eve_1061,Staff,354
1062,Frank_1062,Staff,354
1063,Grace_1063,Staff,354
1064,Hank_1064,Staff,355
1065,Iris_1065,Staff,355
1066,Jack_1066,Staff,355
1067,Karen_1067,Staff,356
1068,Leo_1068,Staff,356
1069,Maya_1069,Staff,356
1070,Nate_1070,Staff,357
1071,Olivia_1071,Staff,357
1072,Paul_1072,Staff,357
1073,Quinn_1073,Staff,358
1074,Rose_1074,Staff,358
1075,Sam_1075,Staff,358
1076,Tina_1076,Staff,359
1077,Uma_1077,Staff,359
1078,Victor_1078,Staff,359
1079,Wendy_1079,Staff,360
1080,Xander_1080,Staff,360
1081,Yara_1081,Staff,360
1082,Zack_1082,Staff,361
1083,Ava_1083,Staff,361
1084,Ben_1084,Staff,361
1085,Chloe_1085,Staff,362
1086,Dylan_1086,Staff,362
1087,Ella_1087,Staff,362
1088,Finn_1088,Staff,363
1089,Alice_1089,Staff,363
1090,Bob_1090,Staff,363
1091,Carol_1091,Staff,364
1092,Dave_1092,Staff,364
1093,Eve_1093,Staff,364
1094,Frank_1094,Associate,365
1095,Grace_1095,Associate,365
1096,Hank_1096,Associate,365
1097,Iris_1097,Associate,366
1098,Jack_1098,Associate,366
1099,Karen_1099,Associate,366
1100,Leo_1100,Associate,367
1101,Maya_1101,Associate,367
1102,Nate_1102,Associate,367
1103,Olivia_1103,Associate,368
1104,Paul_1104,Associate,368
1105,Quinn_1105,Associate,368
1106,Rose_1106,Associate,369
1107,Sam_1107,Associate,369
1108,Tina_1108,Associate,369
1109,Uma_1109,Associate,370
1110,Victor_1110,Associate,370
1111,Wendy_1111,Associate,370
1112,Xander_1112,Associate,371
1113,Yara_1113,Associate,371
1114,Zack_1114,Associate,371
1115,Ava_1115,Associate,372
1116,Ben_1116,Associate,372
1117,Chloe_1117,Associate,372
1118,Dylan_1118,Associate,373
1119,Ella_1119,Associate,373
1120,Finn_1120,Associate,373
1121,Alice_1121,Associate,374
1122,Bob_1122,Associate,374
1123,Carol_1123,Associate,374
1124,Dave_1124,Associate,375
1125,Eve_1125,Associate,375
1126,Frank_1126,Associate,375
1127,Grace_1127,Associate,376
1128,Hank_1128,Associate,376
1129,Iris_1129,Associate,376
1130,Jack_1130,Associate,377
1131,Karen_1131,Associate,377
1132,Leo_1132,Associate,377
1133,Maya_1133,Associate,378
1134,Nate_1134,Associate,378
1135,Olivia_1135,Associate,378
1136,Paul_1136,Associate,379
1137,Quinn_1137,Associate,379
1138,Rose_1138,Associate,379
1139,Sam_1139,Associate,380
1140,Tina_1140,Associate,380
1141,Uma_1141,Associate,380
1142,Victor_1142,Associate,381
1143,Wendy_1143,Associate,381
1144,Xander_1144,Associate,381
1145,Yara_1145,Associate,382
1146,Zack_1146,Associate,382
1147,Ava_1147,Associate,382
1148,Ben_1148,Associate,383
1149,Chloe_1149,Associate,383
1150,Dylan_1150,Associate,383
1151,Ella_1151,Associate,384
1152,Finn_1152,Associate,384
1153,Alice_1153,Associate,384
1154,Bob_1154,Associate,385
1155,Carol_1155,Associate,385
1156,Dave_1156,Associate,385
1157,Eve_1157,Associate,386
1158,Frank_1158,Associate,386
1159,Grace_1159,Associate,386
1160,Hank_1160,Associate,387
1161,Iris_1161,Associate,387
1162,Jack_1162,Associate,387
1163,Karen_1163,Associate,388
1164,Leo_1164,Associate,388
1165,Maya_1165,Associate,388
1166,Nate_1166,Associate,389
1167,Olivia_1167,Associate,389
1168,Paul_1168,Associate,389
1169,Quinn_1169,Associate,390
1170,Rose_1170,Associate,390
1171,Sam_1171,Associate,390
1172,Tina_1172,Associate,391
1173,Uma_1173,Associate,391
1174,Victor_1174,Associate,391
1175,Wendy_1175,Associate,392
1176,Xander_1176,Associate,392
1177,Yara_1177,Associate,392
1178,Zack_1178,Associate,393
1179,Ava_1179,Associate,393
1180,Ben_1180,Associate,393
1181,Chloe_1181,Associate,394
1182,Dylan_1182,Associate,394
1183,Ella_1183,Associate,394
1184,Finn_1184,Associate,395
1185,Alice_1185,Associate,395
1186,Bob_1186,Associate,395
1187,Carol_1187,Associate,396
1188,Dave_1188,Associate,396
1189,Eve_1189,Associate,396
1190,Frank_1190,Associate,397
1191,Grace_1191,Associate,397
1192,Hank_1192,Associate,397
1193,Iris_1193,Associate,398
1194,Jack_1194,Associate,398
1195,Karen_1195,Associate,398
1196,Leo_1196,Associate,399
1197,Maya_1197,Associate,399
1198,Nate_1198,Associate,399
1199,Olivia_1199,Associate,400
1200,Paul_1200,Associate,400
1201,Quinn_1201,Associate,400
1202,Rose_1202,Associate,401
1203,Sam_1203,Associate,401
1204,Tina_1204,Associate,401
1205,Uma_1205,Associate,402
1206,Victor_1206,Associate,402
1207,Wendy_1207,Associate,402
1208,Xander_1208,Associate,403
1209,Yara_1209,Associate,403
1210,Zack_1210,Associate,403
1211,Ava_1211,Associate,404
1212,Ben_1212,Associate,404
1213,Chloe_1213,Associate,404
1214,Dylan_1214,Associate,405
1215,Ella_1215,Associate,405
1216,Finn_1216,Associate,405
1217,Alice_1217,Associate,406
1218,Bob_1218,Associate,406
1219,Carol_1219,Associate,406
1220,Dave_1220,Associate,407
1221,Eve_1221,Associate,407
1222,Frank_1222,Associate,407
1223,Grace_1223,Associate,408
1224,Hank_1224,Associate,408
1225,Iris_1225,Associate,408
1226,Jack_1226,Associate,409
1227,Karen_1227,Associate,409
1228,Leo_1228,Associate,409
1229,Maya_1229,Associate,410
1230,Nate_1230,Associate,410
1231,Olivia_1231,Associate,410
1232,Paul_1232,Associate,411
1233,Quinn_1233,Associate,411
1234,Rose_1234,Associate,411
1235,Sam_1235,Associate,412
1236,Tina_1236,Associate,412
1237,Uma_1237,Associate,412
1238,Victor_1238,Associate,413
1239,Wendy_1239,Associate,413
1240,Xander_1240,Associate,413
1241,Yara_1241,Associate,414
1242,Zack_1242,Associate,414
1243,Ava_1243,Associate,414
1244,Ben_1244,Associate,415
1245,Chloe_1245,Associate,415
1246,Dylan_1246,Associate,415
1247,Ella_1247,Associate,416
1248,Finn_1248,Associate,416
1249,Alice_1249,Associate,416
1250,Bob_1250,Associate,417
1251,Carol_1251,Associate,417
1252,Dave_1252,Associate,417
1253,Eve_1253,Associate,418
1254,Frank_1254,Associate,418
1255,Grace_1255,Associate,418
1256,Hank_1256,Associate,419
1257,Iris_1257,Associate,419
1258,Jack_1258,Associate,419
1259,Karen_1259,Associate,420
1260,Leo_1260,Associate,420
1261,Maya_1261,Associate,420
1262,Nate_1262,Associate,421
1263,Olivia_1263,Associate,421
1264,Paul_1264,Associate,421
1265,Quinn_1265,Associate,422
1266,Rose_1266,Associate,422
1267,Sam_1267,Associate,422
1268,Tina_1268,Associate,423
1269,Uma_1269,Associate,423
1270,Victor_1270,Associate,423
1271,Wendy_1271,Associate,424
1272,Xander_1272,Associate,424
1273,Yara_1273,Associate,424
1274,Zack_1274,Associate,425
1275,Ava_1275,Associate,425
1276,Ben_1276,Associate,425
1277,Chloe_1277,Associate,426
1278,Dylan_1278,Associate,426
1279,Ella_1279,Associate,426
1280,Finn_1280,Associate,427
1281,Alice_1281,Associate,427
1282,Bob_1282,Associate,427
1283,Carol_1283,Associate,428
1284,Dave_1284,Associate,428
1285,Eve_1285,Associate,428
1286,Frank_1286,Associate,429
1287,Grace_1287,Associate,429
1288,Hank_1288,Associate,429
1289,Iris_1289,Associate,430
1290,Jack_1290,Associate,430
1291,Karen_1291,Associate,430
1292,Leo_1292,Associate,431
1293,Maya_1293,Associate,431
1294,Nate_1294,Associate,431
1295,Olivia_1295,Associate,432
1296,Paul_1296,Associate,432
1297,Quinn_1297,Associate,432
1298,Rose_1298,Associate,433
1299,Sam_1299,Associate,433
1300,Tina_1300,Associate,433
1301,Uma_1301,Associate,434
1302,Victor_1302,Associate,434
1303,Wendy_1303,Associate,434
1304,Xander_1304,Associate,435
1305,Yara_1305,Associate,435
1306,Zack_1306,Associate,435
1307,Ava_1307,Associate,436
1308,Ben_1308,Associate,436
1309,Chloe_1309,Associate,436
1310,Dylan_1310,Associate,437
1311,Ella_1311,Associate,437
1312,Finn_1312,Associate,437
1313,Alice_1313,Associate,438
1314,Bob_1314,Associate,438
1315,Carol_1315,Associate,438
1316,Dave_1316,Associate,439
1317,Eve_1317,Associate,439
1318,Frank_1318,Associate,439
1319,Grace_1319,Associate,440
1320,Hank_1320,Associate,440
1321,Iris_1321,Associate,440
1322,Jack_1322,Associate,441
1323,Karen_1323,Associate,441
1324,Leo_1324,Associate,441
1325,Maya_1325,Associate,442
1326,Nate_1326,Associate,442
1327,Olivia_1327,Associate,442
1328,Paul_1328,Associate,443
1329,Quinn_1329,Associate,443
1330,Rose_1330,Associate,443
1331,Sam_1331,Associate,444
1332,Tina_1332,Associate,444
1333,Uma_1333,Associate,444
1334,Victor_1334,Associate,445
1335,Wendy_1335,Associate,445
1336,Xander_1336,Associate,445
1337,Yara_1337,Associate,446
1338,Zack_1338,Associate,446
1339,Ava_1339,Associate,446
1340,Ben_1340,Associate,447
1341,Chloe_1341,Associate,447
1342,Dylan_1342,Associate,447
1343,Ella_1343,Associate,448
1344,Finn_1344,Associate,448
1345,Alice_1345,Associate,448
1346,Bob_1346,Associate,449
1347,Carol_1347,Associate,449
1348,Dave_1348,Associate,449
1349,Eve_1349,Associate,450
1350,Frank_1350,Associate,450
1351,Grace_1351,Associate,450
1352,Hank_1352,Associate,451
1353,Iris_1353,Associate,451
1354,Jack_1354,Associate,451
1355,Karen_1355,Associate,452
1356,Leo_1356,Associate,452
1357,Maya_1357,Associate,452
1358,Nate_1358,Associate,453
1359,Olivia_1359,Associate,453
1360,Paul_1360,Associate,453
1361,Quinn_1361,Associate,454
1362,Rose_1362,Associate,454
1363,Sam_1363,Associate,454
1364,Tina_1364,Associate,455
1365,Uma_1365,Associate,455
1366,Victor_1366,Associate,455
1367,Wendy_1367,Associate,456
1368,Xander_1368,Associate,456
1369,Yara_1369,Associate,456
1370,Zack_1370,Associate,457
1371,Ava_1371,Associate,457
1372,Ben_1372,Associate,457
1373,Chloe_1373,Associate,458
1374,Dylan_1374,Associate,458
1375,Ella_1375,Associate,458
1376,Finn_1376,Associate,459
1377,Alice_1377,Associate,459
1378,Bob_1378,Associate,459
1379,Carol_1379,Associate,460
1380,Dave_1380,Associate,460
1381,Eve_1381,Associate,460
1382,Frank_1382,Associate,461
1383,Grace_1383,Associate,461
1384,Hank_1384,Associate,461
1385,Iris_1385,Associate,462
1386,Jack_1386,Associate,462
1387,Karen_1387,Associate,462
1388,Leo_1388,Associate,463
1389,Maya_1389,Associate,463
1390,Nate_1390,Associate,463
1391,Olivia_1391,Associate,464
1392,Paul_1392,Associate,464
1393,Quinn_1393,Associate,464
1394,Rose_1394,Associate,465
1395,Sam_1395,Associate,465
1396,Tina_1396,Associate,465
1397,Uma_1397,Associate,466
1398,Victor_1398,Associate,466
1399,Wendy_1399,Associate,466
1400,Xander_1400,Associate,467
1401,Yara_1401,Associate,467
1402,Zack_1402,Associate,467
1403,Ava_1403,Associate,468
1404,Ben_1404,Associate,468
1405,Chloe_1405,Associate,468
1406,Dylan_1406,Associate,469
1407,Ella_1407,Associate,469
1408,Finn_1408,Associate,469
1409,Alice_1409,Associate,470
1410,Bob_1410,Associate,470
1411,Carol_1411,Associate,470
1412,Dave_1412,Associate,471
1413,Eve_1413,Associate,471
1414,Frank_1414,Associate,471
1415,Grace_1415,Associate,472
1416,Hank_1416,Associate,472
1417,Iris_1417,Associate,472
1418,Jack_1418,Associate,473
1419,Karen_1419,Associate,473
1420,Leo_1420,Associate,473
1421,Maya_1421,Associate,474
1422,Nate_1422,Associate,474
1423,Olivia_1423,Associate,474
1424,Paul_1424,Associate,475
1425,Quinn_1425,Associate,475
1426,Rose_1426,Associate,475
1427,Sam_1427,Associate,476
1428,Tina_1428,Associate,476
1429,Uma_1429,Associate,476
1430,Victor_1430,Associate,477
1431,Wendy_1431,Associate,477
1432,Xander_1432,Associate,477
1433,Yara_1433,Associate,478
1434,Zack_1434,Associate,478
1435,Ava_1435,Associate,478
1436,Ben_1436,Associate,479
1437,Chloe_1437,Associate,479
1438,Dylan_1438,Associate,479
1439,Ella_1439,Associate,480
1440,Finn_1440,Associate,480
1441,Alice_1441,Associate,480
1442,Bob_1442,Associate,481
1443,Carol_1443,Associate,481
1444,Dave_1444,Associate,481
1445,Eve_1445,Associate,482
1446,Frank_1446,Associate,482
1447,Grace_1447,Associate,482
1448,Hank_1448,Associate,483
1449,Iris_1449,Associate,483
1450,Jack_1450,Associate,483
1451,Karen_1451,Associate,484
1452,Leo_1452,Associate,484
1453,Maya_1453,Associate,484
1454,Nate_1454,Associate,485
1455,Olivia_1455,Associate,485
1456,Paul_1456,Associate,485
1457,Quinn_1457,Associate,486
1458,Rose_1458,Associate,486
1459,Sam_1459,Associate,486
1460,Tina_1460,Associate,487
1461,Uma_1461,Associate,487
1462,Victor_1462,Associate,487
1463,Wendy_1463,Associate,488
1464,Xander_1464,Associate,488
1465,Yara_1465,Associate,488
1466,Zack_1466,Associate,489
1467,Ava_1467,Associate,489
1468,Ben_1468,Associate,489
1469,Chloe_1469,Associate,490
1470,Dylan_1470,Associate,490
1471,Ella_1471,Associate,490
1472,Finn_1472,Associate,491
1473,Alice_1473,Associate,491
1474,Bob_1474,Associate,491
1475,Carol_1475,Associate,492
1476,Dave_1476,Associate,492
1477,Eve_1477,Associate,492
1478,Frank_1478,Associate,493
1479,Grace_1479,Associate,493
1480,Hank_1480,Associate,493
1481,Iris_1481,Associate,494
1482,Jack_1482,Associate,494
1483,Karen_1483,Associate,494
1484,Leo_1484,Associate,495
1485,Maya_1485,Associate,495
1486,Nate_1486,Associate,495
1487,Olivia_1487,Associate,496
1488,Paul_1488,Associate,496
1489,Quinn_1489,Associate,496
1490,Rose_1490,Associate,497
1491,Sam_1491,Associate,497
1492,Tina_1492,Associate,497
1493,Uma_1493,Associate,498
1494,Victor_1494,Associate,498
1495,Wendy_1495,Associate,498
1496,Xander_1496,Associate,499
1497,Yara_1497,Associate,499
1498,Zack_1498,Associate,499
1499,Ava_1499,Associate,500
1500,Ben_1500,Associate,500
1501,Chloe_1501,Associate,500
1502,Dylan_1502,Associate,501
1503,Ella_1503,Associate,501
1504,Finn_1504,Associate,501
1505,Alice_1505,Associate,502
1506,Bob_1506,Associate,502
1507,Carol_1507,Associate,502
1508,Dave_1508,Associate,503
1509,Eve_1509,Associate,503
1510,Frank_1510,Associate,503
1511,Grace_1511,Associate,504
1512,Hank_1512,Associate,504
1513,Iris_1513,Associate,504
1514,Jack_1514,Associate,505
1515,Karen_1515,Associate,505
1516,Leo_1516,Associate,505
1517,Maya_1517,Associate,506
1518,Nate_1518,Associate,506
1519,Olivia_1519,Associate,506
1520,Paul_1520,Associate,507
1521,Quinn_1521,Associate,507
1522,Rose_1522,Associate,507
1523,Sam_1523,Associate,508
1524,Tina_1524,Associate,508
1525,Uma_1525,Associate,508
1526,Victor_1526,Associate,509
1527,Wendy_1527,Associate,509
1528,Xander_1528,Associate,509
1529,Yara_1529,Associate,510
1530,Zack_1530,Associate,510
1531,Ava_1531,Associate,510
1532,Ben_1532,Associate,511
1533,Chloe_1533,Associate,511
1534,Dylan_1534,Associate,511
1535,Ella_1535,Associate,512
1536,Finn_1536,Associate,512
1537,Alice_1537,Associate,512
1538,Bob_1538,Associate,513
1539,Carol_1539,Associate,513
1540,Dave_1540,Associate,513
1541,Eve_1541,Associate,514
1542,Frank_1542,Associate,514
1543,Grace_1543,Associate,514
1544,Hank_1544,Associate,515
1545,Iris_1545,Associate,515
1546,Jack_1546,Associate,515
1547,Karen_1547,Associate,516
1548,Leo_1548,Associate,516
1549,Maya_1549,Associate,516
1550,Nate_1550,Associate,517
1551,Olivia_1551,Associate,517
1552,Paul_1552,Associate,517
1553,Quinn_1553,Associate,518
1554,Rose_1554,Associate,518
1555,Sam_1555,Associate,518
1556,Tina_1556,Associate,519
1557,Uma_1557,Associate,519
1558,Victor_1558,Associate,519
1559,Wendy_1559,Associate,520
1560,Xander_1560,Associate,520
1561,Yara_1561,Associate,520
1562,Zack_1562,Associate,521
1563,Ava_1563,Associate,521
1564,Ben_1564,Associate,521
1565,Chloe_1565,Associate,522
1566,Dylan_1566,Associate,522
1567,Ella_1567,Associate,522
1568,Finn_1568,Associate,523
1569,Alice_1569,Associate,523
1570,Bob_1570,Associate,523
1571,Carol_1571,Associate,524
1572,Dave_1572,Associate,524
1573,Eve_1573,Associate,524
1574,Frank_1574,Associate,525
1575,Grace_1575,Associate,525
1576,Hank_1576,Associate,525
1577,Iris_1577,Associate,526
1578,Jack_1578,Associate,526
1579,Karen_1579,Associate,526
1580,Leo_1580,Associate,527
1581,Maya_1581,Associate,527
1582,Nate_1582,Associate,527
1583,Olivia_1583,Associate,528
1584,Paul_1584,Associate,528
1585,Quinn_1585,Associate,528
1586,Rose_1586,Associate,529
1587,Sam_1587,Associate,529
1588,Tina_1588,Associate,529
1589,Uma_1589,Associate,530
1590,Victor_1590,Associate,530
1591,Wendy_1591,Associate,530
1592,Xander_1592,Associate,531
1593,Yara_1593,Associate,531
1594,Zack_1594,Associate,531
1595,Ava_1595,Associate,532
1596,Ben_1596,Associate,532
1597,Chloe_1597,Associate,532
1598,Dylan_1598,Associate,533
1599,Ella_1599,Associate,533
1600,Finn_1600,Associate,533
1601,Alice_1601,Associate,534
1602,Bob_1602,Associate,534
1603,Carol_1603,Associate,534
1604,Dave_1604,Associate,535
1605,Eve_1605,Associate,535
1606,Frank_1606,Associate,535
1607,Grace_1607,Associate,536
1608,Hank_1608,Associate,536
1609,Iris_1609,Associate,536
1610,Jack_1610,Associate,537
1611,Karen_1611,Associate,537
1612,Leo_1612,Associate,537
1613,Maya_1613,Associate,538
1614,Nate_1614,Associate,538
1615,Olivia_1615,Associate,538
1616,Paul_1616,Associate,539
1617,Quinn_1617,Associate,539
1618,Rose_1618,Associate,539
1619,Sam_1619,Associate,540
1620,Tina_1620,Associate,540
1621,Uma_1621,Associate,540
1622,Victor_1622,Associate,541
1623,Wendy_1623,Associate,541
1624,Xander_1624,Associate,541
1625,Yara_1625,Associate,542
1626,Zack_1626,Associate,542
1627,Ava_1627,Associate,542
1628,Ben_1628,Associate,543
1629,Chloe_1629,Associate,543
1630,Dylan_1630,Associate,543
1631,Ella_1631,Associate,544
1632,Finn_1632,Associate,544
1633,Alice_1633,Associate,544
1634,Bob_1634,Associate,545
1635,Carol_1635,Associate,545
1636,Dave_1636,Associate,545
1637,Eve_1637,Associate,546
1638,Frank_1638,Associate,546
1639,Grace_1639,Associate,546
1640,Hank_1640,Associate,547
1641,Iris_1641,Associate,547
1642,Jack_1642,Associate,547
1643,Karen_1643,Associate,548
1644,Leo_1644,Associate,548
1645,Maya_1645,Associate,548
1646,Nate_1646,Associate,549
1647,Olivia_1647,Associate,549
1648,Paul_1648,Associate,549
1649,Quinn_1649,Associate,550
1650,Rose_1650,Associate,550
1651,Sam_1651,Associate,550
1652,Tina_1652,Associate,551
1653,Uma_1653,Associate,551
1654,Victor_1654,Associate,551
1655,Wendy_1655,Associate,552
1656,Xander_1656,Associate,552
1657,Yara_1657,Associate,552
1658,Zack_1658,Associate,553
1659,Ava_1659,Associate,553
1660,Ben_1660,Associate,553
1661,Chloe_1661,Associate,554
1662,Dylan_1662,Associate,554
1663,Ella_1663,Associate,554
1664,Finn_1664,Associate,555
1665,Alice_1665,Associate,555
1666,Bob_1666,Associate,555
1667,Carol_1667,Associate,556
1668,Dave_1668,Associate,556
1669,Eve_1669,Associate,556
1670,Frank_1670,Associate,557
1671,Grace_1671,Associate,557
1672,Hank_1672,Associate,557
1673,Iris_1673,Associate,558
1674,Jack_1674,Associate,558
1675,Karen_1675,Associate,558
1676,Leo_1676,Associate,559
1677,Maya_1677,Associate,559
1678,Nate_1678,Associate,559
1679,Olivia_1679,Associate,560
1680,Paul_1680,Associate,560
1681,Quinn_1681,Associate,560
1682,Rose_1682,Associate,561
1683,Sam_1683,Associate,561
1684,Tina_1684,Associate,561
1685,Uma_1685,Associate,562
1686,Victor_1686,Associate,562
1687,Wendy_1687,Associate,562
1688,Xander_1688,Associate,563
1689,Yara_1689,Associate,563
1690,Zack_1690,Associate,563
1691,Ava_1691,Associate,564
1692,Ben_1692,Associate,564
1693,Chloe_1693,Associate,564
1694,Dylan_1694,Associate,565
1695,Ella_1695,Associate,565
1696,Finn_1696,Associate,565
1697,Alice_1697,Associate,566
1698,Bob_1698,Associate,566
1699,Carol_1699,Associate,566
1700,Dave_1700,Associate,567
1701,Eve_1701,Associate,567
1702,Frank_1702,Associate,567
1703,Grace_1703,Associate,568
1704,Hank_1704,Associate,568
1705,Iris_1705,Associate,568
1706,Jack_1706,Associate,569
1707,Karen_1707,Associate,569
1708,Leo_1708,Associate,569
1709,Maya_1709,Associate,570
1710,Nate_1710,Associate,570
1711,Olivia_1711,Associate,570
1712,Paul_1712,Associate,571
1713,Quinn_1713,Associate,571
1714,Rose_1714,Associate,571
1715,Sam_1715,Associate,572
1716,Tina_1716,Associate,572
1717,Uma_1717,Associate,572
1718,Victor_1718,Associate,573
1719,Wendy_1719,Associate,573
1720,Xander_1720,Associate,573
1721,Yara_1721,Associate,574
1722,Zack_1722,Associate,574
1723,Ava_1723,Associate,574
1724,Ben_1724,Associate,575
1725,Chloe_1725,Associate,575
1726,Dylan_1726,Associate,575
1727,Ella_1727,Associate,576
1728,Finn_1728,Associate,576
1729,Alice_1729,Associate,576
1730,Bob_1730,Associate,577
1731,Carol_1731,Associate,577
1732,Dave_1732,Associate,577
1733,Eve_1733,Associate,578
1734,Frank_1734,Associate,578
1735,Grace_1735,Associate,578
1736,Hank_1736,Associate,579
1737,Iris_1737,Associate,579
1738,Jack_1738,Associate,579
1739,Karen_1739,Associate,580
1740,Leo_1740,Associate,580
1741,Maya_1741,Associate,580
1742,Nate_1742,Associate,581
1743,Olivia_1743,Associate,581
1744,Paul_1744,Associate,581
1745,Quinn_1745,Associate,582
1746,Rose_1746,Associate,582
1747,Sam_1747,Associate,582
1748,Tina_1748,Associate,583
1749,Uma_1749,Associate,583
1750,Victor_1750,Associate,583
1751,Wendy_1751,Associate,584
1752,Xander_1752,Associate,584
1753,Yara_1753,Associate,584
1754,Zack_1754,Associate,585
1755,Ava_1755,Associate,585
1756,Ben_1756,Associate,585
1757,Chloe_1757,Associate,586
1758,Dylan_1758,Associate,586
1759,Ella_1759,Associate,586
1760,Finn_1760,Associate,587
1761,Alice_1761,Associate,587
1762,Bob_1762,Associate,587
1763,Carol_1763,Associate,588
1764,Dave_1764,Associate,588
1765,Eve_1765,Associate,588
1766,Frank_1766,Associate,589
1767,Grace_1767,Associate,589
1768,Hank_1768,Associate,589
1769,Iris_1769,Associate,590
1770,Jack_1770,Associate,590
1771,Karen_1771,Associate,590
1772,Leo_1772,Associate,591
1773,Maya_1773,Associate,591
1774,Nate_1774,Associate,591
1775,Olivia_1775,Associate,592
1776,Paul_1776,Associate,592
1777,Quinn_1777,Associate,592
1778,Rose_1778,Associate,593
1779,Sam_1779,Associate,593
1780,Tina_1780,Associate,593
1781,Uma_1781,Associate,594
1782,Victor_1782,Associate,594
1783,Wendy_1783,Associate,594
1784,Xander_1784,Associate,595
1785,Yara_1785,Associate,595
1786,Zack_1786,Associate,595
1787,Ava_1787,Associate,596
1788,Ben_1788,Associate,596
1789,Chloe_1789,Associate,596
1790,Dylan_1790,Associate,597
1791,Ella_1791,Associate,597
1792,Finn_1792,Associate,597
1793,Alice_1793,Associate,598
1794,Bob_1794,Associate,598
1795,Carol_1795,Associate,598
1796,Dave_1796,Associate,599
1797,Eve_1797,Associate,599
1798,Frank_1798,Associate,599
1799,Grace_1799,Associate,600
1800,Hank_1800,Associate,600
1801,Iris_1801,Associate,600
1802,Jack_1802,Associate,601
1803,Karen_1803,Associate,601
1804,Leo_1804,Associate,601
1805,Maya_1805,Associate,602
1806,Nate_1806,Associate,602
1807,Olivia_1807,Associate,602
1808,Paul_1808,Associate,603
1809,Quinn_1809,Associate,603
1810,Rose_1810,Associate,603
1811,Sam_1811,Associate,604
1812,Tina_1812,Associate,604
1813,Uma_1813,Associate,604
1814,Victor_1814,Associate,605
1815,Wendy_1815,Associate,605
1816,Xander_1816,Associate,605
1817,Yara_1817,Associate,606
1818,Zack_1818,Associate,606
1819,Ava_1819,Associate,606
1820,Ben_1820,Associate,607
1821,Chloe_1821,Associate,607
1822,Dylan_1822,Associate,607
1823,Ella_1823,Associate,608
1824,Finn_1824,Associate,608
1825,Alice_1825,Associate,608
1826,Bob_1826,Associate,609
1827,Carol_1827,Associate,609
1828,Dave_1828,Associate,609
1829,Eve_1829,Associate,610
1830,Frank_1830,Associate,610
1831,Grace_1831,Associate,610
1832,Hank_1832,Associate,611
1833,Iris_1833,Associate,611
1834,Jack_1834,Associate,611
1835,Karen_1835,Associate,612
1836,Leo_1836,Associate,612
1837,Maya_1837,Associate,612
1838,Nate_1838,Associate,613
1839,Olivia_1839,Associate,613
1840,Paul_1840,Associate,613
1841,Quinn_1841,Associate,614
1842,Rose_1842,Associate,614
1843,Sam_1843,Associate,614
1844,Tina_1844,Associate,615
1845,Uma_1845,Associate,615
1846,Victor_1846,Associate,615
1847,Wendy_1847,Associate,616
1848,Xander_1848,Associate,616
1849,Yara_1849,Associate,616
1850,Zack_1850,Associate,617
1851,Ava_1851,Associate,617
1852,Ben_1852,Associate,617
1853,Chloe_1853,Associate,618
1854,Dylan_1854,Associate,618
1855,Ella_1855,Associate,618
1856,Finn_1856,Associate,619
1857,Alice_1857,Associate,619
1858,Bob_1858,Associate,619
1859,Carol_1859,Associate,620
1860,Dave_1860,Associate,620
1861,Eve_1861,Associate,620
1862,Frank_1862,Associate,621
1863,Grace_1863,Associate,621
1864,Hank_1864,Associate,621
1865,Iris_1865,Associate,622
1866,Jack_1866,Associate,622
1867,Karen_1867,Associate,622
1868,Leo_1868,Associate,623
1869,Maya_1869,Associate,623
1870,Nate_1870,Associate,623
1871,Olivia_1871,Associate,624
1872,Paul_1872,Associate,624
1873,Quinn_1873,Associate,624
1874,Rose_1874,Associate,625
1875,Sam_1875,Associate,625
1876,Tina_1876,Associate,625
1877,Uma_1877,Associate,626
1878,Victor_1878,Associate,626
1879,Wendy_1879,Associate,626
1880,Xander_1880,Associate,627
1881,Yara_1881,Associate,627
1882,Zack_1882,Associate,627
1883,Ava_1883,Associate,628
1884,Ben_1884,Associate,628
1885,Chloe_1885,Associate,628
1886,Dylan_1886,Associate,629
1887,Ella_1887,Associate,629
1888,Finn_1888,Associate,629
1889,Alice_1889,Associate,630
1890,Bob_1890,Associate,630
1891,Carol_1891,Associate,630
1892,Dave_1892,Associate,631
1893,Eve_1893,Associate,631
1894,Frank_1894,Associate,631
1895,Grace_1895,Associate,632
1896,Hank_1896,Associate,632
1897,Iris_1897,Associate,632
1898,Jack_1898,Associate,633
1899,Karen_1899,Associate,633
1900,Leo_1900,Associate,633
1901,Maya_1901,Associate,634
1902,Nate_1902,Associate,634
1903,Olivia_1903,Associate,634
1904,Paul_1904,Associate,635
1905,Quinn_1905,Associate,635
1906,Rose_1906,Associate,635
1907,Sam_1907,Associate,636
1908,Tina_1908,Associate,636
1909,Uma_1909,Associate,636
1910,Victor_1910,Associate,637
1911,Wendy_1911,Associate,637
1912,Xander_1912,Associate,637
1913,Yara_1913,Associate,638
1914,Zack_1914,Associate,638
1915,Ava_1915,Associate,638
1916,Ben_1916,Associate,639
1917,Chloe_1917,Associate,639
1918,Dylan_1918,Associate,639
1919,Ella_1919,Associate,640
1920,Finn_1920,Associate,640
1921,Alice_1921,Associate,640
1922,Bob_1922,Associate,641
1923,Carol_1923,Associate,641
1924,Dave_1924,Associate,641
1925,Eve_1925,Associate,642
1926,Frank_1926,Associate,642
1927,Grace_1927,Associate,642
1928,Hank_1928,Associate,643
1929,Iris_1929,Associate,643
1930,Jack_1930,Associate,643
1931,Karen_1931,Associate,644
1932,Leo_1932,Associate,644
1933,Maya_1933,Associate,644
1934,Nate_1934,Associate,645
1935,Olivia_1935,Associate,645
1936,Paul_1936,Associate,645
1937,Quinn_1937,Associate,646
1938,Rose_1938,Associate,646
1939,Sam_1939,Associate,646
1940,Tina_1940,Associate,647
1941,Uma_1941,Associate,647
1942,Victor_1942,Associate,647
1943,Wendy_1943,Associate,648
1944,Xander_1944,Associate,648
1945,Yara_1945,Associate,648
1946,Zack_1946,Associate,649
1947,Ava_1947,Associate,649
1948,Ben_1948,Associate,649
1949,Chloe_1949,Associate,650
1950,Dylan_1950,Associate,650
1951,Ella_1951,Associate,650
1952,Finn_1952,Associate,651
1953,Alice_1953,Associate,651
1954,Bob_1954,Associate,651
1955,Carol_1955,Associate,652
1956,Dave_1956,Associate,652
1957,Eve_1957,Associate,652
1958,Frank_1958,Associate,653
1959,Grace_1959,Associate,653
1960,Hank_1960,Associate,653
1961,Iris_1961,Associate,654
1962,Jack_1962,Associate,654
1963,Karen_1963,Associate,654
1964,Leo_1964,Associate,655
1965,Maya_1965,Associate,655
1966,Nate_1966,Associate,655
1967,Olivia_1967,Associate,656
1968,Paul_1968,Associate,656
1969,Quinn_1969,Associate,656
1970,Rose_1970,Associate,657
1971,Sam_1971,Associate,657
1972,Tina_1972,Associate,657
1973,Uma_1973,Associate,658
1974,Victor_1974,Associate,658
1975,Wendy_1975,Associate,658
1976,Xander_1976,Associate,659
1977,Yara_1977,Associate,659
1978,Zack_1978,Associate,659
1979,Ava_1979,Associate,660
1980,Ben_1980,Associate,660
1981,Chloe_1981,Associate,660
1982,Dylan_1982,Associate,661
1983,Ella_1983,Associate,661
1984,Finn_1984,Associate,661
1985,Alice_1985,Associate,662
1986,Bob_1986,Associate,662
1987,Carol_1987,Associate,662
1988,Dave_1988,Associate,663
1989,Eve_1989,Associate,663
1990,Frank_1990,Associate,663
1991,Grace_1991,Associate,664
1992,Hank_1992,Associate,664
1993,Iris_1993,Associate,664
1994,Jack_1994,Associate,665
1995,Karen_1995,Associate,665
1996,Leo_1996,Associate,665
1997,Maya_1997,Associate,666
1998,Nate_1998,Associate,666
1999,Olivia_1999,Associate,666
2000,Paul_2000,Associate,667
2001,Quinn_2001,Associate,667
2002,Rose_2002,Associate,667
2003,Sam_2003,Associate,668
2004,Tina_2004,Associate,668
2005,Uma_2005,Associate,668
2006,Victor_2006,Associate,669
2007,Wendy_2007,Associate,669
2008,Xander_2008,Associate,669
2009,Yara_2009,Associate,670
2010,Zack_2010,Associate,670
2011,Ava_2011,Associate,670
2012,Ben_2012,Associate,671
2013,Chloe_2013,Associate,671
2014,Dylan_2014,Associate,671
2015,Ella_2015,Associate,672
2016,Finn_2016,Associate,672
2017,Alice_2017,Associate,672
2018,Bob_2018,Associate,673
2019,Carol_2019,Associate,673
2020,Dave_2020,Associate,673
2021,Eve_2021,Associate,674
2022,Frank_2022,Associate,674
2023,Grace_2023,Associate,674
2024,Hank_2024,Associate,675
2025,Iris_2025,Associate,675
2026,Jack_2026,Associate,675
2027,Karen_2027,Associate,676
2028,Leo_2028,Associate,676
2029,Maya_2029,Associate,676
2030,Nate_2030,Associate,677
2031,Olivia_2031,Associate,677
2032,Paul_2032,Associate,677
2033,Quinn_2033,Associate,678
2034,Rose_2034,Associate,678
2035,Sam_2035,Associate,678
2036,Tina_2036,Associate,679
2037,Uma_2037,Associate,679
2038,Victor_2038,Associate,679
2039,Wendy_2039,Associate,680
2040,Xander_2040,Associate,680
2041,Yara_2041,Associate,680
2042,Zack_2042,Associate,681
2043,Ava_2043,Associate,681
2044,Ben_2044,Associate,681
2045,Chloe_2045,Associate,682
2046,Dylan_2046,Associate,682
2047,Ella_2047,Associate,682
2048,Finn_2048,Associate,683
2049,Alice_2049,Associate,683
2050,Bob_2050,Associate,683
2051,Carol_2051,Associate,684
2052,Dave_2052,Associate,684
2053,Eve_2053,Associate,684
2054,Frank_2054,Associate,685
2055,Grace_2055,Associate,685
2056,Hank_2056,Associate,685
2057,Iris_2057,Associate,686
2058,Jack_2058,Associate,686
2059,Karen_2059,Associate,686
2060,Leo_2060,Associate,687
2061,Maya_2061,Associate,687
2062,Nate_2062,Associate,687
2063,Olivia_2063,Associate,688
2064,Paul_2064,Associate,688
2065,Quinn_2065,Associate,688
2066,Rose_2066,Associate,689
2067,Sam_2067,Associate,689
2068,Tina_2068,Associate,689
2069,Uma_2069,Associate,690
2070,Victor_2070,Associate,690
2071,Wendy_2071,Associate,690
2072,Xander_2072,Associate,691
2073,Yara_2073,Associate,691
2074,Zack_2074,Associate,691
2075,Ava_2075,Associate,692
2076,Ben_2076,Associate,692
2077,Chloe_2077,Associate,692
2078,Dylan_2078,Associate,693
2079,Ella_2079,Associate,693
2080,Finn_2080,Associate,693
2081,Alice_2081,Associate,694
2082,Bob_2082,Associate,694
2083,Carol_2083,Associate,694
2084,Dave_2084,Associate,695
2085,Eve_2085,Associate,695
2086,Frank_2086,Associate,695
2087,Grace_2087,Associate,696
2088,Hank_2088,Associate,696
2089,Iris_2089,Associate,696
2090,Jack_2090,Associate,697
2091,Karen_2091,Associate,697
2092,Leo_2092,Associate,697
2093,Maya_2093,Associate,698
2094,Nate_2094,Associate,698
2095,Olivia_2095,Associate,698
2096,Paul_2096,Associate,699
2097,Quinn_2097,Associate,699
2098,Rose_2098,Associate,699
2099,Sam_2099,Associate,700
2100,Tina_2100,Associate,700
2101,Uma_2101,Associate,700
2102,Victor_2102,Associate,701
2103,Wendy_2103,Associate,701
2104,Xander_2104,Associate,701
2105,Yara_2105,Associate,702
2106,Zack_2106,Associate,702
2107,Ava_2107,Associate,702
2108,Ben_2108,Associate,703
2109,Chloe_2109,Associate,703
2110,Dylan_2110,Associate,703
2111,Ella_2111,Associate,704
2112,Finn_2112,Associate,704
2113,Alice_2113,Associate,704
2114,Bob_2114,Associate,705
2115,Carol_2115,Associate,705
2116,Dave_2116,Associate,705
2117,Eve_2117,Associate,706
2118,Frank_2118,Associate,706
2119,Grace_2119,Associate,706
2120,Hank_2120,Associate,707
2121,Iris_2121,Associate,707
2122,Jack_2122,Associate,707
2123,Karen_2123,Associate,708
2124,Leo_2124,Associate,708
2125,Maya_2125,Associate,708
2126,Nate_2126,Associate,709
2127,Olivia_2127,Associate,709
2128,Paul_2128,Associate,709
2129,Quinn_2129,Associate,710
2130,Rose_2130,Associate,710
2131,Sam_2131,Associate,710
2132,Tina_2132,Associate,711
2133,Uma_2133,Associate,711
2134,Victor_2134,Associate,711
2135,Wendy_2135,Associate,712
2136,Xander_2136,Associate,712
2137,Yara_2137,Associate,712
2138,Zack_2138,Associate,713
2139,Ava_2139,Associate,713
2140,Ben_2140,Associate,713
2141,Chloe_2141,Associate,714
2142,Dylan_2142,Associate,714
2143,Ella_2143,Associate,714
2144,Finn_2144,Associate,715
2145,Alice_2145,Associate,715
2146,Bob_2146,Associate,715
2147,Carol_2147,Associate,716
2148,Dave_2148,Associate,716
2149,Eve_2149,Associate,716
2150,Frank_2150,Associate,717
2151,Grace_2151,Associate,717
2152,Hank_2152,Associate,717
2153,Iris_2153,Associate,718
2154,Jack_2154,Associate,718
2155,Karen_2155,Associate,718
2156,Leo_2156,Associate,719
2157,Maya_2157,Associate,719
2158,Nate_2158,Associate,719
2159,Olivia_2159,Associate,720
2160,Paul_2160,Associate,720
2161,Quinn_2161,Associate,720
2162,Rose_2162,Associate,721
2163,Sam_2163,Associate,721
2164,Tina_2164,Associate,721
2165,Uma_2165,Associate,722
2166,Victor_2166,Associate,722
2167,Wendy_2167,Associate,722
2168,Xander_2168,Associate,723
2169,Yara_2169,Associate,723
2170,Zack_2170,Associate,723
2171,Ava_2171,Associate,724
2172,Ben_2172,Associate,724
2173,Chloe_2173,Associate,724
2174,Dylan_2174,Associate,725
2175,Ella_2175,Associate,725
2176,Finn_2176,Associate,725
2177,Alice_2177,Associate,726
2178,Bob_2178,Associate,726
2179,Carol_2179,Associate,726
2180,Dave_2180,Associate,727
2181,Eve_2181,Associate,727
2182,Frank_2182,Associate,727
2183,Grace_2183,Associate,728
2184,Hank_2184,Associate,728
2185,Iris_2185,Associate,728
2186,Jack_2186,Associate,729
2187,Karen_2187,Associate,729
2188,Leo_2188,Associate,729
2189,Maya_2189,Associate,730
2190,Nate_2190,Associate,730
2191,Olivia_2191,Associate,730
2192,Paul_2192,Associate,731
2193,Quinn_2193,Associate,731
2194,Rose_2194,Associate,731
2195,Sam_2195,Associate,732
2196,Tina_2196,Associate,732
2197,Uma_2197,Associate,732
2198,Victor_2198,Associate,733
2199,Wendy_2199,Associate,733
2200,Xander_2200,Associate,733
2201,Yara_2201,Associate,734
2202,Zack_2202,Associate,734
2203,Ava_2203,Associate,734
2204,Ben_2204,Associate,735
2205,Chloe_2205,Associate,735
2206,Dylan_2206,Associate,735
2207,Ella_2207,Associate,736
2208,Finn_2208,Associate,736
2209,Alice_2209,Associate,736
2210,Bob_2210,Associate,737
2211,Carol_2211,Associate,737
2212,Dave_2212,Associate,737
2213,Eve_2213,Associate,738
2214,Frank_2214,Associate,738
2215,Grace_2215,Associate,738
2216,Hank_2216,Associate,739
2217,Iris_2217,Associate,739
2218,Jack_2218,Associate,739
2219,Karen_2219,Associate,740
2220,Leo_2220,Associate,740
2221,Maya_2221,Associate,740
2222,Nate_2222,Associate,741
2223,Olivia_2223,Associate,741
2224,Paul_2224,Associate,741
2225,Quinn_2225,Associate,742
2226,Rose_2226,Associate,742
2227,Sam_2227,Associate,742
2228,Tina_2228,Associate,743
2229,Uma_2229,Associate,743
2230,Victor_2230,Associate,743
2231,Wendy_2231,Associate,744
2232,Xander_2232,Associate,744
2233,Yara_2233,Associate,744
2234,Zack_2234,Associate,745
2235,Ava_2235,Associate,745
2236,Ben_2236,Associate,745
2237,Chloe_2237,Associate,746
2238,Dylan_2238,Associate,746
2239,Ella_2239,Associate,746
2240,Finn_2240,Associate,747
2241,Alice_2241,Associate,747
2242,Bob_2242,Associate,747
2243,Carol_2243,Associate,748
2244,Dave_2244,Associate,748
2245,Eve_2245,Associate,748
2246,Frank_2246,Associate,749
2247,Grace_2247,Associate,749
2248,Hank_2248,Associate,749
2249,Iris_2249,Associate,750
2250,Jack_2250,Associate,750
2251,Karen_2251,Associate,750
2252,Leo_2252,Associate,751
2253,Maya_2253,Associate,751
2254,Nate_2254,Associate,751
2255,Olivia_2255,Associate,752
2256,Paul_2256,Associate,752
2257,Quinn_2257,Associate,752
2258,Rose_2258,Associate,753
2259,Sam_2259,Associate,753
2260,Tina_2260,Associate,753
2261,Uma_2261,Associate,754
2262,Victor_2262,Associate,754
2263,Wendy_2263,Associate,754
2264,Xander_2264,Associate,755
2265,Yara_2265,Associate,755
2266,Zack_2266,Associate,755
2267,Ava_2267,Associate,756
2268,Ben_2268,Associate,756
2269,Chloe_2269,Associate,756
2270,Dylan_2270,Associate,757
2271,Ella_2271,Associate,757
2272,Finn_2272,Associate,757
2273,Alice_2273,Associate,758
2274,Bob_2274,Associate,758
2275,Carol_2275,Associate,758
2276,Dave_2276,Associate,759
2277,Eve_2277,Associate,759
2278,Frank_2278,Associate,759
2279,Grace_2279,Associate,760
2280,Hank_2280,Associate,760
2281,Iris_2281,Associate,760
2282,Jack_2282,Associate,761
2283,Karen_2283,Associate,761
2284,Leo_2284,Associate,761
2285,Maya_2285,Associate,762
2286,Nate_2286,Associate,762
2287,Olivia_2287,Associate,762
2288,Paul_2288,Associate,763
2289,Quinn_2289,Associate,763
2290,Rose_2290,Associate,763
2291,Sam_2291,Associate,764
2292,Tina_2292,Associate,764
2293,Uma_2293,Associate,764
2294,Victor_2294,Associate,765
2295,Wendy_2295,Associate,765
2296,Xander_2296,Associate,765
2297,Yara_2297,Associate,766
2298,Zack_2298,Associate,766
2299,Ava_2299,Associate,766
2300,Ben_2300,Associate,767
2301,Chloe_2301,Associate,767
2302,Dylan_2302,Associate,767
2303,Ella_2303,Associate,768
2304,Finn_2304,Associate,768
2305,Alice_2305,Associate,768
2306,Bob_2306,Associate,769
2307,Carol_2307,Associate,769
2308,Dave_2308,Associate,769
2309,Eve_2309,Associate,770
2310,Frank_2310,Associate,770
2311,Grace_2311,Associate,770
2312,Hank_2312,Associate,771
2313,Iris_2313,Associate,771
2314,Jack_2314,Associate,771
2315,Karen_2315,Associate,772
2316,Leo_2316,Associate,772
2317,Maya_2317,Associate,772
2318,Nate_2318,Associate,773
2319,Olivia_2319,Associate,773
2320,Paul_2320,Associate,773
2321,Quinn_2321,Associate,774
2322,Rose_2322,Associate,774
2323,Sam_2323,Associate,774
2324,Tina_2324,Associate,775
2325,Uma_2325,Associate,775
2326,Victor_2326,Associate,775
2327,Wendy_2327,Associate,776
2328,Xander_2328,Associate,776
2329,Yara_2329,Associate,776
2330,Zack_2330,Associate,777
2331,Ava_2331,Associate,777
2332,Ben_2332,Associate,777
2333,Chloe_2333,Associate,778
2334,Dylan_2334,Associate,778
2335,Ella_2335,Associate,778
2336,Finn_2336,Associate,779
2337,Alice_2337,Associate,779
2338,Bob_2338,Associate,779
2339,Carol_2339,Associate,780
2340,Dave_2340,Associate,780
2341,Eve_2341,Associate,780
2342,Frank_2342,Associate,781
2343,Grace_2343,Associate,781
2344,Hank_2344,Associate,781
2345,Iris_2345,Associate,782
2346,Jack_2346,Associate,782
2347,Karen_2347,Associate,782
2348,Leo_2348,Associate,783
2349,Maya_2349,Associate,783
2350,Nate_2350,Associate,783
2351,Olivia_2351,Associate,784
2352,Paul_2352,Associate,784
2353,Quinn_2353,Associate,784
2354,Rose_2354,Associate,785
2355,Sam_2355,Associate,785
2356,Tina_2356,Associate,785
2357,Uma_2357,Associate,786
2358,Victor_2358,Associate,786
2359,Wendy_2359,Associate,786
2360,Xander_2360,Associate,787
2361,Yara_2361,Associate,787
2362,Zack_2362,Associate,787
2363,Ava_2363,Associate,788
2364,Ben_2364,Associate,788
2365,Chloe_2365,Associate,788
2366,Dylan_2366,Associate,789
2367,Ella_2367,Associate,789
2368,Finn_2368,Associate,789
2369,Alice_2369,Associate,790
2370,Bob_2370,Associate,790
2371,Carol_2371,Associate,790
2372,Dave_2372,Associate,791
2373,Eve_2373,Associate,791
2374,Frank_2374,Associate,791
2375,Grace_2375,Associate,792
2376,Hank_2376,Associate,792
2377,Iris_2377,Associate,792
2378,Jack_2378,Associate,793
2379,Karen_2379,Associate,793
2380,Leo_2380,Associate,793
2381,Maya_2381,Associate,794
2382,Nate_2382,Associate,794
2383,Olivia_2383,Associate,794
2384,Paul_2384,Associate,795
2385,Quinn_2385,Associate,795
2386,Rose_2386,Associate,795
2387,Sam_2387,Associate,796
2388,Tina_2388,Associate,796
2389,Uma_2389,Associate,796
2390,Victor_2390,Associate,797
2391,Wendy_2391,Associate,797
2392,Xander_2392,Associate,797
2393,Yara_2393,Associate,798
2394,Zack_2394,Associate,798
2395,Ava_2395,Associate,798
2396,Ben_2396,Associate,799
2397,Chloe_2397,Associate,799
2398,Dylan_2398,Associate,799
2399,Ella_2399,Associate,800
2400,Finn_2400,Associate,800
2401,Alice_2401,Associate,800
2402,Bob_2402,Associate,801
2403,Carol_2403,Associate,801
2404,Dave_2404,Associate,801
2405,Eve_2405,Associate,802
2406,Frank_2406,Associate,802
2407,Grace_2407,Associate,802
2408,Hank_2408,Associate,803
2409,Iris_2409,Associate,803
2410,Jack_2410,Associate,803
2411,Karen_2411,Associate,804
2412,Leo_2412,Associate,804
2413,Maya_2413,Associate,804
2414,Nate_2414,Associate,805
2415,Olivia_2415,Associate,805
2416,Paul_2416,Associate,805
2417,Quinn_2417,Associate,806
2418,Rose_2418,Associate,806
2419,Sam_2419,Associate,806
2420,Tina_2420,Associate,807
2421,Uma_2421,Associate,807
2422,Victor_2422,Associate,807
2423,Wendy_2423,Associate,808
2424,Xander_2424,Associate,808
2425,Yara_2425,Associate,808
2426,Zack_2426,Associate,809
2427,Ava_2427,Associate,809
2428,Ben_2428,Associate,809
2429,Chloe_2429,Associate,810
2430,Dylan_2430,Associate,810
2431,Ella_2431,Associate,810
2432,Finn_2432,Associate,811
2433,Alice_2433,Associate,811
2434,Bob_2434,Associate,811
2435,Carol_2435,Associate,812
2436,Dave_2436,Associate,812
2437,Eve_2437,Associate,812
2438,Frank_2438,Associate,813
2439,Grace_2439,Associate,813
2440,Hank_2440,Associate,813
2441,Iris_2441,Associate,814
2442,Jack_2442,Associate,814
2443,Karen_2443,Associate,814
2444,Leo_2444,Associate,815
2445,Maya_2445,Associate,815
2446,Nate_2446,Associate,815
2447,Olivia_2447,Associate,816
2448,Paul_2448,Associate,816
2449,Quinn_2449,Associate,816
2450,Rose_2450,Associate,817
2451,Sam_2451,Associate,817
2452,Tina_2452,Associate,817
2453,Uma_2453,Associate,818
2454,Victor_2454,Associate,818
2455,Wendy_2455,Associate,818
2456,Xander_2456,Associate,819
2457,Yara_2457,Associate,819
2458,Zack_2458,Associate,819
2459,Ava_2459,Associate,820
2460,Ben_2460,Associate,820
2461,Chloe_2461,Associate,820
2462,Dylan_2462,Associate,821
2463,Ella_2463,Associate,821
2464,Finn_2464,Associate,821
2465,Alice_2465,Associate,822
2466,Bob_2466,Associate,822
2467,Carol_2467,Associate,822
2468,Dave_2468,Associate,823
2469,Eve_2469,Associate,823
2470,Frank_2470,Associate,823
2471,Grace_2471,Associate,824
2472,Hank_2472,Associate,824
2473,Iris_2473,Associate,824
2474,Jack_2474,Associate,825
2475,Karen_2475,Associate,825
2476,Leo_2476,Associate,825
2477,Maya_2477,Associate,826
2478,Nate_2478,Associate,826
2479,Olivia_2479,Associate,826
2480,Paul_2480,Associate,827
2481,Quinn_2481,Associate,827
2482,Rose_2482,Associate,827
2483,Sam_2483,Associate,828
2484,Tina_2484,Associate,828
2485,Uma_2485,Associate,828
2486,Victor_2486,Associate,829
2487,Wendy_2487,Associate,829
2488,Xander_2488,Associate,829
2489,Yara_2489,Associate,830
2490,Zack_2490,Associate,830
2491,Ava_2491,Associate,830
2492,Ben_2492,Associate,831
2493,Chloe_2493,Associate,831
2494,Dylan_2494,Associate,831
2495,Ella_2495,Associate,832
2496,Finn_2496,Associate,832
2497,Alice_2497,Associate,832
2498,Bob_2498,Associate,833
2499,Carol_2499,Associate,833
2500,Dave_2500,Associate,833
2501,Eve_2501,Associate,834
2502,Frank_2502,Associate,834
2503,Grace_2503,Associate,834
2504,Hank_2504,Associate,835
2505,Iris_2505,Associate,835
2506,Jack_2506,Associate,835
2507,Karen_2507,Associate,836
2508,Leo_2508,Associate,836
2509,Maya_2509,Associate,836
2510,Nate_2510,Associate,837
2511,Olivia_2511,Associate,837
2512,Paul_2512,Associate,837
2513,Quinn_2513,Associate,838
2514,Rose_2514,Associate,838
2515,Sam_2515,Associate,838
2516,Tina_2516,Associate,839
2517,Uma_2517,Associate,839
2518,Victor_2518,Associate,839
2519,Wendy_2519,Associate,840
2520,Xander_2520,Associate,840
2521,Yara_2521,Associate,840
2522,Zack_2522,Associate,841
2523,Ava_2523,Associate,841
2524,Ben_2524,Associate,841
2525,Chloe_2525,Associate,842
2526,Dylan_2526,Associate,842
2527,Ella_2527,Associate,842
2528,Finn_2528,Associate,843
2529,Alice_2529,Associate,843
2530,Bob_2530,Associate,843
2531,Carol_2531,Associate,844
2532,Dave_2532,Associate,844
2533,Eve_2533,Associate,844
2534,Frank_2534,Associate,845
2535,Grace_2535,Associate,845
2536,Hank_2536,Associate,845
2537,Iris_2537,Associate,846
2538,Jack_2538,Associate,846
2539,Karen_2539,Associate,846
2540,Leo_2540,Associate,847
2541,Maya_2541,Associate,847
2542,Nate_2542,Associate,847
2543,Olivia_2543,Associate,848
2544,Paul_2544,Associate,848
2545,Quinn_2545,Associate,848
2546,Rose_2546,Associate,849
2547,Sam_2547,Associate,849
2548,Tina_2548,Associate,849
2549,Uma_2549,Associate,850
2550,Victor_2550,Associate,850
2551,Wendy_2551,Associate,850
2552,Xander_2552,Associate,851
2553,Yara_2553,Associate,851
2554,Zack_2554,Associate,851
2555,Ava_2555,Associate,852
2556,Ben_2556,Associate,852
2557,Chloe_2557,Associate,852
2558,Dylan_2558,Associate,853
2559,Ella_2559,Associate,853
2560,Finn_2560,Associate,853
2561,Alice_2561,Associate,854
2562,Bob_2562,Associate,854
2563,Carol_2563,Associate,854
2564,Dave_2564,Associate,855
2565,Eve_2565,Associate,855
2566,Frank_2566,Associate,855
2567,Grace_2567,Associate,856
2568,Hank_2568,Associate,856
2569,Iris_2569,Associate,856
2570,Jack_2570,Associate,857
2571,Karen_2571,Associate,857
2572,Leo_2572,Associate,857
2573,Maya_2573,Associate,858
2574,Nate_2574,Associate,858
2575,Olivia_2575,Associate,858
2576,Paul_2576,Associate,859
2577,Quinn_2577,Associate,859
2578,Rose_2578,Associate,859
2579,Sam_2579,Associate,860
2580,Tina_2580,Associate,860
2581,Uma_2581,Associate,860
2582,Victor_2582,Associate,861
2583,Wendy_2583,Associate,861
2584,Xander_2584,Associate,861
2585,Yara_2585,Associate,862
2586,Zack_2586,Associate,862
2587,Ava_2587,Associate,862
2588,Ben_2588,Associate,863
2589,Chloe_2589,Associate,863
2590,Dylan_2590,Associate,863
2591,Ella_2591,Associate,864
2592,Finn_2592,Associate,864
2593,Alice_2593,Associate,864
2594,Bob_2594,Associate,865
2595,Carol_2595,Associate,865
2596,Dave_2596,Associate,865
2597,Eve_2597,Associate,866
2598,Frank_2598,Associate,866
2599,Grace_2599,Associate,866
2600,Hank_2600,Associate,867
2601,Iris_2601,Associate,867
2602,Jack_2602,Associate,867
2603,Karen_2603,Associate,868
2604,Leo_2604,Associate,868
2605,Maya_2605,Associate,868
2606,Nate_2606,Associate,869
2607,Olivia_2607,Associate,869
2608,Paul_2608,Associate,869
2609,Quinn_2609,Associate,870
2610,Rose_2610,Associate,870
2611,Sam_2611,Associate,870
2612,Tina_2612,Associate,871
2613,Uma_2613,Associate,871
2614,Victor_2614,Associate,871
2615,Wendy_2615,Associate,872
2616,Xander_2616,Associate,872
2617,Yara_2617,Associate,872
2618,Zack_2618,Associate,873
2619,Ava_2619,Associate,873
2620,Ben_2620,Associate,873
2621,Chloe_2621,Associate,874
2622,Dylan_2622,Associate,874
2623,Ella_2623,Associate,874
2624,Finn_2624,Associate,875
2625,Alice_2625,Associate,875
2626,Bob_2626,Associate,875
2627,Carol_2627,Associate,876
2628,Dave_2628,Associate,876
2629,Eve_2629,Associate,876
2630,Frank_2630,Associate,877
2631,Grace_2631,Associate,877
2632,Hank_2632,Associate,877
2633,Iris_2633,Associate,878
2634,Jack_2634,Associate,878
2635,Karen_2635,Associate,878
2636,Leo_2636,Associate,879
2637,Maya_2637,Associate,879
2638,Nate_2638,Associate,879
2639,Olivia_2639,Associate,880
2640,Paul_2640,Associate,880
2641,Quinn_2641,Associate,880
2642,Rose_2642,Associate,881
2643,Sam_2643,Associate,881
2644,Tina_2644,Associate,881
2645,Uma_2645,Associate,882
2646,Victor_2646,Associate,882
2647,Wendy_2647,Associate,882
2648,Xander_2648,Associate,883
2649,Yara_2649,Associate,883
2650,Zack_2650,Associate,883
2651,Ava_2651,Associate,884
2652,Ben_2652,Associate,884
2653,Chloe_2653,Associate,884
2654,Dylan_2654,Associate,885
2655,Ella_2655,Associate,885
2656,Finn_2656,Associate,885
2657,Alice_2657,Associate,886
2658,Bob_2658,Associate,886
2659,Carol_2659,Associate,886
2660,Dave_2660,Associate,887
2661,Eve_2661,Associate,887
2662,Frank_2662,Associate,887
2663,Grace_2663,Associate,888
2664,Hank_2664,Associate,888
2665,Iris_2665,Associate,888
2666,Jack_2666,Associate,889
2667,Karen_2667,Associate,889
2668,Leo_2668,Associate,889
2669,Maya_2669,Associate,890
2670,Nate_2670,Associate,890
2671,Olivia_2671,Associate,890
2672,Paul_2672,Associate,891
2673,Quinn_2673,Associate,891
2674,Rose_2674,Associate,891
2675,Sam_2675,Associate,892
2676,Tina_2676,Associate,892
2677,Uma_2677,Associate,892
2678,Victor_2678,Associate,893
2679,Wendy_2679,Associate,893
2680,Xander_2680,Associate,893
2681,Yara_2681,Associate,894
2682,Zack_2682,Associate,894
2683,Ava_2683,Associate,894
2684,Ben_2684,Associate,895
2685,Chloe_2685,Associate,895
2686,Dylan_2686,Associate,895
2687,Ella_2687,Associate,896
2688,Finn_2688,Associate,896
2689,Alice_2689,Associate,896
2690,Bob_2690,Associate,897
2691,Carol_2691,Associate,897
2692,Dave_2692,Associate,897
2693,Eve_2693,Associate,898
2694,Frank_2694,Associate,898
2695,Grace_2695,Associate,898
2696,Hank_2696,Associate,899
2697,Iris_2697,Associate,899
2698,Jack_2698,Associate,899
2699,Karen_2699,Associate,900
2700,Leo_2700,Associate,900
2701,Maya_2701,Associate,900
2702,Nate_2702,Associate,901
2703,Olivia_2703,Associate,901
2704,Paul_2704,Associate,901
2705,Quinn_2705,Associate,902
2706,Rose_2706,Associate,902
2707,Sam_2707,Associate,902
2708,Tina_2708,Associate,903
2709,Uma_2709,Associate,903
2710,Victor_2710,Associate,903
2711,Wendy_2711,Associate,904
2712,Xander_2712,Associate,904
2713,Yara_2713,Associate,904
2714,Zack_2714,Associate,905
2715,Ava_2715,Associate,905
2716,Ben_2716,Associate,905
2717,Chloe_2717,Associate,906
2718,Dylan_2718,Associate,906
2719,Ella_2719,Associate,906
2720,Finn_2720,Associate,907
2721,Alice_2721,Associate,907
2722,Bob_2722,Associate,907
2723,Carol_2723,Associate,908
2724,Dave_2724,Associate,908
2725,Eve_2725,Associate,908
2726,Frank_2726,Associate,909
2727,Grace_2727,Associate,909
2728,Hank_2728,Associate,909
2729,Iris_2729,Associate,910
2730,Jack_2730,Associate,910
2731,Karen_2731,Associate,910
2732,Leo_2732,Associate,911
2733,Maya_2733,Associate,911
2734,Nate_2734,Associate,911
2735,Olivia_2735,Associate,912
2736,Paul_2736,Associate,912
2737,Quinn_2737,Associate,912
2738,Rose_2738,Associate,913
2739,Sam_2739,Associate,913
2740,Tina_2740,Associate,913
2741,Uma_2741,Associate,914
2742,Victor_2742,Associate,914
2743,Wendy_2743,Associate,914
2744,Xander_2744,Associate,915
2745,Yara_2745,Associate,915
2746,Zack_2746,Associate,915
2747,Ava_2747,Associate,916
2748,Ben_2748,Associate,916
2749,Chloe_2749,Associate,916
2750,Dylan_2750,Associate,917
2751,Ella_2751,Associate,917
2752,Finn_2752,Associate,917
2753,Alice_2753,Associate,918
2754,Bob_2754,Associate,918
2755,Carol_2755,Associate,918
2756,Dave_2756,Associate,919
2757,Eve_2757,Associate,919
2758,Frank_2758,Associate,919
2759,Grace_2759,Associate,920
2760,Hank_2760,Associate,920
2761,Iris_2761,Associate,920
2762,Jack_2762,Associate,921
2763,Karen_2763,Associate,921
2764,Leo_2764,Associate,921
2765,Maya_2765,Associate,922
2766,Nate_2766,Associate,922
2767,Olivia_2767,Associate,922
2768,Paul_2768,Associate,923
2769,Quinn_2769,Associate,923
2770,Rose_2770,Associate,923
2771,Sam_2771,Associate,924
2772,Tina_2772,Associate,924
2773,Uma_2773,Associate,924
2774,Victor_2774,Associate,925
2775,Wendy_2775,Associate,925
2776,Xander_2776,Associate,925
2777,Yara_2777,Associate,926
2778,Zack_2778,Associate,926
2779,Ava_2779,Associate,926
2780,Ben_2780,Associate,927
2781,Chloe_2781,Associate,927
2782,Dylan_2782,Associate,927
2783,Ella_2783,Associate,928
2784,Finn_2784,Associate,928
2785,Alice_2785,Associate,928
2786,Bob_2786,Associate,929
2787,Carol_2787,Associate,929
2788,Dave_2788,Associate,929
2789,Eve_2789,Associate,930
2790,Frank_2790,Associate,930
2791,Grace_2791,Associate,930
2792,Hank_2792,Associate,931
2793,Iris_2793,Associate,931
2794,Jack_2794,Associate,931
2795,Karen_2795,Associate,932
2796,Leo_2796,Associate,932
2797,Maya_2797,Associate,932
2798,Nate_2798,Associate,933
2799,Olivia_2799,Associate,933
2800,Paul_2800,Associate,933
2801,Quinn_2801,Associate,934
2802,Rose_2802,Associate,934
2803,Sam_2803,Associate,934
2804,Tina_2804,Associate,935
2805,Uma_2805,Associate,935
2806,Victor_2806,Associate,935
2807,Wendy_2807,Associate,936
2808,Xander_2808,Associate,936
2809,Yara_2809,Associate,936
2810,Zack_2810,Associate,937
2811,Ava_2811,Associate,937
2812,Ben_2812,Associate,937
2813,Chloe_2813,Associate,938
2814,Dylan_2814,Associate,938
2815,Ella_2815,Associate,938
2816,Finn_2816,Associate,939
2817,Alice_2817,Associate,939
2818,Bob_2818,Associate,939
2819,Carol_2819,Associate,940
2820,Dave_2820,Associate,940
2821,Eve_2821,Associate,940
2822,Frank_2822,Associate,941
2823,Grace_2823,Associate,941
2824,Hank_2824,Associate,941
2825,Iris_2825,Associate,942
2826,Jack_2826,Associate,942
2827,Karen_2827,Associate,942
2828,Leo_2828,Associate,943
2829,Maya_2829,Associate,943
2830,Nate_2830,Associate,943
2831,Olivia_2831,Associate,944
2832,Paul_2832,Associate,944
2833,Quinn_2833,Associate,944
2834,Rose_2834,Associate,945
2835,Sam_2835,Associate,945
2836,Tina_2836,Associate,945
2837,Uma_2837,Associate,946
2838,Victor_2838,Associate,946
2839,Wendy_2839,Associate,946
2840,Xander_2840,Associate,947
2841,Yara_2841,Associate,947
2842,Zack_2842,Associate,947
2843,Ava_2843,Associate,948
2844,Ben_2844,Associate,948
2845,Chloe_2845,Associate,948
2846,Dylan_2846,Associate,949
2847,Ella_2847,Associate,949
2848,Finn_2848,Associate,949
2849,Alice_2849,Associate,950
2850,Bob_2850,Associate,950
2851,Carol_2851,Associate,950
2852,Dave_2852,Associate,951
2853,Eve_2853,Associate,951
2854,Frank_2854,Associate,951
2855,Grace_2855,Associate,952
2856,Hank_2856,Associate,952
2857,Iris_2857,Associate,952
2858,Jack_2858,Associate,953
2859,Karen_2859,Associate,953
2860,Leo_2860,Associate,953
2861,Maya_2861,Associate,954
2862,Nate_2862,Associate,954
2863,Olivia_2863,Associate,954
2864,Paul_2864,Associate,955
2865,Quinn_2865,Associate,955
2866,Rose_2866,Associate,955
2867,Sam_2867,Associate,956
2868,Tina_2868,Associate,956
2869,Uma_2869,Associate,956
2870,Victor_2870,Associate,957
2871,Wendy_2871,Associate,957
2872,Xander_2872,Associate,957
2873,Yara_2873,Associate,958
2874,Zack_2874,Associate,958
2875,Ava_2875,Associate,958
2876,Ben_2876,Associate,959
2877,Chloe_2877,Associate,959
2878,Dylan_2878,Associate,959
2879,Ella_2879,Associate,960
2880,Finn_2880,Associate,960
2881,Alice_2881,Associate,960
2882,Bob_2882,Associate,961
2883,Carol_2883,Associate,961
2884,Dave_2884,Associate,961
2885,Eve_2885,Associate,962
2886,Frank_2886,Associate,962
2887,Grace_2887,Associate,962
2888,Hank_2888,Associate,963
2889,Iris_2889,Associate,963
2890,Jack_2890,Associate,963
2891,Karen_2891,Associate,964
2892,Leo_2892,Associate,964
2893,Maya_2893,Associate,964
2894,Nate_2894,Associate,965
2895,Olivia_2895,Associate,965
2896,Paul_2896,Associate,965
2897,Quinn_2897,Associate,966
2898,Rose_2898,Associate,966
2899,Sam_2899,Associate,966
2900,Tina_2900,Associate,967
2901,Uma_2901,Associate,967
2902,Victor_2902,Associate,967
2903,Wendy_2903,Associate,968
2904,Xander_2904,Associate,968
2905,Yara_2905,Associate,968
2906,Zack_2906,Associate,969
2907,Ava_2907,Associate,969
2908,Ben_2908,Associate,969
2909,Chloe_2909,Associate,970
2910,Dylan_2910,Associate,970
2911,Ella_2911,Associate,970
2912,Finn_2912,Associate,971
2913,Alice_2913,Associate,971
2914,Bob_2914,Associate,971
2915,Carol_2915,Associate,972
2916,Dave_2916,Associate,972
2917,Eve_2917,Associate,972
2918,Frank_2918,Associate,973
2919,Grace_2919,Associate,973
2920,Hank_2920,Associate,973
2921,Iris_2921,Associate,974
2922,Jack_2922,Associate,974
2923,Karen_2923,Associate,974
2924,Leo_2924,Associate,975
2925,Maya_2925,Associate,975
2926,Nate_2926,Associate,975
2927,Olivia_2927,Associate,976
2928,Paul_2928,Associate,976
2929,Quinn_2929,Associate,976
2930,Rose_2930,Associate,977
2931,Sam_2931,Associate,977
2932,Tina_2932,Associate,977
2933,Uma_2933,Associate,978
2934,Victor_2934,Associate,978
2935,Wendy_2935,Associate,978
2936,Xander_2936,Associate,979
2937,Yara_2937,Associate,979
2938,Zack_2938,Associate,979
2939,Ava_2939,Associate,980
2940,Ben_2940,Associate,980
2941,Chloe_2941,Associate,980
2942,Dylan_2942,Associate,981
2943,Ella_2943,Associate,981
2944,Finn_2944,Associate,981
2945,Alice_2945,Associate,982
2946,Bob_2946,Associate,982
2947,Carol_2947,Associate,982
2948,Dave_2948,Associate,983
2949,Eve_2949,Associate,983
2950,Frank_2950,Associate,983
2951,Grace_2951,Associate,984
2952,Hank_2952,Associate,984
2953,Iris_2953,Associate,984
2954,Jack_2954,Associate,985
2955,Karen_2955,Associate,985
2956,Leo_2956,Associate,985
2957,Maya_2957,Associate,986
2958,Nate_2958,Associate,986
2959,Olivia_2959,Associate,986
2960,Paul_2960,Associate,987
2961,Quinn_2961,Associate,987
2962,Rose_2962,Associate,987
2963,Sam_2963,Associate,988
2964,Tina_2964,Associate,988
2965,Uma_2965,Associate,988
2966,Victor_2966,Associate,989
2967,Wendy_2967,Associate,989
2968,Xander_2968,Associate,989
2969,Yara_2969,Associate,990
2970,Zack_2970,Associate,990
2971,Ava_2971,Associate,990
2972,Ben_2972,Associate,991
2973,Chloe_2973,Associate,991
2974,Dylan_2974,Associate,991
2975,Ella_2975,Associate,992
2976,Finn_2976,Associate,992
2977,Alice_2977,Associate,992
2978,Bob_2978,Associate,993
2979,Carol_2979,Associate,993
2980,Dave_2980,Associate,993
2981,Eve_2981,Associate,994
2982,Frank_2982,Associate,994
2983,Grace_2983,Associate,994
2984,Hank_2984,Associate,995
2985,Iris_2985,Associate,995
2986,Jack_2986,Associate,995
2987,Karen_2987,Associate,996
2988,Leo_2988,Associate,996
2989,Maya_2989,Associate,996
2990,Nate_2990,Associate,997
2991,Olivia_2991,Associate,997
2992,Paul_2992,Associate,997
2993,Quinn_2993,Associate,998
2994,Rose_2994,Associate,998
2995,Sam_2995,Associate,998
2996,Tina_2996,Associate,999
2997,Uma_2997,Associate,999
2998,Victor_2998,Associate,999
2999,Wendy_2999,Associate,1000
3000,Xander_3000,Associate,1000
3001,Yara_3001,Associate,1000
3002,Zack_3002,Associate,1001
3003,Ava_3003,Associate,1001
3004,Ben_3004,Associate,1001
3005,Chloe_3005,Associate,1002
3006,Dylan_3006,Associate,1002
3007,Ella_3007,Associate,1002
3008,Finn_3008,Associate,1003
3009,Alice_3009,Associate,1003
3010,Bob_3010,Associate,1003
3011,Carol_3011,Associate,1004
3012,Dave_3012,Associate,1004
3013,Eve_3013,Associate,1004
3014,Frank_3014,Associate,1005
3015,Grace_3015,Associate,1005
3016,Hank_3016,Associate,1005
3017,Iris_3017,Associate,1006
3018,Jack_3018,Associate,1006
3019,Karen_3019,Associate,1006
3020,Leo_3020,Associate,1007
3021,Maya_3021,Associate,1007
3022,Nate_3022,Associate,1007
3023,Olivia_3023,Associate,1008
3024,Paul_3024,Associate,1008
3025,Quinn_3025,Associate,1008
3026,Rose_3026,Associate,1009
3027,Sam_3027,Associate,1009
3028,Tina_3028,Associate,1009
3029,Uma_3029,Associate,1010
3030,Victor_3030,Associate,1010
3031,Wendy_3031,Associate,1010
3032,Xander_3032,Associate,1011
3033,Yara_3033,Associate,1011
3034,Zack_3034,Associate,1011
3035,Ava_3035,Associate,1012
3036,Ben_3036,Associate,1012
3037,Chloe_3037,Associate,1012
3038,Dylan_3038,Associate,1013
3039,Ella_3039,Associate,1013
3040,Finn_3040,Associate,1013
3041,Alice_3041,Associate,1014
3042,Bob_3042,Associate,1014
3043,Carol_3043,Associate,1014
3044,Dave_3044,Associate,1015
3045,Eve_3045,Associate,1015
3046,Frank_3046,Associate,1015
3047,Grace_3047,Associate,1016
3048,Hank_3048,Associate,1016
3049,Iris_3049,Associate,1016
3050,Jack_3050,Associate,1017
3051,Karen_3051,Associate,1017
3052,Leo_3052,Associate,1017
3053,Maya_3053,Associate,1018
3054,Nate_3054,Associate,1018
3055,Olivia_3055,Associate,1018
3056,Paul_3056,Associate,1019
3057,Quinn_3057,Associate,1019
3058,Rose_3058,Associate,1019
3059,Sam_3059,Associate,1020
3060,Tina_3060,Associate,1020
3061,Uma_3061,Associate,1020
3062,Victor_3062,Associate,1021
3063,Wendy_3063,Associate,1021
3064,Xander_3064,Associate,1021
3065,Yara_3065,Associate,1022
3066,Zack_3066,Associate,1022
3067,Ava_3067,Associate,1022
3068,Ben_3068,Associate,1023
3069,Chloe_3069,Associate,1023
3070,Dylan_3070,Associate,1023
3071,Ella_3071,Associate,1024
3072,Finn_3072,Associate,1024
3073,Alice_3073,Associate,1024
3074,Bob_3074,Associate,1025
3075,Carol_3075,Associate,1025
3076,Dave_3076,Associate,1025
3077,Eve_3077,Associate,1026
3078,Frank_3078,Associate,1026
3079,Grace_3079,Associate,1026
3080,Hank_3080,Associate,1027
3081,Iris_3081,Associate,1027
3082,Jack_3082,Associate,1027
3083,Karen_3083,Associate,1028
3084,Leo_3084,Associate,1028
3085,Maya_3085,Associate,1028
3086,Nate_3086,Associate,1029
3087,Olivia_3087,Associate,1029
3088,Paul_3088,Associate,1029
3089,Quinn_3089,Associate,1030
3090,Rose_3090,Associate,1030
3091,Sam_3091,Associate,1030
3092,Tina_3092,Associate,1031
3093,Uma_3093,Associate,1031
3094,Victor_3094,Associate,1031
3095,Wendy_3095,Associate,1032
3096,Xander_3096,Associate,1032
3097,Yara_3097,Associate,1032
3098,Zack_3098,Associate,1033
3099,Ava_3099,Associate,1033
3100,Ben_3100,Associate,1033
3101,Chloe_3101,Associate,1034
3102,Dylan_3102,Associate,1034
3103,Ella_3103,Associate,1034
3104,Finn_3104,Associate,1035
3105,Alice_3105,Associate,1035
3106,Bob_3106,Associate,1035
3107,Carol_3107,Associate,1036
3108,Dave_3108,Associate,1036
3109,Eve_3109,Associate,1036
3110,Frank_3110,Associate,1037
3111,Grace_3111,Associate,1037
3112,Hank_3112,Associate,1037
3113,Iris_3113,Associate,1038
3114,Jack_3114,Associate,1038
3115,Karen_3115,Associate,1038
3116,Leo_3116,Associate,1039
3117,Maya_3117,Associate,1039
3118,Nate_3118,Associate,1039
3119,Olivia_3119,Associate,1040
3120,Paul_3120,Associate,1040
3121,Quinn_3121,Associate,1040
3122,Rose_3122,Associate,1041
3123,Sam_3123,Associate,1041
3124,Tina_3124,Associate,1041
3125,Uma_3125,Associate,1042
3126,Victor_3126,Associate,1042
3127,Wendy_3127,Associate,1042
3128,Xander_3128,Associate,1043
3129,Yara_3129,Associate,1043
3130,Zack_3130,Associate,1043
3131,Ava_3131,Associate,1044
3132,Ben_3132,Associate,1044
3133,Chloe_3133,Associate,1044
3134,Dylan_3134,Associate,1045
3135,Ella_3135,Associate,1045
3136,Finn_3136,Associate,1045
3137,Alice_3137,Associate,1046
3138,Bob_3138,Associate,1046
3139,Carol_3139,Associate,1046
3140,Dave_3140,Associate,1047
3141,Eve_3141,Associate,1047
3142,Frank_3142,Associate,1047
3143,Grace_3143,Associate,1048
3144,Hank_3144,Associate,1048
3145,Iris_3145,Associate,1048
3146,Jack_3146,Associate,1049
3147,Karen_3147,Associate,1049
3148,Leo_3148,Associate,1049
3149,Maya_3149,Associate,1050
3150,Nate_3150,Associate,1050
3151,Olivia_3151,Associate,1050
3152,Paul_3152,Associate,1051
3153,Quinn_3153,Associate,1051
3154,Rose_3154,Associate,1051
3155,Sam_3155,Associate,1052
3156,Tina_3156,Associate,1052
3157,Uma_3157,Associate,1052
3158,Victor_3158,Associate,1053
3159,Wendy_3159,Associate,1053
3160,Xander_3160,Associate,1053
3161,Yara_3161,Associate,1054
3162,Zack_3162,Associate,1054
3163,Ava_3163,Associate,1054
3164,Ben_3164,Associate,1055
3165,Chloe_3165,Associate,1055
3166,Dylan_3166,Associate,1055
3167,Ella_3167,Associate,1056
3168,Finn_3168,Associate,1056
3169,Alice_3169,Associate,1056
3170,Bob_3170,Associate,1057
3171,Carol_3171,Associate,1057
3172,Dave_3172,Associate,1057
3173,Eve_3173,Associate,1058
3174,Frank_3174,Associate,1058
3175,Grace_3175,Associate,1058
3176,Hank_3176,Associate,1059
3177,Iris_3177,Associate,1059
3178,Jack_3178,Associate,1059
3179,Karen_3179,Associate,1060
3180,Leo_3180,Associate,1060
3181,Maya_3181,Associate,1060
3182,Nate_3182,Associate,1061
3183,Olivia_3183,Associate,1061
3184,Paul_3184,Associate,1061
3185,Quinn_3185,Associate,1062
3186,Rose_3186,Associate,1062
3187,Sam_3187,Associate,1062
3188,Tina_3188,Associate,1063
3189,Uma_3189,Associate,1063
3190,Victor_3190,Associate,1063
3191,Wendy_3191,Associate,1064
3192,Xander_3192,Associate,1064
3193,Yara_3193,Associate,1064
3194,Zack_3194,Associate,1065
3195,Ava_3195,Associate,1065
3196,Ben_3196,Associate,1065
3197,Chloe_3197,Associate,1066
3198,Dylan_3198,Associate,1066
3199,Ella_3199,Associate,1066
3200,Finn_3200,Associate,1067
3201,Alice_3201,Associate,1067
3202,Bob_3202,Associate,1067
3203,Carol_3203,Associate,1068
3204,Dave_3204,Associate,1068
3205,Eve_3205,Associate,1068
3206,Frank_3206,Associate,1069
3207,Grace_3207,Associate,1069
3208,Hank_3208,Associate,1069
3209,Iris_3209,Associate,1070
3210,Jack_3210,Associate,1070
3211,Karen_3211,Associate,1070
3212,Leo_3212,Associate,1071
3213,Maya_3213,Associate,1071
3214,Nate_3214,Associate,1071
3215,Olivia_3215,Associate,1072
3216,Paul_3216,Associate,1072
3217,Quinn_3217,Associate,1072
3218,Rose_3218,Associate,1073
3219,Sam_3219,Associate,1073
3220,Tina_3220,Associate,1073
3221,Uma_3221,Associate,1074
3222,Victor_3222,Associate,1074
3223,Wendy_3223,Associate,1074
3224,Xander_3224,Associate,1075
3225,Yara_3225,Associate,1075
3226,Zack_3226,Associate,1075
3227,Ava_3227,Associate,1076
3228,Ben_3228,Associate,1076
3229,Chloe_3229,Associate,1076
3230,Dylan_3230,Associate,1077
3231,Ella_3231,Associate,1077
3232,Finn_3232,Associate,1077
3233,Alice_3233,Associate,1078
3234,Bob_3234,Associate,1078
3235,Carol_3235,Associate,1078
3236,Dave_3236,Associate,1079
3237,Eve_3237,Associate,1079
3238,Frank_3238,Associate,1079
3239,Grace_3239,Associate,1080
3240,Hank_3240,Associate,1080
3241,Iris_3241,Associate,1080
3242,Jack_3242,Associate,1081
3243,Karen_3243,Associate,1081
3244,Leo_3244,Associate,1081
3245,Maya_3245,Associate,1082
3246,Nate_3246,Associate,1082
3247,Olivia_3247,Associate,1082
3248,Paul_3248,Associate,1083
3249,Quinn_3249,Associate,1083
3250,Rose_3250,Associate,1083
3251,Sam_3251,Associate,1084
3252,Tina_3252,Associate,1084
3253,Uma_3253,Associate,1084
3254,Victor_3254,Associate,1085
3255,Wendy_3255,Associate,1085
3256,Xander_3256,Associate,1085
3257,Yara_3257,Associate,1086
3258,Zack_3258,Associate,1086
3259,Ava_3259,Associate,1086
3260,Ben_3260,Associate,1087
3261,Chloe_3261,Associate,1087
3262,Dylan_3262,Associate,1087
3263,Ella_3263,Associate,1088
3264,Finn_3264,Associate,1088
3265,Alice_3265,Associate,1088
3266,Bob_3266,Associate,1089
3267,Carol_3267,Associate,1089
3268,Dave_3268,Associate,1089
3269,Eve_3269,Associate,1090
3270,Frank_3270,Associate,1090
3271,Grace_3271,Associate,1090
3272,Hank_3272,Associate,1091
3273,Iris_3273,Associate,1091
3274,Jack_3274,Associate,1091
3275,Karen_3275,Associate,1092
3276,Leo_3276,Associate,1092
3277,Maya_3277,Associate,1092
3278,Nate_3278,Associate,1093
3279,Olivia_3279,Associate,1093
3280,Paul_3280,Associate,1093
3281,Quinn_3281,Junior Associate,1094
3282,Rose_3282,Junior Associate,1094
3283,Sam_3283,Junior Associate,1094
3284,Tina_3284,Junior Associate,1095
3285,Uma_3285,Junior Associate,1095
3286,Victor_3286,Junior Associate,1095
3287,Wendy_3287,Junior Associate,1096
3288,Xander_3288,Junior Associate,1096
3289,Yara_3289,Junior Associate,1096
3290,Zack_3290,Junior Associate,1097
3291,Ava_3291,Junior Associate,1097
3292,Ben_3292,Junior Associate,1097
3293,Chloe_3293,Junior Associate,1098
3294,Dylan_3294,Junior Associate,1098
3295,Ella_3295,Junior Associate,1098
3296,Finn_3296,Junior Associate,1099
3297,Alice_3297,Junior Associate,1099
3298,Bob_3298,Junior Associate,1099
3299,Carol_3299,Junior Associate,1100
3300,Dave_3300,Junior Associate,1100
3301,Eve_3301,Junior Associate,1100
3302,Frank_3302,Junior Associate,1101
3303,Grace_3303,Junior Associate,1101
3304,Hank_3304,Junior Associate,1101
3305,Iris_3305,Junior Associate,1102
3306,Jack_3306,Junior Associate,1102
3307,Karen_3307,Junior Associate,1102
3308,Leo_3308,Junior Associate,1103
3309,Maya_3309,Junior Associate,1103
3310,Nate_3310,Junior Associate,1103
3311,Olivia_3311,Junior Associate,1104
3312,Paul_3312,Junior Associate,1104
3313,Quinn_3313,Junior Associate,1104
3314,Rose_3314,Junior Associate,1105
3315,Sam_3315,Junior Associate,1105
3316,Tina_3316,Junior Associate,1105
3317,Uma_3317,Junior Associate,1106
3318,Victor_3318,Junior Associate,1106
3319,Wendy_3319,Junior Associate,1106
3320,Xander_3320,Junior Associate,1107
3321,Yara_3321,Junior Associate,1107
3322,Zack_3322,Junior Associate,1107
3323,Ava_3323,Junior Associate,1108
3324,Ben_3324,Junior Associate,1108
3325,Chloe_3325,Junior Associate,1108
3326,Dylan_3326,Junior Associate,1109
3327,Ella_3327,Junior Associate,1109
3328,Finn_3328,Junior Associate,1109
3329,Alice_3329,Junior Associate,1110
3330,Bob_3330,Junior Associate,1110
3331,Carol_3331,Junior Associate,1110
3332,Dave_3332,Junior Associate,1111
3333,Eve_3333,Junior Associate,1111
3334,Frank_3334,Junior Associate,1111
3335,Grace_3335,Junior Associate,1112
3336,Hank_3336,Junior Associate,1112
3337,Iris_3337,Junior Associate,1112
3338,Jack_3338,Junior Associate,1113
3339,Karen_3339,Junior Associate,1113
3340,Leo_3340,Junior Associate,1113
3341,Maya_3341,Junior Associate,1114
3342,Nate_3342,Junior Associate,1114
3343,Olivia_3343,Junior Associate,1114
3344,Paul_3344,Junior Associate,1115
3345,Quinn_3345,Junior Associate,1115
3346,Rose_3346,Junior Associate,1115
3347,Sam_3347,Junior Associate,1116
3348,Tina_3348,Junior Associate,1116
3349,Uma_3349,Junior Associate,1116
3350,Victor_3350,Junior Associate,1117
3351,Wendy_3351,Junior Associate,1117
3352,Xander_3352,Junior Associate,1117
3353,Yara_3353,Junior Associate,1118
3354,Zack_3354,Junior Associate,1118
3355,Ava_3355,Junior Associate,1118
3356,Ben_3356,Junior Associate,1119
3357,Chloe_3357,Junior Associate,1119
3358,Dylan_3358,Junior Associate,1119
3359,Ella_3359,Junior Associate,1120
3360,Finn_3360,Junior Associate,1120
3361,Alice_3361,Junior Associate,1120
3362,Bob_3362,Junior Associate,1121
3363,Carol_3363,Junior Associate,1121
3364,Dave_3364,Junior Associate,1121
3365,Eve_3365,Junior Associate,1122
3366,Frank_3366,Junior Associate,1122
3367,Grace_3367,Junior Associate,1122
3368,Hank_3368,Junior Associate,1123
3369,Iris_3369,Junior Associate,1123
3370,Jack_3370,Junior Associate,1123
3371,Karen_3371,Junior Associate,1124
3372,Leo_3372,Junior Associate,1124
3373,Maya_3373,Junior Associate,1124
3374,Nate_3374,Junior Associate,1125
3375,Olivia_3375,Junior Associate,1125
3376,Paul_3376,Junior Associate,1125
3377,Quinn_3377,Junior Associate,1126
3378,Rose_3378,Junior Associate,1126
3379,Sam_3379,Junior Associate,1126
3380,Tina_3380,Junior Associate,1127
3381,Uma_3381,Junior Associate,1127
3382,Victor_3382,Junior Associate,1127
3383,Wendy_3383,Junior Associate,1128
3384,Xander_3384,Junior Associate,1128
3385,Yara_3385,Junior Associate,1128
3386,Zack_3386,Junior Associate,1129
3387,Ava_3387,Junior Associate,1129
3388,Ben_3388,Junior Associate,1129
3389,Chloe_3389,Junior Associate,1130
3390,Dylan_3390,Junior Associate,1130
3391,Ella_3391,Junior Associate,1130
3392,Finn_3392,Junior Associate,1131
3393,Alice_3393,Junior Associate,1131
3394,Bob_3394,Junior Associate,1131
3395,Carol_3395,Junior Associate,1132
3396,Dave_3396,Junior Associate,1132
3397,Eve_3397,Junior Associate,1132
3398,Frank_3398,Junior Associate,1133
3399,Grace_3399,Junior Associate,1133
3400,Hank_3400,Junior Associate,1133
3401,Iris_3401,Junior Associate,1134
3402,Jack_3402,Junior Associate,1134
3403,Karen_3403,Junior Associate,1134
3404,Leo_3404,Junior Associate,1135
3405,Maya_3405,Junior Associate,1135
3406,Nate_3406,Junior Associate,1135
3407,Olivia_3407,Junior Associate,1136
3408,Paul_3408,Junior Associate,1136
3409,Quinn_3409,Junior Associate,1136
3410,Rose_3410,Junior Associate,1137
3411,Sam_3411,Junior Associate,1137
3412,Tina_3412,Junior Associate,1137
3413,Uma_3413,Junior Associate,1138
3414,Victor_3414,Junior Associate,1138
3415,Wendy_3415,Junior Associate,1138
3416,Xander_3416,Junior Associate,1139
3417,Yara_3417,Junior Associate,1139
3418,Zack_3418,Junior Associate,1139
3419,Ava_3419,Junior Associate,1140
3420,Ben_3420,Junior Associate,1140
3421,Chloe_3421,Junior Associate,1140
3422,Dylan_3422,Junior Associate,1141
3423,Ella_3423,Junior Associate,1141
3424,Finn_3424,Junior Associate,1141
3425,Alice_3425,Junior Associate,1142
3426,Bob_3426,Junior Associate,1142
3427,Carol_3427,Junior Associate,1142
3428,Dave_3428,Junior Associate,1143
3429,Eve_3429,Junior Associate,1143
3430,Frank_3430,Junior Associate,1143
3431,Grace_3431,Junior Associate,1144
3432,Hank_3432,Junior Associate,1144
3433,Iris_3433,Junior Associate,1144
3434,Jack_3434,Junior Associate,1145
3435,Karen_3435,Junior Associate,1145
3436,Leo_3436,Junior Associate,1145
3437,Maya_3437,Junior Associate,1146
3438,Nate_3438,Junior Associate,1146
3439,Olivia_3439,Junior Associate,1146
3440,Paul_3440,Junior Associate,1147
3441,Quinn_3441,Junior Associate,1147
3442,Rose_3442,Junior Associate,1147
3443,Sam_3443,Junior Associate,1148
3444,Tina_3444,Junior Associate,1148
3445,Uma_3445,Junior Associate,1148
3446,Victor_3446,Junior Associate,1149
3447,Wendy_3447,Junior Associate,1149
3448,Xander_3448,Junior Associate,1149
3449,Yara_3449,Junior Associate,1150
3450,Zack_3450,Junior Associate,1150
3451,Ava_3451,Junior Associate,1150
3452,Ben_3452,Junior Associate,1151
3453,Chloe_3453,Junior Associate,1151
3454,Dylan_3454,Junior Associate,1151
3455,Ella_3455,Junior Associate,1152
3456,Finn_3456,Junior Associate,1152
3457,Alice_3457,Junior Associate,1152
3458,Bob_3458,Junior Associate,1153
3459,Carol_3459,Junior Associate,1153
3460,Dave_3460,Junior Associate,1153
3461,Eve_3461,Junior Associate,1154
3462,Frank_3462,Junior Associate,1154
3463,Grace_3463,Junior Associate,1154
3464,Hank_3464,Junior Associate,1155
3465,Iris_3465,Junior Associate,1155
3466,Jack_3466,Junior Associate,1155
3467,Karen_3467,Junior Associate,1156
3468,Leo_3468,Junior Associate,1156
3469,Maya_3469,Junior Associate,1156
3470,Nate_3470,Junior Associate,1157
3471,Olivia_3471,Junior Associate,1157
3472,Paul_3472,Junior Associate,1157
3473,Quinn_3473,Junior Associate,1158
3474,Rose_3474,Junior Associate,1158
3475,Sam_3475,Junior Associate,1158
3476,Tina_3476,Junior Associate,1159
3477,Uma_3477,Junior Associate,1159
3478,Victor_3478,Junior Associate,1159
3479,Wendy_3479,Junior Associate,1160
3480,Xander_3480,Junior Associate,1160
3481,Yara_3481,Junior Associate,1160
3482,Zack_3482,Junior Associate,1161
3483,Ava_3483,Junior Associate,1161
3484,Ben_3484,Junior Associate,1161
3485,Chloe_3485,Junior Associate,1162
3486,Dylan_3486,Junior Associate,1162
3487,Ella_3487,Junior Associate,1162
3488,Finn_3488,Junior Associate,1163
3489,Alice_3489,Junior Associate,1163
3490,Bob_3490,Junior Associate,1163
3491,Carol_3491,Junior Associate,1164
3492,Dave_3492,Junior Associate,1164
3493,Eve_3493,Junior Associate,1164
3494,Frank_3494,Junior Associate,1165
3495,Grace_3495,Junior Associate,1165
3496,Hank_3496,Junior Associate,1165
3497,Iris_3497,Junior Associate,1166
3498,Jack_3498,Junior Associate,1166
3499,Karen_3499,Junior Associate,1166
3500,Leo_3500,Junior Associate,1167
3501,Maya_3501,Junior Associate,1167
3502,Nate_3502,Junior Associate,1167
3503,Olivia_3503,Junior Associate,1168
3504,Paul_3504,Junior Associate,1168
3505,Quinn_3505,Junior Associate,1168
3506,Rose_3506,Junior Associate,1169
3507,Sam_3507,Junior Associate,1169
3508,Tina_3508,Junior Associate,1169
3509,Uma_3509,Junior Associate,1170
3510,Victor_3510,Junior Associate,1170
3511,Wendy_3511,Junior Associate,1170
3512,Xander_3512,Junior Associate,1171
3513,Yara_3513,Junior Associate,1171
3514,Zack_3514,Junior Associate,1171
3515,Ava_3515,Junior Associate,1172
3516,Ben_3516,Junior Associate,1172
3517,Chloe_3517,Junior Associate,1172
3518,Dylan_3518,Junior Associate,1173
3519,Ella_3519,Junior Associate,1173
3520,Finn_3520,Junior Associate,1173
3521,Alice_3521,Junior Associate,1174
3522,Bob_3522,Junior Associate,1174
3523,Carol_3523,Junior Associate,1174
3524,Dave_3524,Junior Associate,1175
3525,Eve_3525,Junior Associate,1175
3526,Frank_3526,Junior Associate,1175
3527,Grace_3527,Junior Associate,1176
3528,Hank_3528,Junior Associate,1176
3529,Iris_3529,Junior Associate,1176
3530,Jack_3530,Junior Associate,1177
3531,Karen_3531,Junior Associate,1177
3532,Leo_3532,Junior Associate,1177
3533,Maya_3533,Junior Associate,1178
3534,Nate_3534,Junior Associate,1178
3535,Olivia_3535,Junior Associate,1178
3536,Paul_3536,Junior Associate,1179
3537,Quinn_3537,Junior Associate,1179
3538,Rose_3538,Junior Associate,1179
3539,Sam_3539,Junior Associate,1180
3540,Tina_3540,Junior Associate,1180
3541,Uma_3541,Junior Associate,1180
3542,Victor_3542,Junior Associate,1181
3543,Wendy_3543,Junior Associate,1181
3544,Xander_3544,Junior Associate,1181
3545,Yara_3545,Junior Associate,1182
3546,Zack_3546,Junior Associate,1182
3547,Ava_3547,Junior Associate,1182
3548,Ben_3548,Junior Associate,1183
3549,Chloe_3549,Junior Associate,1183
3550,Dylan_3550,Junior Associate,1183
3551,Ella_3551,Junior Associate,1184
3552,Finn_3552,Junior Associate,1184
3553,Alice_3553,Junior Associate,1184
3554,Bob_3554,Junior Associate,1185
3555,Carol_3555,Junior Associate,1185
3556,Dave_3556,Junior Associate,1185
3557,Eve_3557,Junior Associate,1186
3558,Frank_3558,Junior Associate,1186
3559,Grace_3559,Junior Associate,1186
3560,Hank_3560,Junior Associate,1187
3561,Iris_3561,Junior Associate,1187
3562,Jack_3562,Junior Associate,1187
3563,Karen_3563,Junior Associate,1188
3564,Leo_3564,Junior Associate,1188
3565,Maya_3565,Junior Associate,1188
3566,Nate_3566,Junior Associate,1189
3567,Olivia_3567,Junior Associate,1189
3568,Paul_3568,Junior Associate,1189
3569,Quinn_3569,Junior Associate,1190
3570,Rose_3570,Junior Associate,1190
3571,Sam_3571,Junior Associate,1190
3572,Tina_3572,Junior Associate,1191
3573,Uma_3573,Junior Associate,1191
3574,Victor_3574,Junior Associate,1191
3575,Wendy_3575,Junior Associate,1192
3576,Xander_3576,Junior Associate,1192
3577,Yara_3577,Junior Associate,1192
3578,Zack_3578,Junior Associate,1193
3579,Ava_3579,Junior Associate,1193
3580,Ben_3580,Junior Associate,1193
3581,Chloe_3581,Junior Associate,1194
3582,Dylan_3582,Junior Associate,1194
3583,Ella_3583,Junior Associate,1194
3584,Finn_3584,Junior Associate,1195
3585,Alice_3585,Junior Associate,1195
3586,Bob_3586,Junior Associate,1195
3587,Carol_3587,Junior Associate,1196
3588,Dave_3588,Junior Associate,1196
3589,Eve_3589,Junior Associate,1196
3590,Frank_3590,Junior Associate,1197
3591,Grace_3591,Junior Associate,1197
3592,Hank_3592,Junior Associate,1197
3593,Iris_3593,Junior Associate,1198
3594,Jack_3594,Junior Associate,1198
3595,Karen_3595,Junior Associate,1198
3596,Leo_3596,Junior Associate,1199
3597,Maya_3597,Junior Associate,1199
3598,Nate_3598,Junior Associate,1199
3599,Olivia_3599,Junior Associate,1200
3600,Paul_3600,Junior Associate,1200
3601,Quinn_3601,Junior Associate,1200
3602,Rose_3602,Junior Associate,1201
3603,Sam_3603,Junior Associate,1201
3604,Tina_3604,Junior Associate,1201
3605,Uma_3605,Junior Associate,1202
3606,Victor_3606,Junior Associate,1202
3607,Wendy_3607,Junior Associate,1202
3608,Xander_3608,Junior Associate,1203
3609,Yara_3609,Junior Associate,1203
3610,Zack_3610,Junior Associate,1203
3611,Ava_3611,Junior Associate,1204
3612,Ben_3612,Junior Associate,1204
3613,Chloe_3613,Junior Associate,1204
3614,Dylan_3614,Junior Associate,1205
3615,Ella_3615,Junior Associate,1205
3616,Finn_3616,Junior Associate,1205
3617,Alice_3617,Junior Associate,1206
3618,Bob_3618,Junior Associate,1206
3619,Carol_3619,Junior Associate,1206
3620,Dave_3620,Junior Associate,1207
3621,Eve_3621,Junior Associate,1207
3622,Frank_3622,Junior Associate,1207
3623,Grace_3623,Junior Associate,1208
3624,Hank_3624,Junior Associate,1208
3625,Iris_3625,Junior Associate,1208
3626,Jack_3626,Junior Associate,1209
3627,Karen_3627,Junior Associate,1209
3628,Leo_3628,Junior Associate,1209
3629,Maya_3629,Junior Associate,1210
3630,Nate_3630,Junior Associate,1210
3631,Olivia_3631,Junior Associate,1210
3632,Paul_3632,Junior Associate,1211
3633,Quinn_3633,Junior Associate,1211
3634,Rose_3634,Junior Associate,1211
3635,Sam_3635,Junior Associate,1212
3636,Tina_3636,Junior Associate,1212
3637,Uma_3637,Junior Associate,1212
3638,Victor_3638,Junior Associate,1213
3639,Wendy_3639,Junior Associate,1213
3640,Xander_3640,Junior Associate,1213
3641,Yara_3641,Junior Associate,1214
3642,Zack_3642,Junior Associate,1214
3643,Ava_3643,Junior Associate,1214
3644,Ben_3644,Junior Associate,1215
3645,Chloe_3645,Junior Associate,1215
3646,Dylan_3646,Junior Associate,1215
3647,Ella_3647,Junior Associate,1216
3648,Finn_3648,Junior Associate,1216
3649,Alice_3649,Junior Associate,1216
3650,Bob_3650,Junior Associate,1217
3651,Carol_3651,Junior Associate,1217
3652,Dave_3652,Junior Associate,1217
3653,Eve_3653,Junior Associate,1218
3654,Frank_3654,Junior Associate,1218
3655,Grace_3655,Junior Associate,1218
3656,Hank_3656,Junior Associate,1219
3657,Iris_3657,Junior Associate,1219
3658,Jack_3658,Junior Associate,1219
3659,Karen_3659,Junior Associate,1220
3660,Leo_3660,Junior Associate,1220
3661,Maya_3661,Junior Associate,1220
3662,Nate_3662,Junior Associate,1221
3663,Olivia_3663,Junior Associate,1221
3664,Paul_3664,Junior Associate,1221
3665,Quinn_3665,Junior Associate,1222
3666,Rose_3666,Junior Associate,1222
3667,Sam_3667,Junior Associate,1222
3668,Tina_3668,Junior Associate,1223
3669,Uma_3669,Junior Associate,1223
3670,Victor_3670,Junior Associate,1223
3671,Wendy_3671,Junior Associate,1224
3672,Xander_3672,Junior Associate,1224
3673,Yara_3673,Junior Associate,1224
3674,Zack_3674,Junior Associate,1225
3675,Ava_3675,Junior Associate,1225
3676,Ben_3676,Junior Associate,1225
3677,Chloe_3677,Junior Associate,1226
3678,Dylan_3678,Junior Associate,1226
3679,Ella_3679,Junior Associate,1226
3680,Finn_3680,Junior Associate,1227
3681,Alice_3681,Junior Associate,1227
3682,Bob_3682,Junior Associate,1227
3683,Carol_3683,Junior Associate,1228
3684,Dave_3684,Junior Associate,1228
3685,Eve_3685,Junior Associate,1228
3686,Frank_3686,Junior Associate,1229
3687,Grace_3687,Junior Associate,1229
3688,Hank_3688,Junior Associate,1229
3689,Iris_3689,Junior Associate,1230
3690,Jack_3690,Junior Associate,1230
3691,Karen_3691,Junior Associate,1230
3692,Leo_3692,Junior Associate,1231
3693,Maya_3693,Junior Associate,1231
3694,Nate_3694,Junior Associate,1231
3695,Olivia_3695,Junior Associate,1232
3696,Paul_3696,Junior Associate,1232
3697,Quinn_3697,Junior Associate,1232
3698,Rose_3698,Junior Associate,1233
3699,Sam_3699,Junior Associate,1233
3700,Tina_3700,Junior Associate,1233
3701,Uma_3701,Junior Associate,1234
3702,Victor_3702,Junior Associate,1234
3703,Wendy_3703,Junior Associate,1234
3704,Xander_3704,Junior Associate,1235
3705,Yara_3705,Junior Associate,1235
3706,Zack_3706,Junior Associate,1235
3707,Ava_3707,Junior Associate,1236
3708,Ben_3708,Junior Associate,1236
3709,Chloe_3709,Junior Associate,1236
3710,Dylan_3710,Junior Associate,1237
3711,Ella_3711,Junior Associate,1237
3712,Finn_3712,Junior Associate,1237
3713,Alice_3713,Junior Associate,1238
3714,Bob_3714,Junior Associate,1238
3715,Carol_3715,Junior Associate,1238
3716,Dave_3716,Junior Associate,1239
3717,Eve_3717,Junior Associate,1239
3718,Frank_3718,Junior Associate,1239
3719,Grace_3719,Junior Associate,1240
3720,Hank_3720,Junior Associate,1240
3721,Iris_3721,Junior Associate,1240
3722,Jack_3722,Junior Associate,1241
3723,Karen_3723,Junior Associate,1241
3724,Leo_3724,Junior Associate,1241
3725,Maya_3725,Junior Associate,1242
3726,Nate_3726,Junior Associate,1242
3727,Olivia_3727,Junior Associate,1242
3728,Paul_3728,Junior Associate,1243
3729,Quinn_3729,Junior Associate,1243
3730,Rose_3730,Junior Associate,1243
3731,Sam_3731,Junior Associate,1244
3732,Tina_3732,Junior Associate,1244
3733,Uma_3733,Junior Associate,1244
3734,Victor_3734,Junior Associate,1245
3735,Wendy_3735,Junior Associate,1245
3736,Xander_3736,Junior Associate,1245
3737,Yara_3737,Junior Associate,1246
3738,Zack_3738,Junior Associate,1246
3739,Ava_3739,Junior Associate,1246
3740,Ben_3740,Junior Associate,1247
3741,Chloe_3741,Junior Associate,1247
3742,Dylan_3742,Junior Associate,1247
3743,Ella_3743,Junior Associate,1248
3744,Finn_3744,Junior Associate,1248
3745,Alice_3745,Junior Associate,1248
3746,Bob_3746,Junior Associate,1249
3747,Carol_3747,Junior Associate,1249
3748,Dave_3748,Junior Associate,1249
3749,Eve_3749,Junior Associate,1250
3750,Frank_3750,Junior Associate,1250
3751,Grace_3751,Junior Associate,1250
3752,Hank_3752,Junior Associate,1251
3753,Iris_3753,Junior Associate,1251
3754,Jack_3754,Junior Associate,1251
3755,Karen_3755,Junior Associate,1252
3756,Leo_3756,Junior Associate,1252
3757,Maya_3757,Junior Associate,1252
3758,Nate_3758,Junior Associate,1253
3759,Olivia_3759,Junior Associate,1253
3760,Paul_3760,Junior Associate,1253
3761,Quinn_3761,Junior Associate,1254
3762,Rose_3762,Junior Associate,1254
3763,Sam_3763,Junior Associate,1254
3764,Tina_3764,Junior Associate,1255
3765,Uma_3765,Junior Associate,1255
3766,Victor_3766,Junior Associate,1255
3767,Wendy_3767,Junior Associate,1256
3768,Xander_3768,Junior Associate,1256
3769,Yara_3769,Junior Associate,1256
3770,Zack_3770,Junior Associate,1257
3771,Ava_3771,Junior Associate,1257
3772,Ben_3772,Junior Associate,1257
3773,Chloe_3773,Junior Associate,1258
3774,Dylan_3774,Junior Associate,1258
3775,Ella_3775,Junior Associate,1258
3776,Finn_3776,Junior Associate,1259
3777,Alice_3777,Junior Associate,1259
3778,Bob_3778,Junior Associate,1259
3779,Carol_3779,Junior Associate,1260
3780,Dave_3780,Junior Associate,1260
3781,Eve_3781,Junior Associate,1260
3782,Frank_3782,Junior Associate,1261
3783,Grace_3783,Junior Associate,1261
3784,Hank_3784,Junior Associate,1261
3785,Iris_3785,Junior Associate,1262
3786,Jack_3786,Junior Associate,1262
3787,Karen_3787,Junior Associate,1262
3788,Leo_3788,Junior Associate,1263
3789,Maya_3789,Junior Associate,1263
3790,Nate_3790,Junior Associate,1263
3791,Olivia_3791,Junior Associate,1264
3792,Paul_3792,Junior Associate,1264
3793,Quinn_3793,Junior Associate,1264
3794,Rose_3794,Junior Associate,1265
3795,Sam_3795,Junior Associate,1265
3796,Tina_3796,Junior Associate,1265
3797,Uma_3797,Junior Associate,1266
3798,Victor_3798,Junior Associate,1266
3799,Wendy_3799,Junior Associate,1266
3800,Xander_3800,Junior Associate,1267
3801,Yara_3801,Junior Associate,1267
3802,Zack_3802,Junior Associate,1267
3803,Ava_3803,Junior Associate,1268
3804,Ben_3804,Junior Associate,1268
3805,Chloe_3805,Junior Associate,1268
3806,Dylan_3806,Junior Associate,1269
3807,Ella_3807,Junior Associate,1269
3808,Finn_3808,Junior Associate,1269
3809,Alice_3809,Junior Associate,1270
3810,Bob_3810,Junior Associate,1270
3811,Carol_3811,Junior Associate,1270
3812,Dave_3812,Junior Associate,1271
3813,Eve_3813,Junior Associate,1271
3814,Frank_3814,Junior Associate,1271
3815,Grace_3815,Junior Associate,1272
3816,Hank_3816,Junior Associate,1272
3817,Iris_3817,Junior Associate,1272
3818,Jack_3818,Junior Associate,1273
3819,Karen_3819,Junior Associate,1273
3820,Leo_3820,Junior Associate,1273
3821,Maya_3821,Junior Associate,1274
3822,Nate_3822,Junior Associate,1274
3823,Olivia_3823,Junior Associate,1274
3824,Paul_3824,Junior Associate,1275
3825,Quinn_3825,Junior Associate,1275
3826,Rose_3826,Junior Associate,1275
3827,Sam_3827,Junior Associate,1276
3828,Tina_3828,Junior Associate,1276
3829,Uma_3829,Junior Associate,1276
3830,Victor_3830,Junior Associate,1277
3831,Wendy_3831,Junior Associate,1277
3832,Xander_3832,Junior Associate,1277
3833,Yara_3833,Junior Associate,1278
3834,Zack_3834,Junior Associate,1278
3835,Ava_3835,Junior Associate,1278
3836,Ben_3836,Junior Associate,1279
3837,Chloe_3837,Junior Associate,1279
3838,Dylan_3838,Junior Associate,1279
3839,Ella_3839,Junior Associate,1280
3840,Finn_3840,Junior Associate,1280
3841,Alice_3841,Junior Associate,1280
3842,Bob_3842,Junior Associate,1281
3843,Carol_3843,Junior Associate,1281
3844,Dave_3844,Junior Associate,1281
3845,Eve_3845,Junior Associate,1282
3846,Frank_3846,Junior Associate,1282
3847,Grace_3847,Junior Associate,1282
3848,Hank_3848,Junior Associate,1283
3849,Iris_3849,Junior Associate,1283
3850,Jack_3850,Junior Associate,1283
3851,Karen_3851,Junior Associate,1284
3852,Leo_3852,Junior Associate,1284
3853,Maya_3853,Junior Associate,1284
3854,Nate_3854,Junior Associate,1285
3855,Olivia_3855,Junior Associate,1285
3856,Paul_3856,Junior Associate,1285
3857,Quinn_3857,Junior Associate,1286
3858,Rose_3858,Junior Associate,1286
3859,Sam_3859,Junior Associate,1286
3860,Tina_3860,Junior Associate,1287
3861,Uma_3861,Junior Associate,1287
3862,Victor_3862,Junior Associate,1287
3863,Wendy_3863,Junior Associate,1288
3864,Xander_3864,Junior Associate,1288
3865,Yara_3865,Junior Associate,1288
3866,Zack_3866,Junior Associate,1289
3867,Ava_3867,Junior Associate,1289
3868,Ben_3868,Junior Associate,1289
3869,Chloe_3869,Junior Associate,1290
3870,Dylan_3870,Junior Associate,1290
3871,Ella_3871,Junior Associate,1290
3872,Finn_3872,Junior Associate,1291
3873,Alice_3873,Junior Associate,1291
3874,Bob_3874,Junior Associate,1291
3875,Carol_3875,Junior Associate,1292
3876,Dave_3876,Junior Associate,1292
3877,Eve_3877,Junior Associate,1292
3878,Frank_3878,Junior Associate,1293
3879,Grace_3879,Junior Associate,1293
3880,Hank_3880,Junior Associate,1293
3881,Iris_3881,Junior Associate,1294
3882,Jack_3882,Junior Associate,1294
3883,Karen_3883,Junior Associate,1294
3884,Leo_3884,Junior Associate,1295
3885,Maya_3885,Junior Associate,1295
3886,Nate_3886,Junior Associate,1295
3887,Olivia_3887,Junior Associate,1296
3888,Paul_3888,Junior Associate,1296
3889,Quinn_3889,Junior Associate,1296
3890,Rose_3890,Junior Associate,1297
3891,Sam_3891,Junior Associate,1297
3892,Tina_3892,Junior Associate,1297
3893,Uma_3893,Junior Associate,1298
3894,Victor_3894,Junior Associate,1298
3895,Wendy_3895,Junior Associate,1298
3896,Xander_3896,Junior Associate,1299
3897,Yara_3897,Junior Associate,1299
3898,Zack_3898,Junior Associate,1299
3899,Ava_3899,Junior Associate,1300
3900,Ben_3900,Junior Associate,1300
3901,Chloe_3901,Junior Associate,1300
3902,Dylan_3902,Junior Associate,1301
3903,Ella_3903,Junior Associate,1301
3904,Finn_3904,Junior Associate,1301
3905,Alice_3905,Junior Associate,1302
3906,Bob_3906,Junior Associate,1302
3907,Carol_3907,Junior Associate,1302
3908,Dave_3908,Junior Associate,1303
3909,Eve_3909,Junior Associate,1303
3910,Frank_3910,Junior Associate,1303
3911,Grace_3911,Junior Associate,1304
3912,Hank_3912,Junior Associate,1304
3913,Iris_3913,Junior Associate,1304
3914,Jack_3914,Junior Associate,1305
3915,Karen_3915,Junior Associate,1305
3916,Leo_3916,Junior Associate,1305
3917,Maya_3917,Junior Associate,1306
3918,Nate_3918,Junior Associate,1306
3919,Olivia_3919,Junior Associate,1306
3920,Paul_3920,Junior Associate,1307
3921,Quinn_3921,Junior Associate,1307
3922,Rose_3922,Junior Associate,1307
3923,Sam_3923,Junior Associate,1308
3924,Tina_3924,Junior Associate,1308
3925,Uma_3925,Junior Associate,1308
3926,Victor_3926,Junior Associate,1309
3927,Wendy_3927,Junior Associate,1309
3928,Xander_3928,Junior Associate,1309
3929,Yara_3929,Junior Associate,1310
3930,Zack_3930,Junior Associate,1310
3931,Ava_3931,Junior Associate,1310
3932,Ben_3932,Junior Associate,1311
3933,Chloe_3933,Junior Associate,1311
3934,Dylan_3934,Junior Associate,1311
3935,Ella_3935,Junior Associate,1312
3936,Finn_3936,Junior Associate,1312
3937,Alice_3937,Junior Associate,1312
3938,Bob_3938,Junior Associate,1313
3939,Carol_3939,Junior Associate,1313
3940,Dave_3940,Junior Associate,1313
3941,Eve_3941,Junior Associate,1314
3942,Frank_3942,Junior Associate,1314
3943,Grace_3943,Junior Associate,1314
3944,Hank_3944,Junior Associate,1315
3945,Iris_3945,Junior Associate,1315
3946,Jack_3946,Junior Associate,1315
3947,Karen_3947,Junior Associate,1316
3948,Leo_3948,Junior Associate,1316
3949,Maya_3949,Junior Associate,1316
3950,Nate_3950,Junior Associate,1317
3951,Olivia_3951,Junior Associate,1317
3952,Paul_3952,Junior Associate,1317
3953,Quinn_3953,Junior Associate,1318
3954,Rose_3954,Junior Associate,1318
3955,Sam_3955,Junior Associate,1318
3956,Tina_3956,Junior Associate,1319
3957,Uma_3957,Junior Associate,1319
3958,Victor_3958,Junior Associate,1319
3959,Wendy_3959,Junior Associate,1320
3960,Xander_3960,Junior Associate,1320
3961,Yara_3961,Junior Associate,1320
3962,Zack_3962,Junior Associate,1321
3963,Ava_3963,Junior Associate,1321
3964,Ben_3964,Junior Associate,1321
3965,Chloe_3965,Junior Associate,1322
3966,Dylan_3966,Junior Associate,1322
3967,Ella_3967,Junior Associate,1322
3968,Finn_3968,Junior Associate,1323
3969,Alice_3969,Junior Associate,1323
3970,Bob_3970,Junior Associate,1323
3971,Carol_3971,Junior Associate,1324
3972,Dave_3972,Junior Associate,1324
3973,Eve_3973,Junior Associate,1324
3974,Frank_3974,Junior Associate,1325
3975,Grace_3975,Junior Associate,1325
3976,Hank_3976,Junior Associate,1325
3977,Iris_3977,Junior Associate,1326
3978,Jack_3978,Junior Associate,1326
3979,Karen_3979,Junior Associate,1326
3980,Leo_3980,Junior Associate,1327
3981,Maya_3981,Junior Associate,1327
3982,Nate_3982,Junior Associate,1327
3983,Olivia_3983,Junior Associate,1328
3984,Paul_3984,Junior Associate,1328
3985,Quinn_3985,Junior Associate,1328
3986,Rose_3986,Junior Associate,1329
3987,Sam_3987,Junior Associate,1329
3988,Tina_3988,Junior Associate,1329
3989,Uma_3989,Junior Associate,1330
3990,Victor_3990,Junior Associate,1330
3991,Wendy_3991,Junior Associate,1330
3992,Xander_3992,Junior Associate,1331
3993,Yara_3993,Junior Associate,1331
3994,Zack_3994,Junior Associate,1331
3995,Ava_3995,Junior Associate,1332
3996,Ben_3996,Junior Associate,1332
3997,Chloe_3997,Junior Associate,1332
3998,Dylan_3998,Junior Associate,1333
3999,Ella_3999,Junior Associate,1333
4000,Finn_4000,Junior Associate,1333
4001,Alice_4001,Junior Associate,1334
4002,Bob_4002,Junior Associate,1334
4003,Carol_4003,Junior Associate,1334
4004,Dave_4004,Junior Associate,1335
4005,Eve_4005,Junior Associate,1335
4006,Frank_4006,Junior Associate,1335
4007,Grace_4007,Junior Associate,1336
4008,Hank_4008,Junior Associate,1336
4009,Iris_4009,Junior Associate,1336
4010,Jack_4010,Junior Associate,1337
4011,Karen_4011,Junior Associate,1337
4012,Leo_4012,Junior Associate,1337
4013,Maya_4013,Junior Associate,1338
4014,Nate_4014,Junior Associate,1338
4015,Olivia_4015,Junior Associate,1338
4016,Paul_4016,Junior Associate,1339
4017,Quinn_4017,Junior Associate,1339
4018,Rose_4018,Junior Associate,1339
4019,Sam_4019,Junior Associate,1340
4020,Tina_4020,Junior Associate,1340
4021,Uma_4021,Junior Associate,1340
4022,Victor_4022,Junior Associate,1341
4023,Wendy_4023,Junior Associate,1341
4024,Xander_4024,Junior Associate,1341
4025,Yara_4025,Junior Associate,1342
4026,Zack_4026,Junior Associate,1342
4027,Ava_4027,Junior Associate,1342
4028,Ben_4028,Junior Associate,1343
4029,Chloe_4029,Junior Associate,1343
4030,Dylan_4030,Junior Associate,1343
4031,Ella_4031,Junior Associate,1344
4032,Finn_4032,Junior Associate,1344
4033,Alice_4033,Junior Associate,1344
4034,Bob_4034,Junior Associate,1345
4035,Carol_4035,Junior Associate,1345
4036,Dave_4036,Junior Associate,1345
4037,Eve_4037,Junior Associate,1346
4038,Frank_4038,Junior Associate,1346
4039,Grace_4039,Junior Associate,1346
4040,Hank_4040,Junior Associate,1347
4041,Iris_4041,Junior Associate,1347
4042,Jack_4042,Junior Associate,1347
4043,Karen_4043,Junior Associate,1348
4044,Leo_4044,Junior Associate,1348
4045,Maya_4045,Junior Associate,1348
4046,Nate_4046,Junior Associate,1349
4047,Olivia_4047,Junior Associate,1349
4048,Paul_4048,Junior Associate,1349
4049,Quinn_4049,Junior Associate,1350
4050,Rose_4050,Junior Associate,1350
4051,Sam_4051,Junior Associate,1350
4052,Tina_4052,Junior Associate,1351
4053,Uma_4053,Junior Associate,1351
4054,Victor_4054,Junior Associate,1351
4055,Wendy_4055,Junior Associate,1352
4056,Xander_4056,Junior Associate,1352
4057,Yara_4057,Junior Associate,1352
4058,Zack_4058,Junior Associate,1353
4059,Ava_4059,Junior Associate,1353
4060,Ben_4060,Junior Associate,1353
4061,Chloe_4061,Junior Associate,1354
4062,Dylan_4062,Junior Associate,1354
4063,Ella_4063,Junior Associate,1354
4064,Finn_4064,Junior Associate,1355
4065,Alice_4065,Junior Associate,1355
4066,Bob_4066,Junior Associate,1355
4067,Carol_4067,Junior Associate,1356
4068,Dave_4068,Junior Associate,1356
4069,Eve_4069,Junior Associate,1356
4070,Frank_4070,Junior Associate,1357
4071,Grace_4071,Junior Associate,1357
4072,Hank_4072,Junior Associate,1357
4073,Iris_4073,Junior Associate,1358
4074,Jack_4074,Junior Associate,1358
4075,Karen_4075,Junior Associate,1358
4076,Leo_4076,Junior Associate,1359
4077,Maya_4077,Junior Associate,1359
4078,Nate_4078,Junior Associate,1359
4079,Olivia_4079,Junior Associate,1360
4080,Paul_4080,Junior Associate,1360
4081,Quinn_4081,Junior Associate,1360
4082,Rose_4082,Junior Associate,1361
4083,Sam_4083,Junior Associate,1361
4084,Tina_4084,Junior Associate,1361
4085,Uma_4085,Junior Associate,1362
4086,Victor_4086,Junior Associate,1362
4087,Wendy_4087,Junior Associate,1362
4088,Xander_4088,Junior Associate,1363
4089,Yara_4089,Junior Associate,1363
4090,Zack_4090,Junior Associate,1363
4091,Ava_4091,Junior Associate,1364
4092,Ben_4092,Junior Associate,1364
4093,Chloe_4093,Junior Associate,1364
4094,Dylan_4094,Junior Associate,1365
4095,Ella_4095,Junior Associate,1365
4096,Finn_4096,Junior Associate,1365
4097,Alice_4097,Junior Associate,1366
4098,Bob_4098,Junior Associate,1366
4099,Carol_4099,Junior Associate,1366
4100,Dave_4100,Junior Associate,1367
4101,Eve_4101,Junior Associate,1367
4102,Frank_4102,Junior Associate,1367
4103,Grace_4103,Junior Associate,1368
4104,Hank_4104,Junior Associate,1368
4105,Iris_4105,Junior Associate,1368
4106,Jack_4106,Junior Associate,1369
4107,Karen_4107,Junior Associate,1369
4108,Leo_4108,Junior Associate,1369
4109,Maya_4109,Junior Associate,1370
4110,Nate_4110,Junior Associate,1370
4111,Olivia_4111,Junior Associate,1370
4112,Paul_4112,Junior Associate,1371
4113,Quinn_4113,Junior Associate,1371
4114,Rose_4114,Junior Associate,1371
4115,Sam_4115,Junior Associate,1372
4116,Tina_4116,Junior Associate,1372
4117,Uma_4117,Junior Associate,1372
4118,Victor_4118,Junior Associate,1373
4119,Wendy_4119,Junior Associate,1373
4120,Xander_4120,Junior Associate,1373
4121,Yara_4121,Junior Associate,1374
4122,Zack_4122,Junior Associate,1374
4123,Ava_4123,Junior Associate,1374
4124,Ben_4124,Junior Associate,1375
4125,Chloe_4125,Junior Associate,1375
4126,Dylan_4126,Junior Associate,1375
4127,Ella_4127,Junior Associate,1376
4128,Finn_4128,Junior Associate,1376
4129,Alice_4129,Junior Associate,1376
4130,Bob_4130,Junior Associate,1377
4131,Carol_4131,Junior Associate,1377
4132,Dave_4132,Junior Associate,1377
4133,Eve_4133,Junior Associate,1378
4134,Frank_4134,Junior Associate,1378
4135,Grace_4135,Junior Associate,1378
4136,Hank_4136,Junior Associate,1379
4137,Iris_4137,Junior Associate,1379
4138,Jack_4138,Junior Associate,1379
4139,Karen_4139,Junior Associate,1380
4140,Leo_4140,Junior Associate,1380
4141,Maya_4141,Junior Associate,1380
4142,Nate_4142,Junior Associate,1381
4143,Olivia_4143,Junior Associate,1381
4144,Paul_4144,Junior Associate,1381
4145,Quinn_4145,Junior Associate,1382
4146,Rose_4146,Junior Associate,1382
4147,Sam_4147,Junior Associate,1382
4148,Tina_4148,Junior Associate,1383
4149,Uma_4149,Junior Associate,1383
4150,Victor_4150,Junior Associate,1383
4151,Wendy_4151,Junior Associate,1384
4152,Xander_4152,Junior Associate,1384
4153,Yara_4153,Junior Associate,1384
4154,Zack_4154,Junior Associate,1385
4155,Ava_4155,Junior Associate,1385
4156,Ben_4156,Junior Associate,1385
4157,Chloe_4157,Junior Associate,1386
4158,Dylan_4158,Junior Associate,1386
4159,Ella_4159,Junior Associate,1386
4160,Finn_4160,Junior Associate,1387
4161,Alice_4161,Junior Associate,1387
4162,Bob_4162,Junior Associate,1387
4163,Carol_4163,Junior Associate,1388
4164,Dave_4164,Junior Associate,1388
4165,Eve_4165,Junior Associate,1388
4166,Frank_4166,Junior Associate,1389
4167,Grace_4167,Junior Associate,1389
4168,Hank_4168,Junior Associate,1389
4169,Iris_4169,Junior Associate,1390
4170,Jack_4170,Junior Associate,1390
4171,Karen_4171,Junior Associate,1390
4172,Leo_4172,Junior Associate,1391
4173,Maya_4173,Junior Associate,1391
4174,Nate_4174,Junior Associate,1391
4175,Olivia_4175,Junior Associate,1392
4176,Paul_4176,Junior Associate,1392
4177,Quinn_4177,Junior Associate,1392
4178,Rose_4178,Junior Associate,1393
4179,Sam_4179,Junior Associate,1393
4180,Tina_4180,Junior Associate,1393
4181,Uma_4181,Junior Associate,1394
4182,Victor_4182,Junior Associate,1394
4183,Wendy_4183,Junior Associate,1394
4184,Xander_4184,Junior Associate,1395
4185,Yara_4185,Junior Associate,1395
4186,Zack_4186,Junior Associate,1395
4187,Ava_4187,Junior Associate,1396
4188,Ben_4188,Junior Associate,1396
4189,Chloe_4189,Junior Associate,1396
4190,Dylan_4190,Junior Associate,1397
4191,Ella_4191,Junior Associate,1397
4192,Finn_4192,Junior Associate,1397
4193,Alice_4193,Junior Associate,1398
4194,Bob_4194,Junior Associate,1398
4195,Carol_4195,Junior Associate,1398
4196,Dave_4196,Junior Associate,1399
4197,Eve_4197,Junior Associate,1399
4198,Frank_4198,Junior Associate,1399
4199,Grace_4199,Junior Associate,1400
4200,Hank_4200,Junior Associate,1400
4201,Iris_4201,Junior Associate,1400
4202,Jack_4202,Junior Associate,1401
4203,Karen_4203,Junior Associate,1401
4204,Leo_4204,Junior Associate,1401
4205,Maya_4205,Junior Associate,1402
4206,Nate_4206,Junior Associate,1402
4207,Olivia_4207,Junior Associate,1402
4208,Paul_4208,Junior Associate,1403
4209,Quinn_4209,Junior Associate,1403
4210,Rose_4210,Junior Associate,1403
4211,Sam_4211,Junior Associate,1404
4212,Tina_4212,Junior Associate,1404
4213,Uma_4213,Junior Associate,1404
4214,Victor_4214,Junior Associate,1405
4215,Wendy_4215,Junior Associate,1405
4216,Xander_4216,Junior Associate,1405
4217,Yara_4217,Junior Associate,1406
4218,Zack_4218,Junior Associate,1406
4219,Ava_4219,Junior Associate,1406
4220,Ben_4220,Junior Associate,1407
4221,Chloe_4221,Junior Associate,1407
4222,Dylan_4222,Junior Associate,1407
4223,Ella_4223,Junior Associate,1408
4224,Finn_4224,Junior Associate,1408
4225,Alice_4225,Junior Associate,1408
4226,Bob_4226,Junior Associate,1409
4227,Carol_4227,Junior Associate,1409
4228,Dave_4228,Junior Associate,1409
4229,Eve_4229,Junior Associate,1410
4230,Frank_4230,Junior Associate,1410
4231,Grace_4231,Junior Associate,1410
4232,Hank_4232,Junior Associate,1411
4233,Iris_4233,Junior Associate,1411
4234,Jack_4234,Junior Associate,1411
4235,Karen_4235,Junior Associate,1412
4236,Leo_4236,Junior Associate,1412
4237,Maya_4237,Junior Associate,1412
4238,Nate_4238,Junior Associate,1413
4239,Olivia_4239,Junior Associate,1413
4240,Paul_4240,Junior Associate,1413
4241,Quinn_4241,Junior Associate,1414
4242,Rose_4242,Junior Associate,1414
4243,Sam_4243,Junior Associate,1414
4244,Tina_4244,Junior Associate,1415
4245,Uma_4245,Junior Associate,1415
4246,Victor_4246,Junior Associate,1415
4247,Wendy_4247,Junior Associate,1416
4248,Xander_4248,Junior Associate,1416
4249,Yara_4249,Junior Associate,1416
4250,Zack_4250,Junior Associate,1417
4251,Ava_4251,Junior Associate,1417
4252,Ben_4252,Junior Associate,1417
4253,Chloe_4253,Junior Associate,1418
4254,Dylan_4254,Junior Associate,1418
4255,Ella_4255,Junior Associate,1418
4256,Finn_4256,Junior Associate,1419
4257,Alice_4257,Junior Associate,1419
4258,Bob_4258,Junior Associate,1419
4259,Carol_4259,Junior Associate,1420
4260,Dave_4260,Junior Associate,1420
4261,Eve_4261,Junior Associate,1420
4262,Frank_4262,Junior Associate,1421
4263,Grace_4263,Junior Associate,1421
4264,Hank_4264,Junior Associate,1421
4265,Iris_4265,Junior Associate,1422
4266,Jack_4266,Junior Associate,1422
4267,Karen_4267,Junior Associate,1422
4268,Leo_4268,Junior Associate,1423
4269,Maya_4269,Junior Associate,1423
4270,Nate_4270,Junior Associate,1423
4271,Olivia_4271,Junior Associate,1424
4272,Paul_4272,Junior Associate,1424
4273,Quinn_4273,Junior Associate,1424
4274,Rose_4274,Junior Associate,1425
4275,Sam_4275,Junior Associate,1425
4276,Tina_4276,Junior Associate,1425
4277,Uma_4277,Junior Associate,1426
4278,Victor_4278,Junior Associate,1426
4279,Wendy_4279,Junior Associate,1426
4280,Xander_4280,Junior Associate,1427
4281,Yara_4281,Junior Associate,1427
4282,Zack_4282,Junior Associate,1427
4283,Ava_4283,Junior Associate,1428
4284,Ben_4284,Junior Associate,1428
4285,Chloe_4285,Junior Associate,1428
4286,Dylan_4286,Junior Associate,1429
4287,Ella_4287,Junior Associate,1429
4288,Finn_4288,Junior Associate,1429
4289,Alice_4289,Junior Associate,1430
4290,Bob_4290,Junior Associate,1430
4291,Carol_4291,Junior Associate,1430
4292,Dave_4292,Junior Associate,1431
4293,Eve_4293,Junior Associate,1431
4294,Frank_4294,Junior Associate,1431
4295,Grace_4295,Junior Associate,1432
4296,Hank_4296,Junior Associate,1432
4297,Iris_4297,Junior Associate,1432
4298,Jack_4298,Junior Associate,1433
4299,Karen_4299,Junior Associate,1433
4300,Leo_4300,Junior Associate,1433
4301,Maya_4301,Junior Associate,1434
4302,Nate_4302,Junior Associate,1434
4303,Olivia_4303,Junior Associate,1434
4304,Paul_4304,Junior Associate,1435
4305,Quinn_4305,Junior Associate,1435
4306,Rose_4306,Junior Associate,1435
4307,Sam_4307,Junior Associate,1436
4308,Tina_4308,Junior Associate,1436
4309,Uma_4309,Junior Associate,1436
4310,Victor_4310,Junior Associate,1437
4311,Wendy_4311,Junior Associate,1437
4312,Xander_4312,Junior Associate,1437
4313,Yara_4313,Junior Associate,1438
4314,Zack_4314,Junior Associate,1438
4315,Ava_4315,Junior Associate,1438
4316,Ben_4316,Junior Associate,1439
4317,Chloe_4317,Junior Associate,1439
4318,Dylan_4318,Junior Associate,1439
4319,Ella_4319,Junior Associate,1440
4320,Finn_4320,Junior Associate,1440
4321,Alice_4321,Junior Associate,1440
4322,Bob_4322,Junior Associate,1441
4323,Carol_4323,Junior Associate,1441
4324,Dave_4324,Junior Associate,1441
4325,Eve_4325,Junior Associate,1442
4326,Frank_4326,Junior Associate,1442
4327,Grace_4327,Junior Associate,1442
4328,Hank_4328,Junior Associate,1443
4329,Iris_4329,Junior Associate,1443
4330,Jack_4330,Junior Associate,1443
4331,Karen_4331,Junior Associate,1444
4332,Leo_4332,Junior Associate,1444
4333,Maya_4333,Junior Associate,1444
4334,Nate_4334,Junior Associate,1445
4335,Olivia_4335,Junior Associate,1445
4336,Paul_4336,Junior Associate,1445
4337,Quinn_4337,Junior Associate,1446
4338,Rose_4338,Junior Associate,1446
4339,Sam_4339,Junior Associate,1446
4340,Tina_4340,Junior Associate,1447
4341,Uma_4341,Junior Associate,1447
4342,Victor_4342,Junior Associate,1447
4343,Wendy_4343,Junior Associate,1448
4344,Xander_4344,Junior Associate,1448
4345,Yara_4345,Junior Associate,1448
4346,Zack_4346,Junior Associate,1449
4347,Ava_4347,Junior Associate,1449
4348,Ben_4348,Junior Associate,1449
4349,Chloe_4349,Junior Associate,1450
4350,Dylan_4350,Junior Associate,1450
4351,Ella_4351,Junior Associate,1450
4352,Finn_4352,Junior Associate,1451
4353,Alice_4353,Junior Associate,1451
4354,Bob_4354,Junior Associate,1451
4355,Carol_4355,Junior Associate,1452
4356,Dave_4356,Junior Associate,1452
4357,Eve_4357,Junior Associate,1452
4358,Frank_4358,Junior Associate,1453
4359,Grace_4359,Junior Associate,1453
4360,Hank_4360,Junior Associate,1453
4361,Iris_4361,Junior Associate,1454
4362,Jack_4362,Junior Associate,1454
4363,Karen_4363,Junior Associate,1454
4364,Leo_4364,Junior Associate,1455
4365,Maya_4365,Junior Associate,1455
4366,Nate_4366,Junior Associate,1455
4367,Olivia_4367,Junior Associate,1456
4368,Paul_4368,Junior Associate,1456
4369,Quinn_4369,Junior Associate,1456
4370,Rose_4370,Junior Associate,1457
4371,Sam_4371,Junior Associate,1457
4372,Tina_4372,Junior Associate,1457
4373,Uma_4373,Junior Associate,1458
4374,Victor_4374,Junior Associate,1458
4375,Wendy_4375,Junior Associate,1458
4376,Xander_4376,Junior Associate,1459
4377,Yara_4377,Junior Associate,1459
4378,Zack_4378,Junior Associate,1459
4379,Ava_4379,Junior Associate,1460
4380,Ben_4380,Junior Associate,1460
4381,Chloe_4381,Junior Associate,1460
4382,Dylan_4382,Junior Associate,1461
4383,Ella_4383,Junior Associate,1461
4384,Finn_4384,Junior Associate,1461
4385,Alice_4385,Junior Associate,1462
4386,Bob_4386,Junior Associate,1462
4387,Carol_4387,Junior Associate,1462
4388,Dave_4388,Junior Associate,1463
4389,Eve_4389,Junior Associate,1463
4390,Frank_4390,Junior Associate,1463
4391,Grace_4391,Junior Associate,1464
4392,Hank_4392,Junior Associate,1464
4393,Iris_4393,Junior Associate,1464
4394,Jack_4394,Junior Associate,1465
4395,Karen_4395,Junior Associate,1465
4396,Leo_4396,Junior Associate,1465
4397,Maya_4397,Junior Associate,1466
4398,Nate_4398,Junior Associate,1466
4399,Olivia_4399,Junior Associate,1466
4400,Paul_4400,Junior Associate,1467
4401,Quinn_4401,Junior Associate,1467
4402,Rose_4402,Junior Associate,1467
4403,Sam_4403,Junior Associate,1468
4404,Tina_4404,Junior Associate,1468
4405,Uma_4405,Junior Associate,1468
4406,Victor_4406,Junior Associate,1469
4407,Wendy_4407,Junior Associate,1469
4408,Xander_4408,Junior Associate,1469
4409,Yara_4409,Junior Associate,1470
4410,Zack_4410,Junior Associate,1470
4411,Ava_4411,Junior Associate,1470
4412,Ben_4412,Junior Associate,1471
4413,Chloe_4413,Junior Associate,1471
4414,Dylan_4414,Junior Associate,1471
4415,Ella_4415,Junior Associate,1472
4416,Finn_4416,Junior Associate,1472
4417,Alice_4417,Junior Associate,1472
4418,Bob_4418,Junior Associate,1473
4419,Carol_4419,Junior Associate,1473
4420,Dave_4420,Junior Associate,1473
4421,Eve_4421,Junior Associate,1474
4422,Frank_4422,Junior Associate,1474
4423,Grace_4423,Junior Associate,1474
4424,Hank_4424,Junior Associate,1475
4425,Iris_4425,Junior Associate,1475
4426,Jack_4426,Junior Associate,1475
4427,Karen_4427,Junior Associate,1476
4428,Leo_4428,Junior Associate,1476
4429,Maya_4429,Junior Associate,1476
4430,Nate_4430,Junior Associate,1477
4431,Olivia_4431,Junior Associate,1477
4432,Paul_4432,Junior Associate,1477
4433,Quinn_4433,Junior Associate,1478
4434,Rose_4434,Junior Associate,1478
4435,Sam_4435,Junior Associate,1478
4436,Tina_4436,Junior Associate,1479
4437,Uma_4437,Junior Associate,1479
4438,Victor_4438,Junior Associate,1479
4439,Wendy_4439,Junior Associate,1480
4440,Xander_4440,Junior Associate,1480
4441,Yara_4441,Junior Associate,1480
4442,Zack_4442,Junior Associate,1481
4443,Ava_4443,Junior Associate,1481
4444,Ben_4444,Junior Associate,1481
4445,Chloe_4445,Junior Associate,1482
4446,Dylan_4446,Junior Associate,1482
4447,Ella_4447,Junior Associate,1482
4448,Finn_4448,Junior Associate,1483
4449,Alice_4449,Junior Associate,1483
4450,Bob_4450,Junior Associate,1483
4451,Carol_4451,Junior Associate,1484
4452,Dave_4452,Junior Associate,1484
4453,Eve_4453,Junior Associate,1484
4454,Frank_4454,Junior Associate,1485
4455,Grace_4455,Junior Associate,1485
4456,Hank_4456,Junior Associate,1485
4457,Iris_4457,Junior Associate,1486
4458,Jack_4458,Junior Associate,1486
4459,Karen_4459,Junior Associate,1486
4460,Leo_4460,Junior Associate,1487
4461,Maya_4461,Junior Associate,1487
4462,Nate_4462,Junior Associate,1487
4463,Olivia_4463,Junior Associate,1488
4464,Paul_4464,Junior Associate,1488
4465,Quinn_4465,Junior Associate,1488
4466,Rose_4466,Junior Associate,1489
4467,Sam_4467,Junior Associate,1489
4468,Tina_4468,Junior Associate,1489
4469,Uma_4469,Junior Associate,1490
4470,Victor_4470,Junior Associate,1490
4471,Wendy_4471,Junior Associate,1490
4472,Xander_4472,Junior Associate,1491
4473,Yara_4473,Junior Associate,1491
4474,Zack_4474,Junior Associate,1491
4475,Ava_4475,Junior Associate,1492
4476,Ben_4476,Junior Associate,1492
4477,Chloe_4477,Junior Associate,1492
4478,Dylan_4478,Junior Associate,1493
4479,Ella_4479,Junior Associate,1493
4480,Finn_4480,Junior Associate,1493
4481,Alice_4481,Junior Associate,1494
4482,Bob_4482,Junior Associate,1494
4483,Carol_4483,Junior Associate,1494
4484,Dave_4484,Junior Associate,1495
4485,Eve_4485,Junior Associate,1495
4486,Frank_4486,Junior Associate,1495
4487,Grace_4487,Junior Associate,1496
4488,Hank_4488,Junior Associate,1496
4489,Iris_4489,Junior Associate,1496
4490,Jack_4490,Junior Associate,1497
4491,Karen_4491,Junior Associate,1497
4492,Leo_4492,Junior Associate,1497
4493,Maya_4493,Junior Associate,1498
4494,Nate_4494,Junior Associate,1498
4495,Olivia_4495,Junior Associate,1498
4496,Paul_4496,Junior Associate,1499
4497,Quinn_4497,Junior Associate,1499
4498,Rose_4498,Junior Associate,1499
4499,Sam_4499,Junior Associate,1500
4500,Tina_4500,Junior Associate,1500
4501,Uma_4501,Junior Associate,1500
4502,Victor_4502,Junior Associate,1501
4503,Wendy_4503,Junior Associate,1501
4504,Xander_4504,Junior Associate,1501
4505,Yara_4505,Junior Associate,1502
4506,Zack_4506,Junior Associate,1502
4507,Ava_4507,Junior Associate,1502
4508,Ben_4508,Junior Associate,1503
4509,Chloe_4509,Junior Associate,1503
4510,Dylan_4510,Junior Associate,1503
4511,Ella_4511,Junior Associate,1504
4512,Finn_4512,Junior Associate,1504
4513,Alice_4513,Junior Associate,1504
4514,Bob_4514,Junior Associate,1505
4515,Carol_4515,Junior Associate,1505
4516,Dave_4516,Junior Associate,1505
4517,Eve_4517,Junior Associate,1506
4518,Frank_4518,Junior Associate,1506
4519,Grace_4519,Junior Associate,1506
4520,Hank_4520,Junior Associate,1507
4521,Iris_4521,Junior Associate,1507
4522,Jack_4522,Junior Associate,1507
4523,Karen_4523,Junior Associate,1508
4524,Leo_4524,Junior Associate,1508
4525,Maya_4525,Junior Associate,1508
4526,Nate_4526,Junior Associate,1509
4527,Olivia_4527,Junior Associate,1509
4528,Paul_4528,Junior Associate,1509
4529,Quinn_4529,Junior Associate,1510
4530,Rose_4530,Junior Associate,1510
4531,Sam_4531,Junior Associate,1510
4532,Tina_4532,Junior Associate,1511
4533,Uma_4533,Junior Associate,1511
4534,Victor_4534,Junior Associate,1511
4535,Wendy_4535,Junior Associate,1512
4536,Xander_4536,Junior Associate,1512
4537,Yara_4537,Junior Associate,1512
4538,Zack_4538,Junior Associate,1513
4539,Ava_4539,Junior Associate,1513
4540,Ben_4540,Junior Associate,1513
4541,Chloe_4541,Junior Associate,1514
4542,Dylan_4542,Junior Associate,1514
4543,Ella_4543,Junior Associate,1514
4544,Finn_4544,Junior Associate,1515
4545,Alice_4545,Junior Associate,1515
4546,Bob_4546,Junior Associate,1515
4547,Carol_4547,Junior Associate,1516
4548,Dave_4548,Junior Associate,1516
4549,Eve_4549,Junior Associate,1516
4550,Frank_4550,Junior Associate,1517
4551,Grace_4551,Junior Associate,1517
4552,Hank_4552,Junior Associate,1517
4553,Iris_4553,Junior Associate,1518
4554,Jack_4554,Junior Associate,1518
4555,Karen_4555,Junior Associate,1518
4556,Leo_4556,Junior Associate,1519
4557,Maya_4557,Junior Associate,1519
4558,Nate_4558,Junior Associate,1519
4559,Olivia_4559,Junior Associate,1520
4560,Paul_4560,Junior Associate,1520
4561,Quinn_4561,Junior Associate,1520
4562,Rose_4562,Junior Associate,1521
4563,Sam_4563,Junior Associate,1521
4564,Tina_4564,Junior Associate,1521
4565,Uma_4565,Junior Associate,1522
4566,Victor_4566,Junior Associate,1522
4567,Wendy_4567,Junior Associate,1522
4568,Xander_4568,Junior Associate,1523
4569,Yara_4569,Junior Associate,1523
4570,Zack_4570,Junior Associate,1523
4571,Ava_4571,Junior Associate,1524
4572,Ben_4572,Junior Associate,1524
4573,Chloe_4573,Junior Associate,1524
4574,Dylan_4574,Junior Associate,1525
4575,Ella_4575,Junior Associate,1525
4576,Finn_4576,Junior Associate,1525
4577,Alice_4577,Junior Associate,1526
4578,Bob_4578,Junior Associate,1526
4579,Carol_4579,Junior Associate,1526
4580,Dave_4580,Junior Associate,1527
4581,Eve_4581,Junior Associate,1527
4582,Frank_4582,Junior Associate,1527
4583,Grace_4583,Junior Associate,1528
4584,Hank_4584,Junior Associate,1528
4585,Iris_4585,Junior Associate,1528
4586,Jack_4586,Junior Associate,1529
4587,Karen_4587,Junior Associate,1529
4588,Leo_4588,Junior Associate,1529
4589,Maya_4589,Junior Associate,1530
4590,Nate_4590,Junior Associate,1530
4591,Olivia_4591,Junior Associate,1530
4592,Paul_4592,Junior Associate,1531
4593,Quinn_4593,Junior Associate,1531
4594,Rose_4594,Junior Associate,1531
4595,Sam_4595,Junior Associate,1532
4596,Tina_4596,Junior Associate,1532
4597,Uma_4597,Junior Associate,1532
4598,Victor_4598,Junior Associate,1533
4599,Wendy_4599,Junior Associate,1533
4600,Xander_4600,Junior Associate,1533
4601,Yara_4601,Junior Associate,1534
4602,Zack_4602,Junior Associate,1534
4603,Ava_4603,Junior Associate,1534
4604,Ben_4604,Junior Associate,1535
4605,Chloe_4605,Junior Associate,1535
4606,Dylan_4606,Junior Associate,1535
4607,Ella_4607,Junior Associate,1536
4608,Finn_4608,Junior Associate,1536
4609,Alice_4609,Junior Associate,1536
4610,Bob_4610,Junior Associate,1537
4611,Carol_4611,Junior Associate,1537
4612,Dave_4612,Junior Associate,1537
4613,Eve_4613,Junior Associate,1538
4614,Frank_4614,Junior Associate,1538
4615,Grace_4615,Junior Associate,1538
4616,Hank_4616,Junior Associate,1539
4617,Iris_4617,Junior Associate,1539
4618,Jack_4618,Junior Associate,1539
4619,Karen_4619,Junior Associate,1540
4620,Leo_4620,Junior Associate,1540
4621,Maya_4621,Junior Associate,1540
4622,Nate_4622,Junior Associate,1541
4623,Olivia_4623,Junior Associate,1541
4624,Paul_4624,Junior Associate,1541
4625,Quinn_4625,Junior Associate,1542
4626,Rose_4626,Junior Associate,1542
4627,Sam_4627,Junior Associate,1542
4628,Tina_4628,Junior Associate,1543
4629,Uma_4629,Junior Associate,1543
4630,Victor_4630,Junior Associate,1543
4631,Wendy_4631,Junior Associate,1544
4632,Xander_4632,Junior Associate,1544
4633,Yara_4633,Junior Associate,1544
4634,Zack_4634,Junior Associate,1545
4635,Ava_4635,Junior Associate,1545
4636,Ben_4636,Junior Associate,1545
4637,Chloe_4637,Junior Associate,1546
4638,Dylan_4638,Junior Associate,1546
4639,Ella_4639,Junior Associate,1546
4640,Finn_4640,Junior Associate,1547
4641,Alice_4641,Junior Associate,1547
4642,Bob_4642,Junior Associate,1547
4643,Carol_4643,Junior Associate,1548
4644,Dave_4644,Junior Associate,1548
4645,Eve_4645,Junior Associate,1548
4646,Frank_4646,Junior Associate,1549
4647,Grace_4647,Junior Associate,1549
4648,Hank_4648,Junior Associate,1549
4649,Iris_4649,Junior Associate,1550
4650,Jack_4650,Junior Associate,1550
4651,Karen_4651,Junior Associate,1550
4652,Leo_4652,Junior Associate,1551
4653,Maya_4653,Junior Associate,1551
4654,Nate_4654,Junior Associate,1551
4655,Olivia_4655,Junior Associate,1552
4656,Paul_4656,Junior Associate,1552
4657,Quinn_4657,Junior Associate,1552
4658,Rose_4658,Junior Associate,1553
4659,Sam_4659,Junior Associate,1553
4660,Tina_4660,Junior Associate,1553
4661,Uma_4661,Junior Associate,1554
4662,Victor_4662,Junior Associate,1554
4663,Wendy_4663,Junior Associate,1554
4664,Xander_4664,Junior Associate,1555
4665,Yara_4665,Junior Associate,1555
4666,Zack_4666,Junior Associate,1555
4667,Ava_4667,Junior Associate,1556
4668,Ben_4668,Junior Associate,1556
4669,Chloe_4669,Junior Associate,1556
4670,Dylan_4670,Junior Associate,1557
4671,Ella_4671,Junior Associate,1557
4672,Finn_4672,Junior Associate,1557
4673,Alice_4673,Junior Associate,1558
4674,Bob_4674,Junior Associate,1558
4675,Carol_4675,Junior Associate,1558
4676,Dave_4676,Junior Associate,1559
4677,Eve_4677,Junior Associate,1559
4678,Frank_4678,Junior Associate,1559
4679,Grace_4679,Junior Associate,1560
4680,Hank_4680,Junior Associate,1560
4681,Iris_4681,Junior Associate,1560
4682,Jack_4682,Junior Associate,1561
4683,Karen_4683,Junior Associate,1561
4684,Leo_4684,Junior Associate,1561
4685,Maya_4685,Junior Associate,1562
4686,Nate_4686,Junior Associate,1562
4687,Olivia_4687,Junior Associate,1562
4688,Paul_4688,Junior Associate,1563
4689,Quinn_4689,Junior Associate,1563
4690,Rose_4690,Junior Associate,1563
4691,Sam_4691,Junior Associate,1564
4692,Tina_4692,Junior Associate,1564
4693,Uma_4693,Junior Associate,1564
4694,Victor_4694,Junior Associate,1565
4695,Wendy_4695,Junior Associate,1565
4696,Xander_4696,Junior Associate,1565
4697,Yara_4697,Junior Associate,1566
4698,Zack_4698,Junior Associate,1566
4699,Ava_4699,Junior Associate,1566
4700,Ben_4700,Junior Associate,1567
4701,Chloe_4701,Junior Associate,1567
4702,Dylan_4702,Junior Associate,1567
4703,Ella_4703,Junior Associate,1568
4704,Finn_4704,Junior Associate,1568
4705,Alice_4705,Junior Associate,1568
4706,Bob_4706,Junior Associate,1569
4707,Carol_4707,Junior Associate,1569
4708,Dave_4708,Junior Associate,1569
4709,Eve_4709,Junior Associate,1570
4710,Frank_4710,Junior Associate,1570
4711,Grace_4711,Junior Associate,1570
4712,Hank_4712,Junior Associate,1571
4713,Iris_4713,Junior Associate,1571
4714,Jack_4714,Junior Associate,1571
4715,Karen_4715,Junior Associate,1572
4716,Leo_4716,Junior Associate,1572
4717,Maya_4717,Junior Associate,1572
4718,Nate_4718,Junior Associate,1573
4719,Olivia_4719,Junior Associate,1573
4720,Paul_4720,Junior Associate,1573
4721,Quinn_4721,Junior Associate,1574
4722,Rose_4722,Junior Associate,1574
4723,Sam_4723,Junior Associate,1574
4724,Tina_4724,Junior Associate,1575
4725,Uma_4725,Junior Associate,1575
4726,Victor_4726,Junior Associate,1575
4727,Wendy_4727,Junior Associate,1576
4728,Xander_4728,Junior Associate,1576
4729,Yara_4729,Junior Associate,1576
4730,Zack_4730,Junior Associate,1577
4731,Ava_4731,Junior Associate,1577
4732,Ben_4732,Junior Associate,1577
4733,Chloe_4733,Junior Associate,1578
4734,Dylan_4734,Junior Associate,1578
4735,Ella_4735,Junior Associate,1578
4736,Finn_4736,Junior Associate,1579
4737,Alice_4737,Junior Associate,1579
4738,Bob_4738,Junior Associate,1579
4739,Carol_4739,Junior Associate,1580
4740,Dave_4740,Junior Associate,1580
4741,Eve_4741,Junior Associate,1580
4742,Frank_4742,Junior Associate,1581
4743,Grace_4743,Junior Associate,1581
4744,Hank_4744,Junior Associate,1581
4745,Iris_4745,Junior Associate,1582
4746,Jack_4746,Junior Associate,1582
4747,Karen_4747,Junior Associate,1582
4748,Leo_4748,Junior Associate,1583
4749,Maya_4749,Junior Associate,1583
4750,Nate_4750,Junior Associate,1583
4751,Olivia_4751,Junior Associate,1584
4752,Paul_4752,Junior Associate,1584
4753,Quinn_4753,Junior Associate,1584
4754,Rose_4754,Junior Associate,1585
4755,Sam_4755,Junior Associate,1585
4756,Tina_4756,Junior Associate,1585
4757,Uma_4757,Junior Associate,1586
4758,Victor_4758,Junior Associate,1586
4759,Wendy_4759,Junior Associate,1586
4760,Xander_4760,Junior Associate,1587
4761,Yara_4761,Junior Associate,1587
4762,Zack_4762,Junior Associate,1587
4763,Ava_4763,Junior Associate,1588
4764,Ben_4764,Junior Associate,1588
4765,Chloe_4765,Junior Associate,1588
4766,Dylan_4766,Junior Associate,1589
4767,Ella_4767,Junior Associate,1589
4768,Finn_4768,Junior Associate,1589
4769,Alice_4769,Junior Associate,1590
4770,Bob_4770,Junior Associate,1590
4771,Carol_4771,Junior Associate,1590
4772,Dave_4772,Junior Associate,1591
4773,Eve_4773,Junior Associate,1591
4774,Frank_4774,Junior Associate,1591
4775,Grace_4775,Junior Associate,1592
4776,Hank_4776,Junior Associate,1592
4777,Iris_4777,Junior Associate,1592
4778,Jack_4778,Junior Associate,1593
4779,Karen_4779,Junior Associate,1593
4780,Leo_4780,Junior Associate,1593
4781,Maya_4781,Junior Associate,1594
4782,Nate_4782,Junior Associate,1594
4783,Olivia_4783,Junior Associate,1594
4784,Paul_4784,Junior Associate,1595
4785,Quinn_4785,Junior Associate,1595
4786,Rose_4786,Junior Associate,1595
4787,Sam_4787,Junior Associate,1596
4788,Tina_4788,Junior Associate,1596
4789,Uma_4789,Junior Associate,1596
4790,Victor_4790,Junior Associate,1597
4791,Wendy_4791,Junior Associate,1597
4792,Xander_4792,Junior Associate,1597
4793,Yara_4793,Junior Associate,1598
4794,Zack_4794,Junior Associate,1598
4795,Ava_4795,Junior Associate,1598
4796,Ben_4796,Junior Associate,1599
4797,Chloe_4797,Junior Associate,1599
4798,Dylan_4798,Junior Associate,1599
4799,Ella_4799,Junior Associate,1600
4800,Finn_4800,Junior Associate,1600
4801,Alice_4801,Junior Associate,1600
4802,Bob_4802,Junior Associate,1601
4803,Carol_4803,Junior Associate,1601
4804,Dave_4804,Junior Associate,1601
4805,Eve_4805,Junior Associate,1602
4806,Frank_4806,Junior Associate,1602
4807,Grace_4807,Junior Associate,1602
4808,Hank_4808,Junior Associate,1603
4809,Iris_4809,Junior Associate,1603
4810,Jack_4810,Junior Associate,1603
4811,Karen_4811,Junior Associate,1604
4812,Leo_4812,Junior Associate,1604
4813,Maya_4813,Junior Associate,1604
4814,Nate_4814,Junior Associate,1605
4815,Olivia_4815,Junior Associate,1605
4816,Paul_4816,Junior Associate,1605
4817,Quinn_4817,Junior Associate,1606
4818,Rose_4818,Junior Associate,1606
4819,Sam_4819,Junior Associate,1606
4820,Tina_4820,Junior Associate,1607
4821,Uma_4821,Junior Associate,1607
4822,Victor_4822,Junior Associate,1607
4823,Wendy_4823,Junior Associate,1608
4824,Xander_4824,Junior Associate,1608
4825,Yara_4825,Junior Associate,1608
4826,Zack_4826,Junior Associate,1609
4827,Ava_4827,Junior Associate,1609
4828,Ben_4828,Junior Associate,1609
4829,Chloe_4829,Junior Associate,1610
4830,Dylan_4830,Junior Associate,1610
4831,Ella_4831,Junior Associate,1610
4832,Finn_4832,Junior Associate,1611
4833,Alice_4833,Junior Associate,1611
4834,Bob_4834,Junior Associate,1611
4835,Carol_4835,Junior Associate,1612
4836,Dave_4836,Junior Associate,1612
4837,Eve_4837,Junior Associate,1612
4838,Frank_4838,Junior Associate,1613
4839,Grace_4839,Junior Associate,1613
4840,Hank_4840,Junior Associate,1613
4841,Iris_4841,Junior Associate,1614
4842,Jack_4842,Junior Associate,1614
4843,Karen_4843,Junior Associate,1614
4844,Leo_4844,Junior Associate,1615
4845,Maya_4845,Junior Associate,1615
4846,Nate_4846,Junior Associate,1615
4847,Olivia_4847,Junior Associate,1616
4848,Paul_4848,Junior Associate,1616
4849,Quinn_4849,Junior Associate,1616
4850,Rose_4850,Junior Associate,1617
4851,Sam_4851,Junior Associate,1617
4852,Tina_4852,Junior Associate,1617
4853,Uma_4853,Junior Associate,1618
4854,Victor_4854,Junior Associate,1618
4855,Wendy_4855,Junior Associate,1618
4856,Xander_4856,Junior Associate,1619
4857,Yara_4857,Junior Associate,1619
4858,Zack_4858,Junior Associate,1619
4859,Ava_4859,Junior Associate,1620
4860,Ben_4860,Junior Associate,1620
4861,Chloe_4861,Junior Associate,1620
4862,Dylan_4862,Junior Associate,1621
4863,Ella_4863,Junior Associate,1621
4864,Finn_4864,Junior Associate,1621
4865,Alice_4865,Junior Associate,1622
4866,Bob_4866,Junior Associate,1622
4867,Carol_4867,Junior Associate,1622
4868,Dave_4868,Junior Associate,1623
4869,Eve_4869,Junior Associate,1623
4870,Frank_4870,Junior Associate,1623
4871,Grace_4871,Junior Associate,1624
4872,Hank_4872,Junior Associate,1624
4873,Iris_4873,Junior Associate,1624
4874,Jack_4874,Junior Associate,1625
4875,Karen_4875,Junior Associate,1625
4876,Leo_4876,Junior Associate,1625
4877,Maya_4877,Junior Associate,1626
4878,Nate_4878,Junior Associate,1626
4879,Olivia_4879,Junior Associate,1626
4880,Paul_4880,Junior Associate,1627
4881,Quinn_4881,Junior Associate,1627
4882,Rose_4882,Junior Associate,1627
4883,Sam_4883,Junior Associate,1628
4884,Tina_4884,Junior Associate,1628
4885,Uma_4885,Junior Associate,1628
4886,Victor_4886,Junior Associate,1629
4887,Wendy_4887,Junior Associate,1629
4888,Xander_4888,Junior Associate,1629
4889,Yara_4889,Junior Associate,1630
4890,Zack_4890,Junior Associate,1630
4891,Ava_4891,Junior Associate,1630
4892,Ben_4892,Junior Associate,1631
4893,Chloe_4893,Junior Associate,1631
4894,Dylan_4894,Junior Associate,1631
4895,Ella_4895,Junior Associate,1632
4896,Finn_4896,Junior Associate,1632
4897,Alice_4897,Junior Associate,1632
4898,Bob_4898,Junior Associate,1633
4899,Carol_4899,Junior Associate,1633
4900,Dave_4900,Junior Associate,1633
4901,Eve_4901,Junior Associate,1634
4902,Frank_4902,Junior Associate,1634
4903,Grace_4903,Junior Associate,1634
4904,Hank_4904,Junior Associate,1635
4905,Iris_4905,Junior Associate,1635
4906,Jack_4906,Junior Associate,1635
4907,Karen_4907,Junior Associate,1636
4908,Leo_4908,Junior Associate,1636
4909,Maya_4909,Junior Associate,1636
4910,Nate_4910,Junior Associate,1637
4911,Olivia_4911,Junior Associate,1637
4912,Paul_4912,Junior Associate,1637
4913,Quinn_4913,Junior Associate,1638
4914,Rose_4914,Junior Associate,1638
4915,Sam_4915,Junior Associate,1638
4916,Tina_4916,Junior Associate,1639
4917,Uma_4917,Junior Associate,1639
4918,Victor_4918,Junior Associate,1639
4919,Wendy_4919,Junior Associate,1640
4920,Xander_4920,Junior Associate,1640
4921,Yara_4921,Junior Associate,1640
4922,Zack_4922,Junior Associate,1641
4923,Ava_4923,Junior Associate,1641
4924,Ben_4924,Junior Associate,1641
4925,Chloe_4925,Junior Associate,1642
4926,Dylan_4926,Junior Associate,1642
4927,Ella_4927,Junior Associate,1642
4928,Finn_4928,Junior Associate,1643
4929,Alice_4929,Junior Associate,1643
4930,Bob_4930,Junior Associate,1643
4931,Carol_4931,Junior Associate,1644
4932,Dave_4932,Junior Associate,1644
4933,Eve_4933,Junior Associate,1644
4934,Frank_4934,Junior Associate,1645
4935,Grace_4935,Junior Associate,1645
4936,Hank_4936,Junior Associate,1645
4937,Iris_4937,Junior Associate,1646
4938,Jack_4938,Junior Associate,1646
4939,Karen_4939,Junior Associate,1646
4940,Leo_4940,Junior Associate,1647
4941,Maya_4941,Junior Associate,1647
4942,Nate_4942,Junior Associate,1647
4943,Olivia_4943,Junior Associate,1648
4944,Paul_4944,Junior Associate,1648
4945,Quinn_4945,Junior Associate,1648
4946,Rose_4946,Junior Associate,1649
4947,Sam_4947,Junior Associate,1649
4948,Tina_4948,Junior Associate,1649
4949,Uma_4949,Junior Associate,1650
4950,Victor_4950,Junior Associate,1650
4951,Wendy_4951,Junior Associate,1650
4952,Xander_4952,Junior Associate,1651
4953,Yara_4953,Junior Associate,1651
4954,Zack_4954,Junior Associate,1651
4955,Ava_4955,Junior Associate,1652
4956,Ben_4956,Junior Associate,1652
4957,Chloe_4957,Junior Associate,1652
4958,Dylan_4958,Junior Associate,1653
4959,Ella_4959,Junior Associate,1653
4960,Finn_4960,Junior Associate,1653
4961,Alice_4961,Junior Associate,1654
4962,Bob_4962,Junior Associate,1654
4963,Carol_4963,Junior Associate,1654
4964,Dave_4964,Junior Associate,1655
4965,Eve_4965,Junior Associate,1655
4966,Frank_4966,Junior Associate,1655
4967,Grace_4967,Junior Associate,1656
4968,Hank_4968,Junior Associate,1656
4969,Iris_4969,Junior Associate,1656
4970,Jack_4970,Junior Associate,1657
4971,Karen_4971,Junior Associate,1657
4972,Leo_4972,Junior Associate,1657
4973,Maya_4973,Junior Associate,1658
4974,Nate_4974,Junior Associate,1658
4975,Olivia_4975,Junior Associate,1658
4976,Paul_4976,Junior Associate,1659
4977,Quinn_4977,Junior Associate,1659
4978,Rose_4978,Junior Associate,1659
4979,Sam_4979,Junior Associate,1660
4980,Tina_4980,Junior Associate,1660
4981,Uma_4981,Junior Associate,1660
4982,Victor_4982,Junior Associate,1661
4983,Wendy_4983,Junior Associate,1661
4984,Xander_4984,Junior Associate,1661
4985,Yara_4985,Junior Associate,1662
4986,Zack_4986,Junior Associate,1662
4987,Ava_4987,Junior Associate,1662
4988,Ben_4988,Junior Associate,1663
4989,Chloe_4989,Junior Associate,1663
4990,Dylan_4990,Junior Associate,1663
4991,Ella_4991,Junior Associate,1664
4992,Finn_4992,Junior Associate,1664
4993,Alice_4993,Junior Associate,1664
4994,Bob_4994,Junior Associate,1665
4995,Carol_4995,Junior Associate,1665
4996,Dave_4996,Junior Associate,1665
4997,Eve_4997,Junior Associate,1666
4998,Frank_4998,Junior Associate,1666
4999,Grace_4999,Junior Associate,1666
5000,Hank_5000,Junior Associate,1667
5001,Iris_5001,Junior Associate,1667
5002,Jack_5002,Junior Associate,1667
5003,Karen_5003,Junior Associate,1668
5004,Leo_5004,Junior Associate,1668
5005,Maya_5005,Junior Associate,1668
5006,Nate_5006,Junior Associate,1669
5007,Olivia_5007,Junior Associate,1669
5008,Paul_5008,Junior Associate,1669
5009,Quinn_5009,Junior Associate,1670
5010,Rose_5010,Junior Associate,1670
5011,Sam_5011,Junior Associate,1670
5012,Tina_5012,Junior Associate,1671
5013,Uma_5013,Junior Associate,1671
5014,Victor_5014,Junior Associate,1671
5015,Wendy_5015,Junior Associate,1672
5016,Xander_5016,Junior Associate,1672
5017,Yara_5017,Junior Associate,1672
5018,Zack_5018,Junior Associate,1673
5019,Ava_5019,Junior Associate,1673
5020,Ben_5020,Junior Associate,1673
5021,Chloe_5021,Junior Associate,1674
5022,Dylan_5022,Junior Associate,1674
5023,Ella_5023,Junior Associate,1674
5024,Finn_5024,Junior Associate,1675
5025,Alice_5025,Junior Associate,1675
5026,Bob_5026,Junior Associate,1675
5027,Carol_5027,Junior Associate,1676
5028,Dave_5028,Junior Associate,1676
5029,Eve_5029,Junior Associate,1676
5030,Frank_5030,Junior Associate,1677
5031,Grace_5031,Junior Associate,1677
5032,Hank_5032,Junior Associate,1677
5033,Iris_5033,Junior Associate,1678
5034,Jack_5034,Junior Associate,1678
5035,Karen_5035,Junior Associate,1678
5036,Leo_5036,Junior Associate,1679
5037,Maya_5037,Junior Associate,1679
5038,Nate_5038,Junior Associate,1679
5039,Olivia_5039,Junior Associate,1680
5040,Paul_5040,Junior Associate,1680
5041,Quinn_5041,Junior Associate,1680
5042,Rose_5042,Junior Associate,1681
5043,Sam_5043,Junior Associate,1681
5044,Tina_5044,Junior Associate,1681
5045,Uma_5045,Junior Associate,1682
5046,Victor_5046,Junior Associate,1682
5047,Wendy_5047,Junior Associate,1682
5048,Xander_5048,Junior Associate,1683
5049,Yara_5049,Junior Associate,1683
5050,Zack_5050,Junior Associate,1683
5051,Ava_5051,Junior Associate,1684
5052,Ben_5052,Junior Associate,1684
5053,Chloe_5053,Junior Associate,1684
5054,Dylan_5054,Junior Associate,1685
5055,Ella_5055,Junior Associate,1685
5056,Finn_5056,Junior Associate,1685
5057,Alice_5057,Junior Associate,1686
5058,Bob_5058,Junior Associate,1686
5059,Carol_5059,Junior Associate,1686
5060,Dave_5060,Junior Associate,1687
5061,Eve_5061,Junior Associate,1687
5062,Frank_5062,Junior Associate,1687
5063,Grace_5063,Junior Associate,1688
5064,Hank_5064,Junior Associate,1688
5065,Iris_5065,Junior Associate,1688
5066,Jack_5066,Junior Associate,1689
5067,Karen_5067,Junior Associate,1689
5068,Leo_5068,Junior Associate,1689
5069,Maya_5069,Junior Associate,1690
5070,Nate_5070,Junior Associate,1690
5071,Olivia_5071,Junior Associate,1690
5072,Paul_5072,Junior Associate,1691
5073,Quinn_5073,Junior Associate,1691
5074,Rose_5074,Junior Associate,1691
5075,Sam_5075,Junior Associate,1692
5076,Tina_5076,Junior Associate,1692
5077,Uma_5077,Junior Associate,1692
5078,Victor_5078,Junior Associate,1693
5079,Wendy_5079,Junior Associate,1693
5080,Xander_5080,Junior Associate,1693
5081,Yara_5081,Junior Associate,1694
5082,Zack_5082,Junior Associate,1694
5083,Ava_5083,Junior Associate,1694
5084,Ben_5084,Junior Associate,1695
5085,Chloe_5085,Junior Associate,1695
5086,Dylan_5086,Junior Associate,1695
5087,Ella_5087,Junior Associate,1696
5088,Finn_5088,Junior Associate,1696
5089,Alice_5089,Junior Associate,1696
5090,Bob_5090,Junior Associate,1697
5091,Carol_5091,Junior Associate,1697
5092,Dave_5092,Junior Associate,1697
5093,Eve_5093,Junior Associate,1698
5094,Frank_5094,Junior Associate,1698
5095,Grace_5095,Junior Associate,1698
5096,Hank_5096,Junior Associate,1699
5097,Iris_5097,Junior Associate,1699
5098,Jack_5098,Junior Associate,1699
5099,Karen_5099,Junior Associate,1700
5100,Leo_5100,Junior Associate,1700
5101,Maya_5101,Junior Associate,1700
5102,Nate_5102,Junior Associate,1701
5103,Olivia_5103,Junior Associate,1701
5104,Paul_5104,Junior Associate,1701
5105,Quinn_5105,Junior Associate,1702
5106,Rose_5106,Junior Associate,1702
5107,Sam_5107,Junior Associate,1702
5108,Tina_5108,Junior Associate,1703
5109,Uma_5109,Junior Associate,1703
5110,Victor_5110,Junior Associate,1703
5111,Wendy_5111,Junior Associate,1704
5112,Xander_5112,Junior Associate,1704
5113,Yara_5113,Junior Associate,1704
5114,Zack_5114,Junior Associate,1705
5115,Ava_5115,Junior Associate,1705
5116,Ben_5116,Junior Associate,1705
5117,Chloe_5117,Junior Associate,1706
5118,Dylan_5118,Junior Associate,1706
5119,Ella_5119,Junior Associate,1706
5120,Finn_5120,Junior Associate,1707
5121,Alice_5121,Junior Associate,1707
5122,Bob_5122,Junior Associate,1707
5123,Carol_5123,Junior Associate,1708
5124,Dave_5124,Junior Associate,1708
5125,Eve_5125,Junior Associate,1708
5126,Frank_5126,Junior Associate,1709
5127,Grace_5127,Junior Associate,1709
5128,Hank_5128,Junior Associate,1709
5129,Iris_5129,Junior Associate,1710
5130,Jack_5130,Junior Associate,1710
5131,Karen_5131,Junior Associate,1710
5132,Leo_5132,Junior Associate,1711
5133,Maya_5133,Junior Associate,1711
5134,Nate_5134,Junior Associate,1711
5135,Olivia_5135,Junior Associate,1712
5136,Paul_5136,Junior Associate,1712
5137,Quinn_5137,Junior Associate,1712
5138,Rose_5138,Junior Associate,1713
5139,Sam_5139,Junior Associate,1713
5140,Tina_5140,Junior Associate,1713
5141,Uma_5141,Junior Associate,1714
5142,Victor_5142,Junior Associate,1714
5143,Wendy_5143,Junior Associate,1714
5144,Xander_5144,Junior Associate,1715
5145,Yara_5145,Junior Associate,1715
5146,Zack_5146,Junior Associate,1715
5147,Ava_5147,Junior Associate,1716
5148,Ben_5148,Junior Associate,1716
5149,Chloe_5149,Junior Associate,1716
5150,Dylan_5150,Junior Associate,1717
5151,Ella_5151,Junior Associate,1717
5152,Finn_5152,Junior Associate,1717
5153,Alice_5153,Junior Associate,1718
5154,Bob_5154,Junior Associate,1718
5155,Carol_5155,Junior Associate,1718
5156,Dave_5156,Junior Associate,1719
5157,Eve_5157,Junior Associate,1719
5158,Frank_5158,Junior Associate,1719
5159,Grace_5159,Junior Associate,1720
5160,Hank_5160,Junior Associate,1720
5161,Iris_5161,Junior Associate,1720
5162,Jack_5162,Junior Associate,1721
5163,Karen_5163,Junior Associate,1721
5164,Leo_5164,Junior Associate,1721
5165,Maya_5165,Junior Associate,1722
5166,Nate_5166,Junior Associate,1722
5167,Olivia_5167,Junior Associate,1722
5168,Paul_5168,Junior Associate,1723
5169,Quinn_5169,Junior Associate,1723
5170,Rose_5170,Junior Associate,1723
5171,Sam_5171,Junior Associate,1724
5172,Tina_5172,Junior Associate,1724
5173,Uma_5173,Junior Associate,1724
5174,Victor_5174,Junior Associate,1725
5175,Wendy_5175,Junior Associate,1725
5176,Xander_5176,Junior Associate,1725
5177,Yara_5177,Junior Associate,1726
5178,Zack_5178,Junior Associate,1726
5179,Ava_5179,Junior Associate,1726
5180,Ben_5180,Junior Associate,1727
5181,Chloe_5181,Junior Associate,1727
5182,Dylan_5182,Junior Associate,1727
5183,Ella_5183,Junior Associate,1728
5184,Finn_5184,Junior Associate,1728
5185,Alice_5185,Junior Associate,1728
5186,Bob_5186,Junior Associate,1729
5187,Carol_5187,Junior Associate,1729
5188,Dave_5188,Junior Associate,1729
5189,Eve_5189,Junior Associate,1730
5190,Frank_5190,Junior Associate,1730
5191,Grace_5191,Junior Associate,1730
5192,Hank_5192,Junior Associate,1731
5193,Iris_5193,Junior Associate,1731
5194,Jack_5194,Junior Associate,1731
5195,Karen_5195,Junior Associate,1732
5196,Leo_5196,Junior Associate,1732
5197,Maya_5197,Junior Associate,1732
5198,Nate_5198,Junior Associate,1733
5199,Olivia_5199,Junior Associate,1733
5200,Paul_5200,Junior Associate,1733
5201,Quinn_5201,Junior Associate,1734
5202,Rose_5202,Junior Associate,1734
5203,Sam_5203,Junior Associate,1734
5204,Tina_5204,Junior Associate,1735
5205,Uma_5205,Junior Associate,1735
5206,Victor_5206,Junior Associate,1735
5207,Wendy_5207,Junior Associate,1736
5208,Xander_5208,Junior Associate,1736
5209,Yara_5209,Junior Associate,1736
5210,Zack_5210,Junior Associate,1737
5211,Ava_5211,Junior Associate,1737
5212,Ben_5212,Junior Associate,1737
5213,Chloe_5213,Junior Associate,1738
5214,Dylan_5214,Junior Associate,1738
5215,Ella_5215,Junior Associate,1738
5216,Finn_5216,Junior Associate,1739
5217,Alice_5217,Junior Associate,1739
5218,Bob_5218,Junior Associate,1739
5219,Carol_5219,Junior Associate,1740
5220,Dave_5220,Junior Associate,1740
5221,Eve_5221,Junior Associate,1740
5222,Frank_5222,Junior Associate,1741
5223,Grace_5223,Junior Associate,1741
5224,Hank_5224,Junior Associate,1741
5225,Iris_5225,Junior Associate,1742
5226,Jack_5226,Junior Associate,1742
5227,Karen_5227,Junior Associate,1742
5228,Leo_5228,Junior Associate,1743
5229,Maya_5229,Junior Associate,1743
5230,Nate_5230,Junior Associate,1743
5231,Olivia_5231,Junior Associate,1744
5232,Paul_5232,Junior Associate,1744
5233,Quinn_5233,Junior Associate,1744
5234,Rose_5234,Junior Associate,1745
5235,Sam_5235,Junior Associate,1745
5236,Tina_5236,Junior Associate,1745
5237,Uma_5237,Junior Associate,1746
5238,Victor_5238,Junior Associate,1746
5239,Wendy_5239,Junior Associate,1746
5240,Xander_5240,Junior Associate,1747
5241,Yara_5241,Junior Associate,1747
5242,Zack_5242,Junior Associate,1747
5243,Ava_5243,Junior Associate,1748
5244,Ben_5244,Junior Associate,1748
5245,Chloe_5245,Junior Associate,1748
5246,Dylan_5246,Junior Associate,1749
5247,Ella_5247,Junior Associate,1749
5248,Finn_5248,Junior Associate,1749
5249,Alice_5249,Junior Associate,1750
5250,Bob_5250,Junior Associate,1750
5251,Carol_5251,Junior Associate,1750
5252,Dave_5252,Junior Associate,1751
5253,Eve_5253,Junior Associate,1751
5254,Frank_5254,Junior Associate,1751
5255,Grace_5255,Junior Associate,1752
5256,Hank_5256,Junior Associate,1752
5257,Iris_5257,Junior Associate,1752
5258,Jack_5258,Junior Associate,1753
5259,Karen_5259,Junior Associate,1753
5260,Leo_5260,Junior Associate,1753
5261,Maya_5261,Junior Associate,1754
5262,Nate_5262,Junior Associate,1754
5263,Olivia_5263,Junior Associate,1754
5264,Paul_5264,Junior Associate,1755
5265,Quinn_5265,Junior Associate,1755
5266,Rose_5266,Junior Associate,1755
5267,Sam_5267,Junior Associate,1756
5268,Tina_5268,Junior Associate,1756
5269,Uma_5269,Junior Associate,1756
5270,Victor_5270,Junior Associate,1757
5271,Wendy_5271,Junior Associate,1757
5272,Xander_5272,Junior Associate,1757
5273,Yara_5273,Junior Associate,1758
5274,Zack_5274,Junior Associate,1758
5275,Ava_5275,Junior Associate,1758
5276,Ben_5276,Junior Associate,1759
5277,Chloe_5277,Junior Associate,1759
5278,Dylan_5278,Junior Associate,1759
5279,Ella_5279,Junior Associate,1760
5280,Finn_5280,Junior Associate,1760
5281,Alice_5281,Junior Associate,1760
5282,Bob_5282,Junior Associate,1761
5283,Carol_5283,Junior Associate,1761
5284,Dave_5284,Junior Associate,1761
5285,Eve_5285,Junior Associate,1762
5286,Frank_5286,Junior Associate,1762
5287,Grace_5287,Junior Associate,1762
5288,Hank_5288,Junior Associate,1763
5289,Iris_5289,Junior Associate,1763
5290,Jack_5290,Junior Associate,1763
5291,Karen_5291,Junior Associate,1764
5292,Leo_5292,Junior Associate,1764
5293,Maya_5293,Junior Associate,1764
5294,Nate_5294,Junior Associate,1765
5295,Olivia_5295,Junior Associate,1765
5296,Paul_5296,Junior Associate,1765
5297,Quinn_5297,Junior Associate,1766
5298,Rose_5298,Junior Associate,1766
5299,Sam_5299,Junior Associate,1766
5300,Tina_5300,Junior Associate,1767
5301,Uma_5301,Junior Associate,1767
5302,Victor_5302,Junior Associate,1767
5303,Wendy_5303,Junior Associate,1768
5304,Xander_5304,Junior Associate,1768
5305,Yara_5305,Junior Associate,1768
5306,Zack_5306,Junior Associate,1769
5307,Ava_5307,Junior Associate,1769
5308,Ben_5308,Junior Associate,1769
5309,Chloe_5309,Junior Associate,1770
5310,Dylan_5310,Junior Associate,1770
5311,Ella_5311,Junior Associate,1770
5312,Finn_5312,Junior Associate,1771
5313,Alice_5313,Junior Associate,1771
5314,Bob_5314,Junior Associate,1771
5315,Carol_5315,Junior Associate,1772
5316,Dave_5316,Junior Associate,1772
5317,Eve_5317,Junior Associate,1772
5318,Frank_5318,Junior Associate,1773
5319,Grace_5319,Junior Associate,1773
5320,Hank_5320,Junior Associate,1773
5321,Iris_5321,Junior Associate,1774
5322,Jack_5322,Junior Associate,1774
5323,Karen_5323,Junior Associate,1774
5324,Leo_5324,Junior Associate,1775
5325,Maya_5325,Junior Associate,1775
5326,Nate_5326,Junior Associate,1775
5327,Olivia_5327,Junior Associate,1776
5328,Paul_5328,Junior Associate,1776
5329,Quinn_5329,Junior Associate,1776
5330,Rose_5330,Junior Associate,1777
5331,Sam_5331,Junior Associate,1777
5332,Tina_5332,Junior Associate,1777
5333,Uma_5333,Junior Associate,1778
5334,Victor_5334,Junior Associate,1778
5335,Wendy_5335,Junior Associate,1778
5336,Xander_5336,Junior Associate,1779
5337,Yara_5337,Junior Associate,1779
5338,Zack_5338,Junior Associate,1779
5339,Ava_5339,Junior Associate,1780
5340,Ben_5340,Junior Associate,1780
5341,Chloe_5341,Junior Associate,1780
5342,Dylan_5342,Junior Associate,1781
5343,Ella_5343,Junior Associate,1781
5344,Finn_5344,Junior Associate,1781
5345,Alice_5345,Junior Associate,1782
5346,Bob_5346,Junior Associate,1782
5347,Carol_5347,Junior Associate,1782
5348,Dave_5348,Junior Associate,1783
5349,Eve_5349,Junior Associate,1783
5350,Frank_5350,Junior Associate,1783
5351,Grace_5351,Junior Associate,1784
5352,Hank_5352,Junior Associate,1784
5353,Iris_5353,Junior Associate,1784
5354,Jack_5354,Junior Associate,1785
5355,Karen_5355,Junior Associate,1785
5356,Leo_5356,Junior Associate,1785
5357,Maya_5357,Junior Associate,1786
5358,Nate_5358,Junior Associate,1786
5359,Olivia_5359,Junior Associate,1786
5360,Paul_5360,Junior Associate,1787
5361,Quinn_5361,Junior Associate,1787
5362,Rose_5362,Junior Associate,1787
5363,Sam_5363,Junior Associate,1788
5364,Tina_5364,Junior Associate,1788
5365,Uma_5365,Junior Associate,1788
5366,Victor_5366,Junior Associate,1789
5367,Wendy_5367,Junior Associate,1789
5368,Xander_5368,Junior Associate,1789
5369,Yara_5369,Junior Associate,1790
5370,Zack_5370,Junior Associate,1790
5371,Ava_5371,Junior Associate,1790
5372,Ben_5372,Junior Associate,1791
5373,Chloe_5373,Junior Associate,1791
5374,Dylan_5374,Junior Associate,1791
5375,Ella_5375,Junior Associate,1792
5376,Finn_5376,Junior Associate,1792
5377,Alice_5377,Junior Associate,1792
5378,Bob_5378,Junior Associate,1793
5379,Carol_5379,Junior Associate,1793
5380,Dave_5380,Junior Associate,1793
5381,Eve_5381,Junior Associate,1794
5382,Frank_5382,Junior Associate,1794
5383,Grace_5383,Junior Associate,1794
5384,Hank_5384,Junior Associate,1795
5385,Iris_5385,Junior Associate,1795
5386,Jack_5386,Junior Associate,1795
5387,Karen_5387,Junior Associate,1796
5388,Leo_5388,Junior Associate,1796
5389,Maya_5389,Junior Associate,1796
5390,Nate_5390,Junior Associate,1797
5391,Olivia_5391,Junior Associate,1797
5392,Paul_5392,Junior Associate,1797
5393,Quinn_5393,Junior Associate,1798
5394,Rose_5394,Junior Associate,1798
5395,Sam_5395,Junior Associate,1798
5396,Tina_5396,Junior Associate,1799
5397,Uma_5397,Junior Associate,1799
5398,Victor_5398,Junior Associate,1799
5399,Wendy_5399,Junior Associate,1800
5400,Xander_5400,Junior Associate,1800
5401,Yara_5401,Junior Associate,1800
5402,Zack_5402,Junior Associate,1801
5403,Ava_5403,Junior Associate,1801
5404,Ben_5404,Junior Associate,1801
5405,Chloe_5405,Junior Associate,1802
5406,Dylan_5406,Junior Associate,1802
5407,Ella_5407,Junior Associate,1802
5408,Finn_5408,Junior Associate,1803
5409,Alice_5409,Junior Associate,1803
5410,Bob_5410,Junior Associate,1803
5411,Carol_5411,Junior Associate,1804
5412,Dave_5412,Junior Associate,1804
5413,Eve_5413,Junior Associate,1804
5414,Frank_5414,Junior Associate,1805
5415,Grace_5415,Junior Associate,1805
5416,Hank_5416,Junior Associate,1805
5417,Iris_5417,Junior Associate,1806
5418,Jack_5418,Junior Associate,1806
5419,Karen_5419,Junior Associate,1806
5420,Leo_5420,Junior Associate,1807
5421,Maya_5421,Junior Associate,1807
5422,Nate_5422,Junior Associate,1807
5423,Olivia_5423,Junior Associate,1808
5424,Paul_5424,Junior Associate,1808
5425,Quinn_5425,Junior Associate,1808
5426,Rose_5426,Junior Associate,1809
5427,Sam_5427,Junior Associate,1809
5428,Tina_5428,Junior Associate,1809
5429,Uma_5429,Junior Associate,1810
5430,Victor_5430,Junior Associate,1810
5431,Wendy_5431,Junior Associate,1810
5432,Xander_5432,Junior Associate,1811
5433,Yara_5433,Junior Associate,1811
5434,Zack_5434,Junior Associate,1811
5435,Ava_5435,Junior Associate,1812
5436,Ben_5436,Junior Associate,1812
5437,Chloe_5437,Junior Associate,1812
5438,Dylan_5438,Junior Associate,1813
5439,Ella_5439,Junior Associate,1813
5440,Finn_5440,Junior Associate,1813
5441,Alice_5441,Junior Associate,1814
5442,Bob_5442,Junior Associate,1814
5443,Carol_5443,Junior Associate,1814
5444,Dave_5444,Junior Associate,1815
5445,Eve_5445,Junior Associate,1815
5446,Frank_5446,Junior Associate,1815
5447,Grace_5447,Junior Associate,1816
5448,Hank_5448,Junior Associate,1816
5449,Iris_5449,Junior Associate,1816
5450,Jack_5450,Junior Associate,1817
5451,Karen_5451,Junior Associate,1817
5452,Leo_5452,Junior Associate,1817
5453,Maya_5453,Junior Associate,1818
5454,Nate_5454,Junior Associate,1818
5455,Olivia_5455,Junior Associate,1818
5456,Paul_5456,Junior Associate,1819
5457,Quinn_5457,Junior Associate,1819
5458,Rose_5458,Junior Associate,1819
5459,Sam_5459,Junior Associate,1820
5460,Tina_5460,Junior Associate,1820
5461,Uma_5461,Junior Associate,1820
5462,Victor_5462,Junior Associate,1821
5463,Wendy_5463,Junior Associate,1821
5464,Xander_5464,Junior Associate,1821
5465,Yara_5465,Junior Associate,1822
5466,Zack_5466,Junior Associate,1822
5467,Ava_5467,Junior Associate,1822
5468,Ben_5468,Junior Associate,1823
5469,Chloe_5469,Junior Associate,1823
5470,Dylan_5470,Junior Associate,1823
5471,Ella_5471,Junior Associate,1824
5472,Finn_5472,Junior Associate,1824
5473,Alice_5473,Junior Associate,1824
5474,Bob_5474,Junior Associate,1825
5475,Carol_5475,Junior Associate,1825
5476,Dave_5476,Junior Associate,1825
5477,Eve_5477,Junior Associate,1826
5478,Frank_5478,Junior Associate,1826
5479,Grace_5479,Junior Associate,1826
5480,Hank_5480,Junior Associate,1827
5481,Iris_5481,Junior Associate,1827
5482,Jack_5482,Junior Associate,1827
5483,Karen_5483,Junior Associate,1828
5484,Leo_5484,Junior Associate,1828
5485,Maya_5485,Junior Associate,1828
5486,Nate_5486,Junior Associate,1829
5487,Olivia_5487,Junior Associate,1829
5488,Paul_5488,Junior Associate,1829
5489,Quinn_5489,Junior Associate,1830
5490,Rose_5490,Junior Associate,1830
5491,Sam_5491,Junior Associate,1830
5492,Tina_5492,Junior Associate,1831
5493,Uma_5493,Junior Associate,1831
5494,Victor_5494,Junior Associate,1831
5495,Wendy_5495,Junior Associate,1832
5496,Xander_5496,Junior Associate,1832
5497,Yara_5497,Junior Associate,1832
5498,Zack_5498,Junior Associate,1833
5499,Ava_5499,Junior Associate,1833
5500,Ben_5500,Junior Associate,1833
5501,Chloe_5501,Junior Associate,1834
5502,Dylan_5502,Junior Associate,1834
5503,Ella_5503,Junior Associate,1834
5504,Finn_5504,Junior Associate,1835
5505,Alice_5505,Junior Associate,1835
5506,Bob_5506,Junior Associate,1835
5507,Carol_5507,Junior Associate,1836
5508,Dave_5508,Junior Associate,1836
5509,Eve_5509,Junior Associate,1836
5510,Frank_5510,Junior Associate,1837
5511,Grace_5511,Junior Associate,1837
5512,Hank_5512,Junior Associate,1837
5513,Iris_5513,Junior Associate,1838
5514,Jack_5514,Junior Associate,1838
5515,Karen_5515,Junior Associate,1838
5516,Leo_5516,Junior Associate,1839
5517,Maya_5517,Junior Associate,1839
5518,Nate_5518,Junior Associate,1839
5519,Olivia_5519,Junior Associate,1840
5520,Paul_5520,Junior Associate,1840
5521,Quinn_5521,Junior Associate,1840
5522,Rose_5522,Junior Associate,1841
5523,Sam_5523,Junior Associate,1841
5524,Tina_5524,Junior Associate,1841
5525,Uma_5525,Junior Associate,1842
5526,Victor_5526,Junior Associate,1842
5527,Wendy_5527,Junior Associate,1842
5528,Xander_5528,Junior Associate,1843
5529,Yara_5529,Junior Associate,1843
5530,Zack_5530,Junior Associate,1843
5531,Ava_5531,Junior Associate,1844
5532,Ben_5532,Junior Associate,1844
5533,Chloe_5533,Junior Associate,1844
5534,Dylan_5534,Junior Associate,1845
5535,Ella_5535,Junior Associate,1845
5536,Finn_5536,Junior Associate,1845
5537,Alice_5537,Junior Associate,1846
5538,Bob_5538,Junior Associate,1846
5539,Carol_5539,Junior Associate,1846
5540,Dave_5540,Junior Associate,1847
5541,Eve_5541,Junior Associate,1847
5542,Frank_5542,Junior Associate,1847
5543,Grace_5543,Junior Associate,1848
5544,Hank_5544,Junior Associate,1848
5545,Iris_5545,Junior Associate,1848
5546,Jack_5546,Junior Associate,1849
5547,Karen_5547,Junior Associate,1849
5548,Leo_5548,Junior Associate,1849
5549,Maya_5549,Junior Associate,1850
5550,Nate_5550,Junior Associate,1850
5551,Olivia_5551,Junior Associate,1850
5552,Paul_5552,Junior Associate,1851
5553,Quinn_5553,Junior Associate,1851
5554,Rose_5554,Junior Associate,1851
5555,Sam_5555,Junior Associate,1852
5556,Tina_5556,Junior Associate,1852
5557,Uma_5557,Junior Associate,1852
5558,Victor_5558,Junior Associate,1853
5559,Wendy_5559,Junior Associate,1853
5560,Xander_5560,Junior Associate,1853
5561,Yara_5561,Junior Associate,1854
5562,Zack_5562,Junior Associate,1854
5563,Ava_5563,Junior Associate,1854
5564,Ben_5564,Junior Associate,1855
5565,Chloe_5565,Junior Associate,1855
5566,Dylan_5566,Junior Associate,1855
5567,Ella_5567,Junior Associate,1856
5568,Finn_5568,Junior Associate,1856
5569,Alice_5569,Junior Associate,1856
5570,Bob_5570,Junior Associate,1857
5571,Carol_5571,Junior Associate,1857
5572,Dave_5572,Junior Associate,1857
5573,Eve_5573,Junior Associate,1858
5574,Frank_5574,Junior Associate,1858
5575,Grace_5575,Junior Associate,1858
5576,Hank_5576,Junior Associate,1859
5577,Iris_5577,Junior Associate,1859
5578,Jack_5578,Junior Associate,1859
5579,Karen_5579,Junior Associate,1860
5580,Leo_5580,Junior Associate,1860
5581,Maya_5581,Junior Associate,1860
5582,Nate_5582,Junior Associate,1861
5583,Olivia_5583,Junior Associate,1861
5584,Paul_5584,Junior Associate,1861
5585,Quinn_5585,Junior Associate,1862
5586,Rose_5586,Junior Associate,1862
5587,Sam_5587,Junior Associate,1862
5588,Tina_5588,Junior Associate,1863
5589,Uma_5589,Junior Associate,1863
5590,Victor_5590,Junior Associate,1863
5591,Wendy_5591,Junior Associate,1864
5592,Xander_5592,Junior Associate,1864
5593,Yara_5593,Junior Associate,1864
5594,Zack_5594,Junior Associate,1865
5595,Ava_5595,Junior Associate,1865
5596,Ben_5596,Junior Associate,1865
5597,Chloe_5597,Junior Associate,1866
5598,Dylan_5598,Junior Associate,1866
5599,Ella_5599,Junior Associate,1866
5600,Finn_5600,Junior Associate,1867
5601,Alice_5601,Junior Associate,1867
5602,Bob_5602,Junior Associate,1867
5603,Carol_5603,Junior Associate,1868
5604,Dave_5604,Junior Associate,1868
5605,Eve_5605,Junior Associate,1868
5606,Frank_5606,Junior Associate,1869
5607,Grace_5607,Junior Associate,1869
5608,Hank_5608,Junior Associate,1869
5609,Iris_5609,Junior Associate,1870
5610,Jack_5610,Junior Associate,1870
5611,Karen_5611,Junior Associate,1870
5612,Leo_5612,Junior Associate,1871
5613,Maya_5613,Junior Associate,1871
5614,Nate_5614,Junior Associate,1871
5615,Olivia_5615,Junior Associate,1872
5616,Paul_5616,Junior Associate,1872
5617,Quinn_5617,Junior Associate,1872
5618,Rose_5618,Junior Associate,1873
5619,Sam_5619,Junior Associate,1873
5620,Tina_5620,Junior Associate,1873
5621,Uma_5621,Junior Associate,1874
5622,Victor_5622,Junior Associate,1874
5623,Wendy_5623,Junior Associate,1874
5624,Xander_5624,Junior Associate,1875
5625,Yara_5625,Junior Associate,1875
5626,Zack_5626,Junior Associate,1875
5627,Ava_5627,Junior Associate,1876
5628,Ben_5628,Junior Associate,1876
5629,Chloe_5629,Junior Associate,1876
5630,Dylan_5630,Junior Associate,1877
5631,Ella_5631,Junior Associate,1877
5632,Finn_5632,Junior Associate,1877
5633,Alice_5633,Junior Associate,1878
5634,Bob_5634,Junior Associate,1878
5635,Carol_5635,Junior Associate,1878
5636,Dave_5636,Junior Associate,1879
5637,Eve_5637,Junior Associate,1879
5638,Frank_5638,Junior Associate,1879
5639,Grace_5639,Junior Associate,1880
5640,Hank_5640,Junior Associate,1880
5641,Iris_5641,Junior Associate,1880
5642,Jack_5642,Junior Associate,1881
5643,Karen_5643,Junior Associate,1881
5644,Leo_5644,Junior Associate,1881
5645,Maya_5645,Junior Associate,1882
5646,Nate_5646,Junior Associate,1882
5647,Olivia_5647,Junior Associate,1882
5648,Paul_5648,Junior Associate,1883
5649,Quinn_5649,Junior Associate,1883
5650,Rose_5650,Junior Associate,1883
5651,Sam_5651,Junior Associate,1884
5652,Tina_5652,Junior Associate,1884
5653,Uma_5653,Junior Associate,1884
5654,Victor_5654,Junior Associate,1885
5655,Wendy_5655,Junior Associate,1885
5656,Xander_5656,Junior Associate,1885
5657,Yara_5657,Junior Associate,1886
5658,Zack_5658,Junior Associate,1886
5659,Ava_5659,Junior Associate,1886
5660,Ben_5660,Junior Associate,1887
5661,Chloe_5661,Junior Associate,1887
5662,Dylan_5662,Junior Associate,1887
5663,Ella_5663,Junior Associate,1888
5664,Finn_5664,Junior Associate,1888
5665,Alice_5665,Junior Associate,1888
5666,Bob_5666,Junior Associate,1889
5667,Carol_5667,Junior Associate,1889
5668,Dave_5668,Junior Associate,1889
5669,Eve_5669,Junior Associate,1890
5670,Frank_5670,Junior Associate,1890
5671,Grace_5671,Junior Associate,1890
5672,Hank_5672,Junior Associate,1891
5673,Iris_5673,Junior Associate,1891
5674,Jack_5674,Junior Associate,1891
5675,Karen_5675,Junior Associate,1892
5676,Leo_5676,Junior Associate,1892
5677,Maya_5677,Junior Associate,1892
5678,Nate_5678,Junior Associate,1893
5679,Olivia_5679,Junior Associate,1893
5680,Paul_5680,Junior Associate,1893
5681,Quinn_5681,Junior Associate,1894
5682,Rose_5682,Junior Associate,1894
5683,Sam_5683,Junior Associate,1894
5684,Tina_5684,Junior Associate,1895
5685,Uma_5685,Junior Associate,1895
5686,Victor_5686,Junior Associate,1895
5687,Wendy_5687,Junior Associate,1896
5688,Xander_5688,Junior Associate,1896
5689,Yara_5689,Junior Associate,1896
5690,Zack_5690,Junior Associate,1897
5691,Ava_5691,Junior Associate,1897
5692,Ben_5692,Junior Associate,1897
5693,Chloe_5693,Junior Associate,1898
5694,Dylan_5694,Junior Associate,1898
5695,Ella_5695,Junior Associate,1898
5696,Finn_5696,Junior Associate,1899
5697,Alice_5697,Junior Associate,1899
5698,Bob_5698,Junior Associate,1899
5699,Carol_5699,Junior Associate,1900
5700,Dave_5700,Junior Associate,1900
5701,Eve_5701,Junior Associate,1900
5702,Frank_5702,Junior Associate,1901
5703,Grace_5703,Junior Associate,1901
5704,Hank_5704,Junior Associate,1901
5705,Iris_5705,Junior Associate,1902
5706,Jack_5706,Junior Associate,1902
5707,Karen_5707,Junior Associate,1902
5708,Leo_5708,Junior Associate,1903
5709,Maya_5709,Junior Associate,1903
5710,Nate_5710,Junior Associate,1903
5711,Olivia_5711,Junior Associate,1904
5712,Paul_5712,Junior Associate,1904
5713,Quinn_5713,Junior Associate,1904
5714,Rose_5714,Junior Associate,1905
5715,Sam_5715,Junior Associate,1905
5716,Tina_5716,Junior Associate,1905
5717,Uma_5717,Junior Associate,1906
5718,Victor_5718,Junior Associate,1906
5719,Wendy_5719,Junior Associate,1906
5720,Xander_5720,Junior Associate,1907
5721,Yara_5721,Junior Associate,1907
5722,Zack_5722,Junior Associate,1907
5723,Ava_5723,Junior Associate,1908
5724,Ben_5724,Junior Associate,1908
5725,Chloe_5725,Junior Associate,1908
5726,Dylan_5726,Junior Associate,1909
5727,Ella_5727,Junior Associate,1909
5728,Finn_5728,Junior Associate,1909
5729,Alice_5729,Junior Associate,1910
5730,Bob_5730,Junior Associate,1910
5731,Carol_5731,Junior Associate,1910
5732,Dave_5732,Junior Associate,1911
5733,Eve_5733,Junior Associate,1911
5734,Frank_5734,Junior Associate,1911
5735,Grace_5735,Junior Associate,1912
5736,Hank_5736,Junior Associate,1912
5737,Iris_5737,Junior Associate,1912
5738,Jack_5738,Junior Associate,1913
5739,Karen_5739,Junior Associate,1913
5740,Leo_5740,Junior Associate,1913
5741,Maya_5741,Junior Associate,1914
5742,Nate_5742,Junior Associate,1914
5743,Olivia_5743,Junior Associate,1914
5744,Paul_5744,Junior Associate,1915
5745,Quinn_5745,Junior Associate,1915
5746,Rose_5746,Junior Associate,1915
5747,Sam_5747,Junior Associate,1916
5748,Tina_5748,Junior Associate,1916
5749,Uma_5749,Junior Associate,1916
5750,Victor_5750,Junior Associate,1917
5751,Wendy_5751,Junior Associate,1917
5752,Xander_5752,Junior Associate,1917
5753,Yara_5753,Junior Associate,1918
5754,Zack_5754,Junior Associate,1918
5755,Ava_5755,Junior Associate,1918
5756,Ben_5756,Junior Associate,1919
5757,Chloe_5757,Junior Associate,1919
5758,Dylan_5758,Junior Associate,1919
5759,Ella_5759,Junior Associate,1920
5760,Finn_5760,Junior Associate,1920
5761,Alice_5761,Junior Associate,1920
5762,Bob_5762,Junior Associate,1921
5763,Carol_5763,Junior Associate,1921
5764,Dave_5764,Junior Associate,1921
5765,Eve_5765,Junior Associate,1922
5766,Frank_5766,Junior Associate,1922
5767,Grace_5767,Junior Associate,1922
5768,Hank_5768,Junior Associate,1923
5769,Iris_5769,Junior Associate,1923
5770,Jack_5770,Junior Associate,1923
5771,Karen_5771,Junior Associate,1924
5772,Leo_5772,Junior Associate,1924
5773,Maya_5773,Junior Associate,1924
5774,Nate_5774,Junior Associate,1925
5775,Olivia_5775,Junior Associate,1925
5776,Paul_5776,Junior Associate,1925
5777,Quinn_5777,Junior Associate,1926
5778,Rose_5778,Junior Associate,1926
5779,Sam_5779,Junior Associate,1926
5780,Tina_5780,Junior Associate,1927
5781,Uma_5781,Junior Associate,1927
5782,Victor_5782,Junior Associate,1927
5783,Wendy_5783,Junior Associate,1928
5784,Xander_5784,Junior Associate,1928
5785,Yara_5785,Junior Associate,1928
5786,Zack_5786,Junior Associate,1929
5787,Ava_5787,Junior Associate,1929
5788,Ben_5788,Junior Associate,1929
5789,Chloe_5789,Junior Associate,1930
5790,Dylan_5790,Junior Associate,1930
5791,Ella_5791,Junior Associate,1930
5792,Finn_5792,Junior Associate,1931
5793,Alice_5793,Junior Associate,1931
5794,Bob_5794,Junior Associate,1931
5795,Carol_5795,Junior Associate,1932
5796,Dave_5796,Junior Associate,1932
5797,Eve_5797,Junior Associate,1932
5798,Frank_5798,Junior Associate,1933
5799,Grace_5799,Junior Associate,1933
5800,Hank_5800,Junior Associate,1933
5801,Iris_5801,Junior Associate,1934
5802,Jack_5802,Junior Associate,1934
5803,Karen_5803,Junior Associate,1934
5804,Leo_5804,Junior Associate,1935
5805,Maya_5805,Junior Associate,1935
5806,Nate_5806,Junior Associate,1935
5807,Olivia_5807,Junior Associate,1936
5808,Paul_5808,Junior Associate,1936
5809,Quinn_5809,Junior Associate,1936
5810,Rose_5810,Junior Associate,1937
5811,Sam_5811,Junior Associate,1937
5812,Tina_5812,Junior Associate,1937
5813,Uma_5813,Junior Associate,1938
5814,Victor_5814,Junior Associate,1938
5815,Wendy_5815,Junior Associate,1938
5816,Xander_5816,Junior Associate,1939
5817,Yara_5817,Junior Associate,1939
5818,Zack_5818,Junior Associate,1939
5819,Ava_5819,Junior Associate,1940
5820,Ben_5820,Junior Associate,1940
5821,Chloe_5821,Junior Associate,1940
5822,Dylan_5822,Junior Associate,1941
5823,Ella_5823,Junior Associate,1941
5824,Finn_5824,Junior Associate,1941
5825,Alice_5825,Junior Associate,1942
5826,Bob_5826,Junior Associate,1942
5827,Carol_5827,Junior Associate,1942
5828,Dave_5828,Junior Associate,1943
5829,Eve_5829,Junior Associate,1943
5830,Frank_5830,Junior Associate,1943
5831,Grace_5831,Junior Associate,1944
5832,Hank_5832,Junior Associate,1944
5833,Iris_5833,Junior Associate,1944
5834,Jack_5834,Junior Associate,1945
5835,Karen_5835,Junior Associate,1945
5836,Leo_5836,Junior Associate,1945
5837,Maya_5837,Junior Associate,1946
5838,Nate_5838,Junior Associate,1946
5839,Olivia_5839,Junior Associate,1946
5840,Paul_5840,Junior Associate,1947
5841,Quinn_5841,Junior Associate,1947
5842,Rose_5842,Junior Associate,1947
5843,Sam_5843,Junior Associate,1948
5844,Tina_5844,Junior Associate,1948
5845,Uma_5845,Junior Associate,1948
5846,Victor_5846,Junior Associate,1949
5847,Wendy_5847,Junior Associate,1949
5848,Xander_5848,Junior Associate,1949
5849,Yara_5849,Junior Associate,1950
5850,Zack_5850,Junior Associate,1950
5851,Ava_5851,Junior Associate,1950
5852,Ben_5852,Junior Associate,1951
5853,Chloe_5853,Junior Associate,1951
5854,Dylan_5854,Junior Associate,1951
5855,Ella_5855,Junior Associate,1952
5856,Finn_5856,Junior Associate,1952
5857,Alice_5857,Junior Associate,1952
5858,Bob_5858,Junior Associate,1953
5859,Carol_5859,Junior Associate,1953
5860,Dave_5860,Junior Associate,1953
5861,Eve_5861,Junior Associate,1954
5862,Frank_5862,Junior Associate,1954
5863,Grace_5863,Junior Associate,1954
5864,Hank_5864,Junior Associate,1955
5865,Iris_5865,Junior Associate,1955
5866,Jack_5866,Junior Associate,1955
5867,Karen_5867,Junior Associate,1956
5868,Leo_5868,Junior Associate,1956
5869,Maya_5869,Junior Associate,1956
5870,Nate_5870,Junior Associate,1957
5871,Olivia_5871,Junior Associate,1957
5872,Paul_5872,Junior Associate,1957
5873,Quinn_5873,Junior Associate,1958
5874,Rose_5874,Junior Associate,1958
5875,Sam_5875,Junior Associate,1958
5876,Tina_5876,Junior Associate,1959
5877,Uma_5877,Junior Associate,1959
5878,Victor_5878,Junior Associate,1959
5879,Wendy_5879,Junior Associate,1960
5880,Xander_5880,Junior Associate,1960
5881,Yara_5881,Junior Associate,1960
5882,Zack_5882,Junior Associate,1961
5883,Ava_5883,Junior Associate,1961
5884,Ben_5884,Junior Associate,1961
5885,Chloe_5885,Junior Associate,1962
5886,Dylan_5886,Junior Associate,1962
5887,Ella_5887,Junior Associate,1962
5888,Finn_5888,Junior Associate,1963
5889,Alice_5889,Junior Associate,1963
5890,Bob_5890,Junior Associate,1963
5891,Carol_5891,Junior Associate,1964
5892,Dave_5892,Junior Associate,1964
5893,Eve_5893,Junior Associate,1964
5894,Frank_5894,Junior Associate,1965
5895,Grace_5895,Junior Associate,1965
5896,Hank_5896,Junior Associate,1965
5897,Iris_5897,Junior Associate,1966
5898,Jack_5898,Junior Associate,1966
5899,Karen_5899,Junior Associate,1966
5900,Leo_5900,Junior Associate,1967
5901,Maya_5901,Junior Associate,1967
5902,Nate_5902,Junior Associate,1967
5903,Olivia_5903,Junior Associate,1968
5904,Paul_5904,Junior Associate,1968
5905,Quinn_5905,Junior Associate,1968
5906,Rose_5906,Junior Associate,1969
5907,Sam_5907,Junior Associate,1969
5908,Tina_5908,Junior Associate,1969
5909,Uma_5909,Junior Associate,1970
5910,Victor_5910,Junior Associate,1970
5911,Wendy_5911,Junior Associate,1970
5912,Xander_5912,Junior Associate,1971
5913,Yara_5913,Junior Associate,1971
5914,Zack_5914,Junior Associate,1971
5915,Ava_5915,Junior Associate,1972
5916,Ben_5916,Junior Associate,1972
5917,Chloe_5917,Junior Associate,1972
5918,Dylan_5918,Junior Associate,1973
5919,Ella_5919,Junior Associate,1973
5920,Finn_5920,Junior Associate,1973
5921,Alice_5921,Junior Associate,1974
5922,Bob_5922,Junior Associate,1974
5923,Carol_5923,Junior Associate,1974
5924,Dave_5924,Junior Associate,1975
5925,Eve_5925,Junior Associate,1975
5926,Frank_5926,Junior Associate,1975
5927,Grace_5927,Junior Associate,1976
5928,Hank_5928,Junior Associate,1976
5929,Iris_5929,Junior Associate,1976
5930,Jack_5930,Junior Associate,1977
5931,Karen_5931,Junior Associate,1977
5932,Leo_5932,Junior Associate,1977
5933,Maya_5933,Junior Associate,1978
5934,Nate_5934,Junior Associate,1978
5935,Olivia_5935,Junior Associate,1978
5936,Paul_5936,Junior Associate,1979
5937,Quinn_5937,Junior Associate,1979
5938,Rose_5938,Junior Associate,1979
5939,Sam_5939,Junior Associate,1980
5940,Tina_5940,Junior Associate,1980
5941,Uma_5941,Junior Associate,1980
5942,Victor_5942,Junior Associate,1981
5943,Wendy_5943,Junior Associate,1981
5944,Xander_5944,Junior Associate,1981
5945,Yara_5945,Junior Associate,1982
5946,Zack_5946,Junior Associate,1982
5947,Ava_5947,Junior Associate,1982
5948,Ben_5948,Junior Associate,1983
5949,Chloe_5949,Junior Associate,1983
5950,Dylan_5950,Junior Associate,1983
5951,Ella_5951,Junior Associate,1984
5952,Finn_5952,Junior Associate,1984
5953,Alice_5953,Junior Associate,1984
5954,Bob_5954,Junior Associate,1985
5955,Carol_5955,Junior Associate,1985
5956,Dave_5956,Junior Associate,1985
5957,Eve_5957,Junior Associate,1986
5958,Frank_5958,Junior Associate,1986
5959,Grace_5959,Junior Associate,1986
5960,Hank_5960,Junior Associate,1987
5961,Iris_5961,Junior Associate,1987
5962,Jack_5962,Junior Associate,1987
5963,Karen_5963,Junior Associate,1988
5964,Leo_5964,Junior Associate,1988
5965,Maya_5965,Junior Associate,1988
5966,Nate_5966,Junior Associate,1989
5967,Olivia_5967,Junior Associate,1989
5968,Paul_5968,Junior Associate,1989
5969,Quinn_5969,Junior Associate,1990
5970,Rose_5970,Junior Associate,1990
5971,Sam_5971,Junior Associate,1990
5972,Tina_5972,Junior Associate,1991
5973,Uma_5973,Junior Associate,1991
5974,Victor_5974,Junior Associate,1991
5975,Wendy_5975,Junior Associate,1992
5976,Xander_5976,Junior Associate,1992
5977,Yara_5977,Junior Associate,1992
5978,Zack_5978,Junior Associate,1993
5979,Ava_5979,Junior Associate,1993
5980,Ben_5980,Junior Associate,1993
5981,Chloe_5981,Junior Associate,1994
5982,Dylan_5982,Junior Associate,1994
5983,Ella_5983,Junior Associate,1994
5984,Finn_5984,Junior Associate,1995
5985,Alice_5985,Junior Associate,1995
5986,Bob_5986,Junior Associate,1995
5987,Carol_5987,Junior Associate,1996
5988,Dave_5988,Junior Associate,1996
5989,Eve_5989,Junior Associate,1996
5990,Frank_5990,Junior Associate,1997
5991,Grace_5991,Junior Associate,1997
5992,Hank_5992,Junior Associate,1997
5993,Iris_5993,Junior Associate,1998
5994,Jack_5994,Junior Associate,1998
5995,Karen_5995,Junior Associate,1998
5996,Leo_5996,Junior Associate,1999
5997,Maya_5997,Junior Associate,1999
5998,Nate_5998,Junior Associate,1999
5999,Olivia_5999,Junior Associate,2000
6000,Paul_6000,Junior Associate,2000
6001,Quinn_6001,Junior Associate,2000
6002,Rose_6002,Junior Associate,2001
6003,Sam_6003,Junior Associate,2001
6004,Tina_6004,Junior Associate,2001
6005,Uma_6005,Junior Associate,2002
6006,Victor_6006,Junior Associate,2002
6007,Wendy_6007,Junior Associate,2002
6008,Xander_6008,Junior Associate,2003
6009,Yara_6009,Junior Associate,2003
6010,Zack_6010,Junior Associate,2003
6011,Ava_6011,Junior Associate,2004
6012,Ben_6012,Junior Associate,2004
6013,Chloe_6013,Junior Associate,2004
6014,Dylan_6014,Junior Associate,2005
6015,Ella_6015,Junior Associate,2005
6016,Finn_6016,Junior Associate,2005
6017,Alice_6017,Junior Associate,2006
6018,Bob_6018,Junior Associate,2006
6019,Carol_6019,Junior Associate,2006
6020,Dave_6020,Junior Associate,2007
6021,Eve_6021,Junior Associate,2007
6022,Frank_6022,Junior Associate,2007
6023,Grace_6023,Junior Associate,2008
6024,Hank_6024,Junior Associate,2008
6025,Iris_6025,Junior Associate,2008
6026,Jack_6026,Junior Associate,2009
6027,Karen_6027,Junior Associate,2009
6028,Leo_6028,Junior Associate,2009
6029,Maya_6029,Junior Associate,2010
6030,Nate_6030,Junior Associate,2010
6031,Olivia_6031,Junior Associate,2010
6032,Paul_6032,Junior Associate,2011
6033,Quinn_6033,Junior Associate,2011
6034,Rose_6034,Junior Associate,2011
6035,Sam_6035,Junior Associate,2012
6036,Tina_6036,Junior Associate,2012
6037,Uma_6037,Junior Associate,2012
6038,Victor_6038,Junior Associate,2013
6039,Wendy_6039,Junior Associate,2013
6040,Xander_6040,Junior Associate,2013
6041,Yara_6041,Junior Associate,2014
6042,Zack_6042,Junior Associate,2014
6043,Ava_6043,Junior Associate,2014
6044,Ben_6044,Junior Associate,2015
6045,Chloe_6045,Junior Associate,2015
6046,Dylan_6046,Junior Associate,2015
6047,Ella_6047,Junior Associate,2016
6048,Finn_6048,Junior Associate,2016
6049,Alice_6049,Junior Associate,2016
6050,Bob_6050,Junior Associate,2017
6051,Carol_6051,Junior Associate,2017
6052,Dave_6052,Junior Associate,2017
6053,Eve_6053,Junior Associate,2018
6054,Frank_6054,Junior Associate,2018
6055,Grace_6055,Junior Associate,2018
6056,Hank_6056,Junior Associate,2019
6057,Iris_6057,Junior Associate,2019
6058,Jack_6058,Junior Associate,2019
6059,Karen_6059,Junior Associate,2020
6060,Leo_6060,Junior Associate,2020
6061,Maya_6061,Junior Associate,2020
6062,Nate_6062,Junior Associate,2021
6063,Olivia_6063,Junior Associate,2021
6064,Paul_6064,Junior Associate,2021
6065,Quinn_6065,Junior Associate,2022
6066,Rose_6066,Junior Associate,2022
6067,Sam_6067,Junior Associate,2022
6068,Tina_6068,Junior Associate,2023
6069,Uma_6069,Junior Associate,2023
6070,Victor_6070,Junior Associate,2023
6071,Wendy_6071,Junior Associate,2024
6072,Xander_6072,Junior Associate,2024
6073,Yara_6073,Junior Associate,2024
6074,Zack_6074,Junior Associate,2025
6075,Ava_6075,Junior Associate,2025
6076,Ben_6076,Junior Associate,2025
6077,Chloe_6077,Junior Associate,2026
6078,Dylan_6078,Junior Associate,2026
6079,Ella_6079,Junior Associate,2026
6080,Finn_6080,Junior Associate,2027
6081,Alice_6081,Junior Associate,2027
6082,Bob_6082,Junior Associate,2027
6083,Carol_6083,Junior Associate,2028
6084,Dave_6084,Junior Associate,2028
6085,Eve_6085,Junior Associate,2028
6086,Frank_6086,Junior Associate,2029
6087,Grace_6087,Junior Associate,2029
6088,Hank_6088,Junior Associate,2029
6089,Iris_6089,Junior Associate,2030
6090,Jack_6090,Junior Associate,2030
6091,Karen_6091,Junior Associate,2030
6092,Leo_6092,Junior Associate,2031
6093,Maya_6093,Junior Associate,2031
6094,Nate_6094,Junior Associate,2031
6095,Olivia_6095,Junior Associate,2032
6096,Paul_6096,Junior Associate,2032
6097,Quinn_6097,Junior Associate,2032
6098,Rose_6098,Junior Associate,2033
6099,Sam_6099,Junior Associate,2033
6100,Tina_6100,Junior Associate,2033
6101,Uma_6101,Junior Associate,2034
6102,Victor_6102,Junior Associate,2034
6103,Wendy_6103,Junior Associate,2034
6104,Xander_6104,Junior Associate,2035
6105,Yara_6105,Junior Associate,2035
6106,Zack_6106,Junior Associate,2035
6107,Ava_6107,Junior Associate,2036
6108,Ben_6108,Junior Associate,2036
6109,Chloe_6109,Junior Associate,2036
6110,Dylan_6110,Junior Associate,2037
6111,Ella_6111,Junior Associate,2037
6112,Finn_6112,Junior Associate,2037
6113,Alice_6113,Junior Associate,2038
6114,Bob_6114,Junior Associate,2038
6115,Carol_6115,Junior Associate,2038
6116,Dave_6116,Junior Associate,2039
6117,Eve_6117,Junior Associate,2039
6118,Frank_6118,Junior Associate,2039
6119,Grace_6119,Junior Associate,2040
6120,Hank_6120,Junior Associate,2040
6121,Iris_6121,Junior Associate,2040
6122,Jack_6122,Junior Associate,2041
6123,Karen_6123,Junior Associate,2041
6124,Leo_6124,Junior Associate,2041
6125,Maya_6125,Junior Associate,2042
6126,Nate_6126,Junior Associate,2042
6127,Olivia_6127,Junior Associate,2042
6128,Paul_6128,Junior Associate,2043
6129,Quinn_6129,Junior Associate,2043
6130,Rose_6130,Junior Associate,2043
6131,Sam_6131,Junior Associate,2044
6132,Tina_6132,Junior Associate,2044
6133,Uma_6133,Junior Associate,2044
6134,Victor_6134,Junior Associate,2045
6135,Wendy_6135,Junior Associate,2045
6136,Xander_6136,Junior Associate,2045
6137,Yara_6137,Junior Associate,2046
6138,Zack_6138,Junior Associate,2046
6139,Ava_6139,Junior Associate,2046
6140,Ben_6140,Junior Associate,2047
6141,Chloe_6141,Junior Associate,2047
6142,Dylan_6142,Junior Associate,2047
6143,Ella_6143,Junior Associate,2048
6144,Finn_6144,Junior Associate,2048
6145,Alice_6145,Junior Associate,2048
6146,Bob_6146,Junior Associate,2049
6147,Carol_6147,Junior Associate,2049
6148,Dave_6148,Junior Associate,2049
6149,Eve_6149,Junior Associate,2050
6150,Frank_6150,Junior Associate,2050
6151,Grace_6151,Junior Associate,2050
6152,Hank_6152,Junior Associate,2051
6153,Iris_6153,Junior Associate,2051
6154,Jack_6154,Junior Associate,2051
6155,Karen_6155,Junior Associate,2052
6156,Leo_6156,Junior Associate,2052
6157,Maya_6157,Junior Associate,2052
6158,Nate_6158,Junior Associate,2053
6159,Olivia_6159,Junior Associate,2053
6160,Paul_6160,Junior Associate,2053
6161,Quinn_6161,Junior Associate,2054
6162,Rose_6162,Junior Associate,2054
6163,Sam_6163,Junior Associate,2054
6164,Tina_6164,Junior Associate,2055
6165,Uma_6165,Junior Associate,2055
6166,Victor_6166,Junior Associate,2055
6167,Wendy_6167,Junior Associate,2056
6168,Xander_6168,Junior Associate,2056
6169,Yara_6169,Junior Associate,2056
6170,Zack_6170,Junior Associate,2057
6171,Ava_6171,Junior Associate,2057
6172,Ben_6172,Junior Associate,2057
6173,Chloe_6173,Junior Associate,2058
6174,Dylan_6174,Junior Associate,2058
6175,Ella_6175,Junior Associate,2058
6176,Finn_6176,Junior Associate,2059
6177,Alice_6177,Junior Associate,2059
6178,Bob_6178,Junior Associate,2059
6179,Carol_6179,Junior Associate,2060
6180,Dave_6180,Junior Associate,2060
6181,Eve_6181,Junior Associate,2060
6182,Frank_6182,Junior Associate,2061
6183,Grace_6183,Junior Associate,2061
6184,Hank_6184,Junior Associate,2061
6185,Iris_6185,Junior Associate,2062
6186,Jack_6186,Junior Associate,2062
6187,Karen_6187,Junior Associate,2062
6188,Leo_6188,Junior Associate,2063
6189,Maya_6189,Junior Associate,2063
6190,Nate_6190,Junior Associate,2063
6191,Olivia_6191,Junior Associate,2064
6192,Paul_6192,Junior Associate,2064
6193,Quinn_6193,Junior Associate,2064
6194,Rose_6194,Junior Associate,2065
6195,Sam_6195,Junior Associate,2065
6196,Tina_6196,Junior Associate,2065
6197,Uma_6197,Junior Associate,2066
6198,Victor_6198,Junior Associate,2066
6199,Wendy_6199,Junior Associate,2066
6200,Xander_6200,Junior Associate,2067
6201,Yara_6201,Junior Associate,2067
6202,Zack_6202,Junior Associate,2067
6203,Ava_6203,Junior Associate,2068
6204,Ben_6204,Junior Associate,2068
6205,Chloe_6205,Junior Associate,2068
6206,Dylan_6206,Junior Associate,2069
6207,Ella_6207,Junior Associate,2069
6208,Finn_6208,Junior Associate,2069
6209,Alice_6209,Junior Associate,2070
6210,Bob_6210,Junior Associate,2070
6211,Carol_6211,Junior Associate,2070
6212,Dave_6212,Junior Associate,2071
6213,Eve_6213,Junior Associate,2071
6214,Frank_6214,Junior Associate,2071
6215,Grace_6215,Junior Associate,2072
6216,Hank_6216,Junior Associate,2072
6217,Iris_6217,Junior Associate,2072
6218,Jack_6218,Junior Associate,2073
6219,Karen_6219,Junior Associate,2073
6220,Leo_6220,Junior Associate,2073
6221,Maya_6221,Junior Associate,2074
6222,Nate_6222,Junior Associate,2074
6223,Olivia_6223,Junior Associate,2074
6224,Paul_6224,Junior Associate,2075
6225,Quinn_6225,Junior Associate,2075
6226,Rose_6226,Junior Associate,2075
6227,Sam_6227,Junior Associate,2076
6228,Tina_6228,Junior Associate,2076
6229,Uma_6229,Junior Associate,2076
6230,Victor_6230,Junior Associate,2077
6231,Wendy_6231,Junior Associate,2077
6232,Xander_6232,Junior Associate,2077
6233,Yara_6233,Junior Associate,2078
6234,Zack_6234,Junior Associate,2078
6235,Ava_6235,Junior Associate,2078
6236,Ben_6236,Junior Associate,2079
6237,Chloe_6237,Junior Associate,2079
6238,Dylan_6238,Junior Associate,2079
6239,Ella_6239,Junior Associate,2080
6240,Finn_6240,Junior Associate,2080
6241,Alice_6241,Junior Associate,2080
6242,Bob_6242,Junior Associate,2081
6243,Carol_6243,Junior Associate,2081
6244,Dave_6244,Junior Associate,2081
6245,Eve_6245,Junior Associate,2082
6246,Frank_6246,Junior Associate,2082
6247,Grace_6247,Junior Associate,2082
6248,Hank_6248,Junior Associate,2083
6249,Iris_6249,Junior Associate,2083
6250,Jack_6250,Junior Associate,2083
6251,Karen_6251,Junior Associate,2084
6252,Leo_6252,Junior Associate,2084
6253,Maya_6253,Junior Associate,2084
6254,Nate_6254,Junior Associate,2085
6255,Olivia_6255,Junior Associate,2085
6256,Paul_6256,Junior Associate,2085
6257,Quinn_6257,Junior Associate,2086
6258,Rose_6258,Junior Associate,2086
6259,Sam_6259,Junior Associate,2086
6260,Tina_6260,Junior Associate,2087
6261,Uma_6261,Junior Associate,2087
6262,Victor_6262,Junior Associate,2087
6263,Wendy_6263,Junior Associate,2088
6264,Xander_6264,Junior Associate,2088
6265,Yara_6265,Junior Associate,2088
6266,Zack_6266,Junior Associate,2089
6267,Ava_6267,Junior Associate,2089
6268,Ben_6268,Junior Associate,2089
6269,Chloe_6269,Junior Associate,2090
6270,Dylan_6270,Junior Associate,2090
6271,Ella_6271,Junior Associate,2090
6272,Finn_6272,Junior Associate,2091
6273,Alice_6273,Junior Associate,2091
6274,Bob_6274,Junior Associate,2091
6275,Carol_6275,Junior Associate,2092
6276,Dave_6276,Junior Associate,2092
6277,Eve_6277,Junior Associate,2092
6278,Frank_6278,Junior Associate,2093
6279,Grace_6279,Junior Associate,2093
6280,Hank_6280,Junior Associate,2093
6281,Iris_6281,Junior Associate,2094
6282,Jack_6282,Junior Associate,2094
6283,Karen_6283,Junior Associate,2094
6284,Leo_6284,Junior Associate,2095
6285,Maya_6285,Junior Associate,2095
6286,Nate_6286,Junior Associate,2095
6287,Olivia_6287,Junior Associate,2096
6288,Paul_6288,Junior Associate,2096
6289,Quinn_6289,Junior Associate,2096
6290,Rose_6290,Junior Associate,2097
6291,Sam_6291,Junior Associate,2097
6292,Tina_6292,Junior Associate,2097
6293,Uma_6293,Junior Associate,2098
6294,Victor_6294,Junior Associate,2098
6295,Wendy_6295,Junior Associate,2098
6296,Xander_6296,Junior Associate,2099
6297,Yara_6297,Junior Associate,2099
6298,Zack_6298,Junior Associate,2099
6299,Ava_6299,Junior Associate,2100
6300,Ben_6300,Junior Associate,2100
6301,Chloe_6301,Junior Associate,2100
6302,Dylan_6302,Junior Associate,2101
6303,Ella_6303,Junior Associate,2101
6304,Finn_6304,Junior Associate,2101
6305,Alice_6305,Junior Associate,2102
6306,Bob_6306,Junior Associate,2102
6307,Carol_6307,Junior Associate,2102
6308,Dave_6308,Junior Associate,2103
6309,Eve_6309,Junior Associate,2103
6310,Frank_6310,Junior Associate,2103
6311,Grace_6311,Junior Associate,2104
6312,Hank_6312,Junior Associate,2104
6313,Iris_6313,Junior Associate,2104
6314,Jack_6314,Junior Associate,2105
6315,Karen_6315,Junior Associate,2105
6316,Leo_6316,Junior Associate,2105
6317,Maya_6317,Junior Associate,2106
6318,Nate_6318,Junior Associate,2106
6319,Olivia_6319,Junior Associate,2106
6320,Paul_6320,Junior Associate,2107
6321,Quinn_6321,Junior Associate,2107
6322,Rose_6322,Junior Associate,2107
6323,Sam_6323,Junior Associate,2108
6324,Tina_6324,Junior Associate,2108
6325,Uma_6325,Junior Associate,2108
6326,Victor_6326,Junior Associate,2109
6327,Wendy_6327,Junior Associate,2109
6328,Xander_6328,Junior Associate,2109
6329,Yara_6329,Junior Associate,2110
6330,Zack_6330,Junior Associate,2110
6331,Ava_6331,Junior Associate,2110
6332,Ben_6332,Junior Associate,2111
6333,Chloe_6333,Junior Associate,2111
6334,Dylan_6334,Junior Associate,2111
6335,Ella_6335,Junior Associate,2112
6336,Finn_6336,Junior Associate,2112
6337,Alice_6337,Junior Associate,2112
6338,Bob_6338,Junior Associate,2113
6339,Carol_6339,Junior Associate,2113
6340,Dave_6340,Junior Associate,2113
6341,Eve_6341,Junior Associate,2114
6342,Frank_6342,Junior Associate,2114
6343,Grace_6343,Junior Associate,2114
6344,Hank_6344,Junior Associate,2115
6345,Iris_6345,Junior Associate,2115
6346,Jack_6346,Junior Associate,2115
6347,Karen_6347,Junior Associate,2116
6348,Leo_6348,Junior Associate,2116
6349,Maya_6349,Junior Associate,2116
6350,Nate_6350,Junior Associate,2117
6351,Olivia_6351,Junior Associate,2117
6352,Paul_6352,Junior Associate,2117
6353,Quinn_6353,Junior Associate,2118
6354,Rose_6354,Junior Associate,2118
6355,Sam_6355,Junior Associate,2118
6356,Tina_6356,Junior Associate,2119
6357,Uma_6357,Junior Associate,2119
6358,Victor_6358,Junior Associate,2119
6359,Wendy_6359,Junior Associate,2120
6360,Xander_6360,Junior Associate,2120
6361,Yara_6361,Junior Associate,2120
6362,Zack_6362,Junior Associate,2121
6363,Ava_6363,Junior Associate,2121
6364,Ben_6364,Junior Associate,2121
6365,Chloe_6365,Junior Associate,2122
6366,Dylan_6366,Junior Associate,2122
6367,Ella_6367,Junior Associate,2122
6368,Finn_6368,Junior Associate,2123
6369,Alice_6369,Junior Associate,2123
6370,Bob_6370,Junior Associate,2123
6371,Carol_6371,Junior Associate,2124
6372,Dave_6372,Junior Associate,2124
6373,Eve_6373,Junior Associate,2124
6374,Frank_6374,Junior Associate,2125
6375,Grace_6375,Junior Associate,2125
6376,Hank_6376,Junior Associate,2125
6377,Iris_6377,Junior Associate,2126
6378,Jack_6378,Junior Associate,2126
6379,Karen_6379,Junior Associate,2126
6380,Leo_6380,Junior Associate,2127
6381,Maya_6381,Junior Associate,2127
6382,Nate_6382,Junior Associate,2127
6383,Olivia_6383,Junior Associate,2128
6384,Paul_6384,Junior Associate,2128
6385,Quinn_6385,Junior Associate,2128
6386,Rose_6386,Junior Associate,2129
6387,Sam_6387,Junior Associate,2129
6388,Tina_6388,Junior Associate,2129
6389,Uma_6389,Junior Associate,2130
6390,Victor_6390,Junior Associate,2130
6391,Wendy_6391,Junior Associate,2130
6392,Xander_6392,Junior Associate,2131
6393,Yara_6393,Junior Associate,2131
6394,Zack_6394,Junior Associate,2131
6395,Ava_6395,Junior Associate,2132
6396,Ben_6396,Junior Associate,2132
6397,Chloe_6397,Junior Associate,2132
6398,Dylan_6398,Junior Associate,2133
6399,Ella_6399,Junior Associate,2133
6400,Finn_6400,Junior Associate,2133
6401,Alice_6401,Junior Associate,2134
6402,Bob_6402,Junior Associate,2134
6403,Carol_6403,Junior Associate,2134
6404,Dave_6404,Junior Associate,2135
6405,Eve_6405,Junior Associate,2135
6406,Frank_6406,Junior Associate,2135
6407,Grace_6407,Junior Associate,2136
6408,Hank_6408,Junior Associate,2136
6409,Iris_6409,Junior Associate,2136
6410,Jack_6410,Junior Associate,2137
6411,Karen_6411,Junior Associate,2137
6412,Leo_6412,Junior Associate,2137
6413,Maya_6413,Junior Associate,2138
6414,Nate_6414,Junior Associate,2138
6415,Olivia_6415,Junior Associate,2138
6416,Paul_6416,Junior Associate,2139
6417,Quinn_6417,Junior Associate,2139
6418,Rose_6418,Junior Associate,2139
6419,Sam_6419,Junior Associate,2140
6420,Tina_6420,Junior Associate,2140
6421,Uma_6421,Junior Associate,2140
6422,Victor_6422,Junior Associate,2141
6423,Wendy_6423,Junior Associate,2141
6424,Xander_6424,Junior Associate,2141
6425,Yara_6425,Junior Associate,2142
6426,Zack_6426,Junior Associate,2142
6427,Ava_6427,Junior Associate,2142
6428,Ben_6428,Junior Associate,2143
6429,Chloe_6429,Junior Associate,2143
6430,Dylan_6430,Junior Associate,2143
6431,Ella_6431,Junior Associate,2144
6432,Finn_6432,Junior Associate,2144
6433,Alice_6433,Junior Associate,2144
6434,Bob_6434,Junior Associate,2145
6435,Carol_6435,Junior Associate,2145
6436,Dave_6436,Junior Associate,2145
6437,Eve_6437,Junior Associate,2146
6438,Frank_6438,Junior Associate,2146
6439,Grace_6439,Junior Associate,2146
6440,Hank_6440,Junior Associate,2147
6441,Iris_6441,Junior Associate,2147
6442,Jack_6442,Junior Associate,2147
6443,Karen_6443,Junior Associate,2148
6444,Leo_6444,Junior Associate,2148
6445,Maya_6445,Junior Associate,2148
6446,Nate_6446,Junior Associate,2149
6447,Olivia_6447,Junior Associate,2149
6448,Paul_6448,Junior Associate,2149
6449,Quinn_6449,Junior Associate,2150
6450,Rose_6450,Junior Associate,2150
6451,Sam_6451,Junior Associate,2150
6452,Tina_6452,Junior Associate,2151
6453,Uma_6453,Junior Associate,2151
6454,Victor_6454,Junior Associate,2151
6455,Wendy_6455,Junior Associate,2152
6456,Xander_6456,Junior Associate,2152
6457,Yara_6457,Junior Associate,2152
6458,Zack_6458,Junior Associate,2153
6459,Ava_6459,Junior Associate,2153
6460,Ben_6460,Junior Associate,2153
6461,Chloe_6461,Junior Associate,2154
6462,Dylan_6462,Junior Associate,2154
6463,Ella_6463,Junior Associate,2154
6464,Finn_6464,Junior Associate,2155
6465,Alice_6465,Junior Associate,2155
6466,Bob_6466,Junior Associate,2155
6467,Carol_6467,Junior Associate,2156
6468,Dave_6468,Junior Associate,2156
6469,Eve_6469,Junior Associate,2156
6470,Frank_6470,Junior Associate,2157
6471,Grace_6471,Junior Associate,2157
6472,Hank_6472,Junior Associate,2157
6473,Iris_6473,Junior Associate,2158
6474,Jack_6474,Junior Associate,2158
6475,Karen_6475,Junior Associate,2158
6476,Leo_6476,Junior Associate,2159
6477,Maya_6477,Junior Associate,2159
6478,Nate_6478,Junior Associate,2159
6479,Olivia_6479,Junior Associate,2160
6480,Paul_6480,Junior Associate,2160
6481,Quinn_6481,Junior Associate,2160
6482,Rose_6482,Junior Associate,2161
6483,Sam_6483,Junior Associate,2161
6484,Tina_6484,Junior Associate,2161
6485,Uma_6485,Junior Associate,2162
6486,Victor_6486,Junior Associate,2162
6487,Wendy_6487,Junior Associate,2162
6488,Xander_6488,Junior Associate,2163
6489,Yara_6489,Junior Associate,2163
6490,Zack_6490,Junior Associate,2163
6491,Ava_6491,Junior Associate,2164
6492,Ben_6492,Junior Associate,2164
6493,Chloe_6493,Junior Associate,2164
6494,Dylan_6494,Junior Associate,2165
6495,Ella_6495,Junior Associate,2165
6496,Finn_6496,Junior Associate,2165
6497,Alice_6497,Junior Associate,2166
6498,Bob_6498,Junior Associate,2166
6499,Carol_6499,Junior Associate,2166
6500,Dave_6500,Junior Associate,2167
6501,Eve_6501,Junior Associate,2167
6502,Frank_6502,Junior Associate,2167
6503,Grace_6503,Junior Associate,2168
6504,Hank_6504,Junior Associate,2168
6505,Iris_6505,Junior Associate,2168
6506,Jack_6506,Junior Associate,2169
6507,Karen_6507,Junior Associate,2169
6508,Leo_6508,Junior Associate,2169
6509,Maya_6509,Junior Associate,2170
6510,Nate_6510,Junior Associate,2170
6511,Olivia_6511,Junior Associate,2170
6512,Paul_6512,Junior Associate,2171
6513,Quinn_6513,Junior Associate,2171
6514,Rose_6514,Junior Associate,2171
6515,Sam_6515,Junior Associate,2172
6516,Tina_6516,Junior Associate,2172
6517,Uma_6517,Junior Associate,2172
6518,Victor_6518,Junior Associate,2173
6519,Wendy_6519,Junior Associate,2173
6520,Xander_6520,Junior Associate,2173
6521,Yara_6521,Junior Associate,2174
6522,Zack_6522,Junior Associate,2174
6523,Ava_6523,Junior Associate,2174
6524,Ben_6524,Junior Associate,2175
6525,Chloe_6525,Junior Associate,2175
6526,Dylan_6526,Junior Associate,2175
6527,Ella_6527,Junior Associate,2176
6528,Finn_6528,Junior Associate,2176
6529,Alice_6529,Junior Associate,2176
6530,Bob_6530,Junior Associate,2177
6531,Carol_6531,Junior Associate,2177
6532,Dave_6532,Junior Associate,2177
6533,Eve_6533,Junior Associate,2178
6534,Frank_6534,Junior Associate,2178
6535,Grace_6535,Junior Associate,2178
6536,Hank_6536,Junior Associate,2179
6537,Iris_6537,Junior Associate,2179
6538,Jack_6538,Junior Associate,2179
6539,Karen_6539,Junior Associate,2180
6540,Leo_6540,Junior Associate,2180
6541,Maya_6541,Junior Associate,2180
6542,Nate_6542,Junior Associate,2181
6543,Olivia_6543,Junior Associate,2181
6544,Paul_6544,Junior Associate,2181
6545,Quinn_6545,Junior Associate,2182
6546,Rose_6546,Junior Associate,2182
6547,Sam_6547,Junior Associate,2182
6548,Tina_6548,Junior Associate,2183
6549,Uma_6549,Junior Associate,2183
6550,Victor_6550,Junior Associate,2183
6551,Wendy_6551,Junior Associate,2184
6552,Xander_6552,Junior Associate,2184
6553,Yara_6553,Junior Associate,2184
6554,Zack_6554,Junior Associate,2185
6555,Ava_6555,Junior Associate,2185
6556,Ben_6556,Junior Associate,2185
6557,Chloe_6557,Junior Associate,2186
6558,Dylan_6558,Junior Associate,2186
6559,Ella_6559,Junior Associate,2186
6560,Finn_6560,Junior Associate,2187
6561,Alice_6561,Junior Associate,2187
6562,Bob_6562,Junior Associate,2187
6563,Carol_6563,Junior Associate,2188
6564,Dave_6564,Junior Associate,2188
6565,Eve_6565,Junior Associate,2188
6566,Frank_6566,Junior Associate,2189
6567,Grace_6567,Junior Associate,2189
6568,Hank_6568,Junior Associate,2189
6569,Iris_6569,Junior Associate,2190
6570,Jack_6570,Junior Associate,2190
6571,Karen_6571,Junior Associate,2190
6572,Leo_6572,Junior Associate,2191
6573,Maya_6573,Junior Associate,2191
6574,Nate_6574,Junior Associate,2191
6575,Olivia_6575,Junior Associate,2192
6576,Paul_6576,Junior Associate,2192
6577,Quinn_6577,Junior Associate,2192
6578,Rose_6578,Junior Associate,2193
6579,Sam_6579,Junior Associate,2193
6580,Tina_6580,Junior Associate,2193
6581,Uma_6581,Junior Associate,2194
6582,Victor_6582,Junior Associate,2194
6583,Wendy_6583,Junior Associate,2194
6584,Xander_6584,Junior Associate,2195
6585,Yara_6585,Junior Associate,2195
6586,Zack_6586,Junior Associate,2195
6587,Ava_6587,Junior Associate,2196
6588,Ben_6588,Junior Associate,2196
6589,Chloe_6589,Junior Associate,2196
6590,Dylan_6590,Junior Associate,2197
6591,Ella_6591,Junior Associate,2197
6592,Finn_6592,Junior Associate,2197
6593,Alice_6593,Junior Associate,2198
6594,Bob_6594,Junior Associate,2198
6595,Carol_6595,Junior Associate,2198
6596,Dave_6596,Junior Associate,2199
6597,Eve_6597,Junior Associate,2199
6598,Frank_6598,Junior Associate,2199
6599,Grace_6599,Junior Associate,2200
6600,Hank_6600,Junior Associate,2200
6601,Iris_6601,Junior Associate,2200
6602,Jack_6602,Junior Associate,2201
6603,Karen_6603,Junior Associate,2201
6604,Leo_6604,Junior Associate,2201
6605,Maya_6605,Junior Associate,2202
6606,Nate_6606,Junior Associate,2202
6607,Olivia_6607,Junior Associate,2202
6608,Paul_6608,Junior Associate,2203
6609,Quinn_6609,Junior Associate,2203
6610,Rose_6610,Junior Associate,2203
6611,Sam_6611,Junior Associate,2204
6612,Tina_6612,Junior Associate,2204
6613,Uma_6613,Junior Associate,2204
6614,Victor_6614,Junior Associate,2205
6615,Wendy_6615,Junior Associate,2205
6616,Xander_6616,Junior Associate,2205
6617,Yara_6617,Junior Associate,2206
6618,Zack_6618,Junior Associate,2206
6619,Ava_6619,Junior Associate,2206
6620,Ben_6620,Junior Associate,2207
6621,Chloe_6621,Junior Associate,2207
6622,Dylan_6622,Junior Associate,2207
6623,Ella_6623,Junior Associate,2208
6624,Finn_6624,Junior Associate,2208
6625,Alice_6625,Junior Associate,2208
6626,Bob_6626,Junior Associate,2209
6627,Carol_6627,Junior Associate,2209
6628,Dave_6628,Junior Associate,2209
6629,Eve_6629,Junior Associate,2210
6630,Frank_6630,Junior Associate,2210
6631,Grace_6631,Junior Associate,2210
6632,Hank_6632,Junior Associate,2211
6633,Iris_6633,Junior Associate,2211
6634,Jack_6634,Junior Associate,2211
6635,Karen_6635,Junior Associate,2212
6636,Leo_6636,Junior Associate,2212
6637,Maya_6637,Junior Associate,2212
6638,Nate_6638,Junior Associate,2213
6639,Olivia_6639,Junior Associate,2213
6640,Paul_6640,Junior Associate,2213
6641,Quinn_6641,Junior Associate,2214
6642,Rose_6642,Junior Associate,2214
6643,Sam_6643,Junior Associate,2214
6644,Tina_6644,Junior Associate,2215
6645,Uma_6645,Junior Associate,2215
6646,Victor_6646,Junior Associate,2215
6647,Wendy_6647,Junior Associate,2216
6648,Xander_6648,Junior Associate,2216
6649,Yara_6649,Junior Associate,2216
6650,Zack_6650,Junior Associate,2217
6651,Ava_6651,Junior Associate,2217
6652,Ben_6652,Junior Associate,2217
6653,Chloe_6653,Junior Associate,2218
6654,Dylan_6654,Junior Associate,2218
6655,Ella_6655,Junior Associate,2218
6656,Finn_6656,Junior Associate,2219
6657,Alice_6657,Junior Associate,2219
6658,Bob_6658,Junior Associate,2219
6659,Carol_6659,Junior Associate,2220
6660,Dave_6660,Junior Associate,2220
6661,Eve_6661,Junior Associate,2220
6662,Frank_6662,Junior Associate,2221
6663,Grace_6663,Junior Associate,2221
6664,Hank_6664,Junior Associate,2221
6665,Iris_6665,Junior Associate,2222
6666,Jack_6666,Junior Associate,2222
6667,Karen_6667,Junior Associate,2222
6668,Leo_6668,Junior Associate,2223
6669,Maya_6669,Junior Associate,2223
6670,Nate_6670,Junior Associate,2223
6671,Olivia_6671,Junior Associate,2224
6672,Paul_6672,Junior Associate,2224
6673,Quinn_6673,Junior Associate,2224
6674,Rose_6674,Junior Associate,2225
6675,Sam_6675,Junior Associate,2225
6676,Tina_6676,Junior Associate,2225
6677,Uma_6677,Junior Associate,2226
6678,Victor_6678,Junior Associate,2226
6679,Wendy_6679,Junior Associate,2226
6680,Xander_6680,Junior Associate,2227
6681,Yara_6681,Junior Associate,2227
6682,Zack_6682,Junior Associate,2227
6683,Ava_6683,Junior Associate,2228
6684,Ben_6684,Junior Associate,2228
6685,Chloe_6685,Junior Associate,2228
6686,Dylan_6686,Junior Associate,2229
6687,Ella_6687,Junior Associate,2229
6688,Finn_6688,Junior Associate,2229
6689,Alice_6689,Junior Associate,2230
6690,Bob_6690,Junior Associate,2230
6691,Carol_6691,Junior Associate,2230
6692,Dave_6692,Junior Associate,2231
6693,Eve_6693,Junior Associate,2231
6694,Frank_6694,Junior Associate,2231
6695,Grace_6695,Junior Associate,2232
6696,Hank_6696,Junior Associate,2232
6697,Iris_6697,Junior Associate,2232
6698,Jack_6698,Junior Associate,2233
6699,Karen_6699,Junior Associate,2233
6700,Leo_6700,Junior Associate,2233
6701,Maya_6701,Junior Associate,2234
6702,Nate_6702,Junior Associate,2234
6703,Olivia_6703,Junior Associate,2234
6704,Paul_6704,Junior Associate,2235
6705,Quinn_6705,Junior Associate,2235
6706,Rose_6706,Junior Associate,2235
6707,Sam_6707,Junior Associate,2236
6708,Tina_6708,Junior Associate,2236
6709,Uma_6709,Junior Associate,2236
6710,Victor_6710,Junior Associate,2237
6711,Wendy_6711,Junior Associate,2237
6712,Xander_6712,Junior Associate,2237
6713,Yara_6713,Junior Associate,2238
6714,Zack_6714,Junior Associate,2238
6715,Ava_6715,Junior Associate,2238
6716,Ben_6716,Junior Associate,2239
6717,Chloe_6717,Junior Associate,2239
6718,Dylan_6718,Junior Associate,2239
6719,Ella_6719,Junior Associate,2240
6720,Finn_6720,Junior Associate,2240
6721,Alice_6721,Junior Associate,2240
6722,Bob_6722,Junior Associate,2241
6723,Carol_6723,Junior Associate,2241
6724,Dave_6724,Junior Associate,2241
6725,Eve_6725,Junior Associate,2242
6726,Frank_6726,Junior Associate,2242
6727,Grace_6727,Junior Associate,2242
6728,Hank_6728,Junior Associate,2243
6729,Iris_6729,Junior Associate,2243
6730,Jack_6730,Junior Associate,2243
6731,Karen_6731,Junior Associate,2244
6732,Leo_6732,Junior Associate,2244
6733,Maya_6733,Junior Associate,2244
6734,Nate_6734,Junior Associate,2245
6735,Olivia_6735,Junior Associate,2245
6736,Paul_6736,Junior Associate,2245
6737,Quinn_6737,Junior Associate,2246
6738,Rose_6738,Junior Associate,2246
6739,Sam_6739,Junior Associate,2246
6740,Tina_6740,Junior Associate,2247
6741,Uma_6741,Junior Associate,2247
6742,Victor_6742,Junior Associate,2247
6743,Wendy_6743,Junior Associate,2248
6744,Xander_6744,Junior Associate,2248
6745,Yara_6745,Junior Associate,2248
6746,Zack_6746,Junior Associate,2249
6747,Ava_6747,Junior Associate,2249
6748,Ben_6748,Junior Associate,2249
6749,Chloe_6749,Junior Associate,2250
6750,Dylan_6750,Junior Associate,2250
6751,Ella_6751,Junior Associate,2250
6752,Finn_6752,Junior Associate,2251
6753,Alice_6753,Junior Associate,2251
6754,Bob_6754,Junior Associate,2251
6755,Carol_6755,Junior Associate,2252
6756,Dave_6756,Junior Associate,2252
6757,Eve_6757,Junior Associate,2252
6758,Frank_6758,Junior Associate,2253
6759,Grace_6759,Junior Associate,2253
6760,Hank_6760,Junior Associate,2253
6761,Iris_6761,Junior Associate,2254
6762,Jack_6762,Junior Associate,2254
6763,Karen_6763,Junior Associate,2254
6764,Leo_6764,Junior Associate,2255
6765,Maya_6765,Junior Associate,2255
6766,Nate_6766,Junior Associate,2255
6767,Olivia_6767,Junior Associate,2256
6768,Paul_6768,Junior Associate,2256
6769,Quinn_6769,Junior Associate,2256
6770,Rose_6770,Junior Associate,2257
6771,Sam_6771,Junior Associate,2257
6772,Tina_6772,Junior Associate,2257
6773,Uma_6773,Junior Associate,2258
6774,Victor_6774,Junior Associate,2258
6775,Wendy_6775,Junior Associate,2258
6776,Xander_6776,Junior Associate,2259
6777,Yara_6777,Junior Associate,2259
6778,Zack_6778,Junior Associate,2259
6779,Ava_6779,Junior Associate,2260
6780,Ben_6780,Junior Associate,2260
6781,Chloe_6781,Junior Associate,2260
6782,Dylan_6782,Junior Associate,2261
6783,Ella_6783,Junior Associate,2261
6784,Finn_6784,Junior Associate,2261
6785,Alice_6785,Junior Associate,2262
6786,Bob_6786,Junior Associate,2262
6787,Carol_6787,Junior Associate,2262
6788,Dave_6788,Junior Associate,2263
6789,Eve_6789,Junior Associate,2263
6790,Frank_6790,Junior Associate,2263
6791,Grace_6791,Junior Associate,2264
6792,Hank_6792,Junior Associate,2264
6793,Iris_6793,Junior Associate,2264
6794,Jack_6794,Junior Associate,2265
6795,Karen_6795,Junior Associate,2265
6796,Leo_6796,Junior Associate,2265
6797,Maya_6797,Junior Associate,2266
6798,Nate_6798,Junior Associate,2266
6799,Olivia_6799,Junior Associate,2266
6800,Paul_6800,Junior Associate,2267
6801,Quinn_6801,Junior Associate,2267
6802,Rose_6802,Junior Associate,2267
6803,Sam_6803,Junior Associate,2268
6804,Tina_6804,Junior Associate,2268
6805,Uma_6805,Junior Associate,2268
6806,Victor_6806,Junior Associate,2269
6807,Wendy_6807,Junior Associate,2269
6808,Xander_6808,Junior Associate,2269
6809,Yara_6809,Junior Associate,2270
6810,Zack_6810,Junior Associate,2270
6811,Ava_6811,Junior Associate,2270
6812,Ben_6812,Junior Associate,2271
6813,Chloe_6813,Junior Associate,2271
6814,Dylan_6814,Junior Associate,2271
6815,Ella_6815,Junior Associate,2272
6816,Finn_6816,Junior Associate,2272
6817,Alice_6817,Junior Associate,2272
6818,Bob_6818,Junior Associate,2273
6819,Carol_6819,Junior Associate,2273
6820,Dave_6820,Junior Associate,2273
6821,Eve_6821,Junior Associate,2274
6822,Frank_6822,Junior Associate,2274
6823,Grace_6823,Junior Associate,2274
6824,Hank_6824,Junior Associate,2275
6825,Iris_6825,Junior Associate,2275
6826,Jack_6826,Junior Associate,2275
6827,Karen_6827,Junior Associate,2276
6828,Leo_6828,Junior Associate,2276
6829,Maya_6829,Junior Associate,2276
6830,Nate_6830,Junior Associate,2277
6831,Olivia_6831,Junior Associate,2277
6832,Paul_6832,Junior Associate,2277
6833,Quinn_6833,Junior Associate,2278
6834,Rose_6834,Junior Associate,2278
6835,Sam_6835,Junior Associate,2278
6836,Tina_6836,Junior Associate,2279
6837,Uma_6837,Junior Associate,2279
6838,Victor_6838,Junior Associate,2279
6839,Wendy_6839,Junior Associate,2280
6840,Xander_6840,Junior Associate,2280
6841,Yara_6841,Junior Associate,2280
6842,Zack_6842,Junior Associate,2281
6843,Ava_6843,Junior Associate,2281
6844,Ben_6844,Junior Associate,2281
6845,Chloe_6845,Junior Associate,2282
6846,Dylan_6846,Junior Associate,2282
6847,Ella_6847,Junior Associate,2282
6848,Finn_6848,Junior Associate,2283
6849,Alice_6849,Junior Associate,2283
6850,Bob_6850,Junior Associate,2283
6851,Carol_6851,Junior Associate,2284
6852,Dave_6852,Junior Associate,2284
6853,Eve_6853,Junior Associate,2284
6854,Frank_6854,Junior Associate,2285
6855,Grace_6855,Junior Associate,2285
6856,Hank_6856,Junior Associate,2285
6857,Iris_6857,Junior Associate,2286
6858,Jack_6858,Junior Associate,2286
6859,Karen_6859,Junior Associate,2286
6860,Leo_6860,Junior Associate,2287
6861,Maya_6861,Junior Associate,2287
6862,Nate_6862,Junior Associate,2287
6863,Olivia_6863,Junior Associate,2288
6864,Paul_6864,Junior Associate,2288
6865,Quinn_6865,Junior Associate,2288
6866,Rose_6866,Junior Associate,2289
6867,Sam_6867,Junior Associate,2289
6868,Tina_6868,Junior Associate,2289
6869,Uma_6869,Junior Associate,2290
6870,Victor_6870,Junior Associate,2290
6871,Wendy_6871,Junior Associate,2290
6872,Xander_6872,Junior Associate,2291
6873,Yara_6873,Junior Associate,2291
6874,Zack_6874,Junior Associate,2291
6875,Ava_6875,Junior Associate,2292
6876,Ben_6876,Junior Associate,2292
6877,Chloe_6877,Junior Associate,2292
6878,Dylan_6878,Junior Associate,2293
6879,Ella_6879,Junior Associate,2293
6880,Finn_6880,Junior Associate,2293
6881,Alice_6881,Junior Associate,2294
6882,Bob_6882,Junior Associate,2294
6883,Carol_6883,Junior Associate,2294
6884,Dave_6884,Junior Associate,2295
6885,Eve_6885,Junior Associate,2295
6886,Frank_6886,Junior Associate,2295
6887,Grace_6887,Junior Associate,2296
6888,Hank_6888,Junior Associate,2296
6889,Iris_6889,Junior Associate,2296
6890,Jack_6890,Junior Associate,2297
6891,Karen_6891,Junior Associate,2297
6892,Leo_6892,Junior Associate,2297
6893,Maya_6893,Junior Associate,2298
6894,Nate_6894,Junior Associate,2298
6895,Olivia_6895,Junior Associate,2298
6896,Paul_6896,Junior Associate,2299
6897,Quinn_6897,Junior Associate,2299
6898,Rose_6898,Junior Associate,2299
6899,Sam_6899,Junior Associate,2300
6900,Tina_6900,Junior Associate,2300
6901,Uma_6901,Junior Associate,2300
6902,Victor_6902,Junior Associate,2301
6903,Wendy_6903,Junior Associate,2301
6904,Xander_6904,Junior Associate,2301
6905,Yara_6905,Junior Associate,2302
6906,Zack_6906,Junior Associate,2302
6907,Ava_6907,Junior Associate,2302
6908,Ben_6908,Junior Associate,2303
6909,Chloe_6909,Junior Associate,2303
6910,Dylan_6910,Junior Associate,2303
6911,Ella_6911,Junior Associate,2304
6912,Finn_6912,Junior Associate,2304
6913,Alice_6913,Junior Associate,2304
6914,Bob_6914,Junior Associate,2305
6915,Carol_6915,Junior Associate,2305
6916,Dave_6916,Junior Associate,2305
6917,Eve_6917,Junior Associate,2306
6918,Frank_6918,Junior Associate,2306
6919,Grace_6919,Junior Associate,2306
6920,Hank_6920,Junior Associate,2307
6921,Iris_6921,Junior Associate,2307
6922,Jack_6922,Junior Associate,2307
6923,Karen_6923,Junior Associate,2308
6924,Leo_6924,Junior Associate,2308
6925,Maya_6925,Junior Associate,2308
6926,Nate_6926,Junior Associate,2309
6927,Olivia_6927,Junior Associate,2309
6928,Paul_6928,Junior Associate,2309
6929,Quinn_6929,Junior Associate,2310
6930,Rose_6930,Junior Associate,2310
6931,Sam_6931,Junior Associate,2310
6932,Tina_6932,Junior Associate,2311
6933,Uma_6933,Junior Associate,2311
6934,Victor_6934,Junior Associate,2311
6935,Wendy_6935,Junior Associate,2312
6936,Xander_6936,Junior Associate,2312
6937,Yara_6937,Junior Associate,2312
6938,Zack_6938,Junior Associate,2313
6939,Ava_6939,Junior Associate,2313
6940,Ben_6940,Junior Associate,2313
6941,Chloe_6941,Junior Associate,2314
6942,Dylan_6942,Junior Associate,2314
6943,Ella_6943,Junior Associate,2314
6944,Finn_6944,Junior Associate,2315
6945,Alice_6945,Junior Associate,2315
6946,Bob_6946,Junior Associate,2315
6947,Carol_6947,Junior Associate,2316
6948,Dave_6948,Junior Associate,2316
6949,Eve_6949,Junior Associate,2316
6950,Frank_6950,Junior Associate,2317
6951,Grace_6951,Junior Associate,2317
6952,Hank_6952,Junior Associate,2317
6953,Iris_6953,Junior Associate,2318
6954,Jack_6954,Junior Associate,2318
6955,Karen_6955,Junior Associate,2318
6956,Leo_6956,Junior Associate,2319
6957,Maya_6957,Junior Associate,2319
6958,Nate_6958,Junior Associate,2319
6959,Olivia_6959,Junior Associate,2320
6960,Paul_6960,Junior Associate,2320
6961,Quinn_6961,Junior Associate,2320
6962,Rose_6962,Junior Associate,2321
6963,Sam_6963,Junior Associate,2321
6964,Tina_6964,Junior Associate,2321
6965,Uma_6965,Junior Associate,2322
6966,Victor_6966,Junior Associate,2322
6967,Wendy_6967,Junior Associate,2322
6968,Xander_6968,Junior Associate,2323
6969,Yara_6969,Junior Associate,2323
6970,Zack_6970,Junior Associate,2323
6971,Ava_6971,Junior Associate,2324
6972,Ben_6972,Junior Associate,2324
6973,Chloe_6973,Junior Associate,2324
6974,Dylan_6974,Junior Associate,2325
6975,Ella_6975,Junior Associate,2325
6976,Finn_6976,Junior Associate,2325
6977,Alice_6977,Junior Associate,2326
6978,Bob_6978,Junior Associate,2326
6979,Carol_6979,Junior Associate,2326
6980,Dave_6980,Junior Associate,2327
6981,Eve_6981,Junior Associate,2327
6982,Frank_6982,Junior Associate,2327
6983,Grace_6983,Junior Associate,2328
6984,Hank_6984,Junior Associate,2328
6985,Iris_6985,Junior Associate,2328
6986,Jack_6986,Junior Associate,2329
6987,Karen_6987,Junior Associate,2329
6988,Leo_6988,Junior Associate,2329
6989,Maya_6989,Junior Associate,2330
6990,Nate_6990,Junior Associate,2330
6991,Olivia_6991,Junior Associate,2330
6992,Paul_6992,Junior Associate,2331
6993,Quinn_6993,Junior Associate,2331
6994,Rose_6994,Junior Associate,2331
6995,Sam_6995,Junior Associate,2332
6996,Tina_6996,Junior Associate,2332
6997,Uma_6997,Junior Associate,2332
6998,Victor_6998,Junior Associate,2333
6999,Wendy_6999,Junior Associate,2333
7000,Xander_7000,Junior Associate,2333
7001,Yara_7001,Junior Associate,2334
7002,Zack_7002,Junior Associate,2334
7003,Ava_7003,Junior Associate,2334
7004,Ben_7004,Junior Associate,2335
7005,Chloe_7005,Junior Associate,2335
7006,Dylan_7006,Junior Associate,2335
7007,Ella_7007,Junior Associate,2336
7008,Finn_7008,Junior Associate,2336
7009,Alice_7009,Junior Associate,2336
7010,Bob_7010,Junior Associate,2337
7011,Carol_7011,Junior Associate,2337
7012,Dave_7012,Junior Associate,2337
7013,Eve_7013,Junior Associate,2338
7014,Frank_7014,Junior Associate,2338
7015,Grace_7015,Junior Associate,2338
7016,Hank_7016,Junior Associate,2339
7017,Iris_7017,Junior Associate,2339
7018,Jack_7018,Junior Associate,2339
7019,Karen_7019,Junior Associate,2340
7020,Leo_7020,Junior Associate,2340
7021,Maya_7021,Junior Associate,2340
7022,Nate_7022,Junior Associate,2341
7023,Olivia_7023,Junior Associate,2341
7024,Paul_7024,Junior Associate,2341
7025,Quinn_7025,Junior Associate,2342
7026,Rose_7026,Junior Associate,2342
7027,Sam_7027,Junior Associate,2342
7028,Tina_7028,Junior Associate,2343
7029,Uma_7029,Junior Associate,2343
7030,Victor_7030,Junior Associate,2343
7031,Wendy_7031,Junior Associate,2344
7032,Xander_7032,Junior Associate,2344
7033,Yara_7033,Junior Associate,2344
7034,Zack_7034,Junior Associate,2345
7035,Ava_7035,Junior Associate,2345
7036,Ben_7036,Junior Associate,2345
7037,Chloe_7037,Junior Associate,2346
7038,Dylan_7038,Junior Associate,2346
7039,Ella_7039,Junior Associate,2346
7040,Finn_7040,Junior Associate,2347
7041,Alice_7041,Junior Associate,2347
7042,Bob_7042,Junior Associate,2347
7043,Carol_7043,Junior Associate,2348
7044,Dave_7044,Junior Associate,2348
7045,Eve_7045,Junior Associate,2348
7046,Frank_7046,Junior Associate,2349
7047,Grace_7047,Junior Associate,2349
7048,Hank_7048,Junior Associate,2349
7049,Iris_7049,Junior Associate,2350
7050,Jack_7050,Junior Associate,2350
7051,Karen_7051,Junior Associate,2350
7052,Leo_7052,Junior Associate,2351
7053,Maya_7053,Junior Associate,2351
7054,Nate_7054,Junior Associate,2351
7055,Olivia_7055,Junior Associate,2352
7056,Paul_7056,Junior Associate,2352
7057,Quinn_7057,Junior Associate,2352
7058,Rose_7058,Junior Associate,2353
7059,Sam_7059,Junior Associate,2353
7060,Tina_7060,Junior Associate,2353
7061,Uma_7061,Junior Associate,2354
7062,Victor_7062,Junior Associate,2354
7063,Wendy_7063,Junior Associate,2354
7064,Xander_7064,Junior Associate,2355
7065,Yara_7065,Junior Associate,2355
7066,Zack_7066,Junior Associate,2355
7067,Ava_7067,Junior Associate,2356
7068,Ben_7068,Junior Associate,2356
7069,Chloe_7069,Junior Associate,2356
7070,Dylan_7070,Junior Associate,2357
7071,Ella_7071,Junior Associate,2357
7072,Finn_7072,Junior Associate,2357
7073,Alice_7073,Junior Associate,2358
7074,Bob_7074,Junior Associate,2358
7075,Carol_7075,Junior Associate,2358
7076,Dave_7076,Junior Associate,2359
7077,Eve_7077,Junior Associate,2359
7078,Frank_7078,Junior Associate,2359
7079,Grace_7079,Junior Associate,2360
7080,Hank_7080,Junior Associate,2360
7081,Iris_7081,Junior Associate,2360
7082,Jack_7082,Junior Associate,2361
7083,Karen_7083,Junior Associate,2361
7084,Leo_7084,Junior Associate,2361
7085,Maya_7085,Junior Associate,2362
7086,Nate_7086,Junior Associate,2362
7087,Olivia_7087,Junior Associate,2362
7088,Paul_7088,Junior Associate,2363
7089,Quinn_7089,Junior Associate,2363
7090,Rose_7090,Junior Associate,2363
7091,Sam_7091,Junior Associate,2364
7092,Tina_7092,Junior Associate,2364
7093,Uma_7093,Junior Associate,2364
7094,Victor_7094,Junior Associate,2365
7095,Wendy_7095,Junior Associate,2365
7096,Xander_7096,Junior Associate,2365
7097,Yara_7097,Junior Associate,2366
7098,Zack_7098,Junior Associate,2366
7099,Ava_7099,Junior Associate,2366
7100,Ben_7100,Junior Associate,2367
7101,Chloe_7101,Junior Associate,2367
7102,Dylan_7102,Junior Associate,2367
7103,Ella_7103,Junior Associate,2368
7104,Finn_7104,Junior Associate,2368
7105,Alice_7105,Junior Associate,2368
7106,Bob_7106,Junior Associate,2369
7107,Carol_7107,Junior Associate,2369
7108,Dave_7108,Junior Associate,2369
7109,Eve_7109,Junior Associate,2370
7110,Frank_7110,Junior Associate,2370
7111,Grace_7111,Junior Associate,2370
7112,Hank_7112,Junior Associate,2371
7113,Iris_7113,Junior Associate,2371
7114,Jack_7114,Junior Associate,2371
7115,Karen_7115,Junior Associate,2372
7116,Leo_7116,Junior Associate,2372
7117,Maya_7117,Junior Associate,2372
7118,Nate_7118,Junior Associate,2373
7119,Olivia_7119,Junior Associate,2373
7120,Paul_7120,Junior Associate,2373
7121,Quinn_7121,Junior Associate,2374
7122,Rose_7122,Junior Associate,2374
7123,Sam_7123,Junior Associate,2374
7124,Tina_7124,Junior Associate,2375
7125,Uma_7125,Junior Associate,2375
7126,Victor_7126,Junior Associate,2375
7127,Wendy_7127,Junior Associate,2376
7128,Xander_7128,Junior Associate,2376
7129,Yara_7129,Junior Associate,2376
7130,Zack_7130,Junior Associate,2377
7131,Ava_7131,Junior Associate,2377
7132,Ben_7132,Junior Associate,2377
7133,Chloe_7133,Junior Associate,2378
7134,Dylan_7134,Junior Associate,2378
7135,Ella_7135,Junior Associate,2378
7136,Finn_7136,Junior Associate,2379
7137,Alice_7137,Junior Associate,2379
7138,Bob_7138,Junior Associate,2379
7139,Carol_7139,Junior Associate,2380
7140,Dave_7140,Junior Associate,2380
7141,Eve_7141,Junior Associate,2380
7142,Frank_7142,Junior Associate,2381
7143,Grace_7143,Junior Associate,2381
7144,Hank_7144,Junior Associate,2381
7145,Iris_7145,Junior Associate,2382
7146,Jack_7146,Junior Associate,2382
7147,Karen_7147,Junior Associate,2382
7148,Leo_7148,Junior Associate,2383
7149,Maya_7149,Junior Associate,2383
7150,Nate_7150,Junior Associate,2383
7151,Olivia_7151,Junior Associate,2384
7152,Paul_7152,Junior Associate,2384
7153,Quinn_7153,Junior Associate,2384
7154,Rose_7154,Junior Associate,2385
7155,Sam_7155,Junior Associate,2385
7156,Tina_7156,Junior Associate,2385
7157,Uma_7157,Junior Associate,2386
7158,Victor_7158,Junior Associate,2386
7159,Wendy_7159,Junior Associate,2386
7160,Xander_7160,Junior Associate,2387
7161,Yara_7161,Junior Associate,2387
7162,Zack_7162,Junior Associate,2387
7163,Ava_7163,Junior Associate,2388
7164,Ben_7164,Junior Associate,2388
7165,Chloe_7165,Junior Associate,2388
7166,Dylan_7166,Junior Associate,2389
7167,Ella_7167,Junior Associate,2389
7168,Finn_7168,Junior Associate,2389
7169,Alice_7169,Junior Associate,2390
7170,Bob_7170,Junior Associate,2390
7171,Carol_7171,Junior Associate,2390
7172,Dave_7172,Junior Associate,2391
7173,Eve_7173,Junior Associate,2391
7174,Frank_7174,Junior Associate,2391
7175,Grace_7175,Junior Associate,2392
7176,Hank_7176,Junior Associate,2392
7177,Iris_7177,Junior Associate,2392
7178,Jack_7178,Junior Associate,2393
7179,Karen_7179,Junior Associate,2393
7180,Leo_7180,Junior Associate,2393
7181,Maya_7181,Junior Associate,2394
7182,Nate_7182,Junior Associate,2394
7183,Olivia_7183,Junior Associate,2394
7184,Paul_7184,Junior Associate,2395
7185,Quinn_7185,Junior Associate,2395
7186,Rose_7186,Junior Associate,2395
7187,Sam_7187,Junior Associate,2396
7188,Tina_7188,Junior Associate,2396
7189,Uma_7189,Junior Associate,2396
7190,Victor_7190,Junior Associate,2397
7191,Wendy_7191,Junior Associate,2397
7192,Xander_7192,Junior Associate,2397
7193,Yara_7193,Junior Associate,2398
7194,Zack_7194,Junior Associate,2398
7195,Ava_7195,Junior Associate,2398
7196,Ben_7196,Junior Associate,2399
7197,Chloe_7197,Junior Associate,2399
7198,Dylan_7198,Junior Associate,2399
7199,Ella_7199,Junior Associate,2400
7200,Finn_7200,Junior Associate,2400
7201,Alice_7201,Junior Associate,2400
7202,Bob_7202,Junior Associate,2401
7203,Carol_7203,Junior Associate,2401
7204,Dave_7204,Junior Associate,2401
7205,Eve_7205,Junior Associate,2402
7206,Frank_7206,Junior Associate,2402
7207,Grace_7207,Junior Associate,2402
7208,Hank_7208,Junior Associate,2403
7209,Iris_7209,Junior Associate,2403
7210,Jack_7210,Junior Associate,2403
7211,Karen_7211,Junior Associate,2404
7212,Leo_7212,Junior Associate,2404
7213,Maya_7213,Junior Associate,2404
7214,Nate_7214,Junior Associate,2405
7215,Olivia_7215,Junior Associate,2405
7216,Paul_7216,Junior Associate,2405
7217,Quinn_7217,Junior Associate,2406
7218,Rose_7218,Junior Associate,2406
7219,Sam_7219,Junior Associate,2406
7220,Tina_7220,Junior Associate,2407
7221,Uma_7221,Junior Associate,2407
7222,Victor_7222,Junior Associate,2407
7223,Wendy_7223,Junior Associate,2408
7224,Xander_7224,Junior Associate,2408
7225,Yara_7225,Junior Associate,2408
7226,Zack_7226,Junior Associate,2409
7227,Ava_7227,Junior Associate,2409
7228,Ben_7228,Junior Associate,2409
7229,Chloe_7229,Junior Associate,2410
7230,Dylan_7230,Junior Associate,2410
7231,Ella_7231,Junior Associate,2410
7232,Finn_7232,Junior Associate,2411
7233,Alice_7233,Junior Associate,2411
7234,Bob_7234,Junior Associate,2411
7235,Carol_7235,Junior Associate,2412
7236,Dave_7236,Junior Associate,2412
7237,Eve_7237,Junior Associate,2412
7238,Frank_7238,Junior Associate,2413
7239,Grace_7239,Junior Associate,2413
7240,Hank_7240,Junior Associate,2413
7241,Iris_7241,Junior Associate,2414
7242,Jack_7242,Junior Associate,2414
7243,Karen_7243,Junior Associate,2414
7244,Leo_7244,Junior Associate,2415
7245,Maya_7245,Junior Associate,2415
7246,Nate_7246,Junior Associate,2415
7247,Olivia_7247,Junior Associate,2416
7248,Paul_7248,Junior Associate,2416
7249,Quinn_7249,Junior Associate,2416
7250,Rose_7250,Junior Associate,2417
7251,Sam_7251,Junior Associate,2417
7252,Tina_7252,Junior Associate,2417
7253,Uma_7253,Junior Associate,2418
7254,Victor_7254,Junior Associate,2418
7255,Wendy_7255,Junior Associate,2418
7256,Xander_7256,Junior Associate,2419
7257,Yara_7257,Junior Associate,2419
7258,Zack_7258,Junior Associate,2419
7259,Ava_7259,Junior Associate,2420
7260,Ben_7260,Junior Associate,2420
7261,Chloe_7261,Junior Associate,2420
7262,Dylan_7262,Junior Associate,2421
7263,Ella_7263,Junior Associate,2421
7264,Finn_7264,Junior Associate,2421
7265,Alice_7265,Junior Associate,2422
7266,Bob_7266,Junior Associate,2422
7267,Carol_7267,Junior Associate,2422
7268,Dave_7268,Junior Associate,2423
7269,Eve_7269,Junior Associate,2423
7270,Frank_7270,Junior Associate,2423
7271,Grace_7271,Junior Associate,2424
7272,Hank_7272,Junior Associate,2424
7273,Iris_7273,Junior Associate,2424
7274,Jack_7274,Junior Associate,2425
7275,Karen_7275,Junior Associate,2425
7276,Leo_7276,Junior Associate,2425
7277,Maya_7277,Junior Associate,2426
7278,Nate_7278,Junior Associate,2426
7279,Olivia_7279,Junior Associate,2426
7280,Paul_7280,Junior Associate,2427
7281,Quinn_7281,Junior Associate,2427
7282,Rose_7282,Junior Associate,2427
7283,Sam_7283,Junior Associate,2428
7284,Tina_7284,Junior Associate,2428
7285,Uma_7285,Junior Associate,2428
7286,Victor_7286,Junior Associate,2429
7287,Wendy_7287,Junior Associate,2429
7288,Xander_7288,Junior Associate,2429
7289,Yara_7289,Junior Associate,2430
7290,Zack_7290,Junior Associate,2430
7291,Ava_7291,Junior Associate,2430
7292,Ben_7292,Junior Associate,2431
7293,Chloe_7293,Junior Associate,2431
7294,Dylan_7294,Junior Associate,2431
7295,Ella_7295,Junior Associate,2432
7296,Finn_7296,Junior Associate,2432
7297,Alice_7297,Junior Associate,2432
7298,Bob_7298,Junior Associate,2433
7299,Carol_7299,Junior Associate,2433
7300,Dave_7300,Junior Associate,2433
7301,Eve_7301,Junior Associate,2434
7302,Frank_7302,Junior Associate,2434
7303,Grace_7303,Junior Associate,2434
7304,Hank_7304,Junior Associate,2435
7305,Iris_7305,Junior Associate,2435
7306,Jack_7306,Junior Associate,2435
7307,Karen_7307,Junior Associate,2436
7308,Leo_7308,Junior Associate,2436
7309,Maya_7309,Junior Associate,2436
7310,Nate_7310,Junior Associate,2437
7311,Olivia_7311,Junior Associate,2437
7312,Paul_7312,Junior Associate,2437
7313,Quinn_7313,Junior Associate,2438
7314,Rose_7314,Junior Associate,2438
7315,Sam_7315,Junior Associate,2438
7316,Tina_7316,Junior Associate,2439
7317,Uma_7317,Junior Associate,2439
7318,Victor_7318,Junior Associate,2439
7319,Wendy_7319,Junior Associate,2440
7320,Xander_7320,Junior Associate,2440
7321,Yara_7321,Junior Associate,2440
7322,Zack_7322,Junior Associate,2441
7323,Ava_7323,Junior Associate,2441
7324,Ben_7324,Junior Associate,2441
7325,Chloe_7325,Junior Associate,2442
7326,Dylan_7326,Junior Associate,2442
7327,Ella_7327,Junior Associate,2442
7328,Finn_7328,Junior Associate,2443
7329,Alice_7329,Junior Associate,2443
7330,Bob_7330,Junior Associate,2443
7331,Carol_7331,Junior Associate,2444
7332,Dave_7332,Junior Associate,2444
7333,Eve_7333,Junior Associate,2444
7334,Frank_7334,Junior Associate,2445
7335,Grace_7335,Junior Associate,2445
7336,Hank_7336,Junior Associate,2445
7337,Iris_7337,Junior Associate,2446
7338,Jack_7338,Junior Associate,2446
7339,Karen_7339,Junior Associate,2446
7340,Leo_7340,Junior Associate,2447
7341,Maya_7341,Junior Associate,2447
7342,Nate_7342,Junior Associate,2447
7343,Olivia_7343,Junior Associate,2448
7344,Paul_7344,Junior Associate,2448
7345,Quinn_7345,Junior Associate,2448
7346,Rose_7346,Junior Associate,2449
7347,Sam_7347,Junior Associate,2449
7348,Tina_7348,Junior Associate,2449
7349,Uma_7349,Junior Associate,2450
7350,Victor_7350,Junior Associate,2450
7351,Wendy_7351,Junior Associate,2450
7352,Xander_7352,Junior Associate,2451
7353,Yara_7353,Junior Associate,2451
7354,Zack_7354,Junior Associate,2451
7355,Ava_7355,Junior Associate,2452
7356,Ben_7356,Junior Associate,2452
7357,Chloe_7357,Junior Associate,2452
7358,Dylan_7358,Junior Associate,2453
7359,Ella_7359,Junior Associate,2453
7360,Finn_7360,Junior Associate,2453
7361,Alice_7361,Junior Associate,2454
7362,Bob_7362,Junior Associate,2454
7363,Carol_7363,Junior Associate,2454
7364,Dave_7364,Junior Associate,2455
7365,Eve_7365,Junior Associate,2455
7366,Frank_7366,Junior Associate,2455
7367,Grace_7367,Junior Associate,2456
7368,Hank_7368,Junior Associate,2456
7369,Iris_7369,Junior Associate,2456
7370,Jack_7370,Junior Associate,2457
7371,Karen_7371,Junior Associate,2457
7372,Leo_7372,Junior Associate,2457
7373,Maya_7373,Junior Associate,2458
7374,Nate_7374,Junior Associate,2458
7375,Olivia_7375,Junior Associate,2458
7376,Paul_7376,Junior Associate,2459
7377,Quinn_7377,Junior Associate,2459
7378,Rose_7378,Junior Associate,2459
7379,Sam_7379,Junior Associate,2460
7380,Tina_7380,Junior Associate,2460
7381,Uma_7381,Junior Associate,2460
7382,Victor_7382,Junior Associate,2461
7383,Wendy_7383,Junior Associate,2461
7384,Xander_7384,Junior Associate,2461
7385,Yara_7385,Junior Associate,2462
7386,Zack_7386,Junior Associate,2462
7387,Ava_7387,Junior Associate,2462
7388,Ben_7388,Junior Associate,2463
7389,Chloe_7389,Junior Associate,2463
7390,Dylan_7390,Junior Associate,2463
7391,Ella_7391,Junior Associate,2464
7392,Finn_7392,Junior Associate,2464
7393,Alice_7393,Junior Associate,2464
7394,Bob_7394,Junior Associate,2465
7395,Carol_7395,Junior Associate,2465
7396,Dave_7396,Junior Associate,2465
7397,Eve_7397,Junior Associate,2466
7398,Frank_7398,Junior Associate,2466
7399,Grace_7399,Junior Associate,2466
7400,Hank_7400,Junior Associate,2467
7401,Iris_7401,Junior Associate,2467
7402,Jack_7402,Junior Associate,2467
7403,Karen_7403,Junior Associate,2468
7404,Leo_7404,Junior Associate,2468
7405,Maya_7405,Junior Associate,2468
7406,Nate_7406,Junior Associate,2469
7407,Olivia_7407,Junior Associate,2469
7408,Paul_7408,Junior Associate,2469
7409,Quinn_7409,Junior Associate,2470
7410,Rose_7410,Junior Associate,2470
7411,Sam_7411,Junior Associate,2470
7412,Tina_7412,Junior Associate,2471
7413,Uma_7413,Junior Associate,2471
7414,Victor_7414,Junior Associate,2471
7415,Wendy_7415,Junior Associate,2472
7416,Xander_7416,Junior Associate,2472
7417,Yara_7417,Junior Associate,2472
7418,Zack_7418,Junior Associate,2473
7419,Ava_7419,Junior Associate,2473
7420,Ben_7420,Junior Associate,2473
7421,Chloe_7421,Junior Associate,2474
7422,Dylan_7422,Junior Associate,2474
7423,Ella_7423,Junior Associate,2474
7424,Finn_7424,Junior Associate,2475
7425,Alice_7425,Junior Associate,2475
7426,Bob_7426,Junior Associate,2475
7427,Carol_7427,Junior Associate,2476
7428,Dave_7428,Junior Associate,2476
7429,Eve_7429,Junior Associate,2476
7430,Frank_7430,Junior Associate,2477
7431,Grace_7431,Junior Associate,2477
7432,Hank_7432,Junior Associate,2477
7433,Iris_7433,Junior Associate,2478
7434,Jack_7434,Junior Associate,2478
7435,Karen_7435,Junior Associate,2478
7436,Leo_7436,Junior Associate,2479
7437,Maya_7437,Junior Associate,2479
7438,Nate_7438,Junior Associate,2479
7439,Olivia_7439,Junior Associate,2480
7440,Paul_7440,Junior Associate,2480
7441,Quinn_7441,Junior Associate,2480
7442,Rose_7442,Junior Associate,2481
7443,Sam_7443,Junior Associate,2481
7444,Tina_7444,Junior Associate,2481
7445,Uma_7445,Junior Associate,2482
7446,Victor_7446,Junior Associate,2482
7447,Wendy_7447,Junior Associate,2482
7448,Xander_7448,Junior Associate,2483
7449,Yara_7449,Junior Associate,2483
7450,Zack_7450,Junior Associate,2483
7451,Ava_7451,Junior Associate,2484
7452,Ben_7452,Junior Associate,2484
7453,Chloe_7453,Junior Associate,2484
7454,Dylan_7454,Junior Associate,2485
7455,Ella_7455,Junior Associate,2485
7456,Finn_7456,Junior Associate,2485
7457,Alice_7457,Junior Associate,2486
7458,Bob_7458,Junior Associate,2486
7459,Carol_7459,Junior Associate,2486
7460,Dave_7460,Junior Associate,2487
7461,Eve_7461,Junior Associate,2487
7462,Frank_7462,Junior Associate,2487
7463,Grace_7463,Junior Associate,2488
7464,Hank_7464,Junior Associate,2488
7465,Iris_7465,Junior Associate,2488
7466,Jack_7466,Junior Associate,2489
7467,Karen_7467,Junior Associate,2489
7468,Leo_7468,Junior Associate,2489
7469,Maya_7469,Junior Associate,2490
7470,Nate_7470,Junior Associate,2490
7471,Olivia_7471,Junior Associate,2490
7472,Paul_7472,Junior Associate,2491
7473,Quinn_7473,Junior Associate,2491
7474,Rose_7474,Junior Associate,2491
7475,Sam_7475,Junior Associate,2492
7476,Tina_7476,Junior Associate,2492
7477,Uma_7477,Junior Associate,2492
7478,Victor_7478,Junior Associate,2493
7479,Wendy_7479,Junior Associate,2493
7480,Xander_7480,Junior Associate,2493
7481,Yara_7481,Junior Associate,2494
7482,Zack_7482,Junior Associate,2494
7483,Ava_7483,Junior Associate,2494
7484,Ben_7484,Junior Associate,2495
7485,Chloe_7485,Junior Associate,2495
7486,Dylan_7486,Junior Associate,2495
7487,Ella_7487,Junior Associate,2496
7488,Finn_7488,Junior Associate,2496
7489,Alice_7489,Junior Associate,2496
7490,Bob_7490,Junior Associate,2497
7491,Carol_7491,Junior Associate,2497
7492,Dave_7492,Junior Associate,2497
7493,Eve_7493,Junior Associate,2498
7494,Frank_7494,Junior Associate,2498
7495,Grace_7495,Junior Associate,2498
7496,Hank_7496,Junior Associate,2499
7497,Iris_7497,Junior Associate,2499
7498,Jack_7498,Junior Associate,2499
7499,Karen_7499,Junior Associate,2500
7500,Leo_7500,Junior Associate,2500
7501,Maya_7501,Junior Associate,2500
7502,Nate_7502,Junior Associate,2501
7503,Olivia_7503,Junior Associate,2501
7504,Paul_7504,Junior Associate,2501
7505,Quinn_7505,Junior Associate,2502
7506,Rose_7506,Junior Associate,2502
7507,Sam_7507,Junior Associate,2502
7508,Tina_7508,Junior Associate,2503
7509,Uma_7509,Junior Associate,2503
7510,Victor_7510,Junior Associate,2503
7511,Wendy_7511,Junior Associate,2504
7512,Xander_7512,Junior Associate,2504
7513,Yara_7513,Junior Associate,2504
7514,Zack_7514,Junior Associate,2505
7515,Ava_7515,Junior Associate,2505
7516,Ben_7516,Junior Associate,2505
7517,Chloe_7517,Junior Associate,2506
7518,Dylan_7518,Junior Associate,2506
7519,Ella_7519,Junior Associate,2506
7520,Finn_7520,Junior Associate,2507
7521,Alice_7521,Junior Associate,2507
7522,Bob_7522,Junior Associate,2507
7523,Carol_7523,Junior Associate,2508
7524,Dave_7524,Junior Associate,2508
7525,Eve_7525,Junior Associate,2508
7526,Frank_7526,Junior Associate,2509
7527,Grace_7527,Junior Associate,2509
7528,Hank_7528,Junior Associate,2509
7529,Iris_7529,Junior Associate,2510
7530,Jack_7530,Junior Associate,2510
7531,Karen_7531,Junior Associate,2510
7532,Leo_7532,Junior Associate,2511
7533,Maya_7533,Junior Associate,2511
7534,Nate_7534,Junior Associate,2511
7535,Olivia_7535,Junior Associate,2512
7536,Paul_7536,Junior Associate,2512
7537,Quinn_7537,Junior Associate,2512
7538,Rose_7538,Junior Associate,2513
7539,Sam_7539,Junior Associate,2513
7540,Tina_7540,Junior Associate,2513
7541,Uma_7541,Junior Associate,2514
7542,Victor_7542,Junior Associate,2514
7543,Wendy_7543,Junior Associate,2514
7544,Xander_7544,Junior Associate,2515
7545,Yara_7545,Junior Associate,2515
7546,Zack_7546,Junior Associate,2515
7547,Ava_7547,Junior Associate,2516
7548,Ben_7548,Junior Associate,2516
7549,Chloe_7549,Junior Associate,2516
7550,Dylan_7550,Junior Associate,2517
7551,Ella_7551,Junior Associate,2517
7552,Finn_7552,Junior Associate,2517
7553,Alice_7553,Junior Associate,2518
7554,Bob_7554,Junior Associate,2518
7555,Carol_7555,Junior Associate,2518
7556,Dave_7556,Junior Associate,2519
7557,Eve_7557,Junior Associate,2519
7558,Frank_7558,Junior Associate,2519
7559,Grace_7559,Junior Associate,2520
7560,Hank_7560,Junior Associate,2520
7561,Iris_7561,Junior Associate,2520
7562,Jack_7562,Junior Associate,2521
7563,Karen_7563,Junior Associate,2521
7564,Leo_7564,Junior Associate,2521
7565,Maya_7565,Junior Associate,2522
7566,Nate_7566,Junior Associate,2522
7567,Olivia_7567,Junior Associate,2522
7568,Paul_7568,Junior Associate,2523
7569,Quinn_7569,Junior Associate,2523
7570,Rose_7570,Junior Associate,2523
7571,Sam_7571,Junior Associate,2524
7572,Tina_7572,Junior Associate,2524
7573,Uma_7573,Junior Associate,2524
7574,Victor_7574,Junior Associate,2525
7575,Wendy_7575,Junior Associate,2525
7576,Xander_7576,Junior Associate,2525
7577,Yara_7577,Junior Associate,2526
7578,Zack_7578,Junior Associate,2526
7579,Ava_7579,Junior Associate,2526
7580,Ben_7580,Junior Associate,2527
7581,Chloe_7581,Junior Associate,2527
7582,Dylan_7582,Junior Associate,2527
7583,Ella_7583,Junior Associate,2528
7584,Finn_7584,Junior Associate,2528
7585,Alice_7585,Junior Associate,2528
7586,Bob_7586,Junior Associate,2529
7587,Carol_7587,Junior Associate,2529
7588,Dave_7588,Junior Associate,2529
7589,Eve_7589,Junior Associate,2530
7590,Frank_7590,Junior Associate,2530
7591,Grace_7591,Junior Associate,2530
7592,Hank_7592,Junior Associate,2531
7593,Iris_7593,Junior Associate,2531
7594,Jack_7594,Junior Associate,2531
7595,Karen_7595,Junior Associate,2532
7596,Leo_7596,Junior Associate,2532
7597,Maya_7597,Junior Associate,2532
7598,Nate_7598,Junior Associate,2533
7599,Olivia_7599,Junior Associate,2533
7600,Paul_7600,Junior Associate,2533
7601,Quinn_7601,Junior Associate,2534
7602,Rose_7602,Junior Associate,2534
7603,Sam_7603,Junior Associate,2534
7604,Tina_7604,Junior Associate,2535
7605,Uma_7605,Junior Associate,2535
7606,Victor_7606,Junior Associate,2535
7607,Wendy_7607,Junior Associate,2536
7608,Xander_7608,Junior Associate,2536
7609,Yara_7609,Junior Associate,2536
7610,Zack_7610,Junior Associate,2537
7611,Ava_7611,Junior Associate,2537
7612,Ben_7612,Junior Associate,2537
7613,Chloe_7613,Junior Associate,2538
7614,Dylan_7614,Junior Associate,2538
7615,Ella_7615,Junior Associate,2538
7616,Finn_7616,Junior Associate,2539
7617,Alice_7617,Junior Associate,2539
7618,Bob_7618,Junior Associate,2539
7619,Carol_7619,Junior Associate,2540
7620,Dave_7620,Junior Associate,2540
7621,Eve_7621,Junior Associate,2540
7622,Frank_7622,Junior Associate,2541
7623,Grace_7623,Junior Associate,2541
7624,Hank_7624,Junior Associate,2541
7625,Iris_7625,Junior Associate,2542
7626,Jack_7626,Junior Associate,2542
7627,Karen_7627,Junior Associate,2542
7628,Leo_7628,Junior Associate,2543
7629,Maya_7629,Junior Associate,2543
7630,Nate_7630,Junior Associate,2543
7631,Olivia_7631,Junior Associate,2544
7632,Paul_7632,Junior Associate,2544
7633,Quinn_7633,Junior Associate,2544
7634,Rose_7634,Junior Associate,2545
7635,Sam_7635,Junior Associate,2545
7636,Tina_7636,Junior Associate,2545
7637,Uma_7637,Junior Associate,2546
7638,Victor_7638,Junior Associate,2546
7639,Wendy_7639,Junior Associate,2546
7640,Xander_7640,Junior Associate,2547
7641,Yara_7641,Junior Associate,2547
7642,Zack_7642,Junior Associate,2547
7643,Ava_7643,Junior Associate,2548
7644,Ben_7644,Junior Associate,2548
7645,Chloe_7645,Junior Associate,2548
7646,Dylan_7646,Junior Associate,2549
7647,Ella_7647,Junior Associate,2549
7648,Finn_7648,Junior Associate,2549
7649,Alice_7649,Junior Associate,2550
7650,Bob_7650,Junior Associate,2550
7651,Carol_7651,Junior Associate,2550
7652,Dave_7652,Junior Associate,2551
7653,Eve_7653,Junior Associate,2551
7654,Frank_7654,Junior Associate,2551
7655,Grace_7655,Junior Associate,2552
7656,Hank_7656,Junior Associate,2552
7657,Iris_7657,Junior Associate,2552
7658,Jack_7658,Junior Associate,2553
7659,Karen_7659,Junior Associate,2553
7660,Leo_7660,Junior Associate,2553
7661,Maya_7661,Junior Associate,2554
7662,Nate_7662,Junior Associate,2554
7663,Olivia_7663,Junior Associate,2554
7664,Paul_7664,Junior Associate,2555
7665,Quinn_7665,Junior Associate,2555
7666,Rose_7666,Junior Associate,2555
7667,Sam_7667,Junior Associate,2556
7668,Tina_7668,Junior Associate,2556
7669,Uma_7669,Junior Associate,2556
7670,Victor_7670,Junior Associate,2557
7671,Wendy_7671,Junior Associate,2557
7672,Xander_7672,Junior Associate,2557
7673,Yara_7673,Junior Associate,2558
7674,Zack_7674,Junior Associate,2558
7675,Ava_7675,Junior Associate,2558
7676,Ben_7676,Junior Associate,2559
7677,Chloe_7677,Junior Associate,2559
7678,Dylan_7678,Junior Associate,2559
7679,Ella_7679,Junior Associate,2560
7680,Finn_7680,Junior Associate,2560
7681,Alice_7681,Junior Associate,2560
7682,Bob_7682,Junior Associate,2561
7683,Carol_7683,Junior Associate,2561
7684,Dave_7684,Junior Associate,2561
7685,Eve_7685,Junior Associate,2562
7686,Frank_7686,Junior Associate,2562
7687,Grace_7687,Junior Associate,2562
7688,Hank_7688,Junior Associate,2563
7689,Iris_7689,Junior Associate,2563
7690,Jack_7690,Junior Associate,2563
7691,Karen_7691,Junior Associate,2564
7692,Leo_7692,Junior Associate,2564
7693,Maya_7693,Junior Associate,2564
7694,Nate_7694,Junior Associate,2565
7695,Olivia_7695,Junior Associate,2565
7696,Paul_7696,Junior Associate,2565
7697,Quinn_7697,Junior Associate,2566
7698,Rose_7698,Junior Associate,2566
7699,Sam_7699,Junior Associate,2566
7700,Tina_7700,Junior Associate,2567
7701,Uma_7701,Junior Associate,2567
7702,Victor_7702,Junior Associate,2567
7703,Wendy_7703,Junior Associate,2568
7704,Xander_7704,Junior Associate,2568
7705,Yara_7705,Junior Associate,2568
7706,Zack_7706,Junior Associate,2569
7707,Ava_7707,Junior Associate,2569
7708,Ben_7708,Junior Associate,2569
7709,Chloe_7709,Junior Associate,2570
7710,Dylan_7710,Junior Associate,2570
7711,Ella_7711,Junior Associate,2570
7712,Finn_7712,Junior Associate,2571
7713,Alice_7713,Junior Associate,2571
7714,Bob_7714,Junior Associate,2571
7715,Carol_7715,Junior Associate,2572
7716,Dave_7716,Junior Associate,2572
7717,Eve_7717,Junior Associate,2572
7718,Frank_7718,Junior Associate,2573
7719,Grace_7719,Junior Associate,2573
7720,Hank_7720,Junior Associate,2573
7721,Iris_7721,Junior Associate,2574
7722,Jack_7722,Junior Associate,2574
7723,Karen_7723,Junior Associate,2574
7724,Leo_7724,Junior Associate,2575
7725,Maya_7725,Junior Associate,2575
7726,Nate_7726,Junior Associate,2575
7727,Olivia_7727,Junior Associate,2576
7728,Paul_7728,Junior Associate,2576
7729,Quinn_7729,Junior Associate,2576
7730,Rose_7730,Junior Associate,2577
7731,Sam_7731,Junior Associate,2577
7732,Tina_7732,Junior Associate,2577
7733,Uma_7733,Junior Associate,2578
7734,Victor_7734,Junior Associate,2578
7735,Wendy_7735,Junior Associate,2578
7736,Xander_7736,Junior Associate,2579
7737,Yara_7737,Junior Associate,2579
7738,Zack_7738,Junior Associate,2579
7739,Ava_7739,Junior Associate,2580
7740,Ben_7740,Junior Associate,2580
7741,Chloe_7741,Junior Associate,2580
7742,Dylan_7742,Junior Associate,2581
7743,Ella_7743,Junior Associate,2581
7744,Finn_7744,Junior Associate,2581
7745,Alice_7745,Junior Associate,2582
7746,Bob_7746,Junior Associate,2582
7747,Carol_7747,Junior Associate,2582
7748,Dave_7748,Junior Associate,2583
7749,Eve_7749,Junior Associate,2583
7750,Frank_7750,Junior Associate,2583
7751,Grace_7751,Junior Associate,2584
7752,Hank_7752,Junior Associate,2584
7753,Iris_7753,Junior Associate,2584
7754,Jack_7754,Junior Associate,2585
7755,Karen_7755,Junior Associate,2585
7756,Leo_7756,Junior Associate,2585
7757,Maya_7757,Junior Associate,2586
7758,Nate_7758,Junior Associate,2586
7759,Olivia_7759,Junior Associate,2586
7760,Paul_7760,Junior Associate,2587
7761,Quinn_7761,Junior Associate,2587
7762,Rose_7762,Junior Associate,2587
7763,Sam_7763,Junior Associate,2588
7764,Tina_7764,Junior Associate,2588
7765,Uma_7765,Junior Associate,2588
7766,Victor_7766,Junior Associate,2589
7767,Wendy_7767,Junior Associate,2589
7768,Xander_7768,Junior Associate,2589
7769,Yara_7769,Junior Associate,2590
7770,Zack_7770,Junior Associate,2590
7771,Ava_7771,Junior Associate,2590
7772,Ben_7772,Junior Associate,2591
7773,Chloe_7773,Junior Associate,2591
7774,Dylan_7774,Junior Associate,2591
7775,Ella_7775,Junior Associate,2592
7776,Finn_7776,Junior Associate,2592
7777,Alice_7777,Junior Associate,2592
7778,Bob_7778,Junior Associate,2593
7779,Carol_7779,Junior Associate,2593
7780,Dave_7780,Junior Associate,2593
7781,Eve_7781,Junior Associate,2594
7782,Frank_7782,Junior Associate,2594
7783,Grace_7783,Junior Associate,2594
7784,Hank_7784,Junior Associate,2595
7785,Iris_7785,Junior Associate,2595
7786,Jack_7786,Junior Associate,2595
7787,Karen_7787,Junior Associate,2596
7788,Leo_7788,Junior Associate,2596
7789,Maya_7789,Junior Associate,2596
7790,Nate_7790,Junior Associate,2597
7791,Olivia_7791,Junior Associate,2597
7792,Paul_7792,Junior Associate,2597
7793,Quinn_7793,Junior Associate,2598
7794,Rose_7794,Junior Associate,2598
7795,Sam_7795,Junior Associate,2598
7796,Tina_7796,Junior Associate,2599
7797,Uma_7797,Junior Associate,2599
7798,Victor_7798,Junior Associate,2599
7799,Wendy_7799,Junior Associate,2600
7800,Xander_7800,Junior Associate,2600
7801,Yara_7801,Junior Associate,2600
7802,Zack_7802,Junior Associate,2601
7803,Ava_7803,Junior Associate,2601
7804,Ben_7804,Junior Associate,2601
7805,Chloe_7805,Junior Associate,2602
7806,Dylan_7806,Junior Associate,2602
7807,Ella_7807,Junior Associate,2602
7808,Finn_7808,Junior Associate,2603
7809,Alice_7809,Junior Associate,2603
7810,Bob_7810,Junior Associate,2603
7811,Carol_7811,Junior Associate,2604
7812,Dave_7812,Junior Associate,2604
7813,Eve_7813,Junior Associate,2604
7814,Frank_7814,Junior Associate,2605
7815,Grace_7815,Junior Associate,2605
7816,Hank_7816,Junior Associate,2605
7817,Iris_7817,Junior Associate,2606
7818,Jack_7818,Junior Associate,2606
7819,Karen_7819,Junior Associate,2606
7820,Leo_7820,Junior Associate,2607
7821,Maya_7821,Junior Associate,2607
7822,Nate_7822,Junior Associate,2607
7823,Olivia_7823,Junior Associate,2608
7824,Paul_7824,Junior Associate,2608
7825,Quinn_7825,Junior Associate,2608
7826,Rose_7826,Junior Associate,2609
7827,Sam_7827,Junior Associate,2609
7828,Tina_7828,Junior Associate,2609
7829,Uma_7829,Junior Associate,2610
7830,Victor_7830,Junior Associate,2610
7831,Wendy_7831,Junior Associate,2610
7832,Xander_7832,Junior Associate,2611
7833,Yara_7833,Junior Associate,2611
7834,Zack_7834,Junior Associate,2611
7835,Ava_7835,Junior Associate,2612
7836,Ben_7836,Junior Associate,2612
7837,Chloe_7837,Junior Associate,2612
7838,Dylan_7838,Junior Associate,2613
7839,Ella_7839,Junior Associate,2613
7840,Finn_7840,Junior Associate,2613
7841,Alice_7841,Junior Associate,2614
7842,Bob_7842,Junior Associate,2614
7843,Carol_7843,Junior Associate,2614
7844,Dave_7844,Junior Associate,2615
7845,Eve_7845,Junior Associate,2615
7846,Frank_7846,Junior Associate,2615
7847,Grace_7847,Junior Associate,2616
7848,Hank_7848,Junior Associate,2616
7849,Iris_7849,Junior Associate,2616
7850,Jack_7850,Junior Associate,2617
7851,Karen_7851,Junior Associate,2617
7852,Leo_7852,Junior Associate,2617
7853,Maya_7853,Junior Associate,2618
7854,Nate_7854,Junior Associate,2618
7855,Olivia_7855,Junior Associate,2618
7856,Paul_7856,Junior Associate,2619
7857,Quinn_7857,Junior Associate,2619
7858,Rose_7858,Junior Associate,2619
7859,Sam_7859,Junior Associate,2620
7860,Tina_7860,Junior Associate,2620
7861,Uma_7861,Junior Associate,2620
7862,Victor_7862,Junior Associate,2621
7863,Wendy_7863,Junior Associate,2621
7864,Xander_7864,Junior Associate,2621
7865,Yara_7865,Junior Associate,2622
7866,Zack_7866,Junior Associate,2622
7867,Ava_7867,Junior Associate,2622
7868,Ben_7868,Junior Associate,2623
7869,Chloe_7869,Junior Associate,2623
7870,Dylan_7870,Junior Associate,2623
7871,Ella_7871,Junior Associate,2624
7872,Finn_7872,Junior Associate,2624
7873,Alice_7873,Junior Associate,2624
7874,Bob_7874,Junior Associate,2625
7875,Carol_7875,Junior Associate,2625
7876,Dave_7876,Junior Associate,2625
7877,Eve_7877,Junior Associate,2626
7878,Frank_7878,Junior Associate,2626
7879,Grace_7879,Junior Associate,2626
7880,Hank_7880,Junior Associate,2627
7881,Iris_7881,Junior Associate,2627
7882,Jack_7882,Junior Associate,2627
7883,Karen_7883,Junior Associate,2628
7884,Leo_7884,Junior Associate,2628
7885,Maya_7885,Junior Associate,2628
7886,Nate_7886,Junior Associate,2629
7887,Olivia_7887,Junior Associate,2629
7888,Paul_7888,Junior Associate,2629
7889,Quinn_7889,Junior Associate,2630
7890,Rose_7890,Junior Associate,2630
7891,Sam_7891,Junior Associate,2630
7892,Tina_7892,Junior Associate,2631
7893,Uma_7893,Junior Associate,2631
7894,Victor_7894,Junior Associate,2631
7895,Wendy_7895,Junior Associate,2632
7896,Xander_7896,Junior Associate,2632
7897,Yara_7897,Junior Associate,2632
7898,Zack_7898,Junior Associate,2633
7899,Ava_7899,Junior Associate,2633
7900,Ben_7900,Junior Associate,2633
7901,Chloe_7901,Junior Associate,2634
7902,Dylan_7902,Junior Associate,2634
7903,Ella_7903,Junior Associate,2634
7904,Finn_7904,Junior Associate,2635
7905,Alice_7905,Junior Associate,2635
7906,Bob_7906,Junior Associate,2635
7907,Carol_7907,Junior Associate,2636
7908,Dave_7908,Junior Associate,2636
7909,Eve_7909,Junior Associate,2636
7910,Frank_7910,Junior Associate,2637
7911,Grace_7911,Junior Associate,2637
7912,Hank_7912,Junior Associate,2637
7913,Iris_7913,Junior Associate,2638
7914,Jack_7914,Junior Associate,2638
7915,Karen_7915,Junior Associate,2638
7916,Leo_7916,Junior Associate,2639
7917,Maya_7917,Junior Associate,2639
7918,Nate_7918,Junior Associate,2639
7919,Olivia_7919,Junior Associate,2640
7920,Paul_7920,Junior Associate,2640
7921,Quinn_7921,Junior Associate,2640
7922,Rose_7922,Junior Associate,2641
7923,Sam_7923,Junior Associate,2641
7924,Tina_7924,Junior Associate,2641
7925,Uma_7925,Junior Associate,2642
7926,Victor_7926,Junior Associate,2642
7927,Wendy_7927,Junior Associate,2642
7928,Xander_7928,Junior Associate,2643
7929,Yara_7929,Junior Associate,2643
7930,Zack_7930,Junior Associate,2643
7931,Ava_7931,Junior Associate,2644
7932,Ben_7932,Junior Associate,2644
7933,Chloe_7933,Junior Associate,2644
7934,Dylan_7934,Junior Associate,2645
7935,Ella_7935,Junior Associate,2645
7936,Finn_7936,Junior Associate,2645
7937,Alice_7937,Junior Associate,2646
7938,Bob_7938,Junior Associate,2646
7939,Carol_7939,Junior Associate,2646
7940,Dave_7940,Junior Associate,2647
7941,Eve_7941,Junior Associate,2647
7942,Frank_7942,Junior Associate,2647
7943,Grace_7943,Junior Associate,2648
7944,Hank_7944,Junior Associate,2648
7945,Iris_7945,Junior Associate,2648
7946,Jack_7946,Junior Associate,2649
7947,Karen_7947,Junior Associate,2649
7948,Leo_7948,Junior Associate,2649
7949,Maya_7949,Junior Associate,2650
7950,Nate_7950,Junior Associate,2650
7951,Olivia_7951,Junior Associate,2650
7952,Paul_7952,Junior Associate,2651
7953,Quinn_7953,Junior Associate,2651
7954,Rose_7954,Junior Associate,2651
7955,Sam_7955,Junior Associate,2652
7956,Tina_7956,Junior Associate,2652
7957,Uma_7957,Junior Associate,2652
7958,Victor_7958,Junior Associate,2653
7959,Wendy_7959,Junior Associate,2653
7960,Xander_7960,Junior Associate,2653
7961,Yara_7961,Junior Associate,2654
7962,Zack_7962,Junior Associate,2654
7963,Ava_7963,Junior Associate,2654
7964,Ben_7964,Junior Associate,2655
7965,Chloe_7965,Junior Associate,2655
7966,Dylan_7966,Junior Associate,2655
7967,Ella_7967,Junior Associate,2656
7968,Finn_7968,Junior Associate,2656
7969,Alice_7969,Junior Associate,2656
7970,Bob_7970,Junior Associate,2657
7971,Carol_7971,Junior Associate,2657
7972,Dave_7972,Junior Associate,2657
7973,Eve_7973,Junior Associate,2658
7974,Frank_7974,Junior Associate,2658
7975,Grace_7975,Junior Associate,2658
7976,Hank_7976,Junior Associate,2659
7977,Iris_7977,Junior Associate,2659
7978,Jack_7978,Junior Associate,2659
7979,Karen_7979,Junior Associate,2660
7980,Leo_7980,Junior Associate,2660
7981,Maya_7981,Junior Associate,2660
7982,Nate_7982,Junior Associate,2661
7983,Olivia_7983,Junior Associate,2661
7984,Paul_7984,Junior Associate,2661
7985,Quinn_7985,Junior Associate,2662
7986,Rose_7986,Junior Associate,2662
7987,Sam_7987,Junior Associate,2662
7988,Tina_7988,Junior Associate,2663
7989,Uma_7989,Junior Associate,2663
7990,Victor_7990,Junior Associate,2663
7991,Wendy_7991,Junior Associate,2664
7992,Xander_7992,Junior Associate,2664
7993,Yara_7993,Junior Associate,2664
7994,Zack_7994,Junior Associate,2665
7995,Ava_7995,Junior Associate,2665
7996,Ben_7996,Junior Associate,2665
7997,Chloe_7997,Junior Associate,2666
7998,Dylan_7998,Junior Associate,2666
7999,Ella_7999,Junior Associate,2666
8000,Finn_8000,Junior Associate,2667
8001,Alice_8001,Junior Associate,2667
8002,Bob_8002,Junior Associate,2667
8003,Carol_8003,Junior Associate,2668
8004,Dave_8004,Junior Associate,2668
8005,Eve_8005,Junior Associate,2668
8006,Frank_8006,Junior Associate,2669
8007,Grace_8007,Junior Associate,2669
8008,Hank_8008,Junior Associate,2669
8009,Iris_8009,Junior Associate,2670
8010,Jack_8010,Junior Associate,2670
8011,Karen_8011,Junior Associate,2670
8012,Leo_8012,Junior Associate,2671
8013,Maya_8013,Junior Associate,2671
8014,Nate_8014,Junior Associate,2671
8015,Olivia_8015,Junior Associate,2672
8016,Paul_8016,Junior Associate,2672
8017,Quinn_8017,Junior Associate,2672
8018,Rose_8018,Junior Associate,2673
8019,Sam_8019,Junior Associate,2673
8020,Tina_8020,Junior Associate,2673
8021,Uma_8021,Junior Associate,2674
8022,Victor_8022,Junior Associate,2674
8023,Wendy_8023,Junior Associate,2674
8024,Xander_8024,Junior Associate,2675
8025,Yara_8025,Junior Associate,2675
8026,Zack_8026,Junior Associate,2675
8027,Ava_8027,Junior Associate,2676
8028,Ben_8028,Junior Associate,2676
8029,Chloe_8029,Junior Associate,2676
8030,Dylan_8030,Junior Associate,2677
8031,Ella_8031,Junior Associate,2677
8032,Finn_8032,Junior Associate,2677
8033,Alice_8033,Junior Associate,2678
8034,Bob_8034,Junior Associate,2678
8035,Carol_8035,Junior Associate,2678
8036,Dave_8036,Junior Associate,2679
8037,Eve_8037,Junior Associate,2679
8038,Frank_8038,Junior Associate,2679
8039,Grace_8039,Junior Associate,2680
8040,Hank_8040,Junior Associate,2680
8041,Iris_8041,Junior Associate,2680
8042,Jack_8042,Junior Associate,2681
8043,Karen_8043,Junior Associate,2681
8044,Leo_8044,Junior Associate,2681
8045,Maya_8045,Junior Associate,2682
8046,Nate_8046,Junior Associate,2682
8047,Olivia_8047,Junior Associate,2682
8048,Paul_8048,Junior Associate,2683
8049,Quinn_8049,Junior Associate,2683
8050,Rose_8050,Junior Associate,2683
8051,Sam_8051,Junior Associate,2684
8052,Tina_8052,Junior Associate,2684
8053,Uma_8053,Junior Associate,2684
8054,Victor_8054,Junior Associate,2685
8055,Wendy_8055,Junior Associate,2685
8056,Xander_8056,Junior Associate,2685
8057,Yara_8057,Junior Associate,2686
8058,Zack_8058,Junior Associate,2686
8059,Ava_8059,Junior Associate,2686
8060,Ben_8060,Junior Associate,2687
8061,Chloe_8061,Junior Associate,2687
8062,Dylan_8062,Junior Associate,2687
8063,Ella_8063,Junior Associate,2688
8064,Finn_8064,Junior Associate,2688
8065,Alice_8065,Junior Associate,2688
8066,Bob_8066,Junior Associate,2689
8067,Carol_8067,Junior Associate,2689
8068,Dave_8068,Junior Associate,2689
8069,Eve_8069,Junior Associate,2690
8070,Frank_8070,Junior Associate,2690
8071,Grace_8071,Junior Associate,2690
8072,Hank_8072,Junior Associate,2691
8073,Iris_8073,Junior Associate,2691
8074,Jack_8074,Junior Associate,2691
8075,Karen_8075,Junior Associate,2692
8076,Leo_8076,Junior Associate,2692
8077,Maya_8077,Junior Associate,2692
8078,Nate_8078,Junior Associate,2693
8079,Olivia_8079,Junior Associate,2693
8080,Paul_8080,Junior Associate,2693
8081,Quinn_8081,Junior Associate,2694
8082,Rose_8082,Junior Associate,2694
8083,Sam_8083,Junior Associate,2694
8084,Tina_8084,Junior Associate,2695
8085,Uma_8085,Junior Associate,2695
8086,Victor_8086,Junior Associate,2695
8087,Wendy_8087,Junior Associate,2696
8088,Xander_8088,Junior Associate,2696
8089,Yara_8089,Junior Associate,2696
8090,Zack_8090,Junior Associate,2697
8091,Ava_8091,Junior Associate,2697
8092,Ben_8092,Junior Associate,2697
8093,Chloe_8093,Junior Associate,2698
8094,Dylan_8094,Junior Associate,2698
8095,Ella_8095,Junior Associate,2698
8096,Finn_8096,Junior Associate,2699
8097,Alice_8097,Junior Associate,2699
8098,Bob_8098,Junior Associate,2699
8099,Carol_8099,Junior Associate,2700
8100,Dave_8100,Junior Associate,2700
8101,Eve_8101,Junior Associate,2700
8102,Frank_8102,Junior Associate,2701
8103,Grace_8103,Junior Associate,2701
8104,Hank_8104,Junior Associate,2701
8105,Iris_8105,Junior Associate,2702
8106,Jack_8106,Junior Associate,2702
8107,Karen_8107,Junior Associate,2702
8108,Leo_8108,Junior Associate,2703
8109,Maya_8109,Junior Associate,2703
8110,Nate_8110,Junior Associate,2703
8111,Olivia_8111,Junior Associate,2704
8112,Paul_8112,Junior Associate,2704
8113,Quinn_8113,Junior Associate,2704
8114,Rose_8114,Junior Associate,2705
8115,Sam_8115,Junior Associate,2705
8116,Tina_8116,Junior Associate,2705
8117,Uma_8117,Junior Associate,2706
8118,Victor_8118,Junior Associate,2706
8119,Wendy_8119,Junior Associate,2706
8120,Xander_8120,Junior Associate,2707
8121,Yara_8121,Junior Associate,2707
8122,Zack_8122,Junior Associate,2707
8123,Ava_8123,Junior Associate,2708
8124,Ben_8124,Junior Associate,2708
8125,Chloe_8125,Junior Associate,2708
8126,Dylan_8126,Junior Associate,2709
8127,Ella_8127,Junior Associate,2709
8128,Finn_8128,Junior Associate,2709
8129,Alice_8129,Junior Associate,2710
8130,Bob_8130,Junior Associate,2710
8131,Carol_8131,Junior Associate,2710
8132,Dave_8132,Junior Associate,2711
8133,Eve_8133,Junior Associate,2711
8134,Frank_8134,Junior Associate,2711
8135,Grace_8135,Junior Associate,2712
8136,Hank_8136,Junior Associate,2712
8137,Iris_8137,Junior Associate,2712
8138,Jack_8138,Junior Associate,2713
8139,Karen_8139,Junior Associate,2713
8140,Leo_8140,Junior Associate,2713
8141,Maya_8141,Junior Associate,2714
8142,Nate_8142,Junior Associate,2714
8143,Olivia_8143,Junior Associate,2714
8144,Paul_8144,Junior Associate,2715
8145,Quinn_8145,Junior Associate,2715
8146,Rose_8146,Junior Associate,2715
8147,Sam_8147,Junior Associate,2716
8148,Tina_8148,Junior Associate,2716
8149,Uma_8149,Junior Associate,2716
8150,Victor_8150,Junior Associate,2717
8151,Wendy_8151,Junior Associate,2717
8152,Xander_8152,Junior Associate,2717
8153,Yara_8153,Junior Associate,2718
8154,Zack_8154,Junior Associate,2718
8155,Ava_8155,Junior Associate,2718
8156,Ben_8156,Junior Associate,2719
8157,Chloe_8157,Junior Associate,2719
8158,Dylan_8158,Junior Associate,2719
8159,Ella_8159,Junior Associate,2720
8160,Finn_8160,Junior Associate,2720
8161,Alice_8161,Junior Associate,2720
8162,Bob_8162,Junior Associate,2721
8163,Carol_8163,Junior Associate,2721
8164,Dave_8164,Junior Associate,2721
8165,Eve_8165,Junior Associate,2722
8166,Frank_8166,Junior Associate,2722
8167,Grace_8167,Junior Associate,2722
8168,Hank_8168,Junior Associate,2723
8169,Iris_8169,Junior Associate,2723
8170,Jack_8170,Junior Associate,2723
8171,Karen_8171,Junior Associate,2724
8172,Leo_8172,Junior Associate,2724
8173,Maya_8173,Junior Associate,2724
8174,Nate_8174,Junior Associate,2725
8175,Olivia_8175,Junior Associate,2725
8176,Paul_8176,Junior Associate,2725
8177,Quinn_8177,Junior Associate,2726
8178,Rose_8178,Junior Associate,2726
8179,Sam_8179,Junior Associate,2726
8180,Tina_8180,Junior Associate,2727
8181,Uma_8181,Junior Associate,2727
8182,Victor_8182,Junior Associate,2727
8183,Wendy_8183,Junior Associate,2728
8184,Xander_8184,Junior Associate,2728
8185,Yara_8185,Junior Associate,2728
8186,Zack_8186,Junior Associate,2729
8187,Ava_8187,Junior Associate,2729
8188,Ben_8188,Junior Associate,2729
8189,Chloe_8189,Junior Associate,2730
8190,Dylan_8190,Junior Associate,2730
8191,Ella_8191,Junior Associate,2730
8192,Finn_8192,Junior Associate,2731
8193,Alice_8193,Junior Associate,2731
8194,Bob_8194,Junior Associate,2731
8195,Carol_8195,Junior Associate,2732
8196,Dave_8196,Junior Associate,2732
8197,Eve_8197,Junior Associate,2732
8198,Frank_8198,Junior Associate,2733
8199,Grace_8199,Junior Associate,2733
8200,Hank_8200,Junior Associate,2733
8201,Iris_8201,Junior Associate,2734
8202,Jack_8202,Junior Associate,2734
8203,Karen_8203,Junior Associate,2734
8204,Leo_8204,Junior Associate,2735
8205,Maya_8205,Junior Associate,2735
8206,Nate_8206,Junior Associate,2735
8207,Olivia_8207,Junior Associate,2736
8208,Paul_8208,Junior Associate,2736
8209,Quinn_8209,Junior Associate,2736
8210,Rose_8210,Junior Associate,2737
8211,Sam_8211,Junior Associate,2737
8212,Tina_8212,Junior Associate,2737
8213,Uma_8213,Junior Associate,2738
8214,Victor_8214,Junior Associate,2738
8215,Wendy_8215,Junior Associate,2738
8216,Xander_8216,Junior Associate,2739
8217,Yara_8217,Junior Associate,2739
8218,Zack_8218,Junior Associate,2739
8219,Ava_8219,Junior Associate,2740
8220,Ben_8220,Junior Associate,2740
8221,Chloe_8221,Junior Associate,2740
8222,Dylan_8222,Junior Associate,2741
8223,Ella_8223,Junior Associate,2741
8224,Finn_8224,Junior Associate,2741
8225,Alice_8225,Junior Associate,2742
8226,Bob_8226,Junior Associate,2742
8227,Carol_8227,Junior Associate,2742
8228,Dave_8228,Junior Associate,2743
8229,Eve_8229,Junior Associate,2743
8230,Frank_8230,Junior Associate,2743
8231,Grace_8231,Junior Associate,2744
8232,Hank_8232,Junior Associate,2744
8233,Iris_8233,Junior Associate,2744
8234,Jack_8234,Junior Associate,2745
8235,Karen_8235,Junior Associate,2745
8236,Leo_8236,Junior Associate,2745
8237,Maya_8237,Junior Associate,2746
8238,Nate_8238,Junior Associate,2746
8239,Olivia_8239,Junior Associate,2746
8240,Paul_8240,Junior Associate,2747
8241,Quinn_8241,Junior Associate,2747
8242,Rose_8242,Junior Associate,2747
8243,Sam_8243,Junior Associate,2748
8244,Tina_8244,Junior Associate,2748
8245,Uma_8245,Junior Associate,2748
8246,Victor_8246,Junior Associate,2749
8247,Wendy_8247,Junior Associate,2749
8248,Xander_8248,Junior Associate,2749
8249,Yara_8249,Junior Associate,2750
8250,Zack_8250,Junior Associate,2750
8251,Ava_8251,Junior Associate,2750
8252,Ben_8252,Junior Associate,2751
8253,Chloe_8253,Junior Associate,2751
8254,Dylan_8254,Junior Associate,2751
8255,Ella_8255,Junior Associate,2752
8256,Finn_8256,Junior Associate,2752
8257,Alice_8257,Junior Associate,2752
8258,Bob_8258,Junior Associate,2753
8259,Carol_8259,Junior Associate,2753
8260,Dave_8260,Junior Associate,2753
8261,Eve_8261,Junior Associate,2754
8262,Frank_8262,Junior Associate,2754
8263,Grace_8263,Junior Associate,2754
8264,Hank_8264,Junior Associate,2755
8265,Iris_8265,Junior Associate,2755
8266,Jack_8266,Junior Associate,2755
8267,Karen_8267,Junior Associate,2756
8268,Leo_8268,Junior Associate,2756
8269,Maya_8269,Junior Associate,2756
8270,Nate_8270,Junior Associate,2757
8271,Olivia_8271,Junior Associate,2757
8272,Paul_8272,Junior Associate,2757
8273,Quinn_8273,Junior Associate,2758
8274,Rose_8274,Junior Associate,2758
8275,Sam_8275,Junior Associate,2758
8276,Tina_8276,Junior Associate,2759
8277,Uma_8277,Junior Associate,2759
8278,Victor_8278,Junior Associate,2759
8279,Wendy_8279,Junior Associate,2760
8280,Xander_8280,Junior Associate,2760
8281,Yara_8281,Junior Associate,2760
8282,Zack_8282,Junior Associate,2761
8283,Ava_8283,Junior Associate,2761
8284,Ben_8284,Junior Associate,2761
8285,Chloe_8285,Junior Associate,2762
8286,Dylan_8286,Junior Associate,2762
8287,Ella_8287,Junior Associate,2762
8288,Finn_8288,Junior Associate,2763
8289,Alice_8289,Junior Associate,2763
8290,Bob_8290,Junior Associate,2763
8291,Carol_8291,Junior Associate,2764
8292,Dave_8292,Junior Associate,2764
8293,Eve_8293,Junior Associate,2764
8294,Frank_8294,Junior Associate,2765
8295,Grace_8295,Junior Associate,2765
8296,Hank_8296,Junior Associate,2765
8297,Iris_8297,Junior Associate,2766
8298,Jack_8298,Junior Associate,2766
8299,Karen_8299,Junior Associate,2766
8300,Leo_8300,Junior Associate,2767
8301,Maya_8301,Junior Associate,2767
8302,Nate_8302,Junior Associate,2767
8303,Olivia_8303,Junior Associate,2768
8304,Paul_8304,Junior Associate,2768
8305,Quinn_8305,Junior Associate,2768
8306,Rose_8306,Junior Associate,2769
8307,Sam_8307,Junior Associate,2769
8308,Tina_8308,Junior Associate,2769
8309,Uma_8309,Junior Associate,2770
8310,Victor_8310,Junior Associate,2770
8311,Wendy_8311,Junior Associate,2770
8312,Xander_8312,Junior Associate,2771
8313,Yara_8313,Junior Associate,2771
8314,Zack_8314,Junior Associate,2771
8315,Ava_8315,Junior Associate,2772
8316,Ben_8316,Junior Associate,2772
8317,Chloe_8317,Junior Associate,2772
8318,Dylan_8318,Junior Associate,2773
8319,Ella_8319,Junior Associate,2773
8320,Finn_8320,Junior Associate,2773
8321,Alice_8321,Junior Associate,2774
8322,Bob_8322,Junior Associate,2774
8323,Carol_8323,Junior Associate,2774
8324,Dave_8324,Junior Associate,2775
8325,Eve_8325,Junior Associate,2775
8326,Frank_8326,Junior Associate,2775
8327,Grace_8327,Junior Associate,2776
8328,Hank_8328,Junior Associate,2776
8329,Iris_8329,Junior Associate,2776
8330,Jack_8330,Junior Associate,2777
8331,Karen_8331,Junior Associate,2777
8332,Leo_8332,Junior Associate,2777
8333,Maya_8333,Junior Associate,2778
8334,Nate_8334,Junior Associate,2778
8335,Olivia_8335,Junior Associate,2778
8336,Paul_8336,Junior Associate,2779
8337,Quinn_8337,Junior Associate,2779
8338,Rose_8338,Junior Associate,2779
8339,Sam_8339,Junior Associate,2780
8340,Tina_8340,Junior Associate,2780
8341,Uma_8341,Junior Associate,2780
8342,Victor_8342,Junior Associate,2781
8343,Wendy_8343,Junior Associate,2781
8344,Xander_8344,Junior Associate,2781
8345,Yara_8345,Junior Associate,2782
8346,Zack_8346,Junior Associate,2782
8347,Ava_8347,Junior Associate,2782
8348,Ben_8348,Junior Associate,2783
8349,Chloe_8349,Junior Associate,2783
8350,Dylan_8350,Junior Associate,2783
8351,Ella_8351,Junior Associate,2784
8352,Finn_8352,Junior Associate,2784
8353,Alice_8353,Junior Associate,2784
8354,Bob_8354,Junior Associate,2785
8355,Carol_8355,Junior Associate,2785
8356,Dave_8356,Junior Associate,2785
8357,Eve_8357,Junior Associate,2786
8358,Frank_8358,Junior Associate,2786
8359,Grace_8359,Junior Associate,2786
8360,Hank_8360,Junior Associate,2787
8361,Iris_8361,Junior Associate,2787
8362,Jack_8362,Junior Associate,2787
8363,Karen_8363,Junior Associate,2788
8364,Leo_8364,Junior Associate,2788
8365,Maya_8365,Junior Associate,2788
8366,Nate_8366,Junior Associate,2789
8367,Olivia_8367,Junior Associate,2789
8368,Paul_8368,Junior Associate,2789
8369,Quinn_8369,Junior Associate,2790
8370,Rose_8370,Junior Associate,2790
8371,Sam_8371,Junior Associate,2790
8372,Tina_8372,Junior Associate,2791
8373,Uma_8373,Junior Associate,2791
8374,Victor_8374,Junior Associate,2791
8375,Wendy_8375,Junior Associate,2792
8376,Xander_8376,Junior Associate,2792
8377,Yara_8377,Junior Associate,2792
8378,Zack_8378,Junior Associate,2793
8379,Ava_8379,Junior Associate,2793
8380,Ben_8380,Junior Associate,2793
8381,Chloe_8381,Junior Associate,2794
8382,Dylan_8382,Junior Associate,2794
8383,Ella_8383,Junior Associate,2794
8384,Finn_8384,Junior Associate,2795
8385,Alice_8385,Junior Associate,2795
8386,Bob_8386,Junior Associate,2795
8387,Carol_8387,Junior Associate,2796
8388,Dave_8388,Junior Associate,2796
8389,Eve_8389,Junior Associate,2796
8390,Frank_8390,Junior Associate,2797
8391,Grace_8391,Junior Associate,2797
8392,Hank_8392,Junior Associate,2797
8393,Iris_8393,Junior Associate,2798
8394,Jack_8394,Junior Associate,2798
8395,Karen_8395,Junior Associate,2798
8396,Leo_8396,Junior Associate,2799
8397,Maya_8397,Junior Associate,2799
8398,Nate_8398,Junior Associate,2799
8399,Olivia_8399,Junior Associate,2800
8400,Paul_8400,Junior Associate,2800
8401,Quinn_8401,Junior Associate,2800
8402,Rose_8402,Junior Associate,2801
8403,Sam_8403,Junior Associate,2801
8404,Tina_8404,Junior Associate,2801
8405,Uma_8405,Junior Associate,2802
8406,Victor_8406,Junior Associate,2802
8407,Wendy_8407,Junior Associate,2802
8408,Xander_8408,Junior Associate,2803
8409,Yara_8409,Junior Associate,2803
8410,Zack_8410,Junior Associate,2803
8411,Ava_8411,Junior Associate,2804
8412,Ben_8412,Junior Associate,2804
8413,Chloe_8413,Junior Associate,2804
8414,Dylan_8414,Junior Associate,2805
8415,Ella_8415,Junior Associate,2805
8416,Finn_8416,Junior Associate,2805
8417,Alice_8417,Junior Associate,2806
8418,Bob_8418,Junior Associate,2806
8419,Carol_8419,Junior Associate,2806
8420,Dave_8420,Junior Associate,2807
8421,Eve_8421,Junior Associate,2807
8422,Frank_8422,Junior Associate,2807
8423,Grace_8423,Junior Associate,2808
8424,Hank_8424,Junior Associate,2808
8425,Iris_8425,Junior Associate,2808
8426,Jack_8426,Junior Associate,2809
8427,Karen_8427,Junior Associate,2809
8428,Leo_8428,Junior Associate,2809
8429,Maya_8429,Junior Associate,2810
8430,Nate_8430,Junior Associate,2810
8431,Olivia_8431,Junior Associate,2810
8432,Paul_8432,Junior Associate,2811
8433,Quinn_8433,Junior Associate,2811
8434,Rose_8434,Junior Associate,2811
8435,Sam_8435,Junior Associate,2812
8436,Tina_8436,Junior Associate,2812
8437,Uma_8437,Junior Associate,2812
8438,Victor_8438,Junior Associate,2813
8439,Wendy_8439,Junior Associate,2813
8440,Xander_8440,Junior Associate,2813
8441,Yara_8441,Junior Associate,2814
8442,Zack_8442,Junior Associate,2814
8443,Ava_8443,Junior Associate,2814
8444,Ben_8444,Junior Associate,2815
8445,Chloe_8445,Junior Associate,2815
8446,Dylan_8446,Junior Associate,2815
8447,Ella_8447,Junior Associate,2816
8448,Finn_8448,Junior Associate,2816
8449,Alice_8449,Junior Associate,2816
8450,Bob_8450,Junior Associate,2817
8451,Carol_8451,Junior Associate,2817
8452,Dave_8452,Junior Associate,2817
8453,Eve_8453,Junior Associate,2818
8454,Frank_8454,Junior Associate,2818
8455,Grace_8455,Junior Associate,2818
8456,Hank_8456,Junior Associate,2819
8457,Iris_8457,Junior Associate,2819
8458,Jack_8458,Junior Associate,2819
8459,Karen_8459,Junior Associate,2820
8460,Leo_8460,Junior Associate,2820
8461,Maya_8461,Junior Associate,2820
8462,Nate_8462,Junior Associate,2821
8463,Olivia_8463,Junior Associate,2821
8464,Paul_8464,Junior Associate,2821
8465,Quinn_8465,Junior Associate,2822
8466,Rose_8466,Junior Associate,2822
8467,Sam_8467,Junior Associate,2822
8468,Tina_8468,Junior Associate,2823
8469,Uma_8469,Junior Associate,2823
8470,Victor_8470,Junior Associate,2823
8471,Wendy_8471,Junior Associate,2824
8472,Xander_8472,Junior Associate,2824
8473,Yara_8473,Junior Associate,2824
8474,Zack_8474,Junior Associate,2825
8475,Ava_8475,Junior Associate,2825
8476,Ben_8476,Junior Associate,2825
8477,Chloe_8477,Junior Associate,2826
8478,Dylan_8478,Junior Associate,2826
8479,Ella_8479,Junior Associate,2826
8480,Finn_8480,Junior Associate,2827
8481,Alice_8481,Junior Associate,2827
8482,Bob_8482,Junior Associate,2827
8483,Carol_8483,Junior Associate,2828
8484,Dave_8484,Junior Associate,2828
8485,Eve_8485,Junior Associate,2828
8486,Frank_8486,Junior Associate,2829
8487,Grace_8487,Junior Associate,2829
8488,Hank_8488,Junior Associate,2829
8489,Iris_8489,Junior Associate,2830
8490,Jack_8490,Junior Associate,2830
8491,Karen_8491,Junior Associate,2830
8492,Leo_8492,Junior Associate,2831
8493,Maya_8493,Junior Associate,2831
8494,Nate_8494,Junior Associate,2831
8495,Olivia_8495,Junior Associate,2832
8496,Paul_8496,Junior Associate,2832
8497,Quinn_8497,Junior Associate,2832
8498,Rose_8498,Junior Associate,2833
8499,Sam_8499,Junior Associate,2833
8500,Tina_8500,Junior Associate,2833
8501,Uma_8501,Junior Associate,2834
8502,Victor_8502,Junior Associate,2834
8503,Wendy_8503,Junior Associate,2834
8504,Xander_8504,Junior Associate,2835
8505,Yara_8505,Junior Associate,2835
8506,Zack_8506,Junior Associate,2835
8507,Ava_8507,Junior Associate,2836
8508,Ben_8508,Junior Associate,2836
8509,Chloe_8509,Junior Associate,2836
8510,Dylan_8510,Junior Associate,2837
8511,Ella_8511,Junior Associate,2837
8512,Finn_8512,Junior Associate,2837
8513,Alice_8513,Junior Associate,2838
8514,Bob_8514,Junior Associate,2838
8515,Carol_8515,Junior Associate,2838
8516,Dave_8516,Junior Associate,2839
8517,Eve_8517,Junior Associate,2839
8518,Frank_8518,Junior Associate,2839
8519,Grace_8519,Junior Associate,2840
8520,Hank_8520,Junior Associate,2840
8521,Iris_8521,Junior Associate,2840
8522,Jack_8522,Junior Associate,2841
8523,Karen_8523,Junior Associate,2841
8524,Leo_8524,Junior Associate,2841
8525,Maya_8525,Junior Associate,2842
8526,Nate_8526,Junior Associate,2842
8527,Olivia_8527,Junior Associate,2842
8528,Paul_8528,Junior Associate,2843
8529,Quinn_8529,Junior Associate,2843
8530,Rose_8530,Junior Associate,2843
8531,Sam_8531,Junior Associate,2844
8532,Tina_8532,Junior Associate,2844
8533,Uma_8533,Junior Associate,2844
8534,Victor_8534,Junior Associate,2845
8535,Wendy_8535,Junior Associate,2845
8536,Xander_8536,Junior Associate,2845
8537,Yara_8537,Junior Associate,2846
8538,Zack_8538,Junior Associate,2846
8539,Ava_8539,Junior Associate,2846
8540,Ben_8540,Junior Associate,2847
8541,Chloe_8541,Junior Associate,2847
8542,Dylan_8542,Junior Associate,2847
8543,Ella_8543,Junior Associate,2848
8544,Finn_8544,Junior Associate,2848
8545,Alice_8545,Junior Associate,2848
8546,Bob_8546,Junior Associate,2849
8547,Carol_8547,Junior Associate,2849
8548,Dave_8548,Junior Associate,2849
8549,Eve_8549,Junior Associate,2850
8550,Frank_8550,Junior Associate,2850
8551,Grace_8551,Junior Associate,2850
8552,Hank_8552,Junior Associate,2851
8553,Iris_8553,Junior Associate,2851
8554,Jack_8554,Junior Associate,2851
8555,Karen_8555,Junior Associate,2852
8556,Leo_8556,Junior Associate,2852
8557,Maya_8557,Junior Associate,2852
8558,Nate_8558,Junior Associate,2853
8559,Olivia_8559,Junior Associate,2853
8560,Paul_8560,Junior Associate,2853
8561,Quinn_8561,Junior Associate,2854
8562,Rose_8562,Junior Associate,2854
8563,Sam_8563,Junior Associate,2854
8564,Tina_8564,Junior Associate,2855
8565,Uma_8565,Junior Associate,2855
8566,Victor_8566,Junior Associate,2855
8567,Wendy_8567,Junior Associate,2856
8568,Xander_8568,Junior Associate,2856
8569,Yara_8569,Junior Associate,2856
8570,Zack_8570,Junior Associate,2857
8571,Ava_8571,Junior Associate,2857
8572,Ben_8572,Junior Associate,2857
8573,Chloe_8573,Junior Associate,2858
8574,Dylan_8574,Junior Associate,2858
8575,Ella_8575,Junior Associate,2858
8576,Finn_8576,Junior Associate,2859
8577,Alice_8577,Junior Associate,2859
8578,Bob_8578,Junior Associate,2859
8579,Carol_8579,Junior Associate,2860
8580,Dave_8580,Junior Associate,2860
8581,Eve_8581,Junior Associate,2860
8582,Frank_8582,Junior Associate,2861
8583,Grace_8583,Junior Associate,2861
8584,Hank_8584,Junior Associate,2861
8585,Iris_8585,Junior Associate,2862
8586,Jack_8586,Junior Associate,2862
8587,Karen_8587,Junior Associate,2862
8588,Leo_8588,Junior Associate,2863
8589,Maya_8589,Junior Associate,2863
8590,Nate_8590,Junior Associate,2863
8591,Olivia_8591,Junior Associate,2864
8592,Paul_8592,Junior Associate,2864
8593,Quinn_8593,Junior Associate,2864
8594,Rose_8594,Junior Associate,2865
8595,Sam_8595,Junior Associate,2865
8596,Tina_8596,Junior Associate,2865
8597,Uma_8597,Junior Associate,2866
8598,Victor_8598,Junior Associate,2866
8599,Wendy_8599,Junior Associate,2866
8600,Xander_8600,Junior Associate,2867
8601,Yara_8601,Junior Associate,2867
8602,Zack_8602,Junior Associate,2867
8603,Ava_8603,Junior Associate,2868
8604,Ben_8604,Junior Associate,2868
8605,Chloe_8605,Junior Associate,2868
8606,Dylan_8606,Junior Associate,2869
8607,Ella_8607,Junior Associate,2869
8608,Finn_8608,Junior Associate,2869
8609,Alice_8609,Junior Associate,2870
8610,Bob_8610,Junior Associate,2870
8611,Carol_8611,Junior Associate,2870
8612,Dave_8612,Junior Associate,2871
8613,Eve_8613,Junior Associate,2871
8614,Frank_8614,Junior Associate,2871
8615,Grace_8615,Junior Associate,2872
8616,Hank_8616,Junior Associate,2872
8617,Iris_8617,Junior Associate,2872
8618,Jack_8618,Junior Associate,2873
8619,Karen_8619,Junior Associate,2873
8620,Leo_8620,Junior Associate,2873
8621,Maya_8621,Junior Associate,2874
8622,Nate_8622,Junior Associate,2874
8623,Olivia_8623,Junior Associate,2874
8624,Paul_8624,Junior Associate,2875
8625,Quinn_8625,Junior Associate,2875
8626,Rose_8626,Junior Associate,2875
8627,Sam_8627,Junior Associate,2876
8628,Tina_8628,Junior Associate,2876
8629,Uma_8629,Junior Associate,2876
8630,Victor_8630,Junior Associate,2877
8631,Wendy_8631,Junior Associate,2877
8632,Xander_8632,Junior Associate,2877
8633,Yara_8633,Junior Associate,2878
8634,Zack_8634,Junior Associate,2878
8635,Ava_8635,Junior Associate,2878
8636,Ben_8636,Junior Associate,2879
8637,Chloe_8637,Junior Associate,2879
8638,Dylan_8638,Junior Associate,2879
8639,Ella_8639,Junior Associate,2880
8640,Finn_8640,Junior Associate,2880
8641,Alice_8641,Junior Associate,2880
8642,Bob_8642,Junior Associate,2881
8643,Carol_8643,Junior Associate,2881
8644,Dave_8644,Junior Associate,2881
8645,Eve_8645,Junior Associate,2882
8646,Frank_8646,Junior Associate,2882
8647,Grace_8647,Junior Associate,2882
8648,Hank_8648,Junior Associate,2883
8649,Iris_8649,Junior Associate,2883
8650,Jack_8650,Junior Associate,2883
8651,Karen_8651,Junior Associate,2884
8652,Leo_8652,Junior Associate,2884
8653,Maya_8653,Junior Associate,2884
8654,Nate_8654,Junior Associate,2885
8655,Olivia_8655,Junior Associate,2885
8656,Paul_8656,Junior Associate,2885
8657,Quinn_8657,Junior Associate,2886
8658,Rose_8658,Junior Associate,2886
8659,Sam_8659,Junior Associate,2886
8660,Tina_8660,Junior Associate,2887
8661,Uma_8661,Junior Associate,2887
8662,Victor_8662,Junior Associate,2887
8663,Wendy_8663,Junior Associate,2888
8664,Xander_8664,Junior Associate,2888
8665,Yara_8665,Junior Associate,2888
8666,Zack_8666,Junior Associate,2889
8667,Ava_8667,Junior Associate,2889
8668,Ben_8668,Junior Associate,2889
8669,Chloe_8669,Junior Associate,2890
8670,Dylan_8670,Junior Associate,2890
8671,Ella_8671,Junior Associate,2890
8672,Finn_8672,Junior Associate,2891
8673,Alice_8673,Junior Associate,2891
8674,Bob_8674,Junior Associate,2891
8675,Carol_8675,Junior Associate,2892
8676,Dave_8676,Junior Associate,2892
8677,Eve_8677,Junior Associate,2892
8678,Frank_8678,Junior Associate,2893
8679,Grace_8679,Junior Associate,2893
8680,Hank_8680,Junior Associate,2893
8681,Iris_8681,Junior Associate,2894
8682,Jack_8682,Junior Associate,2894
8683,Karen_8683,Junior Associate,2894
8684,Leo_8684,Junior Associate,2895
8685,Maya_8685,Junior Associate,2895
8686,Nate_8686,Junior Associate,2895
8687,Olivia_8687,Junior Associate,2896
8688,Paul_8688,Junior Associate,2896
8689,Quinn_8689,Junior Associate,2896
8690,Rose_8690,Junior Associate,2897
8691,Sam_8691,Junior Associate,2897
8692,Tina_8692,Junior Associate,2897
8693,Uma_8693,Junior Associate,2898
8694,Victor_8694,Junior Associate,2898
8695,Wendy_8695,Junior Associate,2898
8696,Xander_8696,Junior Associate,2899
8697,Yara_8697,Junior Associate,2899
8698,Zack_8698,Junior Associate,2899
8699,Ava_8699,Junior Associate,2900
8700,Ben_8700,Junior Associate,2900
8701,Chloe_8701,Junior Associate,2900
8702,Dylan_8702,Junior Associate,2901
8703,Ella_8703,Junior Associate,2901
8704,Finn_8704,Junior Associate,2901
8705,Alice_8705,Junior Associate,2902
8706,Bob_8706,Junior Associate,2902
8707,Carol_8707,Junior Associate,2902
8708,Dave_8708,Junior Associate,2903
8709,Eve_8709,Junior Associate,2903
8710,Frank_8710,Junior Associate,2903
8711,Grace_8711,Junior Associate,2904
8712,Hank_8712,Junior Associate,2904
8713,Iris_8713,Junior Associate,2904
8714,Jack_8714,Junior Associate,2905
8715,Karen_8715,Junior Associate,2905
8716,Leo_8716,Junior Associate,2905
8717,Maya_8717,Junior Associate,2906
8718,Nate_8718,Junior Associate,2906
8719,Olivia_8719,Junior Associate,2906
8720,Paul_8720,Junior Associate,2907
8721,Quinn_8721,Junior Associate,2907
8722,Rose_8722,Junior Associate,2907
8723,Sam_8723,Junior Associate,2908
8724,Tina_8724,Junior Associate,2908
8725,Uma_8725,Junior Associate,2908
8726,Victor_8726,Junior Associate,2909
8727,Wendy_8727,Junior Associate,2909
8728,Xander_8728,Junior Associate,2909
8729,Yara_8729,Junior Associate,2910
8730,Zack_8730,Junior Associate,2910
8731,Ava_8731,Junior Associate,2910
8732,Ben_8732,Junior Associate,2911
8733,Chloe_8733,Junior Associate,2911
8734,Dylan_8734,Junior Associate,2911
8735,Ella_8735,Junior Associate,2912
8736,Finn_8736,Junior Associate,2912
8737,Alice_8737,Junior Associate,2912
8738,Bob_8738,Junior Associate,2913
8739,Carol_8739,Junior Associate,2913
8740,Dave_8740,Junior Associate,2913
8741,Eve_8741,Junior Associate,2914
8742,Frank_8742,Junior Associate,2914
8743,Grace_8743,Junior Associate,2914
8744,Hank_8744,Junior Associate,2915
8745,Iris_8745,Junior Associate,2915
8746,Jack_8746,Junior Associate,2915
8747,Karen_8747,Junior Associate,2916
8748,Leo_8748,Junior Associate,2916
8749,Maya_8749,Junior Associate,2916
8750,Nate_8750,Junior Associate,2917
8751,Olivia_8751,Junior Associate,2917
8752,Paul_8752,Junior Associate,2917
8753,Quinn_8753,Junior Associate,2918
8754,Rose_8754,Junior Associate,2918
8755,Sam_8755,Junior Associate,2918
8756,Tina_8756,Junior Associate,2919
8757,Uma_8757,Junior Associate,2919
8758,Victor_8758,Junior Associate,2919
8759,Wendy_8759,Junior Associate,2920
8760,Xander_8760,Junior Associate,2920
8761,Yara_8761,Junior Associate,2920
8762,Zack_8762,Junior Associate,2921
8763,Ava_8763,Junior Associate,2921
8764,Ben_8764,Junior Associate,2921
8765,Chloe_8765,Junior Associate,2922
8766,Dylan_8766,Junior Associate,2922
8767,Ella_8767,Junior Associate,2922
8768,Finn_8768,Junior Associate,2923
8769,Alice_8769,Junior Associate,2923
8770,Bob_8770,Junior Associate,2923
8771,Carol_8771,Junior Associate,2924
8772,Dave_8772,Junior Associate,2924
8773,Eve_8773,Junior Associate,2924
8774,Frank_8774,Junior Associate,2925
8775,Grace_8775,Junior Associate,2925
8776,Hank_8776,Junior Associate,2925
8777,Iris_8777,Junior Associate,2926
8778,Jack_8778,Junior Associate,2926
8779,Karen_8779,Junior Associate,2926
8780,Leo_8780,Junior Associate,2927
8781,Maya_8781,Junior Associate,2927
8782,Nate_8782,Junior Associate,2927
8783,Olivia_8783,Junior Associate,2928
8784,Paul_8784,Junior Associate,2928
8785,Quinn_8785,Junior Associate,2928
8786,Rose_8786,Junior Associate,2929
8787,Sam_8787,Junior Associate,2929
8788,Tina_8788,Junior Associate,2929
8789,Uma_8789,Junior Associate,2930
8790,Victor_8790,Junior Associate,2930
8791,Wendy_8791,Junior Associate,2930
8792,Xander_8792,Junior Associate,2931
8793,Yara_8793,Junior Associate,2931
8794,Zack_8794,Junior Associate,2931
8795,Ava_8795,Junior Associate,2932
8796,Ben_8796,Junior Associate,2932
8797,Chloe_8797,Junior Associate,2932
8798,Dylan_8798,Junior Associate,2933
8799,Ella_8799,Junior Associate,2933
8800,Finn_8800,Junior Associate,2933
8801,Alice_8801,Junior Associate,2934
8802,Bob_8802,Junior Associate,2934
8803,Carol_8803,Junior Associate,2934
8804,Dave_8804,Junior Associate,2935
8805,Eve_8805,Junior Associate,2935
8806,Frank_8806,Junior Associate,2935
8807,Grace_8807,Junior Associate,2936
8808,Hank_8808,Junior Associate,2936
8809,Iris_8809,Junior Associate,2936
8810,Jack_8810,Junior Associate,2937
8811,Karen_8811,Junior Associate,2937
8812,Leo_8812,Junior Associate,2937
8813,Maya_8813,Junior Associate,2938
8814,Nate_8814,Junior Associate,2938
8815,Olivia_8815,Junior Associate,2938
8816,Paul_8816,Junior Associate,2939
8817,Quinn_8817,Junior Associate,2939
8818,Rose_8818,Junior Associate,2939
8819,Sam_8819,Junior Associate,2940
8820,Tina_8820,Junior Associate,2940
8821,Uma_8821,Junior Associate,2940
8822,Victor_8822,Junior Associate,2941
8823,Wendy_8823,Junior Associate,2941
8824,Xander_8824,Junior Associate,2941
8825,Yara_8825,Junior Associate,2942
8826,Zack_8826,Junior Associate,2942
8827,Ava_8827,Junior Associate,2942
8828,Ben_8828,Junior Associate,2943
8829,Chloe_8829,Junior Associate,2943
8830,Dylan_8830,Junior Associate,2943
8831,Ella_8831,Junior Associate,2944
8832,Finn_8832,Junior Associate,2944
8833,Alice_8833,Junior Associate,2944
8834,Bob_8834,Junior Associate,2945
8835,Carol_8835,Junior Associate,2945
8836,Dave_8836,Junior Associate,2945
8837,Eve_8837,Junior Associate,2946
8838,Frank_8838,Junior Associate,2946
8839,Grace_8839,Junior Associate,2946
8840,Hank_8840,Junior Associate,2947
8841,Iris_8841,Junior Associate,2947
8842,Jack_8842,Junior Associate,2947
8843,Karen_8843,Junior Associate,2948
8844,Leo_8844,Junior Associate,2948
8845,Maya_8845,Junior Associate,2948
8846,Nate_8846,Junior Associate,2949
8847,Olivia_8847,Junior Associate,2949
8848,Paul_8848,Junior Associate,2949
8849,Quinn_8849,Junior Associate,2950
8850,Rose_8850,Junior Associate,2950
8851,Sam_8851,Junior Associate,2950
8852,Tina_8852,Junior Associate,2951
8853,Uma_8853,Junior Associate,2951
8854,Victor_8854,Junior Associate,2951
8855,Wendy_8855,Junior Associate,2952
8856,Xander_8856,Junior Associate,2952
8857,Yara_8857,Junior Associate,2952
8858,Zack_8858,Junior Associate,2953
8859,Ava_8859,Junior Associate,2953
8860,Ben_8860,Junior Associate,2953
8861,Chloe_8861,Junior Associate,2954
8862,Dylan_8862,Junior Associate,2954
8863,Ella_8863,Junior Associate,2954
8864,Finn_8864,Junior Associate,2955
8865,Alice_8865,Junior Associate,2955
8866,Bob_8866,Junior Associate,2955
8867,Carol_8867,Junior Associate,2956
8868,Dave_8868,Junior Associate,2956
8869,Eve_8869,Junior Associate,2956
8870,Frank_8870,Junior Associate,2957
8871,Grace_8871,Junior Associate,2957
8872,Hank_8872,Junior Associate,2957
8873,Iris_8873,Junior Associate,2958
8874,Jack_8874,Junior Associate,2958
8875,Karen_8875,Junior Associate,2958
8876,Leo_8876,Junior Associate,2959
8877,Maya_8877,Junior Associate,2959
8878,Nate_8878,Junior Associate,2959
8879,Olivia_8879,Junior Associate,2960
8880,Paul_8880,Junior Associate,2960
8881,Quinn_8881,Junior Associate,2960
8882,Rose_8882,Junior Associate,2961
8883,Sam_8883,Junior Associate,2961
8884,Tina_8884,Junior Associate,2961
8885,Uma_8885,Junior Associate,2962
8886,Victor_8886,Junior Associate,2962
8887,Wendy_8887,Junior Associate,2962
8888,Xander_8888,Junior Associate,2963
8889,Yara_8889,Junior Associate,2963
8890,Zack_8890,Junior Associate,2963
8891,Ava_8891,Junior Associate,2964
8892,Ben_8892,Junior Associate,2964
8893,Chloe_8893,Junior Associate,2964
8894,Dylan_8894,Junior Associate,2965
8895,Ella_8895,Junior Associate,2965
8896,Finn_8896,Junior Associate,2965
8897,Alice_8897,Junior Associate,2966
8898,Bob_8898,Junior Associate,2966
8899,Carol_8899,Junior Associate,2966
8900,Dave_8900,Junior Associate,2967
8901,Eve_8901,Junior Associate,2967
8902,Frank_8902,Junior Associate,2967
8903,Grace_8903,Junior Associate,2968
8904,Hank_8904,Junior Associate,2968
8905,Iris_8905,Junior Associate,2968
8906,Jack_8906,Junior Associate,2969
8907,Karen_8907,Junior Associate,2969
8908,Leo_8908,Junior Associate,2969
8909,Maya_8909,Junior Associate,2970
8910,Nate_8910,Junior Associate,2970
8911,Olivia_8911,Junior Associate,2970
8912,Paul_8912,Junior Associate,2971
8913,Quinn_8913,Junior Associate,2971
8914,Rose_8914,Junior Associate,2971
8915,Sam_8915,Junior Associate,2972
8916,Tina_8916,Junior Associate,2972
8917,Uma_8917,Junior Associate,2972
8918,Victor_8918,Junior Associate,2973
8919,Wendy_8919,Junior Associate,2973
8920,Xander_8920,Junior Associate,2973
8921,Yara_8921,Junior Associate,2974
8922,Zack_8922,Junior Associate,2974
8923,Ava_8923,Junior Associate,2974
8924,Ben_8924,Junior Associate,2975
8925,Chloe_8925,Junior Associate,2975
8926,Dylan_8926,Junior Associate,2975
8927,Ella_8927,Junior Associate,2976
8928,Finn_8928,Junior Associate,2976
8929,Alice_8929,Junior Associate,2976
8930,Bob_8930,Junior Associate,2977
8931,Carol_8931,Junior Associate,2977
8932,Dave_8932,Junior Associate,2977
8933,Eve_8933,Junior Associate,2978
8934,Frank_8934,Junior Associate,2978
8935,Grace_8935,Junior Associate,2978
8936,Hank_8936,Junior Associate,2979
8937,Iris_8937,Junior Associate,2979
8938,Jack_8938,Junior Associate,2979
8939,Karen_8939,Junior Associate,2980
8940,Leo_8940,Junior Associate,2980
8941,Maya_8941,Junior Associate,2980
8942,Nate_8942,Junior Associate,2981
8943,Olivia_8943,Junior Associate,2981
8944,Paul_8944,Junior Associate,2981
8945,Quinn_8945,Junior Associate,2982
8946,Rose_8946,Junior Associate,2982
8947,Sam_8947,Junior Associate,2982
8948,Tina_8948,Junior Associate,2983
8949,Uma_8949,Junior Associate,2983
8950,Victor_8950,Junior Associate,2983
8951,Wendy_8951,Junior Associate,2984
8952,Xander_8952,Junior Associate,2984
8953,Yara_8953,Junior Associate,2984
8954,Zack_8954,Junior Associate,2985
8955,Ava_8955,Junior Associate,2985
8956,Ben_8956,Junior Associate,2985
8957,Chloe_8957,Junior Associate,2986
8958,Dylan_8958,Junior Associate,2986
8959,Ella_8959,Junior Associate,2986
8960,Finn_8960,Junior Associate,2987
8961,Alice_8961,Junior Associate,2987
8962,Bob_8962,Junior Associate,2987
8963,Carol_8963,Junior Associate,2988
8964,Dave_8964,Junior Associate,2988
8965,Eve_8965,Junior Associate,2988
8966,Frank_8966,Junior Associate,2989
8967,Grace_8967,Junior Associate,2989
8968,Hank_8968,Junior Associate,2989
8969,Iris_8969,Junior Associate,2990
8970,Jack_8970,Junior Associate,2990
8971,Karen_8971,Junior Associate,2990
8972,Leo_8972,Junior Associate,2991
8973,Maya_8973,Junior Associate,2991
8974,Nate_8974,Junior Associate,2991
8975,Olivia_8975,Junior Associate,2992
8976,Paul_8976,Junior Associate,2992
8977,Quinn_8977,Junior Associate,2992
8978,Rose_8978,Junior Associate,2993
8979,Sam_8979,Junior Associate,2993
8980,Tina_8980,Junior Associate,2993
8981,Uma_8981,Junior Associate,2994
8982,Victor_8982,Junior Associate,2994
8983,Wendy_8983,Junior Associate,2994
8984,Xander_8984,Junior Associate,2995
8985,Yara_8985,Junior Associate,2995
8986,Zack_8986,Junior Associate,2995
8987,Ava_8987,Junior Associate,2996
8988,Ben_8988,Junior Associate,2996
8989,Chloe_8989,Junior Associate,2996
8990,Dylan_8990,Junior Associate,2997
8991,Ella_8991,Junior Associate,2997
8992,Finn_8992,Junior Associate,2997
8993,Alice_8993,Junior Associate,2998
8994,Bob_8994,Junior Associate,2998
8995,Carol_8995,Junior Associate,2998
8996,Dave_8996,Junior Associate,2999
8997,Eve_8997,Junior Associate,2999
8998,Frank_8998,Junior Associate,2999
8999,Grace_8999,Junior Associate,3000
9000,Hank_9000,Junior Associate,3000
9001,Iris_9001,Junior Associate,3000
9002,Jack_9002,Junior Associate,3001
9003,Karen_9003,Junior Associate,3001
9004,Leo_9004,Junior Associate,3001
9005,Maya_9005,Junior Associate,3002
9006,Nate_9006,Junior Associate,3002
9007,Olivia_9007,Junior Associate,3002
9008,Paul_9008,Junior Associate,3003
9009,Quinn_9009,Junior Associate,3003
9010,Rose_9010,Junior Associate,3003
9011,Sam_9011,Junior Associate,3004
9012,Tina_9012,Junior Associate,3004
9013,Uma_9013,Junior Associate,3004
9014,Victor_9014,Junior Associate,3005
9015,Wendy_9015,Junior Associate,3005
9016,Xander_9016,Junior Associate,3005
9017,Yara_9017,Junior Associate,3006
9018,Zack_9018,Junior Associate,3006
9019,Ava_9019,Junior Associate,3006
9020,Ben_9020,Junior Associate,3007
9021,Chloe_9021,Junior Associate,3007
9022,Dylan_9022,Junior Associate,3007
9023,Ella_9023,Junior Associate,3008
9024,Finn_9024,Junior Associate,3008
9025,Alice_9025,Junior Associate,3008
9026,Bob_9026,Junior Associate,3009
9027,Carol_9027,Junior Associate,3009
9028,Dave_9028,Junior Associate,3009
9029,Eve_9029,Junior Associate,3010
9030,Frank_9030,Junior Associate,3010
9031,Grace_9031,Junior Associate,3010
9032,Hank_9032,Junior Associate,3011
9033,Iris_9033,Junior Associate,3011
9034,Jack_9034,Junior Associate,3011
9035,Karen_9035,Junior Associate,3012
9036,Leo_9036,Junior Associate,3012
9037,Maya_9037,Junior Associate,3012
9038,Nate_9038,Junior Associate,3013
9039,Olivia_9039,Junior Associate,3013
9040,Paul_9040,Junior Associate,3013
9041,Quinn_9041,Junior Associate,3014
9042,Rose_9042,Junior Associate,3014
9043,Sam_9043,Junior Associate,3014
9044,Tina_9044,Junior Associate,3015
9045,Uma_9045,Junior Associate,3015
9046,Victor_9046,Junior Associate,3015
9047,Wendy_9047,Junior Associate,3016
9048,Xander_9048,Junior Associate,3016
9049,Yara_9049,Junior Associate,3016
9050,Zack_9050,Junior Associate,3017
9051,Ava_9051,Junior Associate,3017
9052,Ben_9052,Junior Associate,3017
9053,Chloe_9053,Junior Associate,3018
9054,Dylan_9054,Junior Associate,3018
9055,Ella_9055,Junior Associate,3018
9056,Finn_9056,Junior Associate,3019
9057,Alice_9057,Junior Associate,3019
9058,Bob_9058,Junior Associate,3019
9059,Carol_9059,Junior Associate,3020
9060,Dave_9060,Junior Associate,3020
9061,Eve_9061,Junior Associate,3020
9062,Frank_9062,Junior Associate,3021
9063,Grace_9063,Junior Associate,3021
9064,Hank_9064,Junior Associate,3021
9065,Iris_9065,Junior Associate,3022
9066,Jack_9066,Junior Associate,3022
9067,Karen_9067,Junior Associate,3022
9068,Leo_9068,Junior Associate,3023
9069,Maya_9069,Junior Associate,3023
9070,Nate_9070,Junior Associate,3023
9071,Olivia_9071,Junior Associate,3024
9072,Paul_9072,Junior Associate,3024
9073,Quinn_9073,Junior Associate,3024
9074,Rose_9074,Junior Associate,3025
9075,Sam_9075,Junior Associate,3025
9076,Tina_9076,Junior Associate,3025
9077,Uma_9077,Junior Associate,3026
9078,Victor_9078,Junior Associate,3026
9079,Wendy_9079,Junior Associate,3026
9080,Xander_9080,Junior Associate,3027
9081,Yara_9081,Junior Associate,3027
9082,Zack_9082,Junior Associate,3027
9083,Ava_9083,Junior Associate,3028
9084,Ben_9084,Junior Associate,3028
9085,Chloe_9085,Junior Associate,3028
9086,Dylan_9086,Junior Associate,3029
9087,Ella_9087,Junior Associate,3029
9088,Finn_9088,Junior Associate,3029
9089,Alice_9089,Junior Associate,3030
9090,Bob_9090,Junior Associate,3030
9091,Carol_9091,Junior Associate,3030
9092,Dave_9092,Junior Associate,3031
9093,Eve_9093,Junior Associate,3031
9094,Frank_9094,Junior Associate,3031
9095,Grace_9095,Junior Associate,3032
9096,Hank_9096,Junior Associate,3032
9097,Iris_9097,Junior Associate,3032
9098,Jack_9098,Junior Associate,3033
9099,Karen_9099,Junior Associate,3033
9100,Leo_9100,Junior Associate,3033
9101,Maya_9101,Junior Associate,3034
9102,Nate_9102,Junior Associate,3034
9103,Olivia_9103,Junior Associate,3034
9104,Paul_9104,Junior Associate,3035
9105,Quinn_9105,Junior Associate,3035
9106,Rose_9106,Junior Associate,3035
9107,Sam_9107,Junior Associate,3036
9108,Tina_9108,Junior Associate,3036
9109,Uma_9109,Junior Associate,3036
9110,Victor_9110,Junior Associate,3037
9111,Wendy_9111,Junior Associate,3037
9112,Xander_9112,Junior Associate,3037
9113,Yara_9113,Junior Associate,3038
9114,Zack_9114,Junior Associate,3038
9115,Ava_9115,Junior Associate,3038
9116,Ben_9116,Junior Associate,3039
9117,Chloe_9117,Junior Associate,3039
9118,Dylan_9118,Junior Associate,3039
9119,Ella_9119,Junior Associate,3040
9120,Finn_9120,Junior Associate,3040
9121,Alice_9121,Junior Associate,3040
9122,Bob_9122,Junior Associate,3041
9123,Carol_9123,Junior Associate,3041
9124,Dave_9124,Junior Associate,3041
9125,Eve_9125,Junior Associate,3042
9126,Frank_9126,Junior Associate,3042
9127,Grace_9127,Junior Associate,3042
9128,Hank_9128,Junior Associate,3043
9129,Iris_9129,Junior Associate,3043
9130,Jack_9130,Junior Associate,3043
9131,Karen_9131,Junior Associate,3044
9132,Leo_9132,Junior Associate,3044
9133,Maya_9133,Junior Associate,3044
9134,Nate_9134,Junior Associate,3045
9135,Olivia_9135,Junior Associate,3045
9136,Paul_9136,Junior Associate,3045
9137,Quinn_9137,Junior Associate,3046
9138,Rose_9138,Junior Associate,3046
9139,Sam_9139,Junior Associate,3046
9140,Tina_9140,Junior Associate,3047
9141,Uma_9141,Junior Associate,3047
9142,Victor_9142,Junior Associate,3047
9143,Wendy_9143,Junior Associate,3048
9144,Xander_9144,Junior Associate,3048
9145,Yara_9145,Junior Associate,3048
9146,Zack_9146,Junior Associate,3049
9147,Ava_9147,Junior Associate,3049
9148,Ben_9148,Junior Associate,3049
9149,Chloe_9149,Junior Associate,3050
9150,Dylan_9150,Junior Associate,3050
9151,Ella_9151,Junior Associate,3050
9152,Finn_9152,Junior Associate,3051
9153,Alice_9153,Junior Associate,3051
9154,Bob_9154,Junior Associate,3051
9155,Carol_9155,Junior Associate,3052
9156,Dave_9156,Junior Associate,3052
9157,Eve_9157,Junior Associate,3052
9158,Frank_9158,Junior Associate,3053
9159,Grace_9159,Junior Associate,3053
9160,Hank_9160,Junior Associate,3053
9161,Iris_9161,Junior Associate,3054
9162,Jack_9162,Junior Associate,3054
9163,Karen_9163,Junior Associate,3054
9164,Leo_9164,Junior Associate,3055
9165,Maya_9165,Junior Associate,3055
9166,Nate_9166,Junior Associate,3055
9167,Olivia_9167,Junior Associate,3056
9168,Paul_9168,Junior Associate,3056
9169,Quinn_9169,Junior Associate,3056
9170,Rose_9170,Junior Associate,3057
9171,Sam_9171,Junior Associate,3057
9172,Tina_9172,Junior Associate,3057
9173,Uma_9173,Junior Associate,3058
9174,Victor_9174,Junior Associate,3058
9175,Wendy_9175,Junior Associate,3058
9176,Xander_9176,Junior Associate,3059
9177,Yara_9177,Junior Associate,3059
9178,Zack_9178,Junior Associate,3059
9179,Ava_9179,Junior Associate,3060
9180,Ben_9180,Junior Associate,3060
9181,Chloe_9181,Junior Associate,3060
9182,Dylan_9182,Junior Associate,3061
9183,Ella_9183,Junior Associate,3061
9184,Finn_9184,Junior Associate,3061
9185,Alice_9185,Junior Associate,3062
9186,Bob_9186,Junior Associate,3062
9187,Carol_9187,Junior Associate,3062
9188,Dave_9188,Junior Associate,3063
9189,Eve_9189,Junior Associate,3063
9190,Frank_9190,Junior Associate,3063
9191,Grace_9191,Junior Associate,3064
9192,Hank_9192,Junior Associate,3064
9193,Iris_9193,Junior Associate,3064
9194,Jack_9194,Junior Associate,3065
9195,Karen_9195,Junior Associate,3065
9196,Leo_9196,Junior Associate,3065
9197,Maya_9197,Junior Associate,3066
9198,Nate_9198,Junior Associate,3066
9199,Olivia_9199,Junior Associate,3066
9200,Paul_9200,Junior Associate,3067
9201,Quinn_9201,Junior Associate,3067
9202,Rose_9202,Junior Associate,3067
9203,Sam_9203,Junior Associate,3068
9204,Tina_9204,Junior Associate,3068
9205,Uma_9205,Junior Associate,3068
9206,Victor_9206,Junior Associate,3069
9207,Wendy_9207,Junior Associate,3069
9208,Xander_9208,Junior Associate,3069
9209,Yara_9209,Junior Associate,3070
9210,Zack_9210,Junior Associate,3070
9211,Ava_9211,Junior Associate,3070
9212,Ben_9212,Junior Associate,3071
9213,Chloe_9213,Junior Associate,3071
9214,Dylan_9214,Junior Associate,3071
9215,Ella_9215,Junior Associate,3072
9216,Finn_9216,Junior Associate,3072
9217,Alice_9217,Junior Associate,3072
9218,Bob_9218,Junior Associate,3073
9219,Carol_9219,Junior Associate,3073
9220,Dave_9220,Junior Associate,3073
9221,Eve_9221,Junior Associate,3074
9222,Frank_9222,Junior Associate,3074
9223,Grace_9223,Junior Associate,3074
9224,Hank_9224,Junior Associate,3075
9225,Iris_9225,Junior Associate,3075
9226,Jack_9226,Junior Associate,3075
9227,Karen_9227,Junior Associate,3076
9228,Leo_9228,Junior Associate,3076
9229,Maya_9229,Junior Associate,3076
9230,Nate_9230,Junior Associate,3077
9231,Olivia_9231,Junior Associate,3077
9232,Paul_9232,Junior Associate,3077
9233,Quinn_9233,Junior Associate,3078
9234,Rose_9234,Junior Associate,3078
9235,Sam_9235,Junior Associate,3078
9236,Tina_9236,Junior Associate,3079
9237,Uma_9237,Junior Associate,3079
9238,Victor_9238,Junior Associate,3079
9239,Wendy_9239,Junior Associate,3080
9240,Xander_9240,Junior Associate,3080
9241,Yara_9241,Junior Associate,3080
9242,Zack_9242,Junior Associate,3081
9243,Ava_9243,Junior Associate,3081
9244,Ben_9244,Junior Associate,3081
9245,Chloe_9245,Junior Associate,3082
9246,Dylan_9246,Junior Associate,3082
9247,Ella_9247,Junior Associate,3082
9248,Finn_9248,Junior Associate,3083
9249,Alice_9249,Junior Associate,3083
9250,Bob_9250,Junior Associate,3083
9251,Carol_9251,Junior Associate,3084
9252,Dave_9252,Junior Associate,3084
9253,Eve_9253,Junior Associate,3084
9254,Frank_9254,Junior Associate,3085
9255,Grace_9255,Junior Associate,3085
9256,Hank_9256,Junior Associate,3085
9257,Iris_9257,Junior Associate,3086
9258,Jack_9258,Junior Associate,3086
9259,Karen_9259,Junior Associate,3086
9260,Leo_9260,Junior Associate,3087
9261,Maya_9261,Junior Associate,3087
9262,Nate_9262,Junior Associate,3087
9263,Olivia_9263,Junior Associate,3088
9264,Paul_9264,Junior Associate,3088
9265,Quinn_9265,Junior Associate,3088
9266,Rose_9266,Junior Associate,3089
9267,Sam_9267,Junior Associate,3089
9268,Tina_9268,Junior Associate,3089
9269,Uma_9269,Junior Associate,3090
9270,Victor_9270,Junior Associate,3090
9271,Wendy_9271,Junior Associate,3090
9272,Xander_9272,Junior Associate,3091
9273,Yara_9273,Junior Associate,3091
9274,Zack_9274,Junior Associate,3091
9275,Ava_9275,Junior Associate,3092
9276,Ben_9276,Junior Associate,3092
9277,Chloe_9277,Junior Associate,3092
9278,Dylan_9278,Junior Associate,3093
9279,Ella_9279,Junior Associate,3093
9280,Finn_9280,Junior Associate,3093
9281,Alice_9281,Junior Associate,3094
9282,Bob_9282,Junior Associate,3094
9283,Carol_9283,Junior Associate,3094
9284,Dave_9284,Junior Associate,3095
9285,Eve_9285,Junior Associate,3095
9286,Frank_9286,Junior Associate,3095
9287,Grace_9287,Junior Associate,3096
9288,Hank_9288,Junior Associate,3096
9289,Iris_9289,Junior Associate,3096
9290,Jack_9290,Junior Associate,3097
9291,Karen_9291,Junior Associate,3097
9292,Leo_9292,Junior Associate,3097
9293,Maya_9293,Junior Associate,3098
9294,Nate_9294,Junior Associate,3098
9295,Olivia_9295,Junior Associate,3098
9296,Paul_9296,Junior Associate,3099
9297,Quinn_9297,Junior Associate,3099
9298,Rose_9298,Junior Associate,3099
9299,Sam_9299,Junior Associate,3100
9300,Tina_9300,Junior Associate,3100
9301,Uma_9301,Junior Associate,3100
9302,Victor_9302,Junior Associate,3101
9303,Wendy_9303,Junior Associate,3101
9304,Xander_9304,Junior Associate,3101
9305,Yara_9305,Junior Associate,3102
9306,Zack_9306,Junior Associate,3102
9307,Ava_9307,Junior Associate,3102
9308,Ben_9308,Junior Associate,3103
9309,Chloe_9309,Junior Associate,3103
9310,Dylan_9310,Junior Associate,3103
9311,Ella_9311,Junior Associate,3104
9312,Finn_9312,Junior Associate,3104
9313,Alice_9313,Junior Associate,3104
9314,Bob_9314,Junior Associate,3105
9315,Carol_9315,Junior Associate,3105
9316,Dave_9316,Junior Associate,3105
9317,Eve_9317,Junior Associate,3106
9318,Frank_9318,Junior Associate,3106
9319,Grace_9319,Junior Associate,3106
9320,Hank_9320,Junior Associate,3107
9321,Iris_9321,Junior Associate,3107
9322,Jack_9322,Junior Associate,3107
9323,Karen_9323,Junior Associate,3108
9324,Leo_9324,Junior Associate,3108
9325,Maya_9325,Junior Associate,3108
9326,Nate_9326,Junior Associate,3109
9327,Olivia_9327,Junior Associate,3109
9328,Paul_9328,Junior Associate,3109
9329,Quinn_9329,Junior Associate,3110
9330,Rose_9330,Junior Associate,3110
9331,Sam_9331,Junior Associate,3110
9332,Tina_9332,Junior Associate,3111
9333,Uma_9333,Junior Associate,3111
9334,Victor_9334,Junior Associate,3111
9335,Wendy_9335,Junior Associate,3112
9336,Xander_9336,Junior Associate,3112
9337,Yara_9337,Junior Associate,3112
9338,Zack_9338,Junior Associate,3113
9339,Ava_9339,Junior Associate,3113
9340,Ben_9340,Junior Associate,3113
9341,Chloe_9341,Junior Associate,3114
9342,Dylan_9342,Junior Associate,3114
9343,Ella_9343,Junior Associate,3114
9344,Finn_9344,Junior Associate,3115
9345,Alice_9345,Junior Associate,3115
9346,Bob_9346,Junior Associate,3115
9347,Carol_9347,Junior Associate,3116
9348,Dave_9348,Junior Associate,3116
9349,Eve_9349,Junior Associate,3116
9350,Frank_9350,Junior Associate,3117
9351,Grace_9351,Junior Associate,3117
9352,Hank_9352,Junior Associate,3117
9353,Iris_9353,Junior Associate,3118
9354,Jack_9354,Junior Associate,3118
9355,Karen_9355,Junior Associate,3118
9356,Leo_9356,Junior Associate,3119
9357,Maya_9357,Junior Associate,3119
9358,Nate_9358,Junior Associate,3119
9359,Olivia_9359,Junior Associate,3120
9360,Paul_9360,Junior Associate,3120
9361,Quinn_9361,Junior Associate,3120
9362,Rose_9362,Junior Associate,3121
9363,Sam_9363,Junior Associate,3121
9364,Tina_9364,Junior Associate,3121
9365,Uma_9365,Junior Associate,3122
9366,Victor_9366,Junior Associate,3122
9367,Wendy_9367,Junior Associate,3122
9368,Xander_9368,Junior Associate,3123
9369,Yara_9369,Junior Associate,3123
9370,Zack_9370,Junior Associate,3123
9371,Ava_9371,Junior Associate,3124
9372,Ben_9372,Junior Associate,3124
9373,Chloe_9373,Junior Associate,3124
9374,Dylan_9374,Junior Associate,3125
9375,Ella_9375,Junior Associate,3125
9376,Finn_9376,Junior Associate,3125
9377,Alice_9377,Junior Associate,3126
9378,Bob_9378,Junior Associate,3126
9379,Carol_9379,Junior Associate,3126
9380,Dave_9380,Junior Associate,3127
9381,Eve_9381,Junior Associate,3127
9382,Frank_9382,Junior Associate,3127
9383,Grace_9383,Junior Associate,3128
9384,Hank_9384,Junior Associate,3128
9385,Iris_9385,Junior Associate,3128
9386,Jack_9386,Junior Associate,3129
9387,Karen_9387,Junior Associate,3129
9388,Leo_9388,Junior Associate,3129
9389,Maya_9389,Junior Associate,3130
9390,Nate_9390,Junior Associate,3130
9391,Olivia_9391,Junior Associate,3130
9392,Paul_9392,Junior Associate,3131
9393,Quinn_9393,Junior Associate,3131
9394,Rose_9394,Junior Associate,3131
9395,Sam_9395,Junior Associate,3132
9396,Tina_9396,Junior Associate,3132
9397,Uma_9397,Junior Associate,3132
9398,Victor_9398,Junior Associate,3133
9399,Wendy_9399,Junior Associate,3133
9400,Xander_9400,Junior Associate,3133
9401,Yara_9401,Junior Associate,3134
9402,Zack_9402,Junior Associate,3134
9403,Ava_9403,Junior Associate,3134
9404,Ben_9404,Junior Associate,3135
9405,Chloe_9405,Junior Associate,3135
9406,Dylan_9406,Junior Associate,3135
9407,Ella_9407,Junior Associate,3136
9408,Finn_9408,Junior Associate,3136
9409,Alice_9409,Junior Associate,3136
9410,Bob_9410,Junior Associate,3137
9411,Carol_9411,Junior Associate,3137
9412,Dave_9412,Junior Associate,3137
9413,Eve_9413,Junior Associate,3138
9414,Frank_9414,Junior Associate,3138
9415,Grace_9415,Junior Associate,3138
9416,Hank_9416,Junior Associate,3139
9417,Iris_9417,Junior Associate,3139
9418,Jack_9418,Junior Associate,3139
9419,Karen_9419,Junior Associate,3140
9420,Leo_9420,Junior Associate,3140
9421,Maya_9421,Junior Associate,3140
9422,Nate_9422,Junior Associate,3141
9423,Olivia_9423,Junior Associate,3141
9424,Paul_9424,Junior Associate,3141
9425,Quinn_9425,Junior Associate,3142
9426,Rose_9426,Junior Associate,3142
9427,Sam_9427,Junior Associate,3142
9428,Tina_9428,Junior Associate,3143
9429,Uma_9429,Junior Associate,3143
9430,Victor_9430,Junior Associate,3143
9431,Wendy_9431,Junior Associate,3144
9432,Xander_9432,Junior Associate,3144
9433,Yara_9433,Junior Associate,3144
9434,Zack_9434,Junior Associate,3145
9435,Ava_9435,Junior Associate,3145
9436,Ben_9436,Junior Associate,3145
9437,Chloe_9437,Junior Associate,3146
9438,Dylan_9438,Junior Associate,3146
9439,Ella_9439,Junior Associate,3146
9440,Finn_9440,Junior Associate,3147
9441,Alice_9441,Junior Associate,3147
9442,Bob_9442,Junior Associate,3147
9443,Carol_9443,Junior Associate,3148
9444,Dave_9444,Junior Associate,3148
9445,Eve_9445,Junior Associate,3148
9446,Frank_9446,Junior Associate,3149
9447,Grace_9447,Junior Associate,3149
9448,Hank_9448,Junior Associate,3149
9449,Iris_9449,Junior Associate,3150
9450,Jack_9450,Junior Associate,3150
9451,Karen_9451,Junior Associate,3150
9452,Leo_9452,Junior Associate,3151
9453,Maya_9453,Junior Associate,3151
9454,Nate_9454,Junior Associate,3151
9455,Olivia_9455,Junior Associate,3152
9456,Paul_9456,Junior Associate,3152
9457,Quinn_9457,Junior Associate,3152
9458,Rose_9458,Junior Associate,3153
9459,Sam_9459,Junior Associate,3153
9460,Tina_9460,Junior Associate,3153
9461,Uma_9461,Junior Associate,3154
9462,Victor_9462,Junior Associate,3154
9463,Wendy_9463,Junior Associate,3154
9464,Xander_9464,Junior Associate,3155
9465,Yara_9465,Junior Associate,3155
9466,Zack_9466,Junior Associate,3155
9467,Ava_9467,Junior Associate,3156
9468,Ben_9468,Junior Associate,3156
9469,Chloe_9469,Junior Associate,3156
9470,Dylan_9470,Junior Associate,3157
9471,Ella_9471,Junior Associate,3157
9472,Finn_9472,Junior Associate,3157
9473,Alice_9473,Junior Associate,3158
9474,Bob_9474,Junior Associate,3158
9475,Carol_9475,Junior Associate,3158
9476,Dave_9476,Junior Associate,3159
9477,Eve_9477,Junior Associate,3159
9478,Frank_9478,Junior Associate,3159
9479,Grace_9479,Junior Associate,3160
9480,Hank_9480,Junior Associate,3160
9481,Iris_9481,Junior Associate,3160
9482,Jack_9482,Junior Associate,3161
9483,Karen_9483,Junior Associate,3161
9484,Leo_9484,Junior Associate,3161
9485,Maya_9485,Junior Associate,3162
9486,Nate_9486,Junior Associate,3162
9487,Olivia_9487,Junior Associate,3162
9488,Paul_9488,Junior Associate,3163
9489,Quinn_9489,Junior Associate,3163
9490,Rose_9490,Junior Associate,3163
9491,Sam_9491,Junior Associate,3164
9492,Tina_9492,Junior Associate,3164
9493,Uma_9493,Junior Associate,3164
9494,Victor_9494,Junior Associate,3165
9495,Wendy_9495,Junior Associate,3165
9496,Xander_9496,Junior Associate,3165
9497,Yara_9497,Junior Associate,3166
9498,Zack_9498,Junior Associate,3166
9499,Ava_9499,Junior Associate,3166
9500,Ben_9500,Junior Associate,3167
9501,Chloe_9501,Junior Associate,3167
9502,Dylan_9502,Junior Associate,3167
9503,Ella_9503,Junior Associate,3168
9504,Finn_9504,Junior Associate,3168
9505,Alice_9505,Junior Associate,3168
9506,Bob_9506,Junior Associate,3169
9507,Carol_9507,Junior Associate,3169
9508,Dave_9508,Junior Associate,3169
9509,Eve_9509,Junior Associate,3170
9510,Frank_9510,Junior Associate,3170
9511,Grace_9511,Junior Associate,3170
9512,Hank_9512,Junior Associate,3171
9513,Iris_9513,Junior Associate,3171
9514,Jack_9514,Junior Associate,3171
9515,Karen_9515,Junior Associate,3172
9516,Leo_9516,Junior Associate,3172
9517,Maya_9517,Junior Associate,3172
9518,Nate_9518,Junior Associate,3173
9519,Olivia_9519,Junior Associate,3173
9520,Paul_9520,Junior Associate,3173
9521,Quinn_9521,Junior Associate,3174
9522,Rose_9522,Junior Associate,3174
9523,Sam_9523,Junior Associate,3174
9524,Tina_9524,Junior Associate,3175
9525,Uma_9525,Junior Associate,3175
9526,Victor_9526,Junior Associate,3175
9527,Wendy_9527,Junior Associate,3176
9528,Xander_9528,Junior Associate,3176
9529,Yara_9529,Junior Associate,3176
9530,Zack_9530,Junior Associate,3177
9531,Ava_9531,Junior Associate,3177
9532,Ben_9532,Junior Associate,3177
9533,Chloe_9533,Junior Associate,3178
9534,Dylan_9534,Junior Associate,3178
9535,Ella_9535,Junior Associate,3178
9536,Finn_9536,Junior Associate,3179
9537,Alice_9537,Junior Associate,3179
9538,Bob_9538,Junior Associate,3179
9539,Carol_9539,Junior Associate,3180
9540,Dave_9540,Junior Associate,3180
9541,Eve_9541,Junior Associate,3180
9542,Frank_9542,Junior Associate,3181
9543,Grace_9543,Junior Associate,3181
9544,Hank_9544,Junior Associate,3181
9545,Iris_9545,Junior Associate,3182
9546,Jack_9546,Junior Associate,3182
9547,Karen_9547,Junior Associate,3182
9548,Leo_9548,Junior Associate,3183
9549,Maya_9549,Junior Associate,3183
9550,Nate_9550,Junior Associate,3183
9551,Olivia_9551,Junior Associate,3184
9552,Paul_9552,Junior Associate,3184
9553,Quinn_9553,Junior Associate,3184
9554,Rose_9554,Junior Associate,3185
9555,Sam_9555,Junior Associate,3185
9556,Tina_9556,Junior Associate,3185
9557,Uma_9557,Junior Associate,3186
9558,Victor_9558,Junior Associate,3186
9559,Wendy_9559,Junior Associate,3186
9560,Xander_9560,Junior Associate,3187
9561,Yara_9561,Junior Associate,3187
9562,Zack_9562,Junior Associate,3187
9563,Ava_9563,Junior Associate,3188
9564,Ben_9564,Junior Associate,3188
9565,Chloe_9565,Junior Associate,3188
9566,Dylan_9566,Junior Associate,3189
9567,Ella_9567,Junior Associate,3189
9568,Finn_9568,Junior Associate,3189
9569,Alice_9569,Junior Associate,3190
9570,Bob_9570,Junior Associate,3190
9571,Carol_9571,Junior Associate,3190
9572,Dave_9572,Junior Associate,3191
9573,Eve_9573,Junior Associate,3191
9574,Frank_9574,Junior Associate,3191
9575,Grace_9575,Junior Associate,3192
9576,Hank_9576,Junior Associate,3192
9577,Iris_9577,Junior Associate,3192
9578,Jack_9578,Junior Associate,3193
9579,Karen_9579,Junior Associate,3193
9580,Leo_9580,Junior Associate,3193
9581,Maya_9581,Junior Associate,3194
9582,Nate_9582,Junior Associate,3194
9583,Olivia_9583,Junior Associate,3194
9584,Paul_9584,Junior Associate,3195
9585,Quinn_9585,Junior Associate,3195
9586,Rose_9586,Junior Associate,3195
9587,Sam_9587,Junior Associate,3196
9588,Tina_9588,Junior Associate,3196
9589,Uma_9589,Junior Associate,3196
9590,Victor_9590,Junior Associate,3197
9591,Wendy_9591,Junior Associate,3197
9592,Xander_9592,Junior Associate,3197
9593,Yara_9593,Junior Associate,3198
9594,Zack_9594,Junior Associate,3198
9595,Ava_9595,Junior Associate,3198
9596,Ben_9596,Junior Associate,3199
9597,Chloe_9597,Junior Associate,3199
9598,Dylan_9598,Junior Associate,3199
9599,Ella_9599,Junior Associate,3200
9600,Finn_9600,Junior Associate,3200
9601,Alice_9601,Junior Associate,3200
9602,Bob_9602,Junior Associate,3201
9603,Carol_9603,Junior Associate,3201
9604,Dave_9604,Junior Associate,3201
9605,Eve_9605,Junior Associate,3202
9606,Frank_9606,Junior Associate,3202
9607,Grace_9607,Junior Associate,3202
9608,Hank_9608,Junior Associate,3203
9609,Iris_9609,Junior Associate,3203
9610,Jack_9610,Junior Associate,3203
9611,Karen_9611,Junior Associate,3204
9612,Leo_9612,Junior Associate,3204
9613,Maya_9613,Junior Associate,3204
9614,Nate_9614,Junior Associate,3205
9615,Olivia_9615,Junior Associate,3205
9616,Paul_9616,Junior Associate,3205
9617,Quinn_9617,Junior Associate,3206
9618,Rose_9618,Junior Associate,3206
9619,Sam_9619,Junior Associate,3206
9620,Tina_9620,Junior Associate,3207
9621,Uma_9621,Junior Associate,3207
9622,Victor_9622,Junior Associate,3207
9623,Wendy_9623,Junior Associate,3208
9624,Xander_9624,Junior Associate,3208
9625,Yara_9625,Junior Associate,3208
9626,Zack_9626,Junior Associate,3209
9627,Ava_9627,Junior Associate,3209
9628,Ben_9628,Junior Associate,3209
9629,Chloe_9629,Junior Associate,3210
9630,Dylan_9630,Junior Associate,3210
9631,Ella_9631,Junior Associate,3210
9632,Finn_9632,Junior Associate,3211
9633,Alice_9633,Junior Associate,3211
9634,Bob_9634,Junior Associate,3211
9635,Carol_9635,Junior Associate,3212
9636,Dave_9636,Junior Associate,3212
9637,Eve_9637,Junior Associate,3212
9638,Frank_9638,Junior Associate,3213
9639,Grace_9639,Junior Associate,3213
9640,Hank_9640,Junior Associate,3213
9641,Iris_9641,Junior Associate,3214
9642,Jack_9642,Junior Associate,3214
9643,Karen_9643,Junior Associate,3214
9644,Leo_9644,Junior Associate,3215
9645,Maya_9645,Junior Associate,3215
9646,Nate_9646,Junior Associate,3215
9647,Olivia_9647,Junior Associate,3216
9648,Paul_9648,Junior Associate,3216
9649,Quinn_9649,Junior Associate,3216
9650,Rose_9650,Junior Associate,3217
9651,Sam_9651,Junior Associate,3217
9652,Tina_9652,Junior Associate,3217
9653,Uma_9653,Junior Associate,3218
9654,Victor_9654,Junior Associate,3218
9655,Wendy_9655,Junior Associate,3218
9656,Xander_9656,Junior Associate,3219
9657,Yara_9657,Junior Associate,3219
9658,Zack_9658,Junior Associate,3219
9659,Ava_9659,Junior Associate,3220
9660,Ben_9660,Junior Associate,3220
9661,Chloe_9661,Junior Associate,3220
9662,Dylan_9662,Junior Associate,3221
9663,Ella_9663,Junior Associate,3221
9664,Finn_9664,Junior Associate,3221
9665,Alice_9665,Junior Associate,3222
9666,Bob_9666,Junior Associate,3222
9667,Carol_9667,Junior Associate,3222
9668,Dave_9668,Junior Associate,3223
9669,Eve_9669,Junior Associate,3223
9670,Frank_9670,Junior Associate,3223
9671,Grace_9671,Junior Associate,3224
9672,Hank_9672,Junior Associate,3224
9673,Iris_9673,Junior Associate,3224
9674,Jack_9674,Junior Associate,3225
9675,Karen_9675,Junior Associate,3225
9676,Leo_9676,Junior Associate,3225
9677,Maya_9677,Junior Associate,3226
9678,Nate_9678,Junior Associate,3226
9679,Olivia_9679,Junior Associate,3226
9680,Paul_9680,Junior Associate,3227
9681,Quinn_9681,Junior Associate,3227
9682,Rose_9682,Junior Associate,3227
9683,Sam_9683,Junior Associate,3228
9684,Tina_9684,Junior Associate,3228
9685,Uma_9685,Junior Associate,3228
9686,Victor_9686,Junior Associate,3229
9687,Wendy_9687,Junior Associate,3229
9688,Xander_9688,Junior Associate,3229
9689,Yara_9689,Junior Associate,3230
9690,Zack_9690,Junior Associate,3230
9691,Ava_9691,Junior Associate,3230
9692,Ben_9692,Junior Associate,3231
9693,Chloe_9693,Junior Associate,3231
9694,Dylan_9694,Junior Associate,3231
9695,Ella_9695,Junior Associate,3232
9696,Finn_9696,Junior Associate,3232
9697,Alice_9697,Junior Associate,3232
9698,Bob_9698,Junior Associate,3233
9699,Carol_9699,Junior Associate,3233
9700,Dave_9700,Junior Associate,3233
9701,Eve_9701,Junior Associate,3234
9702,Frank_9702,Junior Associate,3234
9703,Grace_9703,Junior Associate,3234
9704,Hank_9704,Junior Associate,3235
9705,Iris_9705,Junior Associate,3235
9706,Jack_9706,Junior Associate,3235
9707,Karen_9707,Junior Associate,3236
9708,Leo_9708,Junior Associate,3236
9709,Maya_9709,Junior Associate,3236
9710,Nate_9710,Junior Associate,3237
9711,Olivia_9711,Junior Associate,3237
9712,Paul_9712,Junior Associate,3237
9713,Quinn_9713,Junior Associate,3238
9714,Rose_9714,Junior Associate,3238
9715,Sam_9715,Junior Associate,3238
9716,Tina_9716,Junior Associate,3239
9717,Uma_9717,Junior Associate,3239
9718,Victor_9718,Junior Associate,3239
9719,Wendy_9719,Junior Associate,3240
9720,Xander_9720,Junior Associate,3240
9721,Yara_9721,Junior Associate,3240
9722,Zack_9722,Junior Associate,3241
9723,Ava_9723,Junior Associate,3241
9724,Ben_9724,Junior Associate,3241
9725,Chloe_9725,Junior Associate,3242
9726,Dylan_9726,Junior Associate,3242
9727,Ella_9727,Junior Associate,3242
9728,Finn_9728,Junior Associate,3243
9729,Alice_9729,Junior Associate,3243
9730,Bob_9730,Junior Associate,3243
9731,Carol_9731,Junior Associate,3244
9732,Dave_9732,Junior Associate,3244
9733,Eve_9733,Junior Associate,3244
9734,Frank_9734,Junior Associate,3245
9735,Grace_9735,Junior Associate,3245
9736,Hank_9736,Junior Associate,3245
9737,Iris_9737,Junior Associate,3246
9738,Jack_9738,Junior Associate,3246
9739,Karen_9739,Junior Associate,3246
9740,Leo_9740,Junior Associate,3247
9741,Maya_9741,Junior Associate,3247
9742,Nate_9742,Junior Associate,3247
9743,Olivia_9743,Junior Associate,3248
9744,Paul_9744,Junior Associate,3248
9745,Quinn_9745,Junior Associate,3248
9746,Rose_9746,Junior Associate,3249
9747,Sam_9747,Junior Associate,3249
9748,Tina_9748,Junior Associate,3249
9749,Uma_9749,Junior Associate,3250
9750,Victor_9750,Junior Associate,3250
9751,Wendy_9751,Junior Associate,3250
9752,Xander_9752,Junior Associate,3251
9753,Yara_9753,Junior Associate,3251
9754,Zack_9754,Junior Associate,3251
9755,Ava_9755,Junior Associate,3252
9756,Ben_9756,Junior Associate,3252
9757,Chloe_9757,Junior Associate,3252
9758,Dylan_9758,Junior Associate,3253
9759,Ella_9759,Junior Associate,3253
9760,Finn_9760,Junior Associate,3253
9761,Alice_9761,Junior Associate,3254
9762,Bob_9762,Junior Associate,3254
9763,Carol_9763,Junior Associate,3254
9764,Dave_9764,Junior Associate,3255
9765,Eve_9765,Junior Associate,3255
9766,Frank_9766,Junior Associate,3255
9767,Grace_9767,Junior Associate,3256
9768,Hank_9768,Junior Associate,3256
9769,Iris_9769,Junior Associate,3256
9770,Jack_9770,Junior Associate,3257
9771,Karen_9771,Junior Associate,3257
9772,Leo_9772,Junior Associate,3257
9773,Maya_9773,Junior Associate,3258
9774,Nate_9774,Junior Associate,3258
9775,Olivia_9775,Junior Associate,3258
9776,Paul_9776,Junior Associate,3259
9777,Quinn_9777,Junior Associate,3259
9778,Rose_9778,Junior Associate,3259
9779,Sam_9779,Junior Associate,3260
9780,Tina_9780,Junior Associate,3260
9781,Uma_9781,Junior Associate,3260
9782,Victor_9782,Junior Associate,3261
9783,Wendy_9783,Junior Associate,3261
9784,Xander_9784,Junior Associate,3261
9785,Yara_9785,Junior Associate,3262
9786,Zack_9786,Junior Associate,3262
9787,Ava_9787,Junior Associate,3262
9788,Ben_9788,Junior Associate,3263
9789,Chloe_9789,Junior Associate,3263
9790,Dylan_9790,Junior Associate,3263
9791,Ella_9791,Junior Associate,3264
9792,Finn_9792,Junior Associate,3264
9793,Alice_9793,Junior Associate,3264
9794,Bob_9794,Junior Associate,3265
9795,Carol_9795,Junior Associate,3265
9796,Dave_9796,Junior Associate,3265
9797,Eve_9797,Junior Associate,3266
9798,Frank_9798,Junior Associate,3266
9799,Grace_9799,Junior Associate,3266
9800,Hank_9800,Junior Associate,3267
9801,Iris_9801,Junior Associate,3267
9802,Jack_9802,Junior Associate,3267
9803,Karen_9803,Junior Associate,3268
9804,Leo_9804,Junior Associate,3268
9805,Maya_9805,Junior Associate,3268
9806,Nate_9806,Junior Associate,3269
9807,Olivia_9807,Junior Associate,3269
9808,Paul_9808,Junior Associate,3269
9809,Quinn_9809,Junior Associate,3270
9810,Rose_9810,Junior Associate,3270
9811,Sam_9811,Junior Associate,3270
9812,Tina_9812,Junior Associate,3271
9813,Uma_9813,Junior Associate,3271
9814,Victor_9814,Junior Associate,3271
9815,Wendy_9815,Junior Associate,3272
9816,Xander_9816,Junior Associate,3272
9817,Yara_9817,Junior Associate,3272
9818,Zack_9818,Junior Associate,3273
9819,Ava_9819,Junior Associate,3273
9820,Ben_9820,Junior Associate,3273
9821,Chloe_9821,Junior Associate,3274
9822,Dylan_9822,Junior Associate,3274
9823,Ella_9823,Junior Associate,3274
9824,Finn_9824,Junior Associate,3275
9825,Alice_9825,Junior Associate,3275
9826,Bob_9826,Junior Associate,3275
9827,Carol_9827,Junior Associate,3276
9828,Dave_9828,Junior Associate,3276
9829,Eve_9829,Junior Associate,3276
9830,Frank_9830,Junior Associate,3277
9831,Grace_9831,Junior Associate,3277
9832,Hank_9832,Junior Associate,3277
9833,Iris_9833,Junior Associate,3278
9834,Jack_9834,Junior Associate,3278
9835,Karen_9835,Junior Associate,3278
9836,Leo_9836,Junior Associate,3279
9837,Maya_9837,Junior Associate,3279
9838,Nate_9838,Junior Associate,3279
9839,Olivia_9839,Junior Associate,3280
9840,Paul_9840,Junior Associate,3280
9841,Quinn_9841,Junior Associate,3280
9842,Rose_9842,Intern,3281
9843,Sam_9843,Intern,3281
9844,Tina_9844,Intern,3281
9845,Uma_9845,Intern,3282
9846,Victor_9846,Intern,3282
9847,Wendy_9847,Intern,3282
9848,Xander_9848,Intern,3283
9849,Yara_9849,Intern,3283
9850,Zack_9850,Intern,3283
9851,Ava_9851,Intern,3284
9852,Ben_9852,Intern,3284
9853,Chloe_9853,Intern,3284
9854,Dylan_9854,Intern,3285
9855,Ella_9855,Intern,3285
9856,Finn_9856,Intern,3285
9857,Alice_9857,Intern,3286
9858,Bob_9858,Intern,3286
9859,Carol_9859,Intern,3286
9860,Dave_9860,Intern,3287
9861,Eve_9861,Intern,3287
9862,Frank_9862,Intern,3287
9863,Grace_9863,Intern,3288
9864,Hank_9864,Intern,3288
9865,Iris_9865,Intern,3288
9866,Jack_9866,Intern,3289
9867,Karen_9867,Intern,3289
9868,Leo_9868,Intern,3289
9869,Maya_9869,Intern,3290
9870,Nate_9870,Intern,3290
9871,Olivia_9871,Intern,3290
9872,Paul_9872,Intern,3291
9873,Quinn_9873,Intern,3291
9874,Rose_9874,Intern,3291
9875,Sam_9875,Intern,3292
9876,Tina_9876,Intern,3292
9877,Uma_9877,Intern,3292
9878,Victor_9878,Intern,3293
9879,Wendy_9879,Intern,3293
9880,Xander_9880,Intern,3293
9881,Yara_9881,Intern,3294
9882,Zack_9882,Intern,3294
9883,Ava_9883,Intern,3294
9884,Ben_9884,Intern,3295
9885,Chloe_9885,Intern,3295
9886,Dylan_9886,Intern,3295
9887,Ella_9887,Intern,3296
9888,Finn_9888,Intern,3296
9889,Alice_9889,Intern,3296
9890,Bob_9890,Intern,3297
9891,Carol_9891,Intern,3297
9892,Dave_9892,Intern,3297
9893,Eve_9893,Intern,3298
9894,Frank_9894,Intern,3298
9895,Grace_9895,Intern,3298
9896,Hank_9896,Intern,3299
9897,Iris_9897,Intern,3299
9898,Jack_9898,Intern,3299
9899,Karen_9899,Intern,3300
9900,Leo_9900,Intern,3300
9901,Maya_9901,Intern,3300
9902,Nate_9902,Intern,3301
9903,Olivia_9903,Intern,3301
9904,Paul_9904,Intern,3301
9905,Quinn_9905,Intern,3302
9906,Rose_9906,Intern,3302
9907,Sam_9907,Intern,3302
9908,Tina_9908,Intern,3303
9909,Uma_9909,Intern,3303
9910,Victor_9910,Intern,3303
9911,Wendy_9911,Intern,3304
9912,Xander_9912,Intern,3304
9913,Yara_9913,Intern,3304
9914,Zack_9914,Intern,3305
9915,Ava_9915,Intern,3305
9916,Ben_9916,Intern,3305
9917,Chloe_9917,Intern,3306
9918,Dylan_9918,Intern,3306
9919,Ella_9919,Intern,3306
9920,Finn_9920,Intern,3307
9921,Alice_9921,Intern,3307
9922,Bob_9922,Intern,3307
9923,Carol_9923,Intern,3308
9924,Dave_9924,Intern,3308
9925,Eve_9925,Intern,3308
9926,Frank_9926,Intern,3309
9927,Grace_9927,Intern,3309
9928,Hank_9928,Intern,3309
9929,Iris_9929,Intern,3310
9930,Jack_9930,Intern,3310
9931,Karen_9931,Intern,3310
9932,Leo_9932,Intern,3311
9933,Maya_9933,Intern,3311
9934,Nate_9934,Intern,3311
9935,Olivia_9935,Intern,3312
9936,Paul_9936,Intern,3312
9937,Quinn_9937,Intern,3312
9938,Rose_9938,Intern,3313
9939,Sam_9939,Intern,3313
9940,Tina_9940,Intern,3313
9941,Uma_9941,Intern,3314
9942,Victor_9942,Intern,3314
9943,Wendy_9943,Intern,3314
9944,Xander_9944,Intern,3315
9945,Yara_9945,Intern,3315
9946,Zack_9946,Intern,3315
9947,Ava_9947,Intern,3316
9948,Ben_9948,Intern,3316
9949,Chloe_9949,Intern,3316
9950,Dylan_9950,Intern,3317
9951,Ella_9951,Intern,3317
9952,Finn_9952,Intern,3317
9953,Alice_9953,Intern,3318
9954,Bob_9954,Intern,3318
9955,Carol_9955,Intern,3318
9956,Dave_9956,Intern,3319
9957,Eve_9957,Intern,3319
9958,Frank_9958,Intern,3319
9959,Grace_9959,Intern,3320
9960,Hank_9960,Intern,3320
9961,Iris_9961,Intern,3320
9962,Jack_9962,Intern,3321
9963,Karen_9963,Intern,3321
9964,Leo_9964,Intern,3321
9965,Maya_9965,Intern,3322
9966,Nate_9966,Intern,3322
9967,Olivia_9967,Intern,3322
9968,Paul_9968,Intern,3323
9969,Quinn_9969,Intern,3323
9970,Rose_9970,Intern,3323
9971,Sam_9971,Intern,3324
9972,Tina_9972,Intern,3324
9973,Uma_9973,Intern,3324
9974,Victor_9974,Intern,3325
9975,Wendy_9975,Intern,3325
9976,Xander_9976,Intern,3325
9977,Yara_9977,Intern,3326
9978,Zack_9978,Intern,3326
9979,Ava_9979,Intern,3326
9980,Ben_9980,Intern,3327
9981,Chloe_9981,Intern,3327
9982,Dylan_9982,Intern,3327
9983,Ella_9983,Intern,3328
9984,Finn_9984,Intern,3328
9985,Alice_9985,Intern,3328
9986,Bob_9986,Intern,3329
9987,Carol_9987,Intern,3329
9988,Dave_9988,Intern,3329
9989,Eve_9989,Intern,3330
9990,Frank_9990,Intern,3330
9991,Grace_9991,Intern,3330
9992,Hank_9992,Intern,3331
9993,Iris_9993,Intern,3331
9994,Jack_9994,Intern,3331
9995,Karen_9995,Intern,3332
9996,Leo_9996,Intern,3332
9997,Maya_9997,Intern,3332
9998,Nate_9998,Intern,3333
9999,Olivia_9999,Intern,3333
10000,Paul_10000,Intern,3333
10001,Quinn_10001,Intern,3334
10002,Rose_10002,Intern,3334
10003,Sam_10003,Intern,3334
10004,Tina_10004,Intern,3335
10005,Uma_10005,Intern,3335
10006,Victor_10006,Intern,3335
10007,Wendy_10007,Intern,3336
10008,Xander_10008,Intern,3336
10009,Yara_10009,Intern,3336
10010,Zack_10010,Intern,3337
10011,Ava_10011,Intern,3337
10012,Ben_10012,Intern,3337
10013,Chloe_10013,Intern,3338
10014,Dylan_10014,Intern,3338
10015,Ella_10015,Intern,3338
10016,Finn_10016,Intern,3339
10017,Alice_10017,Intern,3339
10018,Bob_10018,Intern,3339
10019,Carol_10019,Intern,3340
10020,Dave_10020,Intern,3340
10021,Eve_10021,Intern,3340
10022,Frank_10022,Intern,3341
10023,Grace_10023,Intern,3341
10024,Hank_10024,Intern,3341
10025,Iris_10025,Intern,3342
10026,Jack_10026,Intern,3342
10027,Karen_10027,Intern,3342
10028,Leo_10028,Intern,3343
10029,Maya_10029,Intern,3343
10030,Nate_10030,Intern,3343
10031,Olivia_10031,Intern,3344
10032,Paul_10032,Intern,3344
10033,Quinn_10033,Intern,3344
10034,Rose_10034,Intern,3345
10035,Sam_10035,Intern,3345
10036,Tina_10036,Intern,3345
10037,Uma_10037,Intern,3346
10038,Victor_10038,Intern,3346
10039,Wendy_10039,Intern,3346
10040,Xander_10040,Intern,3347
10041,Yara_10041,Intern,3347
10042,Zack_10042,Intern,3347
10043,Ava_10043,Intern,3348
10044,Ben_10044,Intern,3348
10045,Chloe_10045,Intern,3348
10046,Dylan_10046,Intern,3349
10047,Ella_10047,Intern,3349
10048,Finn_10048,Intern,3349
10049,Alice_10049,Intern,3350
10050,Bob_10050,Intern,3350
10051,Carol_10051,Intern,3350
10052,Dave_10052,Intern,3351
10053,Eve_10053,Intern,3351
10054,Frank_10054,Intern,3351
10055,Grace_10055,Intern,3352
10056,Hank_10056,Intern,3352
10057,Iris_10057,Intern,3352
10058,Jack_10058,Intern,3353
10059,Karen_10059,Intern,3353
10060,Leo_10060,Intern,3353
10061,Maya_10061,Intern,3354
10062,Nate_10062,Intern,3354
10063,Olivia_10063,Intern,3354
10064,Paul_10064,Intern,3355
10065,Quinn_10065,Intern,3355
10066,Rose_10066,Intern,3355
10067,Sam_10067,Intern,3356
10068,Tina_10068,Intern,3356
10069,Uma_10069,Intern,3356
10070,Victor_10070,Intern,3357
10071,Wendy_10071,Intern,3357
10072,Xander_10072,Intern,3357
10073,Yara_10073,Intern,3358
10074,Zack_10074,Intern,3358
10075,Ava_10075,Intern,3358
10076,Ben_10076,Intern,3359
10077,Chloe_10077,Intern,3359
10078,Dylan_10078,Intern,3359
10079,Ella_10079,Intern,3360
10080,Finn_10080,Intern,3360
10081,Alice_10081,Intern,3360
10082,Bob_10082,Intern,3361
10083,Carol_10083,Intern,3361
10084,Dave_10084,Intern,3361
10085,Eve_10085,Intern,3362
10086,Frank_10086,Intern,3362
10087,Grace_10087,Intern,3362
10088,Hank_10088,Intern,3363
10089,Iris_10089,Intern,3363
10090,Jack_10090,Intern,3363
10091,Karen_10091,Intern,3364
10092,Leo_10092,Intern,3364
10093,Maya_10093,Intern,3364
10094,Nate_10094,Intern,3365
10095,Olivia_10095,Intern,3365
10096,Paul_10096,Intern,3365
10097,Quinn_10097,Intern,3366
10098,Rose_10098,Intern,3366
10099,Sam_10099,Intern,3366
10100,Tina_10100,Intern,3367
10101,Uma_10101,Intern,3367
10102,Victor_10102,Intern,3367
10103,Wendy_10103,Intern,3368
10104,Xander_10104,Intern,3368
10105,Yara_10105,Intern,3368
10106,Zack_10106,Intern,3369
10107,Ava_10107,Intern,3369
10108,Ben_10108,Intern,3369
10109,Chloe_10109,Intern,3370
10110,Dylan_10110,Intern,3370
10111,Ella_10111,Intern,3370
10112,Finn_10112,Intern,3371
10113,Alice_10113,Intern,3371
10114,Bob_10114,Intern,3371
10115,Carol_10115,Intern,3372
10116,Dave_10116,Intern,3372
10117,Eve_10117,Intern,3372
10118,Frank_10118,Intern,3373
10119,Grace_10119,Intern,3373
10120,Hank_10120,Intern,3373
10121,Iris_10121,Intern,3374
10122,Jack_10122,Intern,3374
10123,Karen_10123,Intern,3374
10124,Leo_10124,Intern,3375
10125,Maya_10125,Intern,3375
10126,Nate_10126,Intern,3375
10127,Olivia_10127,Intern,3376
10128,Paul_10128,Intern,3376
10129,Quinn_10129,Intern,3376
10130,Rose_10130,Intern,3377
10131,Sam_10131,Intern,3377
10132,Tina_10132,Intern,3377
10133,Uma_10133,Intern,3378
10134,Victor_10134,Intern,3378
10135,Wendy_10135,Intern,3378
10136,Xander_10136,Intern,3379
10137,Yara_10137,Intern,3379
10138,Zack_10138,Intern,3379
10139,Ava_10139,Intern,3380
10140,Ben_10140,Intern,3380
10141,Chloe_10141,Intern,3380
10142,Dylan_10142,Intern,3381
10143,Ella_10143,Intern,3381
10144,Finn_10144,Intern,3381
10145,Alice_10145,Intern,3382
10146,Bob_10146,Intern,3382
10147,Carol_10147,Intern,3382
10148,Dave_10148,Intern,3383
10149,Eve_10149,Intern,3383
10150,Frank_10150,Intern,3383
10151,Grace_10151,Intern,3384
10152,Hank_10152,Intern,3384
10153,Iris_10153,Intern,3384
10154,Jack_10154,Intern,3385
10155,Karen_10155,Intern,3385
10156,Leo_10156,Intern,3385
10157,Maya_10157,Intern,3386
10158,Nate_10158,Intern,3386
10159,Olivia_10159,Intern,3386
10160,Paul_10160,Intern,3387
10161,Quinn_10161,Intern,3387
10162,Rose_10162,Intern,3387
10163,Sam_10163,Intern,3388
10164,Tina_10164,Intern,3388
10165,Uma_10165,Intern,3388
10166,Victor_10166,Intern,3389
10167,Wendy_10167,Intern,3389
10168,Xander_10168,Intern,3389
10169,Yara_10169,Intern,3390
10170,Zack_10170,Intern,3390
10171,Ava_10171,Intern,3390
10172,Ben_10172,Intern,3391
10173,Chloe_10173,Intern,3391
10174,Dylan_10174,Intern,3391
10175,Ella_10175,Intern,3392
10176,Finn_10176,Intern,3392
10177,Alice_10177,Intern,3392
10178,Bob_10178,Intern,3393
10179,Carol_10179,Intern,3393
10180,Dave_10180,Intern,3393
10181,Eve_10181,Intern,3394
10182,Frank_10182,Intern,3394
10183,Grace_10183,Intern,3394
10184,Hank_10184,Intern,3395
10185,Iris_10185,Intern,3395
10186,Jack_10186,Intern,3395
10187,Karen_10187,Intern,3396
10188,Leo_10188,Intern,3396
10189,Maya_10189,Intern,3396
10190,Nate_10190,Intern,3397
10191,Olivia_10191,Intern,3397
10192,Paul_10192,Intern,3397
10193,Quinn_10193,Intern,3398
10194,Rose_10194,Intern,3398
10195,Sam_10195,Intern,3398
10196,Tina_10196,Intern,3399
10197,Uma_10197,Intern,3399
10198,Victor_10198,Intern,3399
10199,Wendy_10199,Intern,3400
10200,Xander_10200,Intern,3400
10201,Yara_10201,Intern,3400
10202,Zack_10202,Intern,3401
10203,Ava_10203,Intern,3401
10204,Ben_10204,Intern,3401
10205,Chloe_10205,Intern,3402
10206,Dylan_10206,Intern,3402
10207,Ella_10207,Intern,3402
10208,Finn_10208,Intern,3403
10209,Alice_10209,Intern,3403
10210,Bob_10210,Intern,3403
10211,Carol_10211,Intern,3404
10212,Dave_10212,Intern,3404
10213,Eve_10213,Intern,3404
10214,Frank_10214,Intern,3405
10215,Grace_10215,Intern,3405
10216,Hank_10216,Intern,3405
10217,Iris_10217,Intern,3406
10218,Jack_10218,Intern,3406
10219,Karen_10219,Intern,3406
10220,Leo_10220,Intern,3407
10221,Maya_10221,Intern,3407
10222,Nate_10222,Intern,3407
10223,Olivia_10223,Intern,3408
10224,Paul_10224,Intern,3408
10225,Quinn_10225,Intern,3408
10226,Rose_10226,Intern,3409
10227,Sam_10227,Intern,3409
10228,Tina_10228,Intern,3409
10229,Uma_10229,Intern,3410
10230,Victor_10230,Intern,3410
10231,Wendy_10231,Intern,3410
10232,Xander_10232,Intern,3411
10233,Yara_10233,Intern,3411
10234,Zack_10234,Intern,3411
10235,Ava_10235,Intern,3412
10236,Ben_10236,Intern,3412
10237,Chloe_10237,Intern,3412
10238,Dylan_10238,Intern,3413
10239,Ella_10239,Intern,3413
10240,Finn_10240,Intern,3413
10241,Alice_10241,Intern,3414
10242,Bob_10242,Intern,3414
10243,Carol_10243,Intern,3414
10244,Dave_10244,Intern,3415
10245,Eve_10245,Intern,3415
10246,Frank_10246,Intern,3415
10247,Grace_10247,Intern,3416
10248,Hank_10248,Intern,3416
10249,Iris_10249,Intern,3416
10250,Jack_10250,Intern,3417
10251,Karen_10251,Intern,3417
10252,Leo_10252,Intern,3417
10253,Maya_10253,Intern,3418
10254,Nate_10254,Intern,3418
10255,Olivia_10255,Intern,3418
10256,Paul_10256,Intern,3419
10257,Quinn_10257,Intern,3419
10258,Rose_10258,Intern,3419
10259,Sam_10259,Intern,3420
10260,Tina_10260,Intern,3420
10261,Uma_10261,Intern,3420
10262,Victor_10262,Intern,3421
10263,Wendy_10263,Intern,3421
10264,Xander_10264,Intern,3421
10265,Yara_10265,Intern,3422
10266,Zack_10266,Intern,3422
10267,Ava_10267,Intern,3422
10268,Ben_10268,Intern,3423
10269,Chloe_10269,Intern,3423
10270,Dylan_10270,Intern,3423
10271,Ella_10271,Intern,3424
10272,Finn_10272,Intern,3424
10273,Alice_10273,Intern,3424
10274,Bob_10274,Intern,3425
10275,Carol_10275,Intern,3425
10276,Dave_10276,Intern,3425
10277,Eve_10277,Intern,3426
10278,Frank_10278,Intern,3426
10279,Grace_10279,Intern,3426
10280,Hank_10280,Intern,3427
10281,Iris_10281,Intern,3427
10282,Jack_10282,Intern,3427
10283,Karen_10283,Intern,3428
10284,Leo_10284,Intern,3428
10285,Maya_10285,Intern,3428
10286,Nate_10286,Intern,3429
10287,Olivia_10287,Intern,3429
10288,Paul_10288,Intern,3429
10289,Quinn_10289,Intern,3430
10290,Rose_10290,Intern,3430
10291,Sam_10291,Intern,3430
10292,Tina_10292,Intern,3431
10293,Uma_10293,Intern,3431
10294,Victor_10294,Intern,3431
10295,Wendy_10295,Intern,3432
10296,Xander_10296,Intern,3432
10297,Yara_10297,Intern,3432
10298,Zack_10298,Intern,3433
10299,Ava_10299,Intern,3433
10300,Ben_10300,Intern,3433
10301,Chloe_10301,Intern,3434
10302,Dylan_10302,Intern,3434
10303,Ella_10303,Intern,3434
10304,Finn_10304,Intern,3435
10305,Alice_10305,Intern,3435
10306,Bob_10306,Intern,3435
10307,Carol_10307,Intern,3436
10308,Dave_10308,Intern,3436
10309,Eve_10309,Intern,3436
10310,Frank_10310,Intern,3437
10311,Grace_10311,Intern,3437
10312,Hank_10312,Intern,3437
10313,Iris_10313,Intern,3438
10314,Jack_10314,Intern,3438
10315,Karen_10315,Intern,3438
10316,Leo_10316,Intern,3439
10317,Maya_10317,Intern,3439
10318,Nate_10318,Intern,3439
10319,Olivia_10319,Intern,3440
10320,Paul_10320,Intern,3440
10321,Quinn_10321,Intern,3440
10322,Rose_10322,Intern,3441
10323,Sam_10323,Intern,3441
10324,Tina_10324,Intern,3441
10325,Uma_10325,Intern,3442
10326,Victor_10326,Intern,3442
10327,Wendy_10327,Intern,3442
10328,Xander_10328,Intern,3443
10329,Yara_10329,Intern,3443
10330,Zack_10330,Intern,3443
10331,Ava_10331,Intern,3444
10332,Ben_10332,Intern,3444
10333,Chloe_10333,Intern,3444
10334,Dylan_10334,Intern,3445
10335,Ella_10335,Intern,3445
10336,Finn_10336,Intern,3445
10337,Alice_10337,Intern,3446
10338,Bob_10338,Intern,3446
10339,Carol_10339,Intern,3446
10340,Dave_10340,Intern,3447
10341,Eve_10341,Intern,3447
10342,Frank_10342,Intern,3447
10343,Grace_10343,Intern,3448
10344,Hank_10344,Intern,3448
10345,Iris_10345,Intern,3448
10346,Jack_10346,Intern,3449
10347,Karen_10347,Intern,3449
10348,Leo_10348,Intern,3449
10349,Maya_10349,Intern,3450
10350,Nate_10350,Intern,3450
10351,Olivia_10351,Intern,3450
10352,Paul_10352,Intern,3451
10353,Quinn_10353,Intern,3451
10354,Rose_10354,Intern,3451
10355,Sam_10355,Intern,3452
10356,Tina_10356,Intern,3452
10357,Uma_10357,Intern,3452
10358,Victor_10358,Intern,3453
10359,Wendy_10359,Intern,3453
10360,Xander_10360,Intern,3453
10361,Yara_10361,Intern,3454
10362,Zack_10362,Intern,3454
10363,Ava_10363,Intern,3454
10364,Ben_10364,Intern,3455
10365,Chloe_10365,Intern,3455
10366,Dylan_10366,Intern,3455
10367,Ella_10367,Intern,3456
10368,Finn_10368,Intern,3456
10369,Alice_10369,Intern,3456
10370,Bob_10370,Intern,3457
10371,Carol_10371,Intern,3457
10372,Dave_10372,Intern,3457
10373,Eve_10373,Intern,3458
10374,Frank_10374,Intern,3458
10375,Grace_10375,Intern,3458
10376,Hank_10376,Intern,3459
10377,Iris_10377,Intern,3459
10378,Jack_10378,Intern,3459
10379,Karen_10379,Intern,3460
10380,Leo_10380,Intern,3460
10381,Maya_10381,Intern,3460
10382,Nate_10382,Intern,3461
10383,Olivia_10383,Intern,3461
10384,Paul_10384,Intern,3461
10385,Quinn_10385,Intern,3462
10386,Rose_10386,Intern,3462
10387,Sam_10387,Intern,3462
10388,Tina_10388,Intern,3463
10389,Uma_10389,Intern,3463
10390,Victor_10390,Intern,3463
10391,Wendy_10391,Intern,3464
10392,Xander_10392,Intern,3464
10393,Yara_10393,Intern,3464
10394,Zack_10394,Intern,3465
10395,Ava_10395,Intern,3465
10396,Ben_10396,Intern,3465
10397,Chloe_10397,Intern,3466
10398,Dylan_10398,Intern,3466
10399,Ella_10399,Intern,3466
10400,Finn_10400,Intern,3467
10401,Alice_10401,Intern,3467
10402,Bob_10402,Intern,3467
10403,Carol_10403,Intern,3468
10404,Dave_10404,Intern,3468
10405,Eve_10405,Intern,3468
10406,Frank_10406,Intern,3469
10407,Grace_10407,Intern,3469
10408,Hank_10408,Intern,3469
10409,Iris_10409,Intern,3470
10410,Jack_10410,Intern,3470
10411,Karen_10411,Intern,3470
10412,Leo_10412,Intern,3471
10413,Maya_10413,Intern,3471
10414,Nate_10414,Intern,3471
10415,Olivia_10415,Intern,3472
10416,Paul_10416,Intern,3472
10417,Quinn_10417,Intern,3472
10418,Rose_10418,Intern,3473
10419,Sam_10419,Intern,3473
10420,Tina_10420,Intern,3473
10421,Uma_10421,Intern,3474
10422,Victor_10422,Intern,3474
10423,Wendy_10423,Intern,3474
10424,Xander_10424,Intern,3475
10425,Yara_10425,Intern,3475
10426,Zack_10426,Intern,3475
10427,Ava_10427,Intern,3476
10428,Ben_10428,Intern,3476
10429,Chloe_10429,Intern,3476
10430,Dylan_10430,Intern,3477
10431,Ella_10431,Intern,3477
10432,Finn_10432,Intern,3477
10433,Alice_10433,Intern,3478
10434,Bob_10434,Intern,3478
10435,Carol_10435,Intern,3478
10436,Dave_10436,Intern,3479
10437,Eve_10437,Intern,3479
10438,Frank_10438,Intern,3479
10439,Grace_10439,Intern,3480
10440,Hank_10440,Intern,3480
10441,Iris_10441,Intern,3480
10442,Jack_10442,Intern,3481
10443,Karen_10443,Intern,3481
10444,Leo_10444,Intern,3481
10445,Maya_10445,Intern,3482
10446,Nate_10446,Intern,3482
10447,Olivia_10447,Intern,3482
10448,Paul_10448,Intern,3483
10449,Quinn_10449,Intern,3483
10450,Rose_10450,Intern,3483
10451,Sam_10451,Intern,3484
10452,Tina_10452,Intern,3484
10453,Uma_10453,Intern,3484
10454,Victor_10454,Intern,3485
10455,Wendy_10455,Intern,3485
10456,Xander_10456,Intern,3485
10457,Yara_10457,Intern,3486
10458,Zack_10458,Intern,3486
10459,Ava_10459,Intern,3486
10460,Ben_10460,Intern,3487
10461,Chloe_10461,Intern,3487
10462,Dylan_10462,Intern,3487
10463,Ella_10463,Intern,3488
10464,Finn_10464,Intern,3488
10465,Alice_10465,Intern,3488
10466,Bob_10466,Intern,3489
10467,Carol_10467,Intern,3489
10468,Dave_10468,Intern,3489
10469,Eve_10469,Intern,3490
10470,Frank_10470,Intern,3490
10471,Grace_10471,Intern,3490
10472,Hank_10472,Intern,3491
10473,Iris_10473,Intern,3491
10474,Jack_10474,Intern,3491
10475,Karen_10475,Intern,3492
10476,Leo_10476,Intern,3492
10477,Maya_10477,Intern,3492
10478,Nate_10478,Intern,3493
10479,Olivia_10479,Intern,3493
10480,Paul_10480,Intern,3493
10481,Quinn_10481,Intern,3494
10482,Rose_10482,Intern,3494
10483,Sam_10483,Intern,3494
10484,Tina_10484,Intern,3495
10485,Uma_10485,Intern,3495
10486,Victor_10486,Intern,3495
10487,Wendy_10487,Intern,3496
10488,Xander_10488,Intern,3496
10489,Yara_10489,Intern,3496
10490,Zack_10490,Intern,3497
10491,Ava_10491,Intern,3497
10492,Ben_10492,Intern,3497
10493,Chloe_10493,Intern,3498
10494,Dylan_10494,Intern,3498
10495,Ella_10495,Intern,3498
10496,Finn_10496,Intern,3499
10497,Alice_10497,Intern,3499
10498,Bob_10498,Intern,3499
10499,Carol_10499,Intern,3500
10500,Dave_10500,Intern,3500
10501,Eve_10501,Intern,3500
10502,Frank_10502,Intern,3501
10503,Grace_10503,Intern,3501
10504,Hank_10504,Intern,3501
10505,Iris_10505,Intern,3502
10506,Jack_10506,Intern,3502
10507,Karen_10507,Intern,3502
10508,Leo_10508,Intern,3503
10509,Maya_10509,Intern,3503
10510,Nate_10510,Intern,3503
10511,Olivia_10511,Intern,3504
10512,Paul_10512,Intern,3504
10513,Quinn_10513,Intern,3504
10514,Rose_10514,Intern,3505
10515,Sam_10515,Intern,3505
10516,Tina_10516,Intern,3505
10517,Uma_10517,Intern,3506
10518,Victor_10518,Intern,3506
10519,Wendy_10519,Intern,3506
10520,Xander_10520,Intern,3507
10521,Yara_10521,Intern,3507
10522,Zack_10522,Intern,3507
10523,Ava_10523,Intern,3508
10524,Ben_10524,Intern,3508
10525,Chloe_10525,Intern,3508
10526,Dylan_10526,Intern,3509
10527,Ella_10527,Intern,3509
10528,Finn_10528,Intern,3509
10529,Alice_10529,Intern,3510
10530,Bob_10530,Intern,3510
10531,Carol_10531,Intern,3510
10532,Dave_10532,Intern,3511
10533,Eve_10533,Intern,3511
10534,Frank_10534,Intern,3511
10535,Grace_10535,Intern,3512
10536,Hank_10536,Intern,3512
10537,Iris_10537,Intern,3512
10538,Jack_10538,Intern,3513
10539,Karen_10539,Intern,3513
10540,Leo_10540,Intern,3513
10541,Maya_10541,Intern,3514
10542,Nate_10542,Intern,3514
10543,Olivia_10543,Intern,3514
10544,Paul_10544,Intern,3515
10545,Quinn_10545,Intern,3515
10546,Rose_10546,Intern,3515
10547,Sam_10547,Intern,3516
10548,Tina_10548,Intern,3516
10549,Uma_10549,Intern,3516
10550,Victor_10550,Intern,3517
10551,Wendy_10551,Intern,3517
10552,Xander_10552,Intern,3517
10553,Yara_10553,Intern,3518
10554,Zack_10554,Intern,3518
10555,Ava_10555,Intern,3518
10556,Ben_10556,Intern,3519
10557,Chloe_10557,Intern,3519
10558,Dylan_10558,Intern,3519
10559,Ella_10559,Intern,3520
10560,Finn_10560,Intern,3520
10561,Alice_10561,Intern,3520
10562,Bob_10562,Intern,3521
10563,Carol_10563,Intern,3521
10564,Dave_10564,Intern,3521
10565,Eve_10565,Intern,3522
10566,Frank_10566,Intern,3522
10567,Grace_10567,Intern,3522
10568,Hank_10568,Intern,3523
10569,Iris_10569,Intern,3523
10570,Jack_10570,Intern,3523
10571,Karen_10571,Intern,3524
10572,Leo_10572,Intern,3524
10573,Maya_10573,Intern,3524
10574,Nate_10574,Intern,3525
10575,Olivia_10575,Intern,3525
10576,Paul_10576,Intern,3525
10577,Quinn_10577,Intern,3526
10578,Rose_10578,Intern,3526
10579,Sam_10579,Intern,3526
10580,Tina_10580,Intern,3527
10581,Uma_10581,Intern,3527
10582,Victor_10582,Intern,3527
10583,Wendy_10583,Intern,3528
10584,Xander_10584,Intern,3528
10585,Yara_10585,Intern,3528
10586,Zack_10586,Intern,3529
10587,Ava_10587,Intern,3529
10588,Ben_10588,Intern,3529
10589,Chloe_10589,Intern,3530
10590,Dylan_10590,Intern,3530
10591,Ella_10591,Intern,3530
10592,Finn_10592,Intern,3531
10593,Alice_10593,Intern,3531
10594,Bob_10594,Intern,3531
10595,Carol_10595,Intern,3532
10596,Dave_10596,Intern,3532
10597,Eve_10597,Intern,3532
10598,Frank_10598,Intern,3533
10599,Grace_10599,Intern,3533
10600,Hank_10600,Intern,3533
10601,Iris_10601,Intern,3534
10602,Jack_10602,Intern,3534
10603,Karen_10603,Intern,3534
10604,Leo_10604,Intern,3535
10605,Maya_10605,Intern,3535
10606,Nate_10606,Intern,3535
10607,Olivia_10607,Intern,3536
10608,Paul_10608,Intern,3536
10609,Quinn_10609,Intern,3536
10610,Rose_10610,Intern,3537
10611,Sam_10611,Intern,3537
10612,Tina_10612,Intern,3537
10613,Uma_10613,Intern,3538
10614,Victor_10614,Intern,3538
10615,Wendy_10615,Intern,3538
10616,Xander_10616,Intern,3539
10617,Yara_10617,Intern,3539
10618,Zack_10618,Intern,3539
10619,Ava_10619,Intern,3540
10620,Ben_10620,Intern,3540
10621,Chloe_10621,Intern,3540
10622,Dylan_10622,Intern,3541
10623,Ella_10623,Intern,3541
10624,Finn_10624,Intern,3541
10625,Alice_10625,Intern,3542
10626,Bob_10626,Intern,3542
10627,Carol_10627,Intern,3542
10628,Dave_10628,Intern,3543
10629,Eve_10629,Intern,3543
10630,Frank_10630,Intern,3543
10631,Grace_10631,Intern,3544
10632,Hank_10632,Intern,3544
10633,Iris_10633,Intern,3544
10634,Jack_10634,Intern,3545
10635,Karen_10635,Intern,3545
10636,Leo_10636,Intern,3545
10637,Maya_10637,Intern,3546
10638,Nate_10638,Intern,3546
10639,Olivia_10639,Intern,3546
10640,Paul_10640,Intern,3547
10641,Quinn_10641,Intern,3547
10642,Rose_10642,Intern,3547
10643,Sam_10643,Intern,3548
10644,Tina_10644,Intern,3548
10645,Uma_10645,Intern,3548
10646,Victor_10646,Intern,3549
10647,Wendy_10647,Intern,3549
10648,Xander_10648,Intern,3549
10649,Yara_10649,Intern,3550
10650,Zack_10650,Intern,3550
10651,Ava_10651,Intern,3550
10652,Ben_10652,Intern,3551
10653,Chloe_10653,Intern,3551
10654,Dylan_10654,Intern,3551
10655,Ella_10655,Intern,3552
10656,Finn_10656,Intern,3552
10657,Alice_10657,Intern,3552
10658,Bob_10658,Intern,3553
10659,Carol_10659,Intern,3553
10660,Dave_10660,Intern,3553
10661,Eve_10661,Intern,3554
10662,Frank_10662,Intern,3554
10663,Grace_10663,Intern,3554
10664,Hank_10664,Intern,3555
10665,Iris_10665,Intern,3555
10666,Jack_10666,Intern,3555
10667,Karen_10667,Intern,3556
10668,Leo_10668,Intern,3556
10669,Maya_10669,Intern,3556
10670,Nate_10670,Intern,3557
10671,Olivia_10671,Intern,3557
10672,Paul_10672,Intern,3557
10673,Quinn_10673,Intern,3558
10674,Rose_10674,Intern,3558
10675,Sam_10675,Intern,3558
10676,Tina_10676,Intern,3559
10677,Uma_10677,Intern,3559
10678,Victor_10678,Intern,3559
10679,Wendy_10679,Intern,3560
10680,Xander_10680,Intern,3560
10681,Yara_10681,Intern,3560
10682,Zack_10682,Intern,3561
10683,Ava_10683,Intern,3561
10684,Ben_10684,Intern,3561
10685,Chloe_10685,Intern,3562
10686,Dylan_10686,Intern,3562
10687,Ella_10687,Intern,3562
10688,Finn_10688,Intern,3563
10689,Alice_10689,Intern,3563
10690,Bob_10690,Intern,3563
10691,Carol_10691,Intern,3564
10692,Dave_10692,Intern,3564
10693,Eve_10693,Intern,3564
10694,Frank_10694,Intern,3565
10695,Grace_10695,Intern,3565
10696,Hank_10696,Intern,3565
10697,Iris_10697,Intern,3566
10698,Jack_10698,Intern,3566
10699,Karen_10699,Intern,3566
10700,Leo_10700,Intern,3567
10701,Maya_10701,Intern,3567
10702,Nate_10702,Intern,3567
10703,Olivia_10703,Intern,3568
10704,Paul_10704,Intern,3568
10705,Quinn_10705,Intern,3568
10706,Rose_10706,Intern,3569
10707,Sam_10707,Intern,3569
10708,Tina_10708,Intern,3569
10709,Uma_10709,Intern,3570
10710,Victor_10710,Intern,3570
10711,Wendy_10711,Intern,3570
10712,Xander_10712,Intern,3571
10713,Yara_10713,Intern,3571
10714,Zack_10714,Intern,3571
10715,Ava_10715,Intern,3572
10716,Ben_10716,Intern,3572
10717,Chloe_10717,Intern,3572
10718,Dylan_10718,Intern,3573
10719,Ella_10719,Intern,3573
10720,Finn_10720,Intern,3573
10721,Alice_10721,Intern,3574
10722,Bob_10722,Intern,3574
10723,Carol_10723,Intern,3574
10724,Dave_10724,Intern,3575
10725,Eve_10725,Intern,3575
10726,Frank_10726,Intern,3575
10727,Grace_10727,Intern,3576
10728,Hank_10728,Intern,3576
10729,Iris_10729,Intern,3576
10730,Jack_10730,Intern,3577
10731,Karen_10731,Intern,3577
10732,Leo_10732,Intern,3577
10733,Maya_10733,Intern,3578
10734,Nate_10734,Intern,3578
10735,Olivia_10735,Intern,3578
10736,Paul_10736,Intern,3579
10737,Quinn_10737,Intern,3579
10738,Rose_10738,Intern,3579
10739,Sam_10739,Intern,3580
10740,Tina_10740,Intern,3580
10741,Uma_10741,Intern,3580
10742,Victor_10742,Intern,3581
10743,Wendy_10743,Intern,3581
10744,Xander_10744,Intern,3581
10745,Yara_10745,Intern,3582
10746,Zack_10746,Intern,3582
10747,Ava_10747,Intern,3582
10748,Ben_10748,Intern,3583
10749,Chloe_10749,Intern,3583
10750,Dylan_10750,Intern,3583
10751,Ella_10751,Intern,3584
10752,Finn_10752,Intern,3584
10753,Alice_10753,Intern,3584
10754,Bob_10754,Intern,3585
10755,Carol_10755,Intern,3585
10756,Dave_10756,Intern,3585
10757,Eve_10757,Intern,3586
10758,Frank_10758,Intern,3586
10759,Grace_10759,Intern,3586
10760,Hank_10760,Intern,3587
10761,Iris_10761,Intern,3587
10762,Jack_10762,Intern,3587
10763,Karen_10763,Intern,3588
10764,Leo_10764,Intern,3588
10765,Maya_10765,Intern,3588
10766,Nate_10766,Intern,3589
10767,Olivia_10767,Intern,3589
10768,Paul_10768,Intern,3589
10769,Quinn_10769,Intern,3590
10770,Rose_10770,Intern,3590
10771,Sam_10771,Intern,3590
10772,Tina_10772,Intern,3591
10773,Uma_10773,Intern,3591
10774,Victor_10774,Intern,3591
10775,Wendy_10775,Intern,3592
10776,Xander_10776,Intern,3592
10777,Yara_10777,Intern,3592
10778,Zack_10778,Intern,3593
10779,Ava_10779,Intern,3593
10780,Ben_10780,Intern,3593
10781,Chloe_10781,Intern,3594
10782,Dylan_10782,Intern,3594
10783,Ella_10783,Intern,3594
10784,Finn_10784,Intern,3595
10785,Alice_10785,Intern,3595
10786,Bob_10786,Intern,3595
10787,Carol_10787,Intern,3596
10788,Dave_10788,Intern,3596
10789,Eve_10789,Intern,3596
10790,Frank_10790,Intern,3597
10791,Grace_10791,Intern,3597
10792,Hank_10792,Intern,3597
10793,Iris_10793,Intern,3598
10794,Jack_10794,Intern,3598
10795,Karen_10795,Intern,3598
10796,Leo_10796,Intern,3599
10797,Maya_10797,Intern,3599
10798,Nate_10798,Intern,3599
10799,Olivia_10799,Intern,3600
10800,Paul_10800,Intern,3600
10801,Quinn_10801,Intern,3600
10802,Rose_10802,Intern,3601
10803,Sam_10803,Intern,3601
10804,Tina_10804,Intern,3601
10805,Uma_10805,Intern,3602
10806,Victor_10806,Intern,3602
10807,Wendy_10807,Intern,3602
10808,Xander_10808,Intern,3603
10809,Yara_10809,Intern,3603
10810,Zack_10810,Intern,3603
10811,Ava_10811,Intern,3604
10812,Ben_10812,Intern,3604
10813,Chloe_10813,Intern,3604
10814,Dylan_10814,Intern,3605
10815,Ella_10815,Intern,3605
10816,Finn_10816,Intern,3605
10817,Alice_10817,Intern,3606
10818,Bob_10818,Intern,3606
10819,Carol_10819,Intern,3606
10820,Dave_10820,Intern,3607
10821,Eve_10821,Intern,3607
10822,Frank_10822,Intern,3607
10823,Grace_10823,Intern,3608
10824,Hank_10824,Intern,3608
10825,Iris_10825,Intern,3608
10826,Jack_10826,Intern,3609
10827,Karen_10827,Intern,3609
10828,Leo_10828,Intern,3609
10829,Maya_10829,Intern,3610
10830,Nate_10830,Intern,3610
10831,Olivia_10831,Intern,3610
10832,Paul_10832,Intern,3611
10833,Quinn_10833,Intern,3611
10834,Rose_10834,Intern,3611
10835,Sam_10835,Intern,3612
10836,Tina_10836,Intern,3612
10837,Uma_10837,Intern,3612
10838,Victor_10838,Intern,3613
10839,Wendy_10839,Intern,3613
10840,Xander_10840,Intern,3613
10841,Yara_10841,Intern,3614
10842,Zack_10842,Intern,3614
10843,Ava_10843,Intern,3614
10844,Ben_10844,Intern,3615
10845,Chloe_10845,Intern,3615
10846,Dylan_10846,Intern,3615
10847,Ella_10847,Intern,3616
10848,Finn_10848,Intern,3616
10849,Alice_10849,Intern,3616
10850,Bob_10850,Intern,3617
10851,Carol_10851,Intern,3617
10852,Dave_10852,Intern,3617
10853,Eve_10853,Intern,3618
10854,Frank_10854,Intern,3618
10855,Grace_10855,Intern,3618
10856,Hank_10856,Intern,3619
10857,Iris_10857,Intern,3619
10858,Jack_10858,Intern,3619
10859,Karen_10859,Intern,3620
10860,Leo_10860,Intern,3620
10861,Maya_10861,Intern,3620
10862,Nate_10862,Intern,3621
10863,Olivia_10863,Intern,3621
10864,Paul_10864,Intern,3621
10865,Quinn_10865,Intern,3622
10866,Rose_10866,Intern,3622
10867,Sam_10867,Intern,3622
10868,Tina_10868,Intern,3623
10869,Uma_10869,Intern,3623
10870,Victor_10870,Intern,3623
10871,Wendy_10871,Intern,3624
10872,Xander_10872,Intern,3624
10873,Yara_10873,Intern,3624
10874,Zack_10874,Intern,3625
10875,Ava_10875,Intern,3625
10876,Ben_10876,Intern,3625
10877,Chloe_10877,Intern,3626
10878,Dylan_10878,Intern,3626
10879,Ella_10879,Intern,3626
10880,Finn_10880,Intern,3627
10881,Alice_10881,Intern,3627
10882,Bob_10882,Intern,3627
10883,Carol_10883,Intern,3628
10884,Dave_10884,Intern,3628
10885,Eve_10885,Intern,3628
10886,Frank_10886,Intern,3629
10887,Grace_10887,Intern,3629
10888,Hank_10888,Intern,3629
10889,Iris_10889,Intern,3630
10890,Jack_10890,Intern,3630
10891,Karen_10891,Intern,3630
10892,Leo_10892,Intern,3631
10893,Maya_10893,Intern,3631
10894,Nate_10894,Intern,3631
10895,Olivia_10895,Intern,3632
10896,Paul_10896,Intern,3632
10897,Quinn_10897,Intern,3632
10898,Rose_10898,Intern,3633
10899,Sam_10899,Intern,3633
10900,Tina_10900,Intern,3633
10901,Uma_10901,Intern,3634
10902,Victor_10902,Intern,3634
10903,Wendy_10903,Intern,3634
10904,Xander_10904,Intern,3635
10905,Yara_10905,Intern,3635
10906,Zack_10906,Intern,3635
10907,Ava_10907,Intern,3636
10908,Ben_10908,Intern,3636
10909,Chloe_10909,Intern,3636
10910,Dylan_10910,Intern,3637
10911,Ella_10911,Intern,3637
10912,Finn_10912,Intern,3637
10913,Alice_10913,Intern,3638
10914,Bob_10914,Intern,3638
10915,Carol_10915,Intern,3638
10916,Dave_10916,Intern,3639
10917,Eve_10917,Intern,3639
10918,Frank_10918,Intern,3639
10919,Grace_10919,Intern,3640
10920,Hank_10920,Intern,3640
10921,Iris_10921,Intern,3640
10922,Jack_10922,Intern,3641
10923,Karen_10923,Intern,3641
10924,Leo_10924,Intern,3641
10925,Maya_10925,Intern,3642
10926,Nate_10926,Intern,3642
10927,Olivia_10927,Intern,3642
10928,Paul_10928,Intern,3643
10929,Quinn_10929,Intern,3643
10930,Rose_10930,Intern,3643
10931,Sam_10931,Intern,3644
10932,Tina_10932,Intern,3644
10933,Uma_10933,Intern,3644
10934,Victor_10934,Intern,3645
10935,Wendy_10935,Intern,3645
10936,Xander_10936,Intern,3645
10937,Yara_10937,Intern,3646
10938,Zack_10938,Intern,3646
10939,Ava_10939,Intern,3646
10940,Ben_10940,Intern,3647
10941,Chloe_10941,Intern,3647
10942,Dylan_10942,Intern,3647
10943,Ella_10943,Intern,3648
10944,Finn_10944,Intern,3648
10945,Alice_10945,Intern,3648
10946,Bob_10946,Intern,3649
10947,Carol_10947,Intern,3649
10948,Dave_10948,Intern,3649
10949,Eve_10949,Intern,3650
10950,Frank_10950,Intern,3650
10951,Grace_10951,Intern,3650
10952,Hank_10952,Intern,3651
10953,Iris_10953,Intern,3651
10954,Jack_10954,Intern,3651
10955,Karen_10955,Intern,3652
10956,Leo_10956,Intern,3652
10957,Maya_10957,Intern,3652
10958,Nate_10958,Intern,3653
10959,Olivia_10959,Intern,3653
10960,Paul_10960,Intern,3653
10961,Quinn_10961,Intern,3654
10962,Rose_10962,Intern,3654
10963,Sam_10963,Intern,3654
10964,Tina_10964,Intern,3655
10965,Uma_10965,Intern,3655
10966,Victor_10966,Intern,3655
10967,Wendy_10967,Intern,3656
10968,Xander_10968,Intern,3656
10969,Yara_10969,Intern,3656
10970,Zack_10970,Intern,3657
10971,Ava_10971,Intern,3657
10972,Ben_10972,Intern,3657
10973,Chloe_10973,Intern,3658
10974,Dylan_10974,Intern,3658
10975,Ella_10975,Intern,3658
10976,Finn_10976,Intern,3659
10977,Alice_10977,Intern,3659
10978,Bob_10978,Intern,3659
10979,Carol_10979,Intern,3660
10980,Dave_10980,Intern,3660
10981,Eve_10981,Intern,3660
10982,Frank_10982,Intern,3661
10983,Grace_10983,Intern,3661
10984,Hank_10984,Intern,3661
10985,Iris_10985,Intern,3662
10986,Jack_10986,Intern,3662
10987,Karen_10987,Intern,3662
10988,Leo_10988,Intern,3663
10989,Maya_10989,Intern,3663
10990,Nate_10990,Intern,3663
10991,Olivia_10991,Intern,3664
10992,Paul_10992,Intern,3664
10993,Quinn_10993,Intern,3664
10994,Rose_10994,Intern,3665
10995,Sam_10995,Intern,3665
10996,Tina_10996,Intern,3665
10997,Uma_10997,Intern,3666
10998,Victor_10998,Intern,3666
10999,Wendy_10999,Intern,3666
11000,Xander_11000,Intern,3667
11001,Yara_11001,Intern,3667
11002,Zack_11002,Intern,3667
11003,Ava_11003,Intern,3668
11004,Ben_11004,Intern,3668
11005,Chloe_11005,Intern,3668
11006,Dylan_11006,Intern,3669
11007,Ella_11007,Intern,3669
11008,Finn_11008,Intern,3669
11009,Alice_11009,Intern,3670
11010,Bob_11010,Intern,3670
11011,Carol_11011,Intern,3670
11012,Dave_11012,Intern,3671
11013,Eve_11013,Intern,3671
11014,Frank_11014,Intern,3671
11015,Grace_11015,Intern,3672
11016,Hank_11016,Intern,3672
11017,Iris_11017,Intern,3672
11018,Jack_11018,Intern,3673
11019,Karen_11019,Intern,3673
11020,Leo_11020,Intern,3673
11021,Maya_11021,Intern,3674
11022,Nate_11022,Intern,3674
11023,Olivia_11023,Intern,3674
11024,Paul_11024,Intern,3675
11025,Quinn_11025,Intern,3675
11026,Rose_11026,Intern,3675
11027,Sam_11027,Intern,3676
11028,Tina_11028,Intern,3676
11029,Uma_11029,Intern,3676
11030,Victor_11030,Intern,3677
11031,Wendy_11031,Intern,3677
11032,Xander_11032,Intern,3677
11033,Yara_11033,Intern,3678
11034,Zack_11034,Intern,3678
11035,Ava_11035,Intern,3678
11036,Ben_11036,Intern,3679
11037,Chloe_11037,Intern,3679
11038,Dylan_11038,Intern,3679
11039,Ella_11039,Intern,3680
11040,Finn_11040,Intern,3680
11041,Alice_11041,Intern,3680
11042,Bob_11042,Intern,3681
11043,Carol_11043,Intern,3681
11044,Dave_11044,Intern,3681
11045,Eve_11045,Intern,3682
11046,Frank_11046,Intern,3682
11047,Grace_11047,Intern,3682
11048,Hank_11048,Intern,3683
11049,Iris_11049,Intern,3683
11050,Jack_11050,Intern,3683
11051,Karen_11051,Intern,3684
11052,Leo_11052,Intern,3684
11053,Maya_11053,Intern,3684
11054,Nate_11054,Intern,3685
11055,Olivia_11055,Intern,3685
11056,Paul_11056,Intern,3685
11057,Quinn_11057,Intern,3686
11058,Rose_11058,Intern,3686
11059,Sam_11059,Intern,3686
11060,Tina_11060,Intern,3687
11061,Uma_11061,Intern,3687
11062,Victor_11062,Intern,3687
11063,Wendy_11063,Intern,3688
11064,Xander_11064,Intern,3688
11065,Yara_11065,Intern,3688
11066,Zack_11066,Intern,3689
11067,Ava_11067,Intern,3689
11068,Ben_11068,Intern,3689
11069,Chloe_11069,Intern,3690
11070,Dylan_11070,Intern,3690
11071,Ella_11071,Intern,3690
11072,Finn_11072,Intern,3691
11073,Alice_11073,Intern,3691
11074,Bob_11074,Intern,3691
11075,Carol_11075,Intern,3692
11076,Dave_11076,Intern,3692
11077,Eve_11077,Intern,3692
11078,Frank_11078,Intern,3693
11079,Grace_11079,Intern,3693
11080,Hank_11080,Intern,3693
11081,Iris_11081,Intern,3694
11082,Jack_11082,Intern,3694
11083,Karen_11083,Intern,3694
11084,Leo_11084,Intern,3695
11085,Maya_11085,Intern,3695
11086,Nate_11086,Intern,3695
11087,Olivia_11087,Intern,3696
11088,Paul_11088,Intern,3696
11089,Quinn_11089,Intern,3696
11090,Rose_11090,Intern,3697
11091,Sam_11091,Intern,3697
11092,Tina_11092,Intern,3697
11093,Uma_11093,Intern,3698
11094,Victor_11094,Intern,3698
11095,Wendy_11095,Intern,3698
11096,Xander_11096,Intern,3699
11097,Yara_11097,Intern,3699
11098,Zack_11098,Intern,3699
11099,Ava_11099,Intern,3700
11100,Ben_11100,Intern,3700
11101,Chloe_11101,Intern,3700
11102,Dylan_11102,Intern,3701
11103,Ella_11103,Intern,3701
11104,Finn_11104,Intern,3701
11105,Alice_11105,Intern,3702
11106,Bob_11106,Intern,3702
11107,Carol_11107,Intern,3702
11108,Dave_11108,Intern,3703
11109,Eve_11109,Intern,3703
11110,Frank_11110,Intern,3703
11111,Grace_11111,Intern,3704
11112,Hank_11112,Intern,3704
11113,Iris_11113,Intern,3704
11114,Jack_11114,Intern,3705
11115,Karen_11115,Intern,3705
11116,Leo_11116,Intern,3705
11117,Maya_11117,Intern,3706
11118,Nate_11118,Intern,3706
11119,Olivia_11119,Intern,3706
11120,Paul_11120,Intern,3707
11121,Quinn_11121,Intern,3707
11122,Rose_11122,Intern,3707
11123,Sam_11123,Intern,3708
11124,Tina_11124,Intern,3708
11125,Uma_11125,Intern,3708
11126,Victor_11126,Intern,3709
11127,Wendy_11127,Intern,3709
11128,Xander_11128,Intern,3709
11129,Yara_11129,Intern,3710
11130,Zack_11130,Intern,3710
11131,Ava_11131,Intern,3710
11132,Ben_11132,Intern,3711
11133,Chloe_11133,Intern,3711
11134,Dylan_11134,Intern,3711
11135,Ella_11135,Intern,3712
11136,Finn_11136,Intern,3712
11137,Alice_11137,Intern,3712
11138,Bob_11138,Intern,3713
11139,Carol_11139,Intern,3713
11140,Dave_11140,Intern,3713
11141,Eve_11141,Intern,3714
11142,Frank_11142,Intern,3714
11143,Grace_11143,Intern,3714
11144,Hank_11144,Intern,3715
11145,Iris_11145,Intern,3715
11146,Jack_11146,Intern,3715
11147,Karen_11147,Intern,3716
11148,Leo_11148,Intern,3716
11149,Maya_11149,Intern,3716
11150,Nate_11150,Intern,3717
11151,Olivia_11151,Intern,3717
11152,Paul_11152,Intern,3717
11153,Quinn_11153,Intern,3718
11154,Rose_11154,Intern,3718
11155,Sam_11155,Intern,3718
11156,Tina_11156,Intern,3719
11157,Uma_11157,Intern,3719
11158,Victor_11158,Intern,3719
11159,Wendy_11159,Intern,3720
11160,Xander_11160,Intern,3720
11161,Yara_11161,Intern,3720
11162,Zack_11162,Intern,3721
11163,Ava_11163,Intern,3721
11164,Ben_11164,Intern,3721
11165,Chloe_11165,Intern,3722
11166,Dylan_11166,Intern,3722
11167,Ella_11167,Intern,3722
11168,Finn_11168,Intern,3723
11169,Alice_11169,Intern,3723
11170,Bob_11170,Intern,3723
11171,Carol_11171,Intern,3724
11172,Dave_11172,Intern,3724
11173,Eve_11173,Intern,3724
11174,Frank_11174,Intern,3725
11175,Grace_11175,Intern,3725
11176,Hank_11176,Intern,3725
11177,Iris_11177,Intern,3726
11178,Jack_11178,Intern,3726
11179,Karen_11179,Intern,3726
11180,Leo_11180,Intern,3727
11181,Maya_11181,Intern,3727
11182,Nate_11182,Intern,3727
11183,Olivia_11183,Intern,3728
11184,Paul_11184,Intern,3728
11185,Quinn_11185,Intern,3728
11186,Rose_11186,Intern,3729
11187,Sam_11187,Intern,3729
11188,Tina_11188,Intern,3729
11189,Uma_11189,Intern,3730
11190,Victor_11190,Intern,3730
11191,Wendy_11191,Intern,3730
11192,Xander_11192,Intern,3731
11193,Yara_11193,Intern,3731
11194,Zack_11194,Intern,3731
11195,Ava_11195,Intern,3732
11196,Ben_11196,Intern,3732
11197,Chloe_11197,Intern,3732
11198,Dylan_11198,Intern,3733
11199,Ella_11199,Intern,3733
11200,Finn_11200,Intern,3733
11201,Alice_11201,Intern,3734
11202,Bob_11202,Intern,3734
11203,Carol_11203,Intern,3734
11204,Dave_11204,Intern,3735
11205,Eve_11205,Intern,3735
11206,Frank_11206,Intern,3735
11207,Grace_11207,Intern,3736
11208,Hank_11208,Intern,3736
11209,Iris_11209,Intern,3736
11210,Jack_11210,Intern,3737
11211,Karen_11211,Intern,3737
11212,Leo_11212,Intern,3737
11213,Maya_11213,Intern,3738
11214,Nate_11214,Intern,3738
11215,Olivia_11215,Intern,3738
11216,Paul_11216,Intern,3739
11217,Quinn_11217,Intern,3739
11218,Rose_11218,Intern,3739
11219,Sam_11219,Intern,3740
11220,Tina_11220,Intern,3740
11221,Uma_11221,Intern,3740
11222,Victor_11222,Intern,3741
11223,Wendy_11223,Intern,3741
11224,Xander_11224,Intern,3741
11225,Yara_11225,Intern,3742
11226,Zack_11226,Intern,3742
11227,Ava_11227,Intern,3742
11228,Ben_11228,Intern,3743
11229,Chloe_11229,Intern,3743
11230,Dylan_11230,Intern,3743
11231,Ella_11231,Intern,3744
11232,Finn_11232,Intern,3744
11233,Alice_11233,Intern,3744
11234,Bob_11234,Intern,3745
11235,Carol_11235,Intern,3745
11236,Dave_11236,Intern,3745
11237,Eve_11237,Intern,3746
11238,Frank_11238,Intern,3746
11239,Grace_11239,Intern,3746
11240,Hank_11240,Intern,3747
11241,Iris_11241,Intern,3747
11242,Jack_11242,Intern,3747
11243,Karen_11243,Intern,3748
11244,Leo_11244,Intern,3748
11245,Maya_11245,Intern,3748
11246,Nate_11246,Intern,3749
11247,Olivia_11247,Intern,3749
11248,Paul_11248,Intern,3749
11249,Quinn_11249,Intern,3750
11250,Rose_11250,Intern,3750
11251,Sam_11251,Intern,3750
11252,Tina_11252,Intern,3751
11253,Uma_11253,Intern,3751
11254,Victor_11254,Intern,3751
11255,Wendy_11255,Intern,3752
11256,Xander_11256,Intern,3752
11257,Yara_11257,Intern,3752
11258,Zack_11258,Intern,3753
11259,Ava_11259,Intern,3753
11260,Ben_11260,Intern,3753
11261,Chloe_11261,Intern,3754
11262,Dylan_11262,Intern,3754
11263,Ella_11263,Intern,3754
11264,Finn_11264,Intern,3755
11265,Alice_11265,Intern,3755
11266,Bob_11266,Intern,3755
11267,Carol_11267,Intern,3756
11268,Dave_11268,Intern,3756
11269,Eve_11269,Intern,3756
11270,Frank_11270,Intern,3757
11271,Grace_11271,Intern,3757
11272,Hank_11272,Intern,3757
11273,Iris_11273,Intern,3758
11274,Jack_11274,Intern,3758
11275,Karen_11275,Intern,3758
11276,Leo_11276,Intern,3759
11277,Maya_11277,Intern,3759
11278,Nate_11278,Intern,3759
11279,Olivia_11279,Intern,3760
11280,Paul_11280,Intern,3760
11281,Quinn_11281,Intern,3760
11282,Rose_11282,Intern,3761
11283,Sam_11283,Intern,3761
11284,Tina_11284,Intern,3761
11285,Uma_11285,Intern,3762
11286,Victor_11286,Intern,3762
11287,Wendy_11287,Intern,3762
11288,Xander_11288,Intern,3763
11289,Yara_11289,Intern,3763
11290,Zack_11290,Intern,3763
11291,Ava_11291,Intern,3764
11292,Ben_11292,Intern,3764
11293,Chloe_11293,Intern,3764
11294,Dylan_11294,Intern,3765
11295,Ella_11295,Intern,3765
11296,Finn_11296,Intern,3765
11297,Alice_11297,Intern,3766
11298,Bob_11298,Intern,3766
11299,Carol_11299,Intern,3766
11300,Dave_11300,Intern,3767
11301,Eve_11301,Intern,3767
11302,Frank_11302,Intern,3767
11303,Grace_11303,Intern,3768
11304,Hank_11304,Intern,3768
11305,Iris_11305,Intern,3768
11306,Jack_11306,Intern,3769
11307,Karen_11307,Intern,3769
11308,Leo_11308,Intern,3769
11309,Maya_11309,Intern,3770
11310,Nate_11310,Intern,3770
11311,Olivia_11311,Intern,3770
11312,Paul_11312,Intern,3771
11313,Quinn_11313,Intern,3771
11314,Rose_11314,Intern,3771
11315,Sam_11315,Intern,3772
11316,Tina_11316,Intern,3772
11317,Uma_11317,Intern,3772
11318,Victor_11318,Intern,3773
11319,Wendy_11319,Intern,3773
11320,Xander_11320,Intern,3773
11321,Yara_11321,Intern,3774
11322,Zack_11322,Intern,3774
11323,Ava_11323,Intern,3774
11324,Ben_11324,Intern,3775
11325,Chloe_11325,Intern,3775
11326,Dylan_11326,Intern,3775
11327,Ella_11327,Intern,3776
11328,Finn_11328,Intern,3776
11329,Alice_11329,Intern,3776
11330,Bob_11330,Intern,3777
11331,Carol_11331,Intern,3777
11332,Dave_11332,Intern,3777
11333,Eve_11333,Intern,3778
11334,Frank_11334,Intern,3778
11335,Grace_11335,Intern,3778
11336,Hank_11336,Intern,3779
11337,Iris_11337,Intern,3779
11338,Jack_11338,Intern,3779
11339,Karen_11339,Intern,3780
11340,Leo_11340,Intern,3780
11341,Maya_11341,Intern,3780
11342,Nate_11342,Intern,3781
11343,Olivia_11343,Intern,3781
11344,Paul_11344,Intern,3781
11345,Quinn_11345,Intern,3782
11346,Rose_11346,Intern,3782
11347,Sam_11347,Intern,3782
11348,Tina_11348,Intern,3783
11349,Uma_11349,Intern,3783
11350,Victor_11350,Intern,3783
11351,Wendy_11351,Intern,3784
11352,Xander_11352,Intern,3784
11353,Yara_11353,Intern,3784
11354,Zack_11354,Intern,3785
11355,Ava_11355,Intern,3785
11356,Ben_11356,Intern,3785
11357,Chloe_11357,Intern,3786
11358,Dylan_11358,Intern,3786
11359,Ella_11359,Intern,3786
11360,Finn_11360,Intern,3787
11361,Alice_11361,Intern,3787
11362,Bob_11362,Intern,3787
11363,Carol_11363,Intern,3788
11364,Dave_11364,Intern,3788
11365,Eve_11365,Intern,3788
11366,Frank_11366,Intern,3789
11367,Grace_11367,Intern,3789
11368,Hank_11368,Intern,3789
11369,Iris_11369,Intern,3790
11370,Jack_11370,Intern,3790
11371,Karen_11371,Intern,3790
11372,Leo_11372,Intern,3791
11373,Maya_11373,Intern,3791
11374,Nate_11374,Intern,3791
11375,Olivia_11375,Intern,3792
11376,Paul_11376,Intern,3792
11377,Quinn_11377,Intern,3792
11378,Rose_11378,Intern,3793
11379,Sam_11379,Intern,3793
11380,Tina_11380,Intern,3793
11381,Uma_11381,Intern,3794
11382,Victor_11382,Intern,3794
11383,Wendy_11383,Intern,3794
11384,Xander_11384,Intern,3795
11385,Yara_11385,Intern,3795
11386,Zack_11386,Intern,3795
11387,Ava_11387,Intern,3796
11388,Ben_11388,Intern,3796
11389,Chloe_11389,Intern,3796
11390,Dylan_11390,Intern,3797
11391,Ella_11391,Intern,3797
11392,Finn_11392,Intern,3797
11393,Alice_11393,Intern,3798
11394,Bob_11394,Intern,3798
11395,Carol_11395,Intern,3798
11396,Dave_11396,Intern,3799
11397,Eve_11397,Intern,3799
11398,Frank_11398,Intern,3799
11399,Grace_11399,Intern,3800
11400,Hank_11400,Intern,3800
11401,Iris_11401,Intern,3800
11402,Jack_11402,Intern,3801
11403,Karen_11403,Intern,3801
11404,Leo_11404,Intern,3801
11405,Maya_11405,Intern,3802
11406,Nate_11406,Intern,3802
11407,Olivia_11407,Intern,3802
11408,Paul_11408,Intern,3803
11409,Quinn_11409,Intern,3803
11410,Rose_11410,Intern,3803
11411,Sam_11411,Intern,3804
11412,Tina_11412,Intern,3804
11413,Uma_11413,Intern,3804
11414,Victor_11414,Intern,3805
11415,Wendy_11415,Intern,3805
11416,Xander_11416,Intern,3805
11417,Yara_11417,Intern,3806
11418,Zack_11418,Intern,3806
11419,Ava_11419,Intern,3806
11420,Ben_11420,Intern,3807
11421,Chloe_11421,Intern,3807
11422,Dylan_11422,Intern,3807
11423,Ella_11423,Intern,3808
11424,Finn_11424,Intern,3808
11425,Alice_11425,Intern,3808
11426,Bob_11426,Intern,3809
11427,Carol_11427,Intern,3809
11428,Dave_11428,Intern,3809
11429,Eve_11429,Intern,3810
11430,Frank_11430,Intern,3810
11431,Grace_11431,Intern,3810
11432,Hank_11432,Intern,3811
11433,Iris_11433,Intern,3811
11434,Jack_11434,Intern,3811
11435,Karen_11435,Intern,3812
11436,Leo_11436,Intern,3812
11437,Maya_11437,Intern,3812
11438,Nate_11438,Intern,3813
11439,Olivia_11439,Intern,3813
11440,Paul_11440,Intern,3813
11441,Quinn_11441,Intern,3814
11442,Rose_11442,Intern,3814
11443,Sam_11443,Intern,3814
11444,Tina_11444,Intern,3815
11445,Uma_11445,Intern,3815
11446,Victor_11446,Intern,3815
11447,Wendy_11447,Intern,3816
11448,Xander_11448,Intern,3816
11449,Yara_11449,Intern,3816
11450,Zack_11450,Intern,3817
11451,Ava_11451,Intern,3817
11452,Ben_11452,Intern,3817
11453,Chloe_11453,Intern,3818
11454,Dylan_11454,Intern,3818
11455,Ella_11455,Intern,3818
11456,Finn_11456,Intern,3819
11457,Alice_11457,Intern,3819
11458,Bob_11458,Intern,3819
11459,Carol_11459,Intern,3820
11460,Dave_11460,Intern,3820
11461,Eve_11461,Intern,3820
11462,Frank_11462,Intern,3821
11463,Grace_11463,Intern,3821
11464,Hank_11464,Intern,3821
11465,Iris_11465,Intern,3822
11466,Jack_11466,Intern,3822
11467,Karen_11467,Intern,3822
11468,Leo_11468,Intern,3823
11469,Maya_11469,Intern,3823
11470,Nate_11470,Intern,3823
11471,Olivia_11471,Intern,3824
11472,Paul_11472,Intern,3824
11473,Quinn_11473,Intern,3824
11474,Rose_11474,Intern,3825
11475,Sam_11475,Intern,3825
11476,Tina_11476,Intern,3825
11477,Uma_11477,Intern,3826
11478,Victor_11478,Intern,3826
11479,Wendy_11479,Intern,3826
11480,Xander_11480,Intern,3827
11481,Yara_11481,Intern,3827
11482,Zack_11482,Intern,3827
11483,Ava_11483,Intern,3828
11484,Ben_11484,Intern,3828
11485,Chloe_11485,Intern,3828
11486,Dylan_11486,Intern,3829
11487,Ella_11487,Intern,3829
11488,Finn_11488,Intern,3829
11489,Alice_11489,Intern,3830
11490,Bob_11490,Intern,3830
11491,Carol_11491,Intern,3830
11492,Dave_11492,Intern,3831
11493,Eve_11493,Intern,3831
11494,Frank_11494,Intern,3831
11495,Grace_11495,Intern,3832
11496,Hank_11496,Intern,3832
11497,Iris_11497,Intern,3832
11498,Jack_11498,Intern,3833
11499,Karen_11499,Intern,3833
11500,Leo_11500,Intern,3833
11501,Maya_11501,Intern,3834
11502,Nate_11502,Intern,3834
11503,Olivia_11503,Intern,3834
11504,Paul_11504,Intern,3835
11505,Quinn_11505,Intern,3835
11506,Rose_11506,Intern,3835
11507,Sam_11507,Intern,3836
11508,Tina_11508,Intern,3836
11509,Uma_11509,Intern,3836
11510,Victor_11510,Intern,3837
11511,Wendy_11511,Intern,3837
11512,Xander_11512,Intern,3837
11513,Yara_11513,Intern,3838
11514,Zack_11514,Intern,3838
11515,Ava_11515,Intern,3838
11516,Ben_11516,Intern,3839
11517,Chloe_11517,Intern,3839
11518,Dylan_11518,Intern,3839
11519,Ella_11519,Intern,3840
11520,Finn_11520,Intern,3840
11521,Alice_11521,Intern,3840
11522,Bob_11522,Intern,3841
11523,Carol_11523,Intern,3841
11524,Dave_11524,Intern,3841
11525,Eve_11525,Intern,3842
11526,Frank_11526,Intern,3842
11527,Grace_11527,Intern,3842
11528,Hank_11528,Intern,3843
11529,Iris_11529,Intern,3843
11530,Jack_11530,Intern,3843
11531,Karen_11531,Intern,3844
11532,Leo_11532,Intern,3844
11533,Maya_11533,Intern,3844
11534,Nate_11534,Intern,3845
11535,Olivia_11535,Intern,3845
11536,Paul_11536,Intern,3845
11537,Quinn_11537,Intern,3846
11538,Rose_11538,Intern,3846
11539,Sam_11539,Intern,3846
11540,Tina_11540,Intern,3847
11541,Uma_11541,Intern,3847
11542,Victor_11542,Intern,3847
11543,Wendy_11543,Intern,3848
11544,Xander_11544,Intern,3848
11545,Yara_11545,Intern,3848
11546,Zack_11546,Intern,3849
11547,Ava_11547,Intern,3849
11548,Ben_11548,Intern,3849
11549,Chloe_11549,Intern,3850
11550,Dylan_11550,Intern,3850
11551,Ella_11551,Intern,3850
11552,Finn_11552,Intern,3851
11553,Alice_11553,Intern,3851
11554,Bob_11554,Intern,3851
11555,Carol_11555,Intern,3852
11556,Dave_11556,Intern,3852
11557,Eve_11557,Intern,3852
11558,Frank_11558,Intern,3853
11559,Grace_11559,Intern,3853
11560,Hank_11560,Intern,3853
11561,Iris_11561,Intern,3854
11562,Jack_11562,Intern,3854
11563,Karen_11563,Intern,3854
11564,Leo_11564,Intern,3855
11565,Maya_11565,Intern,3855
11566,Nate_11566,Intern,3855
11567,Olivia_11567,Intern,3856
11568,Paul_11568,Intern,3856
11569,Quinn_11569,Intern,3856
11570,Rose_11570,Intern,3857
11571,Sam_11571,Intern,3857
11572,Tina_11572,Intern,3857
11573,Uma_11573,Intern,3858
11574,Victor_11574,Intern,3858
11575,Wendy_11575,Intern,3858
11576,Xander_11576,Intern,3859
11577,Yara_11577,Intern,3859
11578,Zack_11578,Intern,3859
11579,Ava_11579,Intern,3860
11580,Ben_11580,Intern,3860
11581,Chloe_11581,Intern,3860
11582,Dylan_11582,Intern,3861
11583,Ella_11583,Intern,3861
11584,Finn_11584,Intern,3861
11585,Alice_11585,Intern,3862
11586,Bob_11586,Intern,3862
11587,Carol_11587,Intern,3862
11588,Dave_11588,Intern,3863
11589,Eve_11589,Intern,3863
11590,Frank_11590,Intern,3863
11591,Grace_11591,Intern,3864
11592,Hank_11592,Intern,3864
11593,Iris_11593,Intern,3864
11594,Jack_11594,Intern,3865
11595,Karen_11595,Intern,3865
11596,Leo_11596,Intern,3865
11597,Maya_11597,Intern,3866
11598,Nate_11598,Intern,3866
11599,Olivia_11599,Intern,3866
11600,Paul_11600,Intern,3867
11601,Quinn_11601,Intern,3867
11602,Rose_11602,Intern,3867
11603,Sam_11603,Intern,3868
11604,Tina_11604,Intern,3868
11605,Uma_11605,Intern,3868
11606,Victor_11606,Intern,3869
11607,Wendy_11607,Intern,3869
11608,Xander_11608,Intern,3869
11609,Yara_11609,Intern,3870
11610,Zack_11610,Intern,3870
11611,Ava_11611,Intern,3870
11612,Ben_11612,Intern,3871
11613,Chloe_11613,Intern,3871
11614,Dylan_11614,Intern,3871
11615,Ella_11615,Intern,3872
11616,Finn_11616,Intern,3872
11617,Alice_11617,Intern,3872
11618,Bob_11618,Intern,3873
11619,Carol_11619,Intern,3873
11620,Dave_11620,Intern,3873
11621,Eve_11621,Intern,3874
11622,Frank_11622,Intern,3874
11623,Grace_11623,Intern,3874
11624,Hank_11624,Intern,3875
11625,Iris_11625,Intern,3875
11626,Jack_11626,Intern,3875
11627,Karen_11627,Intern,3876
11628,Leo_11628,Intern,3876
11629,Maya_11629,Intern,3876
11630,Nate_11630,Intern,3877
11631,Olivia_11631,Intern,3877
11632,Paul_11632,Intern,3877
11633,Quinn_11633,Intern,3878
11634,Rose_11634,Intern,3878
11635,Sam_11635,Intern,3878
11636,Tina_11636,Intern,3879
11637,Uma_11637,Intern,3879
11638,Victor_11638,Intern,3879
11639,Wendy_11639,Intern,3880
11640,Xander_11640,Intern,3880
11641,Yara_11641,Intern,3880
11642,Zack_11642,Intern,3881
11643,Ava_11643,Intern,3881
11644,Ben_11644,Intern,3881
11645,Chloe_11645,Intern,3882
11646,Dylan_11646,Intern,3882
11647,Ella_11647,Intern,3882
11648,Finn_11648,Intern,3883
11649,Alice_11649,Intern,3883
11650,Bob_11650,Intern,3883
11651,Carol_11651,Intern,3884
11652,Dave_11652,Intern,3884
11653,Eve_11653,Intern,3884
11654,Frank_11654,Intern,3885
11655,Grace_11655,Intern,3885
11656,Hank_11656,Intern,3885
11657,Iris_11657,Intern,3886
11658,Jack_11658,Intern,3886
11659,Karen_11659,Intern,3886
11660,Leo_11660,Intern,3887
11661,Maya_11661,Intern,3887
11662,Nate_11662,Intern,3887
11663,Olivia_11663,Intern,3888
11664,Paul_11664,Intern,3888
11665,Quinn_11665,Intern,3888
11666,Rose_11666,Intern,3889
11667,Sam_11667,Intern,3889
11668,Tina_11668,Intern,3889
11669,Uma_11669,Intern,3890
11670,Victor_11670,Intern,3890
11671,Wendy_11671,Intern,3890
11672,Xander_11672,Intern,3891
11673,Yara_11673,Intern,3891
11674,Zack_11674,Intern,3891
11675,Ava_11675,Intern,3892
11676,Ben_11676,Intern,3892
11677,Chloe_11677,Intern,3892
11678,Dylan_11678,Intern,3893
11679,Ella_11679,Intern,3893
11680,Finn_11680,Intern,3893
11681,Alice_11681,Intern,3894
11682,Bob_11682,Intern,3894
11683,Carol_11683,Intern,3894
11684,Dave_11684,Intern,3895
11685,Eve_11685,Intern,3895
11686,Frank_11686,Intern,3895
11687,Grace_11687,Intern,3896
11688,Hank_11688,Intern,3896
11689,Iris_11689,Intern,3896
11690,Jack_11690,Intern,3897
11691,Karen_11691,Intern,3897
11692,Leo_11692,Intern,3897
11693,Maya_11693,Intern,3898
11694,Nate_11694,Intern,3898
11695,Olivia_11695,Intern,3898
11696,Paul_11696,Intern,3899
11697,Quinn_11697,Intern,3899
11698,Rose_11698,Intern,3899
11699,Sam_11699,Intern,3900
11700,Tina_11700,Intern,3900
11701,Uma_11701,Intern,3900
11702,Victor_11702,Intern,3901
11703,Wendy_11703,Intern,3901
11704,Xander_11704,Intern,3901
11705,Yara_11705,Intern,3902
11706,Zack_11706,Intern,3902
11707,Ava_11707,Intern,3902
11708,Ben_11708,Intern,3903
11709,Chloe_11709,Intern,3903
11710,Dylan_11710,Intern,3903
11711,Ella_11711,Intern,3904
11712,Finn_11712,Intern,3904
11713,Alice_11713,Intern,3904
11714,Bob_11714,Intern,3905
11715,Carol_11715,Intern,3905
11716,Dave_11716,Intern,3905
11717,Eve_11717,Intern,3906
11718,Frank_11718,Intern,3906
11719,Grace_11719,Intern,3906
11720,Hank_11720,Intern,3907
11721,Iris_11721,Intern,3907
11722,Jack_11722,Intern,3907
11723,Karen_11723,Intern,3908
11724,Leo_11724,Intern,3908
11725,Maya_11725,Intern,3908
11726,Nate_11726,Intern,3909
11727,Olivia_11727,Intern,3909
11728,Paul_11728,Intern,3909
11729,Quinn_11729,Intern,3910
11730,Rose_11730,Intern,3910
11731,Sam_11731,Intern,3910
11732,Tina_11732,Intern,3911
11733,Uma_11733,Intern,3911
11734,Victor_11734,Intern,3911
11735,Wendy_11735,Intern,3912
11736,Xander_11736,Intern,3912
11737,Yara_11737,Intern,3912
11738,Zack_11738,Intern,3913
11739,Ava_11739,Intern,3913
11740,Ben_11740,Intern,3913
11741,Chloe_11741,Intern,3914
11742,Dylan_11742,Intern,3914
11743,Ella_11743,Intern,3914
11744,Finn_11744,Intern,3915
11745,Alice_11745,Intern,3915
11746,Bob_11746,Intern,3915
11747,Carol_11747,Intern,3916
11748,Dave_11748,Intern,3916
11749,Eve_11749,Intern,3916
11750,Frank_11750,Intern,3917
11751,Grace_11751,Intern,3917
11752,Hank_11752,Intern,3917
11753,Iris_11753,Intern,3918
11754,Jack_11754,Intern,3918
11755,Karen_11755,Intern,3918
11756,Leo_11756,Intern,3919
11757,Maya_11757,Intern,3919
11758,Nate_11758,Intern,3919
11759,Olivia_11759,Intern,3920
11760,Paul_11760,Intern,3920
11761,Quinn_11761,Intern,3920
11762,Rose_11762,Intern,3921
11763,Sam_11763,Intern,3921
11764,Tina_11764,Intern,3921
11765,Uma_11765,Intern,3922
11766,Victor_11766,Intern,3922
11767,Wendy_11767,Intern,3922
11768,Xander_11768,Intern,3923
11769,Yara_11769,Intern,3923
11770,Zack_11770,Intern,3923
11771,Ava_11771,Intern,3924
11772,Ben_11772,Intern,3924
11773,Chloe_11773,Intern,3924
11774,Dylan_11774,Intern,3925
11775,Ella_11775,Intern,3925
11776,Finn_11776,Intern,3925
11777,Alice_11777,Intern,3926
11778,Bob_11778,Intern,3926
11779,Carol_11779,Intern,3926
11780,Dave_11780,Intern,3927
11781,Eve_11781,Intern,3927
11782,Frank_11782,Intern,3927
11783,Grace_11783,Intern,3928
11784,Hank_11784,Intern,3928
11785,Iris_11785,Intern,3928
11786,Jack_11786,Intern,3929
11787,Karen_11787,Intern,3929
11788,Leo_11788,Intern,3929
11789,Maya_11789,Intern,3930
11790,Nate_11790,Intern,3930
11791,Olivia_11791,Intern,3930
11792,Paul_11792,Intern,3931
11793,Quinn_11793,Intern,3931
11794,Rose_11794,Intern,3931
11795,Sam_11795,Intern,3932
11796,Tina_11796,Intern,3932
11797,Uma_11797,Intern,3932
11798,Victor_11798,Intern,3933
11799,Wendy_11799,Intern,3933
11800,Xander_11800,Intern,3933
11801,Yara_11801,Intern,3934
11802,Zack_11802,Intern,3934
11803,Ava_11803,Intern,3934
11804,Ben_11804,Intern,3935
11805,Chloe_11805,Intern,3935
11806,Dylan_11806,Intern,3935
11807,Ella_11807,Intern,3936
11808,Finn_11808,Intern,3936
11809,Alice_11809,Intern,3936
11810,Bob_11810,Intern,3937
11811,Carol_11811,Intern,3937
11812,Dave_11812,Intern,3937
11813,Eve_11813,Intern,3938
11814,Frank_11814,Intern,3938
11815,Grace_11815,Intern,3938
11816,Hank_11816,Intern,3939
11817,Iris_11817,Intern,3939
11818,Jack_11818,Intern,3939
11819,Karen_11819,Intern,3940
11820,Leo_11820,Intern,3940
11821,Maya_11821,Intern,3940
11822,Nate_11822,Intern,3941
11823,Olivia_11823,Intern,3941
11824,Paul_11824,Intern,3941
11825,Quinn_11825,Intern,3942
11826,Rose_11826,Intern,3942
11827,Sam_11827,Intern,3942
11828,Tina_11828,Intern,3943
11829,Uma_11829,Intern,3943
11830,Victor_11830,Intern,3943
11831,Wendy_11831,Intern,3944
11832,Xander_11832,Intern,3944
11833,Yara_11833,Intern,3944
11834,Zack_11834,Intern,3945
11835,Ava_11835,Intern,3945
11836,Ben_11836,Intern,3945
11837,Chloe_11837,Intern,3946
11838,Dylan_11838,Intern,3946
11839,Ella_11839,Intern,3946
11840,Finn_11840,Intern,3947
11841,Alice_11841,Intern,3947
11842,Bob_11842,Intern,3947
11843,Carol_11843,Intern,3948
11844,Dave_11844,Intern,3948
11845,Eve_11845,Intern,3948
11846,Frank_11846,Intern,3949
11847,Grace_11847,Intern,3949
11848,Hank_11848,Intern,3949
11849,Iris_11849,Intern,3950
11850,Jack_11850,Intern,3950
11851,Karen_11851,Intern,3950
11852,Leo_11852,Intern,3951
11853,Maya_11853,Intern,3951
11854,Nate_11854,Intern,3951
11855,Olivia_11855,Intern,3952
11856,Paul_11856,Intern,3952
11857,Quinn_11857,Intern,3952
11858,Rose_11858,Intern,3953
11859,Sam_11859,Intern,3953
11860,Tina_11860,Intern,3953
11861,Uma_11861,Intern,3954
11862,Victor_11862,Intern,3954
11863,Wendy_11863,Intern,3954
11864,Xander_11864,Intern,3955
11865,Yara_11865,Intern,3955
11866,Zack_11866,Intern,3955
11867,Ava_11867,Intern,3956
11868,Ben_11868,Intern,3956
11869,Chloe_11869,Intern,3956
11870,Dylan_11870,Intern,3957
11871,Ella_11871,Intern,3957
11872,Finn_11872,Intern,3957
11873,Alice_11873,Intern,3958
11874,Bob_11874,Intern,3958
11875,Carol_11875,Intern,3958
11876,Dave_11876,Intern,3959
11877,Eve_11877,Intern,3959
11878,Frank_11878,Intern,3959
11879,Grace_11879,Intern,3960
11880,Hank_11880,Intern,3960
11881,Iris_11881,Intern,3960
11882,Jack_11882,Intern,3961
11883,Karen_11883,Intern,3961
11884,Leo_11884,Intern,3961
11885,Maya_11885,Intern,3962
11886,Nate_11886,Intern,3962
11887,Olivia_11887,Intern,3962
11888,Paul_11888,Intern,3963
11889,Quinn_11889,Intern,3963
11890,Rose_11890,Intern,3963
11891,Sam_11891,Intern,3964
11892,Tina_11892,Intern,3964
11893,Uma_11893,Intern,3964
11894,Victor_11894,Intern,3965
11895,Wendy_11895,Intern,3965
11896,Xander_11896,Intern,3965
11897,Yara_11897,Intern,3966
11898,Zack_11898,Intern,3966
11899,Ava_11899,Intern,3966
11900,Ben_11900,Intern,3967
11901,Chloe_11901,Intern,3967
11902,Dylan_11902,Intern,3967
11903,Ella_11903,Intern,3968
11904,Finn_11904,Intern,3968
11905,Alice_11905,Intern,3968
11906,Bob_11906,Intern,3969
11907,Carol_11907,Intern,3969
11908,Dave_11908,Intern,3969
11909,Eve_11909,Intern,3970
11910,Frank_11910,Intern,3970
11911,Grace_11911,Intern,3970
11912,Hank_11912,Intern,3971
11913,Iris_11913,Intern,3971
11914,Jack_11914,Intern,3971
11915,Karen_11915,Intern,3972
11916,Leo_11916,Intern,3972
11917,Maya_11917,Intern,3972
11918,Nate_11918,Intern,3973
11919,Olivia_11919,Intern,3973
11920,Paul_11920,Intern,3973
11921,Quinn_11921,Intern,3974
11922,Rose_11922,Intern,3974
11923,Sam_11923,Intern,3974
11924,Tina_11924,Intern,3975
11925,Uma_11925,Intern,3975
11926,Victor_11926,Intern,3975
11927,Wendy_11927,Intern,3976
11928,Xander_11928,Intern,3976
11929,Yara_11929,Intern,3976
11930,Zack_11930,Intern,3977
11931,Ava_11931,Intern,3977
11932,Ben_11932,Intern,3977
11933,Chloe_11933,Intern,3978
11934,Dylan_11934,Intern,3978
11935,Ella_11935,Intern,3978
11936,Finn_11936,Intern,3979
11937,Alice_11937,Intern,3979
11938,Bob_11938,Intern,3979
11939,Carol_11939,Intern,3980
11940,Dave_11940,Intern,3980
11941,Eve_11941,Intern,3980
11942,Frank_11942,Intern,3981
11943,Grace_11943,Intern,3981
11944,Hank_11944,Intern,3981
11945,Iris_11945,Intern,3982
11946,Jack_11946,Intern,3982
11947,Karen_11947,Intern,3982
11948,Leo_11948,Intern,3983
11949,Maya_11949,Intern,3983
11950,Nate_11950,Intern,3983
11951,Olivia_11951,Intern,3984
11952,Paul_11952,Intern,3984
11953,Quinn_11953,Intern,3984
11954,Rose_11954,Intern,3985
11955,Sam_11955,Intern,3985
11956,Tina_11956,Intern,3985
11957,Uma_11957,Intern,3986
11958,Victor_11958,Intern,3986
11959,Wendy_11959,Intern,3986
11960,Xander_11960,Intern,3987
11961,Yara_11961,Intern,3987
11962,Zack_11962,Intern,3987
11963,Ava_11963,Intern,3988
11964,Ben_11964,Intern,3988
11965,Chloe_11965,Intern,3988
11966,Dylan_11966,Intern,3989
11967,Ella_11967,Intern,3989
11968,Finn_11968,Intern,3989
11969,Alice_11969,Intern,3990
11970,Bob_11970,Intern,3990
11971,Carol_11971,Intern,3990
11972,Dave_11972,Intern,3991
11973,Eve_11973,Intern,3991
11974,Frank_11974,Intern,3991
11975,Grace_11975,Intern,3992
11976,Hank_11976,Intern,3992
11977,Iris_11977,Intern,3992
11978,Jack_11978,Intern,3993
11979,Karen_11979,Intern,3993
11980,Leo_11980,Intern,3993
11981,Maya_11981,Intern,3994
11982,Nate_11982,Intern,3994
11983,Olivia_11983,Intern,3994
11984,Paul_11984,Intern,3995
11985,Quinn_11985,Intern,3995
11986,Rose_11986,Intern,3995
11987,Sam_11987,Intern,3996
11988,Tina_11988,Intern,3996
11989,Uma_11989,Intern,3996
11990,Victor_11990,Intern,3997
11991,Wendy_11991,Intern,3997
11992,Xander_11992,Intern,3997
11993,Yara_11993,Intern,3998
11994,Zack_11994,Intern,3998
11995,Ava_11995,Intern,3998
11996,Ben_11996,Intern,3999
11997,Chloe_11997,Intern,3999
11998,Dylan_11998,Intern,3999
11999,Ella_11999,Intern,4000
12000,Finn_12000,Intern,4000
12001,Alice_12001,Intern,4000
12002,Bob_12002,Intern,4001
12003,Carol_12003,Intern,4001
12004,Dave_12004,Intern,4001
12005,Eve_12005,Intern,4002
12006,Frank_12006,Intern,4002
12007,Grace_12007,Intern,4002
12008,Hank_12008,Intern,4003
12009,Iris_12009,Intern,4003
12010,Jack_12010,Intern,4003
12011,Karen_12011,Intern,4004
12012,Leo_12012,Intern,4004
12013,Maya_12013,Intern,4004
12014,Nate_12014,Intern,4005
12015,Olivia_12015,Intern,4005
12016,Paul_12016,Intern,4005
12017,Quinn_12017,Intern,4006
12018,Rose_12018,Intern,4006
12019,Sam_12019,Intern,4006
12020,Tina_12020,Intern,4007
12021,Uma_12021,Intern,4007
12022,Victor_12022,Intern,4007
12023,Wendy_12023,Intern,4008
12024,Xander_12024,Intern,4008
12025,Yara_12025,Intern,4008
12026,Zack_12026,Intern,4009
12027,Ava_12027,Intern,4009
12028,Ben_12028,Intern,4009
12029,Chloe_12029,Intern,4010
12030,Dylan_12030,Intern,4010
12031,Ella_12031,Intern,4010
12032,Finn_12032,Intern,4011
12033,Alice_12033,Intern,4011
12034,Bob_12034,Intern,4011
12035,Carol_12035,Intern,4012
12036,Dave_12036,Intern,4012
12037,Eve_12037,Intern,4012
12038,Frank_12038,Intern,4013
12039,Grace_12039,Intern,4013
12040,Hank_12040,Intern,4013
12041,Iris_12041,Intern,4014
12042,Jack_12042,Intern,4014
12043,Karen_12043,Intern,4014
12044,Leo_12044,Intern,4015
12045,Maya_12045,Intern,4015
12046,Nate_12046,Intern,4015
12047,Olivia_12047,Intern,4016
12048,Paul_12048,Intern,4016
12049,Quinn_12049,Intern,4016
12050,Rose_12050,Intern,4017
12051,Sam_12051,Intern,4017
12052,Tina_12052,Intern,4017
12053,Uma_12053,Intern,4018
12054,Victor_12054,Intern,4018
12055,Wendy_12055,Intern,4018
12056,Xander_12056,Intern,4019
12057,Yara_12057,Intern,4019
12058,Zack_12058,Intern,4019
12059,Ava_12059,Intern,4020
12060,Ben_12060,Intern,4020
12061,Chloe_12061,Intern,4020
12062,Dylan_12062,Intern,4021
12063,Ella_12063,Intern,4021
12064,Finn_12064,Intern,4021
12065,Alice_12065,Intern,4022
12066,Bob_12066,Intern,4022
12067,Carol_12067,Intern,4022
12068,Dave_12068,Intern,4023
12069,Eve_12069,Intern,4023
12070,Frank_12070,Intern,4023
12071,Grace_12071,Intern,4024
12072,Hank_12072,Intern,4024
12073,Iris_12073,Intern,4024
12074,Jack_12074,Intern,4025
12075,Karen_12075,Intern,4025
12076,Leo_12076,Intern,4025
12077,Maya_12077,Intern,4026
12078,Nate_12078,Intern,4026
12079,Olivia_12079,Intern,4026
12080,Paul_12080,Intern,4027
12081,Quinn_12081,Intern,4027
12082,Rose_12082,Intern,4027
12083,Sam_12083,Intern,4028
12084,Tina_12084,Intern,4028
12085,Uma_12085,Intern,4028
12086,Victor_12086,Intern,4029
12087,Wendy_12087,Intern,4029
12088,Xander_12088,Intern,4029
12089,Yara_12089,Intern,4030
12090,Zack_12090,Intern,4030
12091,Ava_12091,Intern,4030
12092,Ben_12092,Intern,4031
12093,Chloe_12093,Intern,4031
12094,Dylan_12094,Intern,4031
12095,Ella_12095,Intern,4032
12096,Finn_12096,Intern,4032
12097,Alice_12097,Intern,4032
12098,Bob_12098,Intern,4033
12099,Carol_12099,Intern,4033
12100,Dave_12100,Intern,4033
12101,Eve_12101,Intern,4034
12102,Frank_12102,Intern,4034
12103,Grace_12103,Intern,4034
12104,Hank_12104,Intern,4035
12105,Iris_12105,Intern,4035
12106,Jack_12106,Intern,4035
12107,Karen_12107,Intern,4036
12108,Leo_12108,Intern,4036
12109,Maya_12109,Intern,4036
12110,Nate_12110,Intern,4037
12111,Olivia_12111,Intern,4037
12112,Paul_12112,Intern,4037
12113,Quinn_12113,Intern,4038
12114,Rose_12114,Intern,4038
12115,Sam_12115,Intern,4038
12116,Tina_12116,Intern,4039
12117,Uma_12117,Intern,4039
12118,Victor_12118,Intern,4039
12119,Wendy_12119,Intern,4040
12120,Xander_12120,Intern,4040
12121,Yara_12121,Intern,4040
12122,Zack_12122,Intern,4041
12123,Ava_12123,Intern,4041
12124,Ben_12124,Intern,4041
12125,Chloe_12125,Intern,4042
12126,Dylan_12126,Intern,4042
12127,Ella_12127,Intern,4042
12128,Finn_12128,Intern,4043
12129,Alice_12129,Intern,4043
12130,Bob_12130,Intern,4043
12131,Carol_12131,Intern,4044
12132,Dave_12132,Intern,4044
12133,Eve_12133,Intern,4044
12134,Frank_12134,Intern,4045
12135,Grace_12135,Intern,4045
12136,Hank_12136,Intern,4045
12137,Iris_12137,Intern,4046
12138,Jack_12138,Intern,4046
12139,Karen_12139,Intern,4046
12140,Leo_12140,Intern,4047
12141,Maya_12141,Intern,4047
12142,Nate_12142,Intern,4047
12143,Olivia_12143,Intern,4048
12144,Paul_12144,Intern,4048
12145,Quinn_12145,Intern,4048
12146,Rose_12146,Intern,4049
12147,Sam_12147,Intern,4049
12148,Tina_12148,Intern,4049
12149,Uma_12149,Intern,4050
12150,Victor_12150,Intern,4050
12151,Wendy_12151,Intern,4050
12152,Xander_12152,Intern,4051
12153,Yara_12153,Intern,4051
12154,Zack_12154,Intern,4051
12155,Ava_12155,Intern,4052
12156,Ben_12156,Intern,4052
12157,Chloe_12157,Intern,4052
12158,Dylan_12158,Intern,4053
12159,Ella_12159,Intern,4053
12160,Finn_12160,Intern,4053
12161,Alice_12161,Intern,4054
12162,Bob_12162,Intern,4054
12163,Carol_12163,Intern,4054
12164,Dave_12164,Intern,4055
12165,Eve_12165,Intern,4055
12166,Frank_12166,Intern,4055
12167,Grace_12167,Intern,4056
12168,Hank_12168,Intern,4056
12169,Iris_12169,Intern,4056
12170,Jack_12170,Intern,4057
12171,Karen_12171,Intern,4057
12172,Leo_12172,Intern,4057
12173,Maya_12173,Intern,4058
12174,Nate_12174,Intern,4058
12175,Olivia_12175,Intern,4058
12176,Paul_12176,Intern,4059
12177,Quinn_12177,Intern,4059
12178,Rose_12178,Intern,4059
12179,Sam_12179,Intern,4060
12180,Tina_12180,Intern,4060
12181,Uma_12181,Intern,4060
12182,Victor_12182,Intern,4061
12183,Wendy_12183,Intern,4061
12184,Xander_12184,Intern,4061
12185,Yara_12185,Intern,4062
12186,Zack_12186,Intern,4062
12187,Ava_12187,Intern,4062
12188,Ben_12188,Intern,4063
12189,Chloe_12189,Intern,4063
12190,Dylan_12190,Intern,4063
12191,Ella_12191,Intern,4064
12192,Finn_12192,Intern,4064
12193,Alice_12193,Intern,4064
12194,Bob_12194,Intern,4065
12195,Carol_12195,Intern,4065
12196,Dave_12196,Intern,4065
12197,Eve_12197,Intern,4066
12198,Frank_12198,Intern,4066
12199,Grace_12199,Intern,4066
12200,Hank_12200,Intern,4067
12201,Iris_12201,Intern,4067
12202,Jack_12202,Intern,4067
12203,Karen_12203,Intern,4068
12204,Leo_12204,Intern,4068
12205,Maya_12205,Intern,4068
12206,Nate_12206,Intern,4069
12207,Olivia_12207,Intern,4069
12208,Paul_12208,Intern,4069
12209,Quinn_12209,Intern,4070
12210,Rose_12210,Intern,4070
12211,Sam_12211,Intern,4070
12212,Tina_12212,Intern,4071
12213,Uma_12213,Intern,4071
12214,Victor_12214,Intern,4071
12215,Wendy_12215,Intern,4072
12216,Xander_12216,Intern,4072
12217,Yara_12217,Intern,4072
12218,Zack_12218,Intern,4073
12219,Ava_12219,Intern,4073
12220,Ben_12220,Intern,4073
12221,Chloe_12221,Intern,4074
12222,Dylan_12222,Intern,4074
12223,Ella_12223,Intern,4074
12224,Finn_12224,Intern,4075
12225,Alice_12225,Intern,4075
12226,Bob_12226,Intern,4075
12227,Carol_12227,Intern,4076
12228,Dave_12228,Intern,4076
12229,Eve_12229,Intern,4076
12230,Frank_12230,Intern,4077
12231,Grace_12231,Intern,4077
12232,Hank_12232,Intern,4077
12233,Iris_12233,Intern,4078
12234,Jack_12234,Intern,4078
12235,Karen_12235,Intern,4078
12236,Leo_12236,Intern,4079
12237,Maya_12237,Intern,4079
12238,Nate_12238,Intern,4079
12239,Olivia_12239,Intern,4080
12240,Paul_12240,Intern,4080
12241,Quinn_12241,Intern,4080
12242,Rose_12242,Intern,4081
12243,Sam_12243,Intern,4081
12244,Tina_12244,Intern,4081
12245,Uma_12245,Intern,4082
12246,Victor_12246,Intern,4082
12247,Wendy_12247,Intern,4082
12248,Xander_12248,Intern,4083
12249,Yara_12249,Intern,4083
12250,Zack_12250,Intern,4083
12251,Ava_12251,Intern,4084
12252,Ben_12252,Intern,4084
12253,Chloe_12253,Intern,4084
12254,Dylan_12254,Intern,4085
12255,Ella_12255,Intern,4085
12256,Finn_12256,Intern,4085
12257,Alice_12257,Intern,4086
12258,Bob_12258,Intern,4086
12259,Carol_12259,Intern,4086
12260,Dave_12260,Intern,4087
12261,Eve_12261,Intern,4087
12262,Frank_12262,Intern,4087
12263,Grace_12263,Intern,4088
12264,Hank_12264,Intern,4088
12265,Iris_12265,Intern,4088
12266,Jack_12266,Intern,4089
12267,Karen_12267,Intern,4089
12268,Leo_12268,Intern,4089
12269,Maya_12269,Intern,4090
12270,Nate_12270,Intern,4090
12271,Olivia_12271,Intern,4090
12272,Paul_12272,Intern,4091
12273,Quinn_12273,Intern,4091
12274,Rose_12274,Intern,4091
12275,Sam_12275,Intern,4092
12276,Tina_12276,Intern,4092
12277,Uma_12277,Intern,4092
12278,Victor_12278,Intern,4093
12279,Wendy_12279,Intern,4093
12280,Xander_12280,Intern,4093
12281,Yara_12281,Intern,4094
12282,Zack_12282,Intern,4094
12283,Ava_12283,Intern,4094
12284,Ben_12284,Intern,4095
12285,Chloe_12285,Intern,4095
12286,Dylan_12286,Intern,4095
12287,Ella_12287,Intern,4096
12288,Finn_12288,Intern,4096
12289,Alice_12289,Intern,4096
12290,Bob_12290,Intern,4097
12291,Carol_12291,Intern,4097
12292,Dave_12292,Intern,4097
12293,Eve_12293,Intern,4098
12294,Frank_12294,Intern,4098
12295,Grace_12295,Intern,4098
12296,Hank_12296,Intern,4099
12297,Iris_12297,Intern,4099
12298,Jack_12298,Intern,4099
12299,Karen_12299,Intern,4100
12300,Leo_12300,Intern,4100
12301,Maya_12301,Intern,4100
12302,Nate_12302,Intern,4101
12303,Olivia_12303,Intern,4101
12304,Paul_12304,Intern,4101
12305,Quinn_12305,Intern,4102
12306,Rose_12306,Intern,4102
12307,Sam_12307,Intern,4102
12308,Tina_12308,Intern,4103
12309,Uma_12309,Intern,4103
12310,Victor_12310,Intern,4103
12311,Wendy_12311,Intern,4104
12312,Xander_12312,Intern,4104
12313,Yara_12313,Intern,4104
12314,Zack_12314,Intern,4105
12315,Ava_12315,Intern,4105
12316,Ben_12316,Intern,4105
12317,Chloe_12317,Intern,4106
12318,Dylan_12318,Intern,4106
12319,Ella_12319,Intern,4106
12320,Finn_12320,Intern,4107
12321,Alice_12321,Intern,4107
12322,Bob_12322,Intern,4107
12323,Carol_12323,Intern,4108
12324,Dave_12324,Intern,4108
12325,Eve_12325,Intern,4108
12326,Frank_12326,Intern,4109
12327,Grace_12327,Intern,4109
12328,Hank_12328,Intern,4109
12329,Iris_12329,Intern,4110
12330,Jack_12330,Intern,4110
12331,Karen_12331,Intern,4110
12332,Leo_12332,Intern,4111
12333,Maya_12333,Intern,4111
12334,Nate_12334,Intern,4111
12335,Olivia_12335,Intern,4112
12336,Paul_12336,Intern,4112
12337,Quinn_12337,Intern,4112
12338,Rose_12338,Intern,4113
12339,Sam_12339,Intern,4113
12340,Tina_12340,Intern,4113
12341,Uma_12341,Intern,4114
12342,Victor_12342,Intern,4114
12343,Wendy_12343,Intern,4114
12344,Xander_12344,Intern,4115
12345,Yara_12345,Intern,4115
12346,Zack_12346,Intern,4115
12347,Ava_12347,Intern,4116
12348,Ben_12348,Intern,4116
12349,Chloe_12349,Intern,4116
12350,Dylan_12350,Intern,4117
12351,Ella_12351,Intern,4117
12352,Finn_12352,Intern,4117
12353,Alice_12353,Intern,4118
12354,Bob_12354,Intern,4118
12355,Carol_12355,Intern,4118
12356,Dave_12356,Intern,4119
12357,Eve_12357,Intern,4119
12358,Frank_12358,Intern,4119
12359,Grace_12359,Intern,4120
12360,Hank_12360,Intern,4120
12361,Iris_12361,Intern,4120
12362,Jack_12362,Intern,4121
12363,Karen_12363,Intern,4121
12364,Leo_12364,Intern,4121
12365,Maya_12365,Intern,4122
12366,Nate_12366,Intern,4122
12367,Olivia_12367,Intern,4122
12368,Paul_12368,Intern,4123
12369,Quinn_12369,Intern,4123
12370,Rose_12370,Intern,4123
12371,Sam_12371,Intern,4124
12372,Tina_12372,Intern,4124
12373,Uma_12373,Intern,4124
12374,Victor_12374,Intern,4125
12375,Wendy_12375,Intern,4125
12376,Xander_12376,Intern,4125
12377,Yara_12377,Intern,4126
12378,Zack_12378,Intern,4126
12379,Ava_12379,Intern,4126
12380,Ben_12380,Intern,4127
12381,Chloe_12381,Intern,4127
12382,Dylan_12382,Intern,4127
12383,Ella_12383,Intern,4128
12384,Finn_12384,Intern,4128
12385,Alice_12385,Intern,4128
12386,Bob_12386,Intern,4129
12387,Carol_12387,Intern,4129
12388,Dave_12388,Intern,4129
12389,Eve_12389,Intern,4130
12390,Frank_12390,Intern,4130
12391,Grace_12391,Intern,4130
12392,Hank_12392,Intern,4131
12393,Iris_12393,Intern,4131
12394,Jack_12394,Intern,4131
12395,Karen_12395,Intern,4132
12396,Leo_12396,Intern,4132
12397,Maya_12397,Intern,4132
12398,Nate_12398,Intern,4133
12399,Olivia_12399,Intern,4133
12400,Paul_12400,Intern,4133
12401,Quinn_12401,Intern,4134
12402,Rose_12402,Intern,4134
12403,Sam_12403,Intern,4134
12404,Tina_12404,Intern,4135
12405,Uma_12405,Intern,4135
12406,Victor_12406,Intern,4135
12407,Wendy_12407,Intern,4136
12408,Xander_12408,Intern,4136
12409,Yara_12409,Intern,4136
12410,Zack_12410,Intern,4137
12411,Ava_12411,Intern,4137
12412,Ben_12412,Intern,4137
12413,Chloe_12413,Intern,4138
12414,Dylan_12414,Intern,4138
12415,Ella_12415,Intern,4138
12416,Finn_12416,Intern,4139
12417,Alice_12417,Intern,4139
12418,Bob_12418,Intern,4139
12419,Carol_12419,Intern,4140
12420,Dave_12420,Intern,4140
12421,Eve_12421,Intern,4140
12422,Frank_12422,Intern,4141
12423,Grace_12423,Intern,4141
12424,Hank_12424,Intern,4141
12425,Iris_12425,Intern,4142
12426,Jack_12426,Intern,4142
12427,Karen_12427,Intern,4142
12428,Leo_12428,Intern,4143
12429,Maya_12429,Intern,4143
12430,Nate_12430,Intern,4143
12431,Olivia_12431,Intern,4144
12432,Paul_12432,Intern,4144
12433,Quinn_12433,Intern,4144
12434,Rose_12434,Intern,4145
12435,Sam_12435,Intern,4145
12436,Tina_12436,Intern,4145
12437,Uma_12437,Intern,4146
12438,Victor_12438,Intern,4146
12439,Wendy_12439,Intern,4146
12440,Xander_12440,Intern,4147
12441,Yara_12441,Intern,4147
12442,Zack_12442,Intern,4147
12443,Ava_12443,Intern,4148
12444,Ben_12444,Intern,4148
12445,Chloe_12445,Intern,4148
12446,Dylan_12446,Intern,4149
12447,Ella_12447,Intern,4149
12448,Finn_12448,Intern,4149
12449,Alice_12449,Intern,4150
12450,Bob_12450,Intern,4150
12451,Carol_12451,Intern,4150
12452,Dave_12452,Intern,4151
12453,Eve_12453,Intern,4151
12454,Frank_12454,Intern,4151
12455,Grace_12455,Intern,4152
12456,Hank_12456,Intern,4152
12457,Iris_12457,Intern,4152
12458,Jack_12458,Intern,4153
12459,Karen_12459,Intern,4153
12460,Leo_12460,Intern,4153
12461,Maya_12461,Intern,4154
12462,Nate_12462,Intern,4154
12463,Olivia_12463,Intern,4154
12464,Paul_12464,Intern,4155
12465,Quinn_12465,Intern,4155
12466,Rose_12466,Intern,4155
12467,Sam_12467,Intern,4156
12468,Tina_12468,Intern,4156
12469,Uma_12469,Intern,4156
12470,Victor_12470,Intern,4157
12471,Wendy_12471,Intern,4157
12472,Xander_12472,Intern,4157
12473,Yara_12473,Intern,4158
12474,Zack_12474,Intern,4158
12475,Ava_12475,Intern,4158
12476,Ben_12476,Intern,4159
12477,Chloe_12477,Intern,4159
12478,Dylan_12478,Intern,4159
12479,Ella_12479,Intern,4160
12480,Finn_12480,Intern,4160
12481,Alice_12481,Intern,4160
12482,Bob_12482,Intern,4161
12483,Carol_12483,Intern,4161
12484,Dave_12484,Intern,4161
12485,Eve_12485,Intern,4162
12486,Frank_12486,Intern,4162
12487,Grace_12487,Intern,4162
12488,Hank_12488,Intern,4163
12489,Iris_12489,Intern,4163
12490,Jack_12490,Intern,4163
12491,Karen_12491,Intern,4164
12492,Leo_12492,Intern,4164
12493,Maya_12493,Intern,4164
12494,Nate_12494,Intern,4165
12495,Olivia_12495,Intern,4165
12496,Paul_12496,Intern,4165
12497,Quinn_12497,Intern,4166
12498,Rose_12498,Intern,4166
12499,Sam_12499,Intern,4166
12500,Tina_12500,Intern,4167
12501,Uma_12501,Intern,4167
12502,Victor_12502,Intern,4167
12503,Wendy_12503,Intern,4168
12504,Xander_12504,Intern,4168
12505,Yara_12505,Intern,4168
12506,Zack_12506,Intern,4169
12507,Ava_12507,Intern,4169
12508,Ben_12508,Intern,4169
12509,Chloe_12509,Intern,4170
12510,Dylan_12510,Intern,4170
12511,Ella_12511,Intern,4170
12512,Finn_12512,Intern,4171
12513,Alice_12513,Intern,4171
12514,Bob_12514,Intern,4171
12515,Carol_12515,Intern,4172
12516,Dave_12516,Intern,4172
12517,Eve_12517,Intern,4172
12518,Frank_12518,Intern,4173
12519,Grace_12519,Intern,4173
12520,Hank_12520,Intern,4173
12521,Iris_12521,Intern,4174
12522,Jack_12522,Intern,4174
12523,Karen_12523,Intern,4174
12524,Leo_12524,Intern,4175
12525,Maya_12525,Intern,4175
12526,Nate_12526,Intern,4175
12527,Olivia_12527,Intern,4176
12528,Paul_12528,Intern,4176
12529,Quinn_12529,Intern,4176
12530,Rose_12530,Intern,4177
12531,Sam_12531,Intern,4177
12532,Tina_12532,Intern,4177
12533,Uma_12533,Intern,4178
12534,Victor_12534,Intern,4178
12535,Wendy_12535,Intern,4178
12536,Xander_12536,Intern,4179
12537,Yara_12537,Intern,4179
12538,Zack_12538,Intern,4179
12539,Ava_12539,Intern,4180
12540,Ben_12540,Intern,4180
12541,Chloe_12541,Intern,4180
12542,Dylan_12542,Intern,4181
12543,Ella_12543,Intern,4181
12544,Finn_12544,Intern,4181
12545,Alice_12545,Intern,4182
12546,Bob_12546,Intern,4182
12547,Carol_12547,Intern,4182
12548,Dave_12548,Intern,4183
12549,Eve_12549,Intern,4183
12550,Frank_12550,Intern,4183
12551,Grace_12551,Intern,4184
12552,Hank_12552,Intern,4184
12553,Iris_12553,Intern,4184
12554,Jack_12554,Intern,4185
12555,Karen_12555,Intern,4185
12556,Leo_12556,Intern,4185
12557,Maya_12557,Intern,4186
12558,Nate_12558,Intern,4186
12559,Olivia_12559,Intern,4186
12560,Paul_12560,Intern,4187
12561,Quinn_12561,Intern,4187
12562,Rose_12562,Intern,4187
12563,Sam_12563,Intern,4188
12564,Tina_12564,Intern,4188
12565,Uma_12565,Intern,4188
12566,Victor_12566,Intern,4189
12567,Wendy_12567,Intern,4189
12568,Xander_12568,Intern,4189
12569,Yara_12569,Intern,4190
12570,Zack_12570,Intern,4190
12571,Ava_12571,Intern,4190
12572,Ben_12572,Intern,4191
12573,Chloe_12573,Intern,4191
12574,Dylan_12574,Intern,4191
12575,Ella_12575,Intern,4192
12576,Finn_12576,Intern,4192
12577,Alice_12577,Intern,4192
12578,Bob_12578,Intern,4193
12579,Carol_12579,Intern,4193
12580,Dave_12580,Intern,4193
12581,Eve_12581,Intern,4194
12582,Frank_12582,Intern,4194
12583,Grace_12583,Intern,4194
12584,Hank_12584,Intern,4195
12585,Iris_12585,Intern,4195
12586,Jack_12586,Intern,4195
12587,Karen_12587,Intern,4196
12588,Leo_12588,Intern,4196
12589,Maya_12589,Intern,4196
12590,Nate_12590,Intern,4197
12591,Olivia_12591,Intern,4197
12592,Paul_12592,Intern,4197
12593,Quinn_12593,Intern,4198
12594,Rose_12594,Intern,4198
12595,Sam_12595,Intern,4198
12596,Tina_12596,Intern,4199
12597,Uma_12597,Intern,4199
12598,Victor_12598,Intern,4199
12599,Wendy_12599,Intern,4200
12600,Xander_12600,Intern,4200
12601,Yara_12601,Intern,4200
12602,Zack_12602,Intern,4201
12603,Ava_12603,Intern,4201
12604,Ben_12604,Intern,4201
12605,Chloe_12605,Intern,4202
12606,Dylan_12606,Intern,4202
12607,Ella_12607,Intern,4202
12608,Finn_12608,Intern,4203
12609,Alice_12609,Intern,4203
12610,Bob_12610,Intern,4203
12611,Carol_12611,Intern,4204
12612,Dave_12612,Intern,4204
12613,Eve_12613,Intern,4204
12614,Frank_12614,Intern,4205
12615,Grace_12615,Intern,4205
12616,Hank_12616,Intern,4205
12617,Iris_12617,Intern,4206
12618,Jack_12618,Intern,4206
12619,Karen_12619,Intern,4206
12620,Leo_12620,Intern,4207
12621,Maya_12621,Intern,4207
12622,Nate_12622,Intern,4207
12623,Olivia_12623,Intern,4208
12624,Paul_12624,Intern,4208
12625,Quinn_12625,Intern,4208
12626,Rose_12626,Intern,4209
12627,Sam_12627,Intern,4209
12628,Tina_12628,Intern,4209
12629,Uma_12629,Intern,4210
12630,Victor_12630,Intern,4210
12631,Wendy_12631,Intern,4210
12632,Xander_12632,Intern,4211
12633,Yara_12633,Intern,4211
12634,Zack_12634,Intern,4211
12635,Ava_12635,Intern,4212
12636,Ben_12636,Intern,4212
12637,Chloe_12637,Intern,4212
12638,Dylan_12638,Intern,4213
12639,Ella_12639,Intern,4213
12640,Finn_12640,Intern,4213
12641,Alice_12641,Intern,4214
12642,Bob_12642,Intern,4214
12643,Carol_12643,Intern,4214
12644,Dave_12644,Intern,4215
12645,Eve_12645,Intern,4215
12646,Frank_12646,Intern,4215
12647,Grace_12647,Intern,4216
12648,Hank_12648,Intern,4216
12649,Iris_12649,Intern,4216
12650,Jack_12650,Intern,4217
12651,Karen_12651,Intern,4217
12652,Leo_12652,Intern,4217
12653,Maya_12653,Intern,4218
12654,Nate_12654,Intern,4218
12655,Olivia_12655,Intern,4218
12656,Paul_12656,Intern,4219
12657,Quinn_12657,Intern,4219
12658,Rose_12658,Intern,4219
12659,Sam_12659,Intern,4220
12660,Tina_12660,Intern,4220
12661,Uma_12661,Intern,4220
12662,Victor_12662,Intern,4221
12663,Wendy_12663,Intern,4221
12664,Xander_12664,Intern,4221
12665,Yara_12665,Intern,4222
12666,Zack_12666,Intern,4222
12667,Ava_12667,Intern,4222
12668,Ben_12668,Intern,4223
12669,Chloe_12669,Intern,4223
12670,Dylan_12670,Intern,4223
12671,Ella_12671,Intern,4224
12672,Finn_12672,Intern,4224
12673,Alice_12673,Intern,4224
12674,Bob_12674,Intern,4225
12675,Carol_12675,Intern,4225
12676,Dave_12676,Intern,4225
12677,Eve_12677,Intern,4226
12678,Frank_12678,Intern,4226
12679,Grace_12679,Intern,4226
12680,Hank_12680,Intern,4227
12681,Iris_12681,Intern,4227
12682,Jack_12682,Intern,4227
12683,Karen_12683,Intern,4228
12684,Leo_12684,Intern,4228
12685,Maya_12685,Intern,4228
12686,Nate_12686,Intern,4229
12687,Olivia_12687,Intern,4229
12688,Paul_12688,Intern,4229
12689,Quinn_12689,Intern,4230
12690,Rose_12690,Intern,4230
12691,Sam_12691,Intern,4230
12692,Tina_12692,Intern,4231
12693,Uma_12693,Intern,4231
12694,Victor_12694,Intern,4231
12695,Wendy_12695,Intern,4232
12696,Xander_12696,Intern,4232
12697,Yara_12697,Intern,4232
12698,Zack_12698,Intern,4233
12699,Ava_12699,Intern,4233
12700,Ben_12700,Intern,4233
12701,Chloe_12701,Intern,4234
12702,Dylan_12702,Intern,4234
12703,Ella_12703,Intern,4234
12704,Finn_12704,Intern,4235
12705,Alice_12705,Intern,4235
12706,Bob_12706,Intern,4235
12707,Carol_12707,Intern,4236
12708,Dave_12708,Intern,4236
12709,Eve_12709,Intern,4236
12710,Frank_12710,Intern,4237
12711,Grace_12711,Intern,4237
12712,Hank_12712,Intern,4237
12713,Iris_12713,Intern,4238
12714,Jack_12714,Intern,4238
12715,Karen_12715,Intern,4238
12716,Leo_12716,Intern,4239
12717,Maya_12717,Intern,4239
12718,Nate_12718,Intern,4239
12719,Olivia_12719,Intern,4240
12720,Paul_12720,Intern,4240
12721,Quinn_12721,Intern,4240
12722,Rose_12722,Intern,4241
12723,Sam_12723,Intern,4241
12724,Tina_12724,Intern,4241
12725,Uma_12725,Intern,4242
12726,Victor_12726,Intern,4242
12727,Wendy_12727,Intern,4242
12728,Xander_12728,Intern,4243
12729,Yara_12729,Intern,4243
12730,Zack_12730,Intern,4243
12731,Ava_12731,Intern,4244
12732,Ben_12732,Intern,4244
12733,Chloe_12733,Intern,4244
12734,Dylan_12734,Intern,4245
12735,Ella_12735,Intern,4245
12736,Finn_12736,Intern,4245
12737,Alice_12737,Intern,4246
12738,Bob_12738,Intern,4246
12739,Carol_12739,Intern,4246
12740,Dave_12740,Intern,4247
12741,Eve_12741,Intern,4247
12742,Frank_12742,Intern,4247
12743,Grace_12743,Intern,4248
12744,Hank_12744,Intern,4248
12745,Iris_12745,Intern,4248
12746,Jack_12746,Intern,4249
12747,Karen_12747,Intern,4249
12748,Leo_12748,Intern,4249
12749,Maya_12749,Intern,4250
12750,Nate_12750,Intern,4250
12751,Olivia_12751,Intern,4250
12752,Paul_12752,Intern,4251
12753,Quinn_12753,Intern,4251
12754,Rose_12754,Intern,4251
12755,Sam_12755,Intern,4252
12756,Tina_12756,Intern,4252
12757,Uma_12757,Intern,4252
12758,Victor_12758,Intern,4253
12759,Wendy_12759,Intern,4253
12760,Xander_12760,Intern,4253
12761,Yara_12761,Intern,4254
12762,Zack_12762,Intern,4254
12763,Ava_12763,Intern,4254
12764,Ben_12764,Intern,4255
12765,Chloe_12765,Intern,4255
12766,Dylan_12766,Intern,4255
12767,Ella_12767,Intern,4256
12768,Finn_12768,Intern,4256
12769,Alice_12769,Intern,4256
12770,Bob_12770,Intern,4257
12771,Carol_12771,Intern,4257
12772,Dave_12772,Intern,4257
12773,Eve_12773,Intern,4258
12774,Frank_12774,Intern,4258
12775,Grace_12775,Intern,4258
12776,Hank_12776,Intern,4259
12777,Iris_12777,Intern,4259
12778,Jack_12778,Intern,4259
12779,Karen_12779,Intern,4260
12780,Leo_12780,Intern,4260
12781,Maya_12781,Intern,4260
12782,Nate_12782,Intern,4261
12783,Olivia_12783,Intern,4261
12784,Paul_12784,Intern,4261
12785,Quinn_12785,Intern,4262
12786,Rose_12786,Intern,4262
12787,Sam_12787,Intern,4262
12788,Tina_12788,Intern,4263
12789,Uma_12789,Intern,4263
12790,Victor_12790,Intern,4263
12791,Wendy_12791,Intern,4264
12792,Xander_12792,Intern,4264
12793,Yara_12793,Intern,4264
12794,Zack_12794,Intern,4265
12795,Ava_12795,Intern,4265
12796,Ben_12796,Intern,4265
12797,Chloe_12797,Intern,4266
12798,Dylan_12798,Intern,4266
12799,Ella_12799,Intern,4266
12800,Finn_12800,Intern,4267
12801,Alice_12801,Intern,4267
12802,Bob_12802,Intern,4267
12803,Carol_12803,Intern,4268
12804,Dave_12804,Intern,4268
12805,Eve_12805,Intern,4268
12806,Frank_12806,Intern,4269
12807,Grace_12807,Intern,4269
12808,Hank_12808,Intern,4269
12809,Iris_12809,Intern,4270
12810,Jack_12810,Intern,4270
12811,Karen_12811,Intern,4270
12812,Leo_12812,Intern,4271
12813,Maya_12813,Intern,4271
12814,Nate_12814,Intern,4271
12815,Olivia_12815,Intern,4272
12816,Paul_12816,Intern,4272
12817,Quinn_12817,Intern,4272
12818,Rose_12818,Intern,4273
12819,Sam_12819,Intern,4273
12820,Tina_12820,Intern,4273
12821,Uma_12821,Intern,4274
12822,Victor_12822,Intern,4274
12823,Wendy_12823,Intern,4274
12824,Xander_12824,Intern,4275
12825,Yara_12825,Intern,4275
12826,Zack_12826,Intern,4275
12827,Ava_12827,Intern,4276
12828,Ben_12828,Intern,4276
12829,Chloe_12829,Intern,4276
12830,Dylan_12830,Intern,4277
12831,Ella_12831,Intern,4277
12832,Finn_12832,Intern,4277
12833,Alice_12833,Intern,4278
12834,Bob_12834,Intern,4278
12835,Carol_12835,Intern,4278
12836,Dave_12836,Intern,4279
12837,Eve_12837,Intern,4279
12838,Frank_12838,Intern,4279
12839,Grace_12839,Intern,4280
12840,Hank_12840,Intern,4280
12841,Iris_12841,Intern,4280
12842,Jack_12842,Intern,4281
12843,Karen_12843,Intern,4281
12844,Leo_12844,Intern,4281
12845,Maya_12845,Intern,4282
12846,Nate_12846,Intern,4282
12847,Olivia_12847,Intern,4282
12848,Paul_12848,Intern,4283
12849,Quinn_12849,Intern,4283
12850,Rose_12850,Intern,4283
12851,Sam_12851,Intern,4284
12852,Tina_12852,Intern,4284
12853,Uma_12853,Intern,4284
12854,Victor_12854,Intern,4285
12855,Wendy_12855,Intern,4285
12856,Xander_12856,Intern,4285
12857,Yara_12857,Intern,4286
12858,Zack_12858,Intern,4286
12859,Ava_12859,Intern,4286
12860,Ben_12860,Intern,4287
12861,Chloe_12861,Intern,4287
12862,Dylan_12862,Intern,4287
12863,Ella_12863,Intern,4288
12864,Finn_12864,Intern,4288
12865,Alice_12865,Intern,4288
12866,Bob_12866,Intern,4289
12867,Carol_12867,Intern,4289
12868,Dave_12868,Intern,4289
12869,Eve_12869,Intern,4290
12870,Frank_12870,Intern,4290
12871,Grace_12871,Intern,4290
12872,Hank_12872,Intern,4291
12873,Iris_12873,Intern,4291
12874,Jack_12874,Intern,4291
12875,Karen_12875,Intern,4292
12876,Leo_12876,Intern,4292
12877,Maya_12877,Intern,4292
12878,Nate_12878,Intern,4293
12879,Olivia_12879,Intern,4293
12880,Paul_12880,Intern,4293
12881,Quinn_12881,Intern,4294
12882,Rose_12882,Intern,4294
12883,Sam_12883,Intern,4294
12884,Tina_12884,Intern,4295
12885,Uma_12885,Intern,4295
12886,Victor_12886,Intern,4295
12887,Wendy_12887,Intern,4296
12888,Xander_12888,Intern,4296
12889,Yara_12889,Intern,4296
12890,Zack_12890,Intern,4297
12891,Ava_12891,Intern,4297
12892,Ben_12892,Intern,4297
12893,Chloe_12893,Intern,4298
12894,Dylan_12894,Intern,4298
12895,Ella_12895,Intern,4298
12896,Finn_12896,Intern,4299
12897,Alice_12897,Intern,4299
12898,Bob_12898,Intern,4299
12899,Carol_12899,Intern,4300
12900,Dave_12900,Intern,4300
12901,Eve_12901,Intern,4300
12902,Frank_12902,Intern,4301
12903,Grace_12903,Intern,4301
12904,Hank_12904,Intern,4301
12905,Iris_12905,Intern,4302
12906,Jack_12906,Intern,4302
12907,Karen_12907,Intern,4302
12908,Leo_12908,Intern,4303
12909,Maya_12909,Intern,4303
12910,Nate_12910,Intern,4303
12911,Olivia_12911,Intern,4304
12912,Paul_12912,Intern,4304
12913,Quinn_12913,Intern,4304
12914,Rose_12914,Intern,4305
12915,Sam_12915,Intern,4305
12916,Tina_12916,Intern,4305
12917,Uma_12917,Intern,4306
12918,Victor_12918,Intern,4306
12919,Wendy_12919,Intern,4306
12920,Xander_12920,Intern,4307
12921,Yara_12921,Intern,4307
12922,Zack_12922,Intern,4307
12923,Ava_12923,Intern,4308
12924,Ben_12924,Intern,4308
12925,Chloe_12925,Intern,4308
12926,Dylan_12926,Intern,4309
12927,Ella_12927,Intern,4309
12928,Finn_12928,Intern,4309
12929,Alice_12929,Intern,4310
12930,Bob_12930,Intern,4310
12931,Carol_12931,Intern,4310
12932,Dave_12932,Intern,4311
12933,Eve_12933,Intern,4311
12934,Frank_12934,Intern,4311
12935,Grace_12935,Intern,4312
12936,Hank_12936,Intern,4312
12937,Iris_12937,Intern,4312
12938,Jack_12938,Intern,4313
12939,Karen_12939,Intern,4313
12940,Leo_12940,Intern,4313
12941,Maya_12941,Intern,4314
12942,Nate_12942,Intern,4314
12943,Olivia_12943,Intern,4314
12944,Paul_12944,Intern,4315
12945,Quinn_12945,Intern,4315
12946,Rose_12946,Intern,4315
12947,Sam_12947,Intern,4316
12948,Tina_12948,Intern,4316
12949,Uma_12949,Intern,4316
12950,Victor_12950,Intern,4317
12951,Wendy_12951,Intern,4317
12952,Xander_12952,Intern,4317
12953,Yara_12953,Intern,4318
12954,Zack_12954,Intern,4318
12955,Ava_12955,Intern,4318
12956,Ben_12956,Intern,4319
12957,Chloe_12957,Intern,4319
12958,Dylan_12958,Intern,4319
12959,Ella_12959,Intern,4320
12960,Finn_12960,Intern,4320
12961,Alice_12961,Intern,4320
12962,Bob_12962,Intern,4321
12963,Carol_12963,Intern,4321
12964,Dave_12964,Intern,4321
12965,Eve_12965,Intern,4322
12966,Frank_12966,Intern,4322
12967,Grace_12967,Intern,4322
12968,Hank_12968,Intern,4323
12969,Iris_12969,Intern,4323
12970,Jack_12970,Intern,4323
12971,Karen_12971,Intern,4324
12972,Leo_12972,Intern,4324
12973,Maya_12973,Intern,4324
12974,Nate_12974,Intern,4325
12975,Olivia_12975,Intern,4325
12976,Paul_12976,Intern,4325
12977,Quinn_12977,Intern,4326
12978,Rose_12978,Intern,4326
12979,Sam_12979,Intern,4326
12980,Tina_12980,Intern,4327
12981,Uma_12981,Intern,4327
12982,Victor_12982,Intern,4327
12983,Wendy_12983,Intern,4328
12984,Xander_12984,Intern,4328
12985,Yara_12985,Intern,4328
12986,Zack_12986,Intern,4329
12987,Ava_12987,Intern,4329
12988,Ben_12988,Intern,4329
12989,Chloe_12989,Intern,4330
12990,Dylan_12990,Intern,4330
12991,Ella_12991,Intern,4330
12992,Finn_12992,Intern,4331
12993,Alice_12993,Intern,4331
12994,Bob_12994,Intern,4331
12995,Carol_12995,Intern,4332
12996,Dave_12996,Intern,4332
12997,Eve_12997,Intern,4332
12998,Frank_12998,Intern,4333
12999,Grace_12999,Intern,4333
13000,Hank_13000,Intern,4333
13001,Iris_13001,Intern,4334
13002,Jack_13002,Intern,4334
13003,Karen_13003,Intern,4334
13004,Leo_13004,Intern,4335
13005,Maya_13005,Intern,4335
13006,Nate_13006,Intern,4335
13007,Olivia_13007,Intern,4336
13008,Paul_13008,Intern,4336
13009,Quinn_13009,Intern,4336
13010,Rose_13010,Intern,4337
13011,Sam_13011,Intern,4337
13012,Tina_13012,Intern,4337
13013,Uma_13013,Intern,4338
13014,Victor_13014,Intern,4338
13015,Wendy_13015,Intern,4338
13016,Xander_13016,Intern,4339
13017,Yara_13017,Intern,4339
13018,Zack_13018,Intern,4339
13019,Ava_13019,Intern,4340
13020,Ben_13020,Intern,4340
13021,Chloe_13021,Intern,4340
13022,Dylan_13022,Intern,4341
13023,Ella_13023,Intern,4341
13024,Finn_13024,Intern,4341
13025,Alice_13025,Intern,4342
13026,Bob_13026,Intern,4342
13027,Carol_13027,Intern,4342
13028,Dave_13028,Intern,4343
13029,Eve_13029,Intern,4343
13030,Frank_13030,Intern,4343
13031,Grace_13031,Intern,4344
13032,Hank_13032,Intern,4344
13033,Iris_13033,Intern,4344
13034,Jack_13034,Intern,4345
13035,Karen_13035,Intern,4345
13036,Leo_13036,Intern,4345
13037,Maya_13037,Intern,4346
13038,Nate_13038,Intern,4346
13039,Olivia_13039,Intern,4346
13040,Paul_13040,Intern,4347
13041,Quinn_13041,Intern,4347
13042,Rose_13042,Intern,4347
13043,Sam_13043,Intern,4348
13044,Tina_13044,Intern,4348
13045,Uma_13045,Intern,4348
13046,Victor_13046,Intern,4349
13047,Wendy_13047,Intern,4349
13048,Xander_13048,Intern,4349
13049,Yara_13049,Intern,4350
13050,Zack_13050,Intern,4350
13051,Ava_13051,Intern,4350
13052,Ben_13052,Intern,4351
13053,Chloe_13053,Intern,4351
13054,Dylan_13054,Intern,4351
13055,Ella_13055,Intern,4352
13056,Finn_13056,Intern,4352
13057,Alice_13057,Intern,4352
13058,Bob_13058,Intern,4353
13059,Carol_13059,Intern,4353
13060,Dave_13060,Intern,4353
13061,Eve_13061,Intern,4354
13062,Frank_13062,Intern,4354
13063,Grace_13063,Intern,4354
13064,Hank_13064,Intern,4355
13065,Iris_13065,Intern,4355
13066,Jack_13066,Intern,4355
13067,Karen_13067,Intern,4356
13068,Leo_13068,Intern,4356
13069,Maya_13069,Intern,4356
13070,Nate_13070,Intern,4357
13071,Olivia_13071,Intern,4357
13072,Paul_13072,Intern,4357
13073,Quinn_13073,Intern,4358
13074,Rose_13074,Intern,4358
13075,Sam_13075,Intern,4358
13076,Tina_13076,Intern,4359
13077,Uma_13077,Intern,4359
13078,Victor_13078,Intern,4359
13079,Wendy_13079,Intern,4360
13080,Xander_13080,Intern,4360
13081,Yara_13081,Intern,4360
13082,Zack_13082,Intern,4361
13083,Ava_13083,Intern,4361
13084,Ben_13084,Intern,4361
13085,Chloe_13085,Intern,4362
13086,Dylan_13086,Intern,4362
13087,Ella_13087,Intern,4362
13088,Finn_13088,Intern,4363
13089,Alice_13089,Intern,4363
13090,Bob_13090,Intern,4363
13091,Carol_13091,Intern,4364
13092,Dave_13092,Intern,4364
13093,Eve_13093,Intern,4364
13094,Frank_13094,Intern,4365
13095,Grace_13095,Intern,4365
13096,Hank_13096,Intern,4365
13097,Iris_13097,Intern,4366
13098,Jack_13098,Intern,4366
13099,Karen_13099,Intern,4366
13100,Leo_13100,Intern,4367
13101,Maya_13101,Intern,4367
13102,Nate_13102,Intern,4367
13103,Olivia_13103,Intern,4368
13104,Paul_13104,Intern,4368
13105,Quinn_13105,Intern,4368
13106,Rose_13106,Intern,4369
13107,Sam_13107,Intern,4369
13108,Tina_13108,Intern,4369
13109,Uma_13109,Intern,4370
13110,Victor_13110,Intern,4370
13111,Wendy_13111,Intern,4370
13112,Xander_13112,Intern,4371
13113,Yara_13113,Intern,4371
13114,Zack_13114,Intern,4371
13115,Ava_13115,Intern,4372
13116,Ben_13116,Intern,4372
13117,Chloe_13117,Intern,4372
13118,Dylan_13118,Intern,4373
13119,Ella_13119,Intern,4373
13120,Finn_13120,Intern,4373
13121,Alice_13121,Intern,4374
13122,Bob_13122,Intern,4374
13123,Carol_13123,Intern,4374
13124,Dave_13124,Intern,4375
13125,Eve_13125,Intern,4375
13126,Frank_13126,Intern,4375
13127,Grace_13127,Intern,4376
13128,Hank_13128,Intern,4376
13129,Iris_13129,Intern,4376
13130,Jack_13130,Intern,4377
13131,Karen_13131,Intern,4377
13132,Leo_13132,Intern,4377
13133,Maya_13133,Intern,4378
13134,Nate_13134,Intern,4378
13135,Olivia_13135,Intern,4378
13136,Paul_13136,Intern,4379
13137,Quinn_13137,Intern,4379
13138,Rose_13138,Intern,4379
13139,Sam_13139,Intern,4380
13140,Tina_13140,Intern,4380
13141,Uma_13141,Intern,4380
13142,Victor_13142,Intern,4381
13143,Wendy_13143,Intern,4381
13144,Xander_13144,Intern,4381
13145,Yara_13145,Intern,4382
13146,Zack_13146,Intern,4382
13147,Ava_13147,Intern,4382
13148,Ben_13148,Intern,4383
13149,Chloe_13149,Intern,4383
13150,Dylan_13150,Intern,4383
13151,Ella_13151,Intern,4384
13152,Finn_13152,Intern,4384
13153,Alice_13153,Intern,4384
13154,Bob_13154,Intern,4385
13155,Carol_13155,Intern,4385
13156,Dave_13156,Intern,4385
13157,Eve_13157,Intern,4386
13158,Frank_13158,Intern,4386
13159,Grace_13159,Intern,4386
13160,Hank_13160,Intern,4387
13161,Iris_13161,Intern,4387
13162,Jack_13162,Intern,4387
13163,Karen_13163,Intern,4388
13164,Leo_13164,Intern,4388
13165,Maya_13165,Intern,4388
13166,Nate_13166,Intern,4389
13167,Olivia_13167,Intern,4389
13168,Paul_13168,Intern,4389
13169,Quinn_13169,Intern,4390
13170,Rose_13170,Intern,4390
13171,Sam_13171,Intern,4390
13172,Tina_13172,Intern,4391
13173,Uma_13173,Intern,4391
13174,Victor_13174,Intern,4391
13175,Wendy_13175,Intern,4392
13176,Xander_13176,Intern,4392
13177,Yara_13177,Intern,4392
13178,Zack_13178,Intern,4393
13179,Ava_13179,Intern,4393
13180,Ben_13180,Intern,4393
13181,Chloe_13181,Intern,4394
13182,Dylan_13182,Intern,4394
13183,Ella_13183,Intern,4394
13184,Finn_13184,Intern,4395
13185,Alice_13185,Intern,4395
13186,Bob_13186,Intern,4395
13187,Carol_13187,Intern,4396
13188,Dave_13188,Intern,4396
13189,Eve_13189,Intern,4396
13190,Frank_13190,Intern,4397
13191,Grace_13191,Intern,4397
13192,Hank_13192,Intern,4397
13193,Iris_13193,Intern,4398
13194,Jack_13194,Intern,4398
13195,Karen_13195,Intern,4398
13196,Leo_13196,Intern,4399
13197,Maya_13197,Intern,4399
13198,Nate_13198,Intern,4399
13199,Olivia_13199,Intern,4400
13200,Paul_13200,Intern,4400
13201,Quinn_13201,Intern,4400
13202,Rose_13202,Intern,4401
13203,Sam_13203,Intern,4401
13204,Tina_13204,Intern,4401
13205,Uma_13205,Intern,4402
13206,Victor_13206,Intern,4402
13207,Wendy_13207,Intern,4402
13208,Xander_13208,Intern,4403
13209,Yara_13209,Intern,4403
13210,Zack_13210,Intern,4403
13211,Ava_13211,Intern,4404
13212,Ben_13212,Intern,4404
13213,Chloe_13213,Intern,4404
13214,Dylan_13214,Intern,4405
13215,Ella_13215,Intern,4405
13216,Finn_13216,Intern,4405
13217,Alice_13217,Intern,4406
13218,Bob_13218,Intern,4406
13219,Carol_13219,Intern,4406
13220,Dave_13220,Intern,4407
13221,Eve_13221,Intern,4407
13222,Frank_13222,Intern,4407
13223,Grace_13223,Intern,4408
13224,Hank_13224,Intern,4408
13225,Iris_13225,Intern,4408
13226,Jack_13226,Intern,4409
13227,Karen_13227,Intern,4409
13228,Leo_13228,Intern,4409
13229,Maya_13229,Intern,4410
13230,Nate_13230,Intern,4410
13231,Olivia_13231,Intern,4410
13232,Paul_13232,Intern,4411
13233,Quinn_13233,Intern,4411
13234,Rose_13234,Intern,4411
13235,Sam_13235,Intern,4412
13236,Tina_13236,Intern,4412
13237,Uma_13237,Intern,4412
13238,Victor_13238,Intern,4413
13239,Wendy_13239,Intern,4413
13240,Xander_13240,Intern,4413
13241,Yara_13241,Intern,4414
13242,Zack_13242,Intern,4414
13243,Ava_13243,Intern,4414
13244,Ben_13244,Intern,4415
13245,Chloe_13245,Intern,4415
13246,Dylan_13246,Intern,4415
13247,Ella_13247,Intern,4416
13248,Finn_13248,Intern,4416
13249,Alice_13249,Intern,4416
13250,Bob_13250,Intern,4417
13251,Carol_13251,Intern,4417
13252,Dave_13252,Intern,4417
13253,Eve_13253,Intern,4418
13254,Frank_13254,Intern,4418
13255,Grace_13255,Intern,4418
13256,Hank_13256,Intern,4419
13257,Iris_13257,Intern,4419
13258,Jack_13258,Intern,4419
13259,Karen_13259,Intern,4420
13260,Leo_13260,Intern,4420
13261,Maya_13261,Intern,4420
13262,Nate_13262,Intern,4421
13263,Olivia_13263,Intern,4421
13264,Paul_13264,Intern,4421
13265,Quinn_13265,Intern,4422
13266,Rose_13266,Intern,4422
13267,Sam_13267,Intern,4422
13268,Tina_13268,Intern,4423
13269,Uma_13269,Intern,4423
13270,Victor_13270,Intern,4423
13271,Wendy_13271,Intern,4424
13272,Xander_13272,Intern,4424
13273,Yara_13273,Intern,4424
13274,Zack_13274,Intern,4425
13275,Ava_13275,Intern,4425
13276,Ben_13276,Intern,4425
13277,Chloe_13277,Intern,4426
13278,Dylan_13278,Intern,4426
13279,Ella_13279,Intern,4426
13280,Finn_13280,Intern,4427
13281,Alice_13281,Intern,4427
13282,Bob_13282,Intern,4427
13283,Carol_13283,Intern,4428
13284,Dave_13284,Intern,4428
13285,Eve_13285,Intern,4428
13286,Frank_13286,Intern,4429
13287,Grace_13287,Intern,4429
13288,Hank_13288,Intern,4429
13289,Iris_13289,Intern,4430
13290,Jack_13290,Intern,4430
13291,Karen_13291,Intern,4430
13292,Leo_13292,Intern,4431
13293,Maya_13293,Intern,4431
13294,Nate_13294,Intern,4431
13295,Olivia_13295,Intern,4432
13296,Paul_13296,Intern,4432
13297,Quinn_13297,Intern,4432
13298,Rose_13298,Intern,4433
13299,Sam_13299,Intern,4433
13300,Tina_13300,Intern,4433
13301,Uma_13301,Intern,4434
13302,Victor_13302,Intern,4434
13303,Wendy_13303,Intern,4434
13304,Xander_13304,Intern,4435
13305,Yara_13305,Intern,4435
13306,Zack_13306,Intern,4435
13307,Ava_13307,Intern,4436
13308,Ben_13308,Intern,4436
13309,Chloe_13309,Intern,4436
13310,Dylan_13310,Intern,4437
13311,Ella_13311,Intern,4437
13312,Finn_13312,Intern,4437
13313,Alice_13313,Intern,4438
13314,Bob_13314,Intern,4438
13315,Carol_13315,Intern,4438
13316,Dave_13316,Intern,4439
13317,Eve_13317,Intern,4439
13318,Frank_13318,Intern,4439
13319,Grace_13319,Intern,4440
13320,Hank_13320,Intern,4440
13321,Iris_13321,Intern,4440
13322,Jack_13322,Intern,4441
13323,Karen_13323,Intern,4441
13324,Leo_13324,Intern,4441
13325,Maya_13325,Intern,4442
13326,Nate_13326,Intern,4442
13327,Olivia_13327,Intern,4442
13328,Paul_13328,Intern,4443
13329,Quinn_13329,Intern,4443
13330,Rose_13330,Intern,4443
13331,Sam_13331,Intern,4444
13332,Tina_13332,Intern,4444
13333,Uma_13333,Intern,4444
13334,Victor_13334,Intern,4445
13335,Wendy_13335,Intern,4445
13336,Xander_13336,Intern,4445
13337,Yara_13337,Intern,4446
13338,Zack_13338,Intern,4446
13339,Ava_13339,Intern,4446
13340,Ben_13340,Intern,4447
13341,Chloe_13341,Intern,4447
13342,Dylan_13342,Intern,4447
13343,Ella_13343,Intern,4448
13344,Finn_13344,Intern,4448
13345,Alice_13345,Intern,4448
13346,Bob_13346,Intern,4449
13347,Carol_13347,Intern,4449
13348,Dave_13348,Intern,4449
13349,Eve_13349,Intern,4450
13350,Frank_13350,Intern,4450
13351,Grace_13351,Intern,4450
13352,Hank_13352,Intern,4451
13353,Iris_13353,Intern,4451
13354,Jack_13354,Intern,4451
13355,Karen_13355,Intern,4452
13356,Leo_13356,Intern,4452
13357,Maya_13357,Intern,4452
13358,Nate_13358,Intern,4453
13359,Olivia_13359,Intern,4453
13360,Paul_13360,Intern,4453
13361,Quinn_13361,Intern,4454
13362,Rose_13362,Intern,4454
13363,Sam_13363,Intern,4454
13364,Tina_13364,Intern,4455
13365,Uma_13365,Intern,4455
13366,Victor_13366,Intern,4455
13367,Wendy_13367,Intern,4456
13368,Xander_13368,Intern,4456
13369,Yara_13369,Intern,4456
13370,Zack_13370,Intern,4457
13371,Ava_13371,Intern,4457
13372,Ben_13372,Intern,4457
13373,Chloe_13373,Intern,4458
13374,Dylan_13374,Intern,4458
13375,Ella_13375,Intern,4458
13376,Finn_13376,Intern,4459
13377,Alice_13377,Intern,4459
13378,Bob_13378,Intern,4459
13379,Carol_13379,Intern,4460
13380,Dave_13380,Intern,4460
13381,Eve_13381,Intern,4460
13382,Frank_13382,Intern,4461
13383,Grace_13383,Intern,4461
13384,Hank_13384,Intern,4461
13385,Iris_13385,Intern,4462
13386,Jack_13386,Intern,4462
13387,Karen_13387,Intern,4462
13388,Leo_13388,Intern,4463
13389,Maya_13389,Intern,4463
13390,Nate_13390,Intern,4463
13391,Olivia_13391,Intern,4464
13392,Paul_13392,Intern,4464
13393,Quinn_13393,Intern,4464
13394,Rose_13394,Intern,4465
13395,Sam_13395,Intern,4465
13396,Tina_13396,Intern,4465
13397,Uma_13397,Intern,4466
13398,Victor_13398,Intern,4466
13399,Wendy_13399,Intern,4466
13400,Xander_13400,Intern,4467
13401,Yara_13401,Intern,4467
13402,Zack_13402,Intern,4467
13403,Ava_13403,Intern,4468
13404,Ben_13404,Intern,4468
13405,Chloe_13405,Intern,4468
13406,Dylan_13406,Intern,4469
13407,Ella_13407,Intern,4469
13408,Finn_13408,Intern,4469
13409,Alice_13409,Intern,4470
13410,Bob_13410,Intern,4470
13411,Carol_13411,Intern,4470
13412,Dave_13412,Intern,4471
13413,Eve_13413,Intern,4471
13414,Frank_13414,Intern,4471
13415,Grace_13415,Intern,4472
13416,Hank_13416,Intern,4472
13417,Iris_13417,Intern,4472
13418,Jack_13418,Intern,4473
13419,Karen_13419,Intern,4473
13420,Leo_13420,Intern,4473
13421,Maya_13421,Intern,4474
13422,Nate_13422,Intern,4474
13423,Olivia_13423,Intern,4474
13424,Paul_13424,Intern,4475
13425,Quinn_13425,Intern,4475
13426,Rose_13426,Intern,4475
13427,Sam_13427,Intern,4476
13428,Tina_13428,Intern,4476
13429,Uma_13429,Intern,4476
13430,Victor_13430,Intern,4477
13431,Wendy_13431,Intern,4477
13432,Xander_13432,Intern,4477
13433,Yara_13433,Intern,4478
13434,Zack_13434,Intern,4478
13435,Ava_13435,Intern,4478
13436,Ben_13436,Intern,4479
13437,Chloe_13437,Intern,4479
13438,Dylan_13438,Intern,4479
13439,Ella_13439,Intern,4480
13440,Finn_13440,Intern,4480
13441,Alice_13441,Intern,4480
13442,Bob_13442,Intern,4481
13443,Carol_13443,Intern,4481
13444,Dave_13444,Intern,4481
13445,Eve_13445,Intern,4482
13446,Frank_13446,Intern,4482
13447,Grace_13447,Intern,4482
13448,Hank_13448,Intern,4483
13449,Iris_13449,Intern,4483
13450,Jack_13450,Intern,4483
13451,Karen_13451,Intern,4484
13452,Leo_13452,Intern,4484
13453,Maya_13453,Intern,4484
13454,Nate_13454,Intern,4485
13455,Olivia_13455,Intern,4485
13456,Paul_13456,Intern,4485
13457,Quinn_13457,Intern,4486
13458,Rose_13458,Intern,4486
13459,Sam_13459,Intern,4486
13460,Tina_13460,Intern,4487
13461,Uma_13461,Intern,4487
13462,Victor_13462,Intern,4487
13463,Wendy_13463,Intern,4488
13464,Xander_13464,Intern,4488
13465,Yara_13465,Intern,4488
13466,Zack_13466,Intern,4489
13467,Ava_13467,Intern,4489
13468,Ben_13468,Intern,4489
13469,Chloe_13469,Intern,4490
13470,Dylan_13470,Intern,4490
13471,Ella_13471,Intern,4490
13472,Finn_13472,Intern,4491
13473,Alice_13473,Intern,4491
13474,Bob_13474,Intern,4491
13475,Carol_13475,Intern,4492
13476,Dave_13476,Intern,4492
13477,Eve_13477,Intern,4492
13478,Frank_13478,Intern,4493
13479,Grace_13479,Intern,4493
13480,Hank_13480,Intern,4493
13481,Iris_13481,Intern,4494
13482,Jack_13482,Intern,4494
13483,Karen_13483,Intern,4494
13484,Leo_13484,Intern,4495
13485,Maya_13485,Intern,4495
13486,Nate_13486,Intern,4495
13487,Olivia_13487,Intern,4496
13488,Paul_13488,Intern,4496
13489,Quinn_13489,Intern,4496
13490,Rose_13490,Intern,4497
13491,Sam_13491,Intern,4497
13492,Tina_13492,Intern,4497
13493,Uma_13493,Intern,4498
13494,Victor_13494,Intern,4498
13495,Wendy_13495,Intern,4498
13496,Xander_13496,Intern,4499
13497,Yara_13497,Intern,4499
13498,Zack_13498,Intern,4499
13499,Ava_13499,Intern,4500
13500,Ben_13500,Intern,4500
13501,Chloe_13501,Intern,4500
13502,Dylan_13502,Intern,4501
13503,Ella_13503,Intern,4501
13504,Finn_13504,Intern,4501
13505,Alice_13505,Intern,4502
13506,Bob_13506,Intern,4502
13507,Carol_13507,Intern,4502
13508,Dave_13508,Intern,4503
13509,Eve_13509,Intern,4503
13510,Frank_13510,Intern,4503
13511,Grace_13511,Intern,4504
13512,Hank_13512,Intern,4504
13513,Iris_13513,Intern,4504
13514,Jack_13514,Intern,4505
13515,Karen_13515,Intern,4505
13516,Leo_13516,Intern,4505
13517,Maya_13517,Intern,4506
13518,Nate_13518,Intern,4506
13519,Olivia_13519,Intern,4506
13520,Paul_13520,Intern,4507
13521,Quinn_13521,Intern,4507
13522,Rose_13522,Intern,4507
13523,Sam_13523,Intern,4508
13524,Tina_13524,Intern,4508
13525,Uma_13525,Intern,4508
13526,Victor_13526,Intern,4509
13527,Wendy_13527,Intern,4509
13528,Xander_13528,Intern,4509
13529,Yara_13529,Intern,4510
13530,Zack_13530,Intern,4510
13531,Ava_13531,Intern,4510
13532,Ben_13532,Intern,4511
13533,Chloe_13533,Intern,4511
13534,Dylan_13534,Intern,4511
13535,Ella_13535,Intern,4512
13536,Finn_13536,Intern,4512
13537,Alice_13537,Intern,4512
13538,Bob_13538,Intern,4513
13539,Carol_13539,Intern,4513
13540,Dave_13540,Intern,4513
13541,Eve_13541,Intern,4514
13542,Frank_13542,Intern,4514
13543,Grace_13543,Intern,4514
13544,Hank_13544,Intern,4515
13545,Iris_13545,Intern,4515
13546,Jack_13546,Intern,4515
13547,Karen_13547,Intern,4516
13548,Leo_13548,Intern,4516
13549,Maya_13549,Intern,4516
13550,Nate_13550,Intern,4517
13551,Olivia_13551,Intern,4517
13552,Paul_13552,Intern,4517
13553,Quinn_13553,Intern,4518
13554,Rose_13554,Intern,4518
13555,Sam_13555,Intern,4518
13556,Tina_13556,Intern,4519
13557,Uma_13557,Intern,4519
13558,Victor_13558,Intern,4519
13559,Wendy_13559,Intern,4520
13560,Xander_13560,Intern,4520
13561,Yara_13561,Intern,4520
13562,Zack_13562,Intern,4521
13563,Ava_13563,Intern,4521
13564,Ben_13564,Intern,4521
13565,Chloe_13565,Intern,4522
13566,Dylan_13566,Intern,4522
13567,Ella_13567,Intern,4522
13568,Finn_13568,Intern,4523
13569,Alice_13569,Intern,4523
13570,Bob_13570,Intern,4523
13571,Carol_13571,Intern,4524
13572,Dave_13572,Intern,4524
13573,Eve_13573,Intern,4524
13574,Frank_13574,Intern,4525
13575,Grace_13575,Intern,4525
13576,Hank_13576,Intern,4525
13577,Iris_13577,Intern,4526
13578,Jack_13578,Intern,4526
13579,Karen_13579,Intern,4526
13580,Leo_13580,Intern,4527
13581,Maya_13581,Intern,4527
13582,Nate_13582,Intern,4527
13583,Olivia_13583,Intern,4528
13584,Paul_13584,Intern,4528
13585,Quinn_13585,Intern,4528
13586,Rose_13586,Intern,4529
13587,Sam_13587,Intern,4529
13588,Tina_13588,Intern,4529
13589,Uma_13589,Intern,4530
13590,Victor_13590,Intern,4530
13591,Wendy_13591,Intern,4530
13592,Xander_13592,Intern,4531
13593,Yara_13593,Intern,4531
13594,Zack_13594,Intern,4531
13595,Ava_13595,Intern,4532
13596,Ben_13596,Intern,4532
13597,Chloe_13597,Intern,4532
13598,Dylan_13598,Intern,4533
13599,Ella_13599,Intern,4533
13600,Finn_13600,Intern,4533
13601,Alice_13601,Intern,4534
13602,Bob_13602,Intern,4534
13603,Carol_13603,Intern,4534
13604,Dave_13604,Intern,4535
13605,Eve_13605,Intern,4535
13606,Frank_13606,Intern,4535
13607,Grace_13607,Intern,4536
13608,Hank_13608,Intern,4536
13609,Iris_13609,Intern,4536
13610,Jack_13610,Intern,4537
13611,Karen_13611,Intern,4537
13612,Leo_13612,Intern,4537
13613,Maya_13613,Intern,4538
13614,Nate_13614,Intern,4538
13615,Olivia_13615,Intern,4538
13616,Paul_13616,Intern,4539
13617,Quinn_13617,Intern,4539
13618,Rose_13618,Intern,4539
13619,Sam_13619,Intern,4540
13620,Tina_13620,Intern,4540
13621,Uma_13621,Intern,4540
13622,Victor_13622,Intern,4541
13623,Wendy_13623,Intern,4541
13624,Xander_13624,Intern,4541
13625,Yara_13625,Intern,4542
13626,Zack_13626,Intern,4542
13627,Ava_13627,Intern,4542
13628,Ben_13628,Intern,4543
13629,Chloe_13629,Intern,4543
13630,Dylan_13630,Intern,4543
13631,Ella_13631,Intern,4544
13632,Finn_13632,Intern,4544
13633,Alice_13633,Intern,4544
13634,Bob_13634,Intern,4545
13635,Carol_13635,Intern,4545
13636,Dave_13636,Intern,4545
13637,Eve_13637,Intern,4546
13638,Frank_13638,Intern,4546
13639,Grace_13639,Intern,4546
13640,Hank_13640,Intern,4547
13641,Iris_13641,Intern,4547
13642,Jack_13642,Intern,4547
13643,Karen_13643,Intern,4548
13644,Leo_13644,Intern,4548
13645,Maya_13645,Intern,4548
13646,Nate_13646,Intern,4549
13647,Olivia_13647,Intern,4549
13648,Paul_13648,Intern,4549
13649,Quinn_13649,Intern,4550
13650,Rose_13650,Intern,4550
13651,Sam_13651,Intern,4550
13652,Tina_13652,Intern,4551
13653,Uma_13653,Intern,4551
13654,Victor_13654,Intern,4551
13655,Wendy_13655,Intern,4552
13656,Xander_13656,Intern,4552
13657,Yara_13657,Intern,4552
13658,Zack_13658,Intern,4553
13659,Ava_13659,Intern,4553
13660,Ben_13660,Intern,4553
13661,Chloe_13661,Intern,4554
13662,Dylan_13662,Intern,4554
13663,Ella_13663,Intern,4554
13664,Finn_13664,Intern,4555
13665,Alice_13665,Intern,4555
13666,Bob_13666,Intern,4555
13667,Carol_13667,Intern,4556
13668,Dave_13668,Intern,4556
13669,Eve_13669,Intern,4556
13670,Frank_13670,Intern,4557
13671,Grace_13671,Intern,4557
13672,Hank_13672,Intern,4557
13673,Iris_13673,Intern,4558
13674,Jack_13674,Intern,4558
13675,Karen_13675,Intern,4558
13676,Leo_13676,Intern,4559
13677,Maya_13677,Intern,4559
13678,Nate_13678,Intern,4559
13679,Olivia_13679,Intern,4560
13680,Paul_13680,Intern,4560
13681,Quinn_13681,Intern,4560
13682,Rose_13682,Intern,4561
13683,Sam_13683,Intern,4561
13684,Tina_13684,Intern,4561
13685,Uma_13685,Intern,4562
13686,Victor_13686,Intern,4562
13687,Wendy_13687,Intern,4562
13688,Xander_13688,Intern,4563
13689,Yara_13689,Intern,4563
13690,Zack_13690,Intern,4563
13691,Ava_13691,Intern,4564
13692,Ben_13692,Intern,4564
13693,Chloe_13693,Intern,4564
13694,Dylan_13694,Intern,4565
13695,Ella_13695,Intern,4565
13696,Finn_13696,Intern,4565
13697,Alice_13697,Intern,4566
13698,Bob_13698,Intern,4566
13699,Carol_13699,Intern,4566
13700,Dave_13700,Intern,4567
13701,Eve_13701,Intern,4567
13702,Frank_13702,Intern,4567
13703,Grace_13703,Intern,4568
13704,Hank_13704,Intern,4568
13705,Iris_13705,Intern,4568
13706,Jack_13706,Intern,4569
13707,Karen_13707,Intern,4569
13708,Leo_13708,Intern,4569
13709,Maya_13709,Intern,4570
13710,Nate_13710,Intern,4570
13711,Olivia_13711,Intern,4570
13712,Paul_13712,Intern,4571
13713,Quinn_13713,Intern,4571
13714,Rose_13714,Intern,4571
13715,Sam_13715,Intern,4572
13716,Tina_13716,Intern,4572
13717,Uma_13717,Intern,4572
13718,Victor_13718,Intern,4573
13719,Wendy_13719,Intern,4573
13720,Xander_13720,Intern,4573
13721,Yara_13721,Intern,4574
13722,Zack_13722,Intern,4574
13723,Ava_13723,Intern,4574
13724,Ben_13724,Intern,4575
13725,Chloe_13725,Intern,4575
13726,Dylan_13726,Intern,4575
13727,Ella_13727,Intern,4576
13728,Finn_13728,Intern,4576
13729,Alice_13729,Intern,4576
13730,Bob_13730,Intern,4577
13731,Carol_13731,Intern,4577
13732,Dave_13732,Intern,4577
13733,Eve_13733,Intern,4578
13734,Frank_13734,Intern,4578
13735,Grace_13735,Intern,4578
13736,Hank_13736,Intern,4579
13737,Iris_13737,Intern,4579
13738,Jack_13738,Intern,4579
13739,Karen_13739,Intern,4580
13740,Leo_13740,Intern,4580
13741,Maya_13741,Intern,4580
13742,Nate_13742,Intern,4581
13743,Olivia_13743,Intern,4581
13744,Paul_13744,Intern,4581
13745,Quinn_13745,Intern,4582
13746,Rose_13746,Intern,4582
13747,Sam_13747,Intern,4582
13748,Tina_13748,Intern,4583
13749,Uma_13749,Intern,4583
13750,Victor_13750,Intern,4583
13751,Wendy_13751,Intern,4584
13752,Xander_13752,Intern,4584
13753,Yara_13753,Intern,4584
13754,Zack_13754,Intern,4585
13755,Ava_13755,Intern,4585
13756,Ben_13756,Intern,4585
13757,Chloe_13757,Intern,4586
13758,Dylan_13758,Intern,4586
13759,Ella_13759,Intern,4586
13760,Finn_13760,Intern,4587
13761,Alice_13761,Intern,4587
13762,Bob_13762,Intern,4587
13763,Carol_13763,Intern,4588
13764,Dave_13764,Intern,4588
13765,Eve_13765,Intern,4588
13766,Frank_13766,Intern,4589
13767,Grace_13767,Intern,4589
13768,Hank_13768,Intern,4589
13769,Iris_13769,Intern,4590
13770,Jack_13770,Intern,4590
13771,Karen_13771,Intern,4590
13772,Leo_13772,Intern,4591
13773,Maya_13773,Intern,4591
13774,Nate_13774,Intern,4591
13775,Olivia_13775,Intern,4592
13776,Paul_13776,Intern,4592
13777,Quinn_13777,Intern,4592
13778,Rose_13778,Intern,4593
13779,Sam_13779,Intern,4593
13780,Tina_13780,Intern,4593
13781,Uma_13781,Intern,4594
13782,Victor_13782,Intern,4594
13783,Wendy_13783,Intern,4594
13784,Xander_13784,Intern,4595
13785,Yara_13785,Intern,4595
13786,Zack_13786,Intern,4595
13787,Ava_13787,Intern,4596
13788,Ben_13788,Intern,4596
13789,Chloe_13789,Intern,4596
13790,Dylan_13790,Intern,4597
13791,Ella_13791,Intern,4597
13792,Finn_13792,Intern,4597
13793,Alice_13793,Intern,4598
13794,Bob_13794,Intern,4598
13795,Carol_13795,Intern,4598
13796,Dave_13796,Intern,4599
13797,Eve_13797,Intern,4599
13798,Frank_13798,Intern,4599
13799,Grace_13799,Intern,4600
13800,Hank_13800,Intern,4600
13801,Iris_13801,Intern,4600
13802,Jack_13802,Intern,4601
13803,Karen_13803,Intern,4601
13804,Leo_13804,Intern,4601
13805,Maya_13805,Intern,4602
13806,Nate_13806,Intern,4602
13807,Olivia_13807,Intern,4602
13808,Paul_13808,Intern,4603
13809,Quinn_13809,Intern,4603
13810,Rose_13810,Intern,4603
13811,Sam_13811,Intern,4604
13812,Tina_13812,Intern,4604
13813,Uma_13813,Intern,4604
13814,Victor_13814,Intern,4605
13815,Wendy_13815,Intern,4605
13816,Xander_13816,Intern,4605
13817,Yara_13817,Intern,4606
13818,Zack_13818,Intern,4606
13819,Ava_13819,Intern,4606
13820,Ben_13820,Intern,4607
13821,Chloe_13821,Intern,4607
13822,Dylan_13822,Intern,4607
13823,Ella_13823,Intern,4608
13824,Finn_13824,Intern,4608
13825,Alice_13825,Intern,4608
13826,Bob_13826,Intern,4609
13827,Carol_13827,Intern,4609
13828,Dave_13828,Intern,4609
13829,Eve_13829,Intern,4610
13830,Frank_13830,Intern,4610
13831,Grace_13831,Intern,4610
13832,Hank_13832,Intern,4611
13833,Iris_13833,Intern,4611
13834,Jack_13834,Intern,4611
13835,Karen_13835,Intern,4612
13836,Leo_13836,Intern,4612
13837,Maya_13837,Intern,4612
13838,Nate_13838,Intern,4613
13839,Olivia_13839,Intern,4613
13840,Paul_13840,Intern,4613
13841,Quinn_13841,Intern,4614
13842,Rose_13842,Intern,4614
13843,Sam_13843,Intern,4614
13844,Tina_13844,Intern,4615
13845,Uma_13845,Intern,4615
13846,Victor_13846,Intern,4615
13847,Wendy_13847,Intern,4616
13848,Xander_13848,Intern,4616
13849,Yara_13849,Intern,4616
13850,Zack_13850,Intern,4617
13851,Ava_13851,Intern,4617
13852,Ben_13852,Intern,4617
13853,Chloe_13853,Intern,4618
13854,Dylan_13854,Intern,4618
13855,Ella_13855,Intern,4618
13856,Finn_13856,Intern,4619
13857,Alice_13857,Intern,4619
13858,Bob_13858,Intern,4619
13859,Carol_13859,Intern,4620
13860,Dave_13860,Intern,4620
13861,Eve_13861,Intern,4620
13862,Frank_13862,Intern,4621
13863,Grace_13863,Intern,4621
13864,Hank_13864,Intern,4621
13865,Iris_13865,Intern,4622
13866,Jack_13866,Intern,4622
13867,Karen_13867,Intern,4622
13868,Leo_13868,Intern,4623
13869,Maya_13869,Intern,4623
13870,Nate_13870,Intern,4623
13871,Olivia_13871,Intern,4624
13872,Paul_13872,Intern,4624
13873,Quinn_13873,Intern,4624
13874,Rose_13874,Intern,4625
13875,Sam_13875,Intern,4625
13876,Tina_13876,Intern,4625
13877,Uma_13877,Intern,4626
13878,Victor_13878,Intern,4626
13879,Wendy_13879,Intern,4626
13880,Xander_13880,Intern,4627
13881,Yara_13881,Intern,4627
13882,Zack_13882,Intern,4627
13883,Ava_13883,Intern,4628
13884,Ben_13884,Intern,4628
13885,Chloe_13885,Intern,4628
13886,Dylan_13886,Intern,4629
13887,Ella_13887,Intern,4629
13888,Finn_13888,Intern,4629
13889,Alice_13889,Intern,4630
13890,Bob_13890,Intern,4630
13891,Carol_13891,Intern,4630
13892,Dave_13892,Intern,4631
13893,Eve_13893,Intern,4631
13894,Frank_13894,Intern,4631
13895,Grace_13895,Intern,4632
13896,Hank_13896,Intern,4632
13897,Iris_13897,Intern,4632
13898,Jack_13898,Intern,4633
13899,Karen_13899,Intern,4633
13900,Leo_13900,Intern,4633
13901,Maya_13901,Intern,4634
13902,Nate_13902,Intern,4634
13903,Olivia_13903,Intern,4634
13904,Paul_13904,Intern,4635
13905,Quinn_13905,Intern,4635
13906,Rose_13906,Intern,4635
13907,Sam_13907,Intern,4636
13908,Tina_13908,Intern,4636
13909,Uma_13909,Intern,4636
13910,Victor_13910,Intern,4637
13911,Wendy_13911,Intern,4637
13912,Xander_13912,Intern,4637
13913,Yara_13913,Intern,4638
13914,Zack_13914,Intern,4638
13915,Ava_13915,Intern,4638
13916,Ben_13916,Intern,4639
13917,Chloe_13917,Intern,4639
13918,Dylan_13918,Intern,4639
13919,Ella_13919,Intern,4640
13920,Finn_13920,Intern,4640
13921,Alice_13921,Intern,4640
13922,Bob_13922,Intern,4641
13923,Carol_13923,Intern,4641
13924,Dave_13924,Intern,4641
13925,Eve_13925,Intern,4642
13926,Frank_13926,Intern,4642
13927,Grace_13927,Intern,4642
13928,Hank_13928,Intern,4643
13929,Iris_13929,Intern,4643
13930,Jack_13930,Intern,4643
13931,Karen_13931,Intern,4644
13932,Leo_13932,Intern,4644
13933,Maya_13933,Intern,4644
13934,Nate_13934,Intern,4645
13935,Olivia_13935,Intern,4645
13936,Paul_13936,Intern,4645
13937,Quinn_13937,Intern,4646
13938,Rose_13938,Intern,4646
13939,Sam_13939,Intern,4646
13940,Tina_13940,Intern,4647
13941,Uma_13941,Intern,4647
13942,Victor_13942,Intern,4647
13943,Wendy_13943,Intern,4648
13944,Xander_13944,Intern,4648
13945,Yara_13945,Intern,4648
13946,Zack_13946,Intern,4649
13947,Ava_13947,Intern,4649
13948,Ben_13948,Intern,4649
13949,Chloe_13949,Intern,4650
13950,Dylan_13950,Intern,4650
13951,Ella_13951,Intern,4650
13952,Finn_13952,Intern,4651
13953,Alice_13953,Intern,4651
13954,Bob_13954,Intern,4651
13955,Carol_13955,Intern,4652
13956,Dave_13956,Intern,4652
13957,Eve_13957,Intern,4652
13958,Frank_13958,Intern,4653
13959,Grace_13959,Intern,4653
13960,Hank_13960,Intern,4653
13961,Iris_13961,Intern,4654
13962,Jack_13962,Intern,4654
13963,Karen_13963,Intern,4654
13964,Leo_13964,Intern,4655
13965,Maya_13965,Intern,4655
13966,Nate_13966,Intern,4655
13967,Olivia_13967,Intern,4656
13968,Paul_13968,Intern,4656
13969,Quinn_13969,Intern,4656
13970,Rose_13970,Intern,4657
13971,Sam_13971,Intern,4657
13972,Tina_13972,Intern,4657
13973,Uma_13973,Intern,4658
13974,Victor_13974,Intern,4658
13975,Wendy_13975,Intern,4658
13976,Xander_13976,Intern,4659
13977,Yara_13977,Intern,4659
13978,Zack_13978,Intern,4659
13979,Ava_13979,Intern,4660
13980,Ben_13980,Intern,4660
13981,Chloe_13981,Intern,4660
13982,Dylan_13982,Intern,4661
13983,Ella_13983,Intern,4661
13984,Finn_13984,Intern,4661
13985,Alice_13985,Intern,4662
13986,Bob_13986,Intern,4662
13987,Carol_13987,Intern,4662
13988,Dave_13988,Intern,4663
13989,Eve_13989,Intern,4663
13990,Frank_13990,Intern,4663
13991,Grace_13991,Intern,4664
13992,Hank_13992,Intern,4664
13993,Iris_13993,Intern,4664
13994,Jack_13994,Intern,4665
13995,Karen_13995,Intern,4665
13996,Leo_13996,Intern,4665
13997,Maya_13997,Intern,4666
13998,Nate_13998,Intern,4666
13999,Olivia_13999,Intern,4666
14000,Paul_14000,Intern,4667
14001,Quinn_14001,Intern,4667
14002,Rose_14002,Intern,4667
14003,Sam_14003,Intern,4668
14004,Tina_14004,Intern,4668
14005,Uma_14005,Intern,4668
14006,Victor_14006,Intern,4669
14007,Wendy_14007,Intern,4669
14008,Xander_14008,Intern,4669
14009,Yara_14009,Intern,4670
14010,Zack_14010,Intern,4670
14011,Ava_14011,Intern,4670
14012,Ben_14012,Intern,4671
14013,Chloe_14013,Intern,4671
14014,Dylan_14014,Intern,4671
14015,Ella_14015,Intern,4672
14016,Finn_14016,Intern,4672
14017,Alice_14017,Intern,4672
14018,Bob_14018,Intern,4673
14019,Carol_14019,Intern,4673
14020,Dave_14020,Intern,4673
14021,Eve_14021,Intern,4674
14022,Frank_14022,Intern,4674
14023,Grace_14023,Intern,4674
14024,Hank_14024,Intern,4675
14025,Iris_14025,Intern,4675
14026,Jack_14026,Intern,4675
14027,Karen_14027,Intern,4676
14028,Leo_14028,Intern,4676
14029,Maya_14029,Intern,4676
14030,Nate_14030,Intern,4677
14031,Olivia_14031,Intern,4677
14032,Paul_14032,Intern,4677
14033,Quinn_14033,Intern,4678
14034,Rose_14034,Intern,4678
14035,Sam_14035,Intern,4678
14036,Tina_14036,Intern,4679
14037,Uma_14037,Intern,4679
14038,Victor_14038,Intern,4679
14039,Wendy_14039,Intern,4680
14040,Xander_14040,Intern,4680
14041,Yara_14041,Intern,4680
14042,Zack_14042,Intern,4681
14043,Ava_14043,Intern,4681
14044,Ben_14044,Intern,4681
14045,Chloe_14045,Intern,4682
14046,Dylan_14046,Intern,4682
14047,Ella_14047,Intern,4682
14048,Finn_14048,Intern,4683
14049,Alice_14049,Intern,4683
14050,Bob_14050,Intern,4683
14051,Carol_14051,Intern,4684
14052,Dave_14052,Intern,4684
14053,Eve_14053,Intern,4684
14054,Frank_14054,Intern,4685
14055,Grace_14055,Intern,4685
14056,Hank_14056,Intern,4685
14057,Iris_14057,Intern,4686
14058,Jack_14058,Intern,4686
14059,Karen_14059,Intern,4686
14060,Leo_14060,Intern,4687
14061,Maya_14061,Intern,4687
14062,Nate_14062,Intern,4687
14063,Olivia_14063,Intern,4688
14064,Paul_14064,Intern,4688
14065,Quinn_14065,Intern,4688
14066,Rose_14066,Intern,4689
14067,Sam_14067,Intern,4689
14068,Tina_14068,Intern,4689
14069,Uma_14069,Intern,4690
14070,Victor_14070,Intern,4690
14071,Wendy_14071,Intern,4690
14072,Xander_14072,Intern,4691
14073,Yara_14073,Intern,4691
14074,Zack_14074,Intern,4691
14075,Ava_14075,Intern,4692
14076,Ben_14076,Intern,4692
14077,Chloe_14077,Intern,4692
14078,Dylan_14078,Intern,4693
14079,Ella_14079,Intern,4693
14080,Finn_14080,Intern,4693
14081,Alice_14081,Intern,4694
14082,Bob_14082,Intern,4694
14083,Carol_14083,Intern,4694
14084,Dave_14084,Intern,4695
14085,Eve_14085,Intern,4695
14086,Frank_14086,Intern,4695
14087,Grace_14087,Intern,4696
14088,Hank_14088,Intern,4696
14089,Iris_14089,Intern,4696
14090,Jack_14090,Intern,4697
14091,Karen_14091,Intern,4697
14092,Leo_14092,Intern,4697
14093,Maya_14093,Intern,4698
14094,Nate_14094,Intern,4698
14095,Olivia_14095,Intern,4698
14096,Paul_14096,Intern,4699
14097,Quinn_14097,Intern,4699
14098,Rose_14098,Intern,4699
14099,Sam_14099,Intern,4700
14100,Tina_14100,Intern,4700
14101,Uma_14101,Intern,4700
14102,Victor_14102,Intern,4701
14103,Wendy_14103,Intern,4701
14104,Xander_14104,Intern,4701
14105,Yara_14105,Intern,4702
14106,Zack_14106,Intern,4702
14107,Ava_14107,Intern,4702
14108,Ben_14108,Intern,4703
14109,Chloe_14109,Intern,4703
14110,Dylan_14110,Intern,4703
14111,Ella_14111,Intern,4704
14112,Finn_14112,Intern,4704
14113,Alice_14113,Intern,4704
14114,Bob_14114,Intern,4705
14115,Carol_14115,Intern,4705
14116,Dave_14116,Intern,4705
14117,Eve_14117,Intern,4706
14118,Frank_14118,Intern,4706
14119,Grace_14119,Intern,4706
14120,Hank_14120,Intern,4707
14121,Iris_14121,Intern,4707
14122,Jack_14122,Intern,4707
14123,Karen_14123,Intern,4708
14124,Leo_14124,Intern,4708
14125,Maya_14125,Intern,4708
14126,Nate_14126,Intern,4709
14127,Olivia_14127,Intern,4709
14128,Paul_14128,Intern,4709
14129,Quinn_14129,Intern,4710
14130,Rose_14130,Intern,4710
14131,Sam_14131,Intern,4710
14132,Tina_14132,Intern,4711
14133,Uma_14133,Intern,4711
14134,Victor_14134,Intern,4711
14135,Wendy_14135,Intern,4712
14136,Xander_14136,Intern,4712
14137,Yara_14137,Intern,4712
14138,Zack_14138,Intern,4713
14139,Ava_14139,Intern,4713
14140,Ben_14140,Intern,4713
14141,Chloe_14141,Intern,4714
14142,Dylan_14142,Intern,4714
14143,Ella_14143,Intern,4714
14144,Finn_14144,Intern,4715
14145,Alice_14145,Intern,4715
14146,Bob_14146,Intern,4715
14147,Carol_14147,Intern,4716
14148,Dave_14148,Intern,4716
14149,Eve_14149,Intern,4716
14150,Frank_14150,Intern,4717
14151,Grace_14151,Intern,4717
14152,Hank_14152,Intern,4717
14153,Iris_14153,Intern,4718
14154,Jack_14154,Intern,4718
14155,Karen_14155,Intern,4718
14156,Leo_14156,Intern,4719
14157,Maya_14157,Intern,4719
14158,Nate_14158,Intern,4719
14159,Olivia_14159,Intern,4720
14160,Paul_14160,Intern,4720
14161,Quinn_14161,Intern,4720
14162,Rose_14162,Intern,4721
14163,Sam_14163,Intern,4721
14164,Tina_14164,Intern,4721
14165,Uma_14165,Intern,4722
14166,Victor_14166,Intern,4722
14167,Wendy_14167,Intern,4722
14168,Xander_14168,Intern,4723
14169,Yara_14169,Intern,4723
14170,Zack_14170,Intern,4723
14171,Ava_14171,Intern,4724
14172,Ben_14172,Intern,4724
14173,Chloe_14173,Intern,4724
14174,Dylan_14174,Intern,4725
14175,Ella_14175,Intern,4725
14176,Finn_14176,Intern,4725
14177,Alice_14177,Intern,4726
14178,Bob_14178,Intern,4726
14179,Carol_14179,Intern,4726
14180,Dave_14180,Intern,4727
14181,Eve_14181,Intern,4727
14182,Frank_14182,Intern,4727
14183,Grace_14183,Intern,4728
14184,Hank_14184,Intern,4728
14185,Iris_14185,Intern,4728
14186,Jack_14186,Intern,4729
14187,Karen_14187,Intern,4729
14188,Leo_14188,Intern,4729
14189,Maya_14189,Intern,4730
14190,Nate_14190,Intern,4730
14191,Olivia_14191,Intern,4730
14192,Paul_14192,Intern,4731
14193,Quinn_14193,Intern,4731
14194,Rose_14194,Intern,4731
14195,Sam_14195,Intern,4732
14196,Tina_14196,Intern,4732
14197,Uma_14197,Intern,4732
14198,Victor_14198,Intern,4733
14199,Wendy_14199,Intern,4733
14200,Xander_14200,Intern,4733
14201,Yara_14201,Intern,4734
14202,Zack_14202,Intern,4734
14203,Ava_14203,Intern,4734
14204,Ben_14204,Intern,4735
14205,Chloe_14205,Intern,4735
14206,Dylan_14206,Intern,4735
14207,Ella_14207,Intern,4736
14208,Finn_14208,Intern,4736
14209,Alice_14209,Intern,4736
14210,Bob_14210,Intern,4737
14211,Carol_14211,Intern,4737
14212,Dave_14212,Intern,4737
14213,Eve_14213,Intern,4738
14214,Frank_14214,Intern,4738
14215,Grace_14215,Intern,4738
14216,Hank_14216,Intern,4739
14217,Iris_14217,Intern,4739
14218,Jack_14218,Intern,4739
14219,Karen_14219,Intern,4740
14220,Leo_14220,Intern,4740
14221,Maya_14221,Intern,4740
14222,Nate_14222,Intern,4741
14223,Olivia_14223,Intern,4741
14224,Paul_14224,Intern,4741
14225,Quinn_14225,Intern,4742
14226,Rose_14226,Intern,4742
14227,Sam_14227,Intern,4742
14228,Tina_14228,Intern,4743
14229,Uma_14229,Intern,4743
14230,Victor_14230,Intern,4743
14231,Wendy_14231,Intern,4744
14232,Xander_14232,Intern,4744
14233,Yara_14233,Intern,4744
14234,Zack_14234,Intern,4745
14235,Ava_14235,Intern,4745
14236,Ben_14236,Intern,4745
14237,Chloe_14237,Intern,4746
14238,Dylan_14238,Intern,4746
14239,Ella_14239,Intern,4746
14240,Finn_14240,Intern,4747
14241,Alice_14241,Intern,4747
14242,Bob_14242,Intern,4747
14243,Carol_14243,Intern,4748
14244,Dave_14244,Intern,4748
14245,Eve_14245,Intern,4748
14246,Frank_14246,Intern,4749
14247,Grace_14247,Intern,4749
14248,Hank_14248,Intern,4749
14249,Iris_14249,Intern,4750
14250,Jack_14250,Intern,4750
14251,Karen_14251,Intern,4750
14252,Leo_14252,Intern,4751
14253,Maya_14253,Intern,4751
14254,Nate_14254,Intern,4751
14255,Olivia_14255,Intern,4752
14256,Paul_14256,Intern,4752
14257,Quinn_14257,Intern,4752
14258,Rose_14258,Intern,4753
14259,Sam_14259,Intern,4753
14260,Tina_14260,Intern,4753
14261,Uma_14261,Intern,4754
14262,Victor_14262,Intern,4754
14263,Wendy_14263,Intern,4754
14264,Xander_14264,Intern,4755
14265,Yara_14265,Intern,4755
14266,Zack_14266,Intern,4755
14267,Ava_14267,Intern,4756
14268,Ben_14268,Intern,4756
14269,Chloe_14269,Intern,4756
14270,Dylan_14270,Intern,4757
14271,Ella_14271,Intern,4757
14272,Finn_14272,Intern,4757
14273,Alice_14273,Intern,4758
14274,Bob_14274,Intern,4758
14275,Carol_14275,Intern,4758
14276,Dave_14276,Intern,4759
14277,Eve_14277,Intern,4759
14278,Frank_14278,Intern,4759
14279,Grace_14279,Intern,4760
14280,Hank_14280,Intern,4760
14281,Iris_14281,Intern,4760
14282,Jack_14282,Intern,4761
14283,Karen_14283,Intern,4761
14284,Leo_14284,Intern,4761
14285,Maya_14285,Intern,4762
14286,Nate_14286,Intern,4762
14287,Olivia_14287,Intern,4762
14288,Paul_14288,Intern,4763
14289,Quinn_14289,Intern,4763
14290,Rose_14290,Intern,4763
14291,Sam_14291,Intern,4764
14292,Tina_14292,Intern,4764
14293,Uma_14293,Intern,4764
14294,Victor_14294,Intern,4765
14295,Wendy_14295,Intern,4765
14296,Xander_14296,Intern,4765
14297,Yara_14297,Intern,4766
14298,Zack_14298,Intern,4766
14299,Ava_14299,Intern,4766
14300,Ben_14300,Intern,4767
14301,Chloe_14301,Intern,4767
14302,Dylan_14302,Intern,4767
14303,Ella_14303,Intern,4768
14304,Finn_14304,Intern,4768
14305,Alice_14305,Intern,4768
14306,Bob_14306,Intern,4769
14307,Carol_14307,Intern,4769
14308,Dave_14308,Intern,4769
14309,Eve_14309,Intern,4770
14310,Frank_14310,Intern,4770
14311,Grace_14311,Intern,4770
14312,Hank_14312,Intern,4771
14313,Iris_14313,Intern,4771
14314,Jack_14314,Intern,4771
14315,Karen_14315,Intern,4772
14316,Leo_14316,Intern,4772
14317,Maya_14317,Intern,4772
14318,Nate_14318,Intern,4773
14319,Olivia_14319,Intern,4773
14320,Paul_14320,Intern,4773
14321,Quinn_14321,Intern,4774
14322,Rose_14322,Intern,4774
14323,Sam_14323,Intern,4774
14324,Tina_14324,Intern,4775
14325,Uma_14325,Intern,4775
14326,Victor_14326,Intern,4775
14327,Wendy_14327,Intern,4776
14328,Xander_14328,Intern,4776
14329,Yara_14329,Intern,4776
14330,Zack_14330,Intern,4777
14331,Ava_14331,Intern,4777
14332,Ben_14332,Intern,4777
14333,Chloe_14333,Intern,4778
14334,Dylan_14334,Intern,4778
14335,Ella_14335,Intern,4778
14336,Finn_14336,Intern,4779
14337,Alice_14337,Intern,4779
14338,Bob_14338,Intern,4779
14339,Carol_14339,Intern,4780
14340,Dave_14340,Intern,4780
14341,Eve_14341,Intern,4780
14342,Frank_14342,Intern,4781
14343,Grace_14343,Intern,4781
14344,Hank_14344,Intern,4781
14345,Iris_14345,Intern,4782
14346,Jack_14346,Intern,4782
14347,Karen_14347,Intern,4782
14348,Leo_14348,Intern,4783
14349,Maya_14349,Intern,4783
14350,Nate_14350,Intern,4783
14351,Olivia_14351,Intern,4784
14352,Paul_14352,Intern,4784
14353,Quinn_14353,Intern,4784
14354,Rose_14354,Intern,4785
14355,Sam_14355,Intern,4785
14356,Tina_14356,Intern,4785
14357,Uma_14357,Intern,4786
14358,Victor_14358,Intern,4786
14359,Wendy_14359,Intern,4786
14360,Xander_14360,Intern,4787
14361,Yara_14361,Intern,4787
14362,Zack_14362,Intern,4787
14363,Ava_14363,Intern,4788
14364,Ben_14364,Intern,4788
14365,Chloe_14365,Intern,4788
14366,Dylan_14366,Intern,4789
14367,Ella_14367,Intern,4789
14368,Finn_14368,Intern,4789
14369,Alice_14369,Intern,4790
14370,Bob_14370,Intern,4790
14371,Carol_14371,Intern,4790
14372,Dave_14372,Intern,4791
14373,Eve_14373,Intern,4791
14374,Frank_14374,Intern,4791
14375,Grace_14375,Intern,4792
14376,Hank_14376,Intern,4792
14377,Iris_14377,Intern,4792
14378,Jack_14378,Intern,4793
14379,Karen_14379,Intern,4793
14380,Leo_14380,Intern,4793
14381,Maya_14381,Intern,4794
14382,Nate_14382,Intern,4794
14383,Olivia_14383,Intern,4794
14384,Paul_14384,Intern,4795
14385,Quinn_14385,Intern,4795
14386,Rose_14386,Intern,4795
14387,Sam_14387,Intern,4796
14388,Tina_14388,Intern,4796
14389,Uma_14389,Intern,4796
14390,Victor_14390,Intern,4797
14391,Wendy_14391,Intern,4797
14392,Xander_14392,Intern,4797
14393,Yara_14393,Intern,4798
14394,Zack_14394,Intern,4798
14395,Ava_14395,Intern,4798
14396,Ben_14396,Intern,4799
14397,Chloe_14397,Intern,4799
14398,Dylan_14398,Intern,4799
14399,Ella_14399,Intern,4800
14400,Finn_14400,Intern,4800
14401,Alice_14401,Intern,4800
14402,Bob_14402,Intern,4801
14403,Carol_14403,Intern,4801
14404,Dave_14404,Intern,4801
14405,Eve_14405,Intern,4802
14406,Frank_14406,Intern,4802
14407,Grace_14407,Intern,4802
14408,Hank_14408,Intern,4803
14409,Iris_14409,Intern,4803
14410,Jack_14410,Intern,4803
14411,Karen_14411,Intern,4804
14412,Leo_14412,Intern,4804
14413,Maya_14413,Intern,4804
14414,Nate_14414,Intern,4805
14415,Olivia_14415,Intern,4805
14416,Paul_14416,Intern,4805
14417,Quinn_14417,Intern,4806
14418,Rose_14418,Intern,4806
14419,Sam_14419,Intern,4806
14420,Tina_14420,Intern,4807
14421,Uma_14421,Intern,4807
14422,Victor_14422,Intern,4807
14423,Wendy_14423,Intern,4808
14424,Xander_14424,Intern,4808
14425,Yara_14425,Intern,4808
14426,Zack_14426,Intern,4809
14427,Ava_14427,Intern,4809
14428,Ben_14428,Intern,4809
14429,Chloe_14429,Intern,4810
14430,Dylan_14430,Intern,4810
14431,Ella_14431,Intern,4810
14432,Finn_14432,Intern,4811
14433,Alice_14433,Intern,4811
14434,Bob_14434,Intern,4811
14435,Carol_14435,Intern,4812
14436,Dave_14436,Intern,4812
14437,Eve_14437,Intern,4812
14438,Frank_14438,Intern,4813
14439,Grace_14439,Intern,4813
14440,Hank_14440,Intern,4813
14441,Iris_14441,Intern,4814
14442,Jack_14442,Intern,4814
14443,Karen_14443,Intern,4814
14444,Leo_14444,Intern,4815
14445,Maya_14445,Intern,4815
14446,Nate_14446,Intern,4815
14447,Olivia_14447,Intern,4816
14448,Paul_14448,Intern,4816
14449,Quinn_14449,Intern,4816
14450,Rose_14450,Intern,4817
14451,Sam_14451,Intern,4817
14452,Tina_14452,Intern,4817
14453,Uma_14453,Intern,4818
14454,Victor_14454,Intern,4818
14455,Wendy_14455,Intern,4818
14456,Xander_14456,Intern,4819
14457,Yara_14457,Intern,4819
14458,Zack_14458,Intern,4819
14459,Ava_14459,Intern,4820
14460,Ben_14460,Intern,4820
14461,Chloe_14461,Intern,4820
14462,Dylan_14462,Intern,4821
14463,Ella_14463,Intern,4821
14464,Finn_14464,Intern,4821
14465,Alice_14465,Intern,4822
14466,Bob_14466,Intern,4822
14467,Carol_14467,Intern,4822
14468,Dave_14468,Intern,4823
14469,Eve_14469,Intern,4823
14470,Frank_14470,Intern,4823
14471,Grace_14471,Intern,4824
14472,Hank_14472,Intern,4824
14473,Iris_14473,Intern,4824
14474,Jack_14474,Intern,4825
14475,Karen_14475,Intern,4825
14476,Leo_14476,Intern,4825
14477,Maya_14477,Intern,4826
14478,Nate_14478,Intern,4826
14479,Olivia_14479,Intern,4826
14480,Paul_14480,Intern,4827
14481,Quinn_14481,Intern,4827
14482,Rose_14482,Intern,4827
14483,Sam_14483,Intern,4828
14484,Tina_14484,Intern,4828
14485,Uma_14485,Intern,4828
14486,Victor_14486,Intern,4829
14487,Wendy_14487,Intern,4829
14488,Xander_14488,Intern,4829
14489,Yara_14489,Intern,4830
14490,Zack_14490,Intern,4830
14491,Ava_14491,Intern,4830
14492,Ben_14492,Intern,4831
14493,Chloe_14493,Intern,4831
14494,Dylan_14494,Intern,4831
14495,Ella_14495,Intern,4832
14496,Finn_14496,Intern,4832
14497,Alice_14497,Intern,4832
14498,Bob_14498,Intern,4833
14499,Carol_14499,Intern,4833
14500,Dave_14500,Intern,4833
14501,Eve_14501,Intern,4834
14502,Frank_14502,Intern,4834
14503,Grace_14503,Intern,4834
14504,Hank_14504,Intern,4835
14505,Iris_14505,Intern,4835
14506,Jack_14506,Intern,4835
14507,Karen_14507,Intern,4836
14508,Leo_14508,Intern,4836
14509,Maya_14509,Intern,4836
14510,Nate_14510,Intern,4837
14511,Olivia_14511,Intern,4837
14512,Paul_14512,Intern,4837
14513,Quinn_14513,Intern,4838
14514,Rose_14514,Intern,4838
14515,Sam_14515,Intern,4838
14516,Tina_14516,Intern,4839
14517,Uma_14517,Intern,4839
14518,Victor_14518,Intern,4839
14519,Wendy_14519,Intern,4840
14520,Xander_14520,Intern,4840
14521,Yara_14521,Intern,4840
14522,Zack_14522,Intern,4841
14523,Ava_14523,Intern,4841
14524,Ben_14524,Intern,4841
14525,Chloe_14525,Intern,4842
14526,Dylan_14526,Intern,4842
14527,Ella_14527,Intern,4842
14528,Finn_14528,Intern,4843
14529,Alice_14529,Intern,4843
14530,Bob_14530,Intern,4843
14531,Carol_14531,Intern,4844
14532,Dave_14532,Intern,4844
14533,Eve_14533,Intern,4844
14534,Frank_14534,Intern,4845
14535,Grace_14535,Intern,4845
14536,Hank_14536,Intern,4845
14537,Iris_14537,Intern,4846
14538,Jack_14538,Intern,4846
14539,Karen_14539,Intern,4846
14540,Leo_14540,Intern,4847
14541,Maya_14541,Intern,4847
14542,Nate_14542,Intern,4847
14543,Olivia_14543,Intern,4848
14544,Paul_14544,Intern,4848
14545,Quinn_14545,Intern,4848
14546,Rose_14546,Intern,4849
14547,Sam_14547,Intern,4849
14548,Tina_14548,Intern,4849
14549,Uma_14549,Intern,4850
14550,Victor_14550,Intern,4850
14551,Wendy_14551,Intern,4850
14552,Xander_14552,Intern,4851
14553,Yara_14553,Intern,4851
14554,Zack_14554,Intern,4851
14555,Ava_14555,Intern,4852
14556,Ben_14556,Intern,4852
14557,Chloe_14557,Intern,4852
14558,Dylan_14558,Intern,4853
14559,Ella_14559,Intern,4853
14560,Finn_14560,Intern,4853
14561,Alice_14561,Intern,4854
14562,Bob_14562,Intern,4854
14563,Carol_14563,Intern,4854
14564,Dave_14564,Intern,4855
14565,Eve_14565,Intern,4855
14566,Frank_14566,Intern,4855
14567,Grace_14567,Intern,4856
14568,Hank_14568,Intern,4856
14569,Iris_14569,Intern,4856
14570,Jack_14570,Intern,4857
14571,Karen_14571,Intern,4857
14572,Leo_14572,Intern,4857
14573,Maya_14573,Intern,4858
14574,Nate_14574,Intern,4858
14575,Olivia_14575,Intern,4858
14576,Paul_14576,Intern,4859
14577,Quinn_14577,Intern,4859
14578,Rose_14578,Intern,4859
14579,Sam_14579,Intern,4860
14580,Tina_14580,Intern,4860
14581,Uma_14581,Intern,4860
14582,Victor_14582,Intern,4861
14583,Wendy_14583,Intern,4861
14584,Xander_14584,Intern,4861
14585,Yara_14585,Intern,4862
14586,Zack_14586,Intern,4862
14587,Ava_14587,Intern,4862
14588,Ben_14588,Intern,4863
14589,Chloe_14589,Intern,4863
14590,Dylan_14590,Intern,4863
14591,Ella_14591,Intern,4864
14592,Finn_14592,Intern,4864
14593,Alice_14593,Intern,4864
14594,Bob_14594,Intern,4865
14595,Carol_14595,Intern,4865
14596,Dave_14596,Intern,4865
14597,Eve_14597,Intern,4866
14598,Frank_14598,Intern,4866
14599,Grace_14599,Intern,4866
14600,Hank_14600,Intern,4867
14601,Iris_14601,Intern,4867
14602,Jack_14602,Intern,4867
14603,Karen_14603,Intern,4868
14604,Leo_14604,Intern,4868
14605,Maya_14605,Intern,4868
14606,Nate_14606,Intern,4869
14607,Olivia_14607,Intern,4869
14608,Paul_14608,Intern,4869
14609,Quinn_14609,Intern,4870
14610,Rose_14610,Intern,4870
14611,Sam_14611,Intern,4870
14612,Tina_14612,Intern,4871
14613,Uma_14613,Intern,4871
14614,Victor_14614,Intern,4871
14615,Wendy_14615,Intern,4872
14616,Xander_14616,Intern,4872
14617,Yara_14617,Intern,4872
14618,Zack_14618,Intern,4873
14619,Ava_14619,Intern,4873
14620,Ben_14620,Intern,4873
14621,Chloe_14621,Intern,4874
14622,Dylan_14622,Intern,4874
14623,Ella_14623,Intern,4874
14624,Finn_14624,Intern,4875
14625,Alice_14625,Intern,4875
14626,Bob_14626,Intern,4875
14627,Carol_14627,Intern,4876
14628,Dave_14628,Intern,4876
14629,Eve_14629,Intern,4876
14630,Frank_14630,Intern,4877
14631,Grace_14631,Intern,4877
14632,Hank_14632,Intern,4877
14633,Iris_14633,Intern,4878
14634,Jack_14634,Intern,4878
14635,Karen_14635,Intern,4878
14636,Leo_14636,Intern,4879
14637,Maya_14637,Intern,4879
14638,Nate_14638,Intern,4879
14639,Olivia_14639,Intern,4880
14640,Paul_14640,Intern,4880
14641,Quinn_14641,Intern,4880
14642,Rose_14642,Intern,4881
14643,Sam_14643,Intern,4881
14644,Tina_14644,Intern,4881
14645,Uma_14645,Intern,4882
14646,Victor_14646,Intern,4882
14647,Wendy_14647,Intern,4882
14648,Xander_14648,Intern,4883
14649,Yara_14649,Intern,4883
14650,Zack_14650,Intern,4883
14651,Ava_14651,Intern,4884
14652,Ben_14652,Intern,4884
14653,Chloe_14653,Intern,4884
14654,Dylan_14654,Intern,4885
14655,Ella_14655,Intern,4885
14656,Finn_14656,Intern,4885
14657,Alice_14657,Intern,4886
14658,Bob_14658,Intern,4886
14659,Carol_14659,Intern,4886
14660,Dave_14660,Intern,4887
14661,Eve_14661,Intern,4887
14662,Frank_14662,Intern,4887
14663,Grace_14663,Intern,4888
14664,Hank_14664,Intern,4888
14665,Iris_14665,Intern,4888
14666,Jack_14666,Intern,4889
14667,Karen_14667,Intern,4889
14668,Leo_14668,Intern,4889
14669,Maya_14669,Intern,4890
14670,Nate_14670,Intern,4890
14671,Olivia_14671,Intern,4890
14672,Paul_14672,Intern,4891
14673,Quinn_14673,Intern,4891
14674,Rose_14674,Intern,4891
14675,Sam_14675,Intern,4892
14676,Tina_14676,Intern,4892
14677,Uma_14677,Intern,4892
14678,Victor_14678,Intern,4893
14679,Wendy_14679,Intern,4893
14680,Xander_14680,Intern,4893
14681,Yara_14681,Intern,4894
14682,Zack_14682,Intern,4894
14683,Ava_14683,Intern,4894
14684,Ben_14684,Intern,4895
14685,Chloe_14685,Intern,4895
14686,Dylan_14686,Intern,4895
14687,Ella_14687,Intern,4896
14688,Finn_14688,Intern,4896
14689,Alice_14689,Intern,4896
14690,Bob_14690,Intern,4897
14691,Carol_14691,Intern,4897
14692,Dave_14692,Intern,4897
14693,Eve_14693,Intern,4898
14694,Frank_14694,Intern,4898
14695,Grace_14695,Intern,4898
14696,Hank_14696,Intern,4899
14697,Iris_14697,Intern,4899
14698,Jack_14698,Intern,4899
14699,Karen_14699,Intern,4900
14700,Leo_14700,Intern,4900
14701,Maya_14701,Intern,4900
14702,Nate_14702,Intern,4901
14703,Olivia_14703,Intern,4901
14704,Paul_14704,Intern,4901
14705,Quinn_14705,Intern,4902
14706,Rose_14706,Intern,4902
14707,Sam_14707,Intern,4902
14708,Tina_14708,Intern,4903
14709,Uma_14709,Intern,4903
14710,Victor_14710,Intern,4903
14711,Wendy_14711,Intern,4904
14712,Xander_14712,Intern,4904
14713,Yara_14713,Intern,4904
14714,Zack_14714,Intern,4905
14715,Ava_14715,Intern,4905
14716,Ben_14716,Intern,4905
14717,Chloe_14717,Intern,4906
14718,Dylan_14718,Intern,4906
14719,Ella_14719,Intern,4906
14720,Finn_14720,Intern,4907
14721,Alice_14721,Intern,4907
14722,Bob_14722,Intern,4907
14723,Carol_14723,Intern,4908
14724,Dave_14724,Intern,4908
14725,Eve_14725,Intern,4908
14726,Frank_14726,Intern,4909
14727,Grace_14727,Intern,4909
14728,Hank_14728,Intern,4909
14729,Iris_14729,Intern,4910
14730,Jack_14730,Intern,4910
14731,Karen_14731,Intern,4910
14732,Leo_14732,Intern,4911
14733,Maya_14733,Intern,4911
14734,Nate_14734,Intern,4911
14735,Olivia_14735,Intern,4912
14736,Paul_14736,Intern,4912
14737,Quinn_14737,Intern,4912
14738,Rose_14738,Intern,4913
14739,Sam_14739,Intern,4913
14740,Tina_14740,Intern,4913
14741,Uma_14741,Intern,4914
14742,Victor_14742,Intern,4914
14743,Wendy_14743,Intern,4914
14744,Xander_14744,Intern,4915
14745,Yara_14745,Intern,4915
14746,Zack_14746,Intern,4915
14747,Ava_14747,Intern,4916
14748,Ben_14748,Intern,4916
14749,Chloe_14749,Intern,4916
14750,Dylan_14750,Intern,4917
14751,Ella_14751,Intern,4917
14752,Finn_14752,Intern,4917
14753,Alice_14753,Intern,4918
14754,Bob_14754,Intern,4918
14755,Carol_14755,Intern,4918
14756,Dave_14756,Intern,4919
14757,Eve_14757,Intern,4919
14758,Frank_14758,Intern,4919
14759,Grace_14759,Intern,4920
14760,Hank_14760,Intern,4920
14761,Iris_14761,Intern,4920
14762,Jack_14762,Intern,4921
14763,Karen_14763,Intern,4921
14764,Leo_14764,Intern,4921
14765,Maya_14765,Intern,4922
14766,Nate_14766,Intern,4922
14767,Olivia_14767,Intern,4922
14768,Paul_14768,Intern,4923
14769,Quinn_14769,Intern,4923
14770,Rose_14770,Intern,4923
14771,Sam_14771,Intern,4924
14772,Tina_14772,Intern,4924
14773,Uma_14773,Intern,4924
14774,Victor_14774,Intern,4925
14775,Wendy_14775,Intern,4925
14776,Xander_14776,Intern,4925
14777,Yara_14777,Intern,4926
14778,Zack_14778,Intern,4926
14779,Ava_14779,Intern,4926
14780,Ben_14780,Intern,4927
14781,Chloe_14781,Intern,4927
14782,Dylan_14782,Intern,4927
14783,Ella_14783,Intern,4928
14784,Finn_14784,Intern,4928
14785,Alice_14785,Intern,4928
14786,Bob_14786,Intern,4929
14787,Carol_14787,Intern,4929
14788,Dave_14788,Intern,4929
14789,Eve_14789,Intern,4930
14790,Frank_14790,Intern,4930
14791,Grace_14791,Intern,4930
14792,Hank_14792,Intern,4931
14793,Iris_14793,Intern,4931
14794,Jack_14794,Intern,4931
14795,Karen_14795,Intern,4932
14796,Leo_14796,Intern,4932
14797,Maya_14797,Intern,4932
14798,Nate_14798,Intern,4933
14799,Olivia_14799,Intern,4933
14800,Paul_14800,Intern,4933
14801,Quinn_14801,Intern,4934
14802,Rose_14802,Intern,4934
14803,Sam_14803,Intern,4934
14804,Tina_14804,Intern,4935
14805,Uma_14805,Intern,4935
14806,Victor_14806,Intern,4935
14807,Wendy_14807,Intern,4936
14808,Xander_14808,Intern,4936
14809,Yara_14809,Intern,4936
14810,Zack_14810,Intern,4937
14811,Ava_14811,Intern,4937
14812,Ben_14812,Intern,4937
14813,Chloe_14813,Intern,4938
14814,Dylan_14814,Intern,4938
14815,Ella_14815,Intern,4938
14816,Finn_14816,Intern,4939
14817,Alice_14817,Intern,4939
14818,Bob_14818,Intern,4939
14819,Carol_14819,Intern,4940
14820,Dave_14820,Intern,4940
14821,Eve_14821,Intern,4940
14822,Frank_14822,Intern,4941
14823,Grace_14823,Intern,4941
14824,Hank_14824,Intern,4941
14825,Iris_14825,Intern,4942
14826,Jack_14826,Intern,4942
14827,Karen_14827,Intern,4942
14828,Leo_14828,Intern,4943
14829,Maya_14829,Intern,4943
14830,Nate_14830,Intern,4943
14831,Olivia_14831,Intern,4944
14832,Paul_14832,Intern,4944
14833,Quinn_14833,Intern,4944
14834,Rose_14834,Intern,4945
14835,Sam_14835,Intern,4945
14836,Tina_14836,Intern,4945
14837,Uma_14837,Intern,4946
14838,Victor_14838,Intern,4946
14839,Wendy_14839,Intern,4946
14840,Xander_14840,Intern,4947
14841,Yara_14841,Intern,4947
14842,Zack_14842,Intern,4947
14843,Ava_14843,Intern,4948
14844,Ben_14844,Intern,4948
14845,Chloe_14845,Intern,4948
14846,Dylan_14846,Intern,4949
14847,Ella_14847,Intern,4949
14848,Finn_14848,Intern,4949
14849,Alice_14849,Intern,4950
14850,Bob_14850,Intern,4950
14851,Carol_14851,Intern,4950
14852,Dave_14852,Intern,4951
14853,Eve_14853,Intern,4951
14854,Frank_14854,Intern,4951
14855,Grace_14855,Intern,4952
14856,Hank_14856,Intern,4952
14857,Iris_14857,Intern,4952
14858,Jack_14858,Intern,4953
14859,Karen_14859,Intern,4953
14860,Leo_14860,Intern,4953
14861,Maya_14861,Intern,4954
14862,Nate_14862,Intern,4954
14863,Olivia_14863,Intern,4954
14864,Paul_14864,Intern,4955
14865,Quinn_14865,Intern,4955
14866,Rose_14866,Intern,4955
14867,Sam_14867,Intern,4956
14868,Tina_14868,Intern,4956
14869,Uma_14869,Intern,4956
14870,Victor_14870,Intern,4957
14871,Wendy_14871,Intern,4957
14872,Xander_14872,Intern,4957
14873,Yara_14873,Intern,4958
14874,Zack_14874,Intern,4958
14875,Ava_14875,Intern,4958
14876,Ben_14876,Intern,4959
14877,Chloe_14877,Intern,4959
14878,Dylan_14878,Intern,4959
14879,Ella_14879,Intern,4960
14880,Finn_14880,Intern,4960
14881,Alice_14881,Intern,4960
14882,Bob_14882,Intern,4961
14883,Carol_14883,Intern,4961
14884,Dave_14884,Intern,4961
14885,Eve_14885,Intern,4962
14886,Frank_14886,Intern,4962
14887,Grace_14887,Intern,4962
14888,Hank_14888,Intern,4963
14889,Iris_14889,Intern,4963
14890,Jack_14890,Intern,4963
14891,Karen_14891,Intern,4964
14892,Leo_14892,Intern,4964
14893,Maya_14893,Intern,4964
14894,Nate_14894,Intern,4965
14895,Olivia_14895,Intern,4965
14896,Paul_14896,Intern,4965
14897,Quinn_14897,Intern,4966
14898,Rose_14898,Intern,4966
14899,Sam_14899,Intern,4966
14900,Tina_14900,Intern,4967
14901,Uma_14901,Intern,4967
14902,Victor_14902,Intern,4967
14903,Wendy_14903,Intern,4968
14904,Xander_14904,Intern,4968
14905,Yara_14905,Intern,4968
14906,Zack_14906,Intern,4969
14907,Ava_14907,Intern,4969
14908,Ben_14908,Intern,4969
14909,Chloe_14909,Intern,4970
14910,Dylan_14910,Intern,4970
14911,Ella_14911,Intern,4970
14912,Finn_14912,Intern,4971
14913,Alice_14913,Intern,4971
14914,Bob_14914,Intern,4971
14915,Carol_14915,Intern,4972
14916,Dave_14916,Intern,4972
14917,Eve_14917,Intern,4972
14918,Frank_14918,Intern,4973
14919,Grace_14919,Intern,4973
14920,Hank_14920,Intern,4973
14921,Iris_14921,Intern,4974
14922,Jack_14922,Intern,4974
14923,Karen_14923,Intern,4974
14924,Leo_14924,Intern,4975
14925,Maya_14925,Intern,4975
14926,Nate_14926,Intern,4975
14927,Olivia_14927,Intern,4976
14928,Paul_14928,Intern,4976
14929,Quinn_14929,Intern,4976
14930,Rose_14930,Intern,4977
14931,Sam_14931,Intern,4977
14932,Tina_14932,Intern,4977
14933,Uma_14933,Intern,4978
14934,Victor_14934,Intern,4978
14935,Wendy_14935,Intern,4978
14936,Xander_14936,Intern,4979
14937,Yara_14937,Intern,4979
14938,Zack_14938,Intern,4979
14939,Ava_14939,Intern,4980
14940,Ben_14940,Intern,4980
14941,Chloe_14941,Intern,4980
14942,Dylan_14942,Intern,4981
14943,Ella_14943,Intern,4981
14944,Finn_14944,Intern,4981
14945,Alice_14945,Intern,4982
14946,Bob_14946,Intern,4982
14947,Carol_14947,Intern,4982
14948,Dave_14948,Intern,4983
14949,Eve_14949,Intern,4983
14950,Frank_14950,Intern,4983
14951,Grace_14951,Intern,4984
14952,Hank_14952,Intern,4984
14953,Iris_14953,Intern,4984
14954,Jack_14954,Intern,4985
14955,Karen_14955,Intern,4985
14956,Leo_14956,Intern,4985
14957,Maya_14957,Intern,4986
14958,Nate_14958,Intern,4986
14959,Olivia_14959,Intern,4986
14960,Paul_14960,Intern,4987
14961,Quinn_14961,Intern,4987
14962,Rose_14962,Intern,4987
14963,Sam_14963,Intern,4988
14964,Tina_14964,Intern,4988
14965,Uma_14965,Intern,4988
14966,Victor_14966,Intern,4989
14967,Wendy_14967,Intern,4989
14968,Xander_14968,Intern,4989
14969,Yara_14969,Intern,4990
14970,Zack_14970,Intern,4990
14971,Ava_14971,Intern,4990
14972,Ben_14972,Intern,4991
14973,Chloe_14973,Intern,4991
14974,Dylan_14974,Intern,4991
14975,Ella_14975,Intern,4992
14976,Finn_14976,Intern,4992
14977,Alice_14977,Intern,4992
14978,Bob_14978,Intern,4993
14979,Carol_14979,Intern,4993
14980,Dave_14980,Intern,4993
14981,Eve_14981,Intern,4994
14982,Frank_14982,Intern,4994
14983,Grace_14983,Intern,4994
14984,Hank_14984,Intern,4995
14985,Iris_14985,Intern,4995
14986,Jack_14986,Intern,4995
14987,Karen_14987,Intern,4996
14988,Leo_14988,Intern,4996
14989,Maya_14989,Intern,4996
14990,Nate_14990,Intern,4997
14991,Olivia_14991,Intern,4997
14992,Paul_14992,Intern,4997
14993,Quinn_14993,Intern,4998
14994,Rose_14994,Intern,4998
14995,Sam_14995,Intern,4998
14996,Tina_14996,Intern,4999
14997,Uma_14997,Intern,4999
14998,Victor_14998,Intern,4999
14999,Wendy_14999,Intern,5000
15000,Xander_15000,Intern,5000
15001,Yara_15001,Intern,5000
15002,Zack_15002,Intern,5001
15003,Ava_15003,Intern,5001
15004,Ben_15004,Intern,5001
15005,Chloe_15005,Intern,5002
15006,Dylan_15006,Intern,5002
15007,Ella_15007,Intern,5002
15008,Finn_15008,Intern,5003
15009,Alice_15009,Intern,5003
15010,Bob_15010,Intern,5003
15011,Carol_15011,Intern,5004
15012,Dave_15012,Intern,5004
15013,Eve_15013,Intern,5004
15014,Frank_15014,Intern,5005
15015,Grace_15015,Intern,5005
15016,Hank_15016,Intern,5005
15017,Iris_15017,Intern,5006
15018,Jack_15018,Intern,5006
15019,Karen_15019,Intern,5006
15020,Leo_15020,Intern,5007
15021,Maya_15021,Intern,5007
15022,Nate_15022,Intern,5007
15023,Olivia_15023,Intern,5008
15024,Paul_15024,Intern,5008
15025,Quinn_15025,Intern,5008
15026,Rose_15026,Intern,5009
15027,Sam_15027,Intern,5009
15028,Tina_15028,Intern,5009
15029,Uma_15029,Intern,5010
15030,Victor_15030,Intern,5010
15031,Wendy_15031,Intern,5010
15032,Xander_15032,Intern,5011
15033,Yara_15033,Intern,5011
15034,Zack_15034,Intern,5011
15035,Ava_15035,Intern,5012
15036,Ben_15036,Intern,5012
15037,Chloe_15037,Intern,5012
15038,Dylan_15038,Intern,5013
15039,Ella_15039,Intern,5013
15040,Finn_15040,Intern,5013
15041,Alice_15041,Intern,5014
15042,Bob_15042,Intern,5014
15043,Carol_15043,Intern,5014
15044,Dave_15044,Intern,5015
15045,Eve_15045,Intern,5015
15046,Frank_15046,Intern,5015
15047,Grace_15047,Intern,5016
15048,Hank_15048,Intern,5016
15049,Iris_15049,Intern,5016
15050,Jack_15050,Intern,5017
15051,Karen_15051,Intern,5017
15052,Leo_15052,Intern,5017
15053,Maya_15053,Intern,5018
15054,Nate_15054,Intern,5018
15055,Olivia_15055,Intern,5018
15056,Paul_15056,Intern,5019
15057,Quinn_15057,Intern,5019
15058,Rose_15058,Intern,5019
15059,Sam_15059,Intern,5020
15060,Tina_15060,Intern,5020
15061,Uma_15061,Intern,5020
15062,Victor_15062,Intern,5021
15063,Wendy_15063,Intern,5021
15064,Xander_15064,Intern,5021
15065,Yara_15065,Intern,5022
15066,Zack_15066,Intern,5022
15067,Ava_15067,Intern,5022
15068,Ben_15068,Intern,5023
15069,Chloe_15069,Intern,5023
15070,Dylan_15070,Intern,5023
15071,Ella_15071,Intern,5024
15072,Finn_15072,Intern,5024
15073,Alice_15073,Intern,5024
15074,Bob_15074,Intern,5025
15075,Carol_15075,Intern,5025
15076,Dave_15076,Intern,5025
15077,Eve_15077,Intern,5026
15078,Frank_15078,Intern,5026
15079,Grace_15079,Intern,5026
15080,Hank_15080,Intern,5027
15081,Iris_15081,Intern,5027
15082,Jack_15082,Intern,5027
15083,Karen_15083,Intern,5028
15084,Leo_15084,Intern,5028
15085,Maya_15085,Intern,5028
15086,Nate_15086,Intern,5029
15087,Olivia_15087,Intern,5029
15088,Paul_15088,Intern,5029
15089,Quinn_15089,Intern,5030
15090,Rose_15090,Intern,5030
15091,Sam_15091,Intern,5030
15092,Tina_15092,Intern,5031
15093,Uma_15093,Intern,5031
15094,Victor_15094,Intern,5031
15095,Wendy_15095,Intern,5032
15096,Xander_15096,Intern,5032
15097,Yara_15097,Intern,5032
15098,Zack_15098,Intern,5033
15099,Ava_15099,Intern,5033
15100,Ben_15100,Intern,5033
15101,Chloe_15101,Intern,5034
15102,Dylan_15102,Intern,5034
15103,Ella_15103,Intern,5034
15104,Finn_15104,Intern,5035
15105,Alice_15105,Intern,5035
15106,Bob_15106,Intern,5035
15107,Carol_15107,Intern,5036
15108,Dave_15108,Intern,5036
15109,Eve_15109,Intern,5036
15110,Frank_15110,Intern,5037
15111,Grace_15111,Intern,5037
15112,Hank_15112,Intern,5037
15113,Iris_15113,Intern,5038
15114,Jack_15114,Intern,5038
15115,Karen_15115,Intern,5038
15116,Leo_15116,Intern,5039
15117,Maya_15117,Intern,5039
15118,Nate_15118,Intern,5039
15119,Olivia_15119,Intern,5040
15120,Paul_15120,Intern,5040
15121,Quinn_15121,Intern,5040
15122,Rose_15122,Intern,5041
15123,Sam_15123,Intern,5041
15124,Tina_15124,Intern,5041
15125,Uma_15125,Intern,5042
15126,Victor_15126,Intern,5042
15127,Wendy_15127,Intern,5042
15128,Xander_15128,Intern,5043
15129,Yara_15129,Intern,5043
15130,Zack_15130,Intern,5043
15131,Ava_15131,Intern,5044
15132,Ben_15132,Intern,5044
15133,Chloe_15133,Intern,5044
15134,Dylan_15134,Intern,5045
15135,Ella_15135,Intern,5045
15136,Finn_15136,Intern,5045
15137,Alice_15137,Intern,5046
15138,Bob_15138,Intern,5046
15139,Carol_15139,Intern,5046
15140,Dave_15140,Intern,5047
15141,Eve_15141,Intern,5047
15142,Frank_15142,Intern,5047
15143,Grace_15143,Intern,5048
15144,Hank_15144,Intern,5048
15145,Iris_15145,Intern,5048
15146,Jack_15146,Intern,5049
15147,Karen_15147,Intern,5049
15148,Leo_15148,Intern,5049
15149,Maya_15149,Intern,5050
15150,Nate_15150,Intern,5050
15151,Olivia_15151,Intern,5050
15152,Paul_15152,Intern,5051
15153,Quinn_15153,Intern,5051
15154,Rose_15154,Intern,5051
15155,Sam_15155,Intern,5052
15156,Tina_15156,Intern,5052
15157,Uma_15157,Intern,5052
15158,Victor_15158,Intern,5053
15159,Wendy_15159,Intern,5053
15160,Xander_15160,Intern,5053
15161,Yara_15161,Intern,5054
15162,Zack_15162,Intern,5054
15163,Ava_15163,Intern,5054
15164,Ben_15164,Intern,5055
15165,Chloe_15165,Intern,5055
15166,Dylan_15166,Intern,5055
15167,Ella_15167,Intern,5056
15168,Finn_15168,Intern,5056
15169,Alice_15169,Intern,5056
15170,Bob_15170,Intern,5057
15171,Carol_15171,Intern,5057
15172,Dave_15172,Intern,5057
15173,Eve_15173,Intern,5058
15174,Frank_15174,Intern,5058
15175,Grace_15175,Intern,5058
15176,Hank_15176,Intern,5059
15177,Iris_15177,Intern,5059
15178,Jack_15178,Intern,5059
15179,Karen_15179,Intern,5060
15180,Leo_15180,Intern,5060
15181,Maya_15181,Intern,5060
15182,Nate_15182,Intern,5061
15183,Olivia_15183,Intern,5061
15184,Paul_15184,Intern,5061
15185,Quinn_15185,Intern,5062
15186,Rose_15186,Intern,5062
15187,Sam_15187,Intern,5062
15188,Tina_15188,Intern,5063
15189,Uma_15189,Intern,5063
15190,Victor_15190,Intern,5063
15191,Wendy_15191,Intern,5064
15192,Xander_15192,Intern,5064
15193,Yara_15193,Intern,5064
15194,Zack_15194,Intern,5065
15195,Ava_15195,Intern,5065
15196,Ben_15196,Intern,5065
15197,Chloe_15197,Intern,5066
15198,Dylan_15198,Intern,5066
15199,Ella_15199,Intern,5066
15200,Finn_15200,Intern,5067
15201,Alice_15201,Intern,5067
15202,Bob_15202,Intern,5067
15203,Carol_15203,Intern,5068
15204,Dave_15204,Intern,5068
15205,Eve_15205,Intern,5068
15206,Frank_15206,Intern,5069
15207,Grace_15207,Intern,5069
15208,Hank_15208,Intern,5069
15209,Iris_15209,Intern,5070
15210,Jack_15210,Intern,5070
15211,Karen_15211,Intern,5070
15212,Leo_15212,Intern,5071
15213,Maya_15213,Intern,5071
15214,Nate_15214,Intern,5071
15215,Olivia_15215,Intern,5072
15216,Paul_15216,Intern,5072
15217,Quinn_15217,Intern,5072
15218,Rose_15218,Intern,5073
15219,Sam_15219,Intern,5073
15220,Tina_15220,Intern,5073
15221,Uma_15221,Intern,5074
15222,Victor_15222,Intern,5074
15223,Wendy_15223,Intern,5074
15224,Xander_15224,Intern,5075
15225,Yara_15225,Intern,5075
15226,Zack_15226,Intern,5075
15227,Ava_15227,Intern,5076
15228,Ben_15228,Intern,5076
15229,Chloe_15229,Intern,5076
15230,Dylan_15230,Intern,5077
15231,Ella_15231,Intern,5077
15232,Finn_15232,Intern,5077
15233,Alice_15233,Intern,5078
15234,Bob_15234,Intern,5078
15235,Carol_15235,Intern,5078
15236,Dave_15236,Intern,5079
15237,Eve_15237,Intern,5079
15238,Frank_15238,Intern,5079
15239,Grace_15239,Intern,5080
15240,Hank_15240,Intern,5080
15241,Iris_15241,Intern,5080
15242,Jack_15242,Intern,5081
15243,Karen_15243,Intern,5081
15244,Leo_15244,Intern,5081
15245,Maya_15245,Intern,5082
15246,Nate_15246,Intern,5082
15247,Olivia_15247,Intern,5082
15248,Paul_15248,Intern,5083
15249,Quinn_15249,Intern,5083
15250,Rose_15250,Intern,5083
15251,Sam_15251,Intern,5084
15252,Tina_15252,Intern,5084
15253,Uma_15253,Intern,5084
15254,Victor_15254,Intern,5085
15255,Wendy_15255,Intern,5085
15256,Xander_15256,Intern,5085
15257,Yara_15257,Intern,5086
15258,Zack_15258,Intern,5086
15259,Ava_15259,Intern,5086
15260,Ben_15260,Intern,5087
15261,Chloe_15261,Intern,5087
15262,Dylan_15262,Intern,5087
15263,Ella_15263,Intern,5088
15264,Finn_15264,Intern,5088
15265,Alice_15265,Intern,5088
15266,Bob_15266,Intern,5089
15267,Carol_15267,Intern,5089
15268,Dave_15268,Intern,5089
15269,Eve_15269,Intern,5090
15270,Frank_15270,Intern,5090
15271,Grace_15271,Intern,5090
15272,Hank_15272,Intern,5091
15273,Iris_15273,Intern,5091
15274,Jack_15274,Intern,5091
15275,Karen_15275,Intern,5092
15276,Leo_15276,Intern,5092
15277,Maya_15277,Intern,5092
15278,Nate_15278,Intern,5093
15279,Olivia_15279,Intern,5093
15280,Paul_15280,Intern,5093
15281,Quinn_15281,Intern,5094
15282,Rose_15282,Intern,5094
15283,Sam_15283,Intern,5094
15284,Tina_15284,Intern,5095
15285,Uma_15285,Intern,5095
15286,Victor_15286,Intern,5095
15287,Wendy_15287,Intern,5096
15288,Xander_15288,Intern,5096
15289,Yara_15289,Intern,5096
15290,Zack_15290,Intern,5097
15291,Ava_15291,Intern,5097
15292,Ben_15292,Intern,5097
15293,Chloe_15293,Intern,5098
15294,Dylan_15294,Intern,5098
15295,Ella_15295,Intern,5098
15296,Finn_15296,Intern,5099
15297,Alice_15297,Intern,5099
15298,Bob_15298,Intern,5099
15299,Carol_15299,Intern,5100
15300,Dave_15300,Intern,5100
15301,Eve_15301,Intern,5100
15302,Frank_15302,Intern,5101
15303,Grace_15303,Intern,5101
15304,Hank_15304,Intern,5101
15305,Iris_15305,Intern,5102
15306,Jack_15306,Intern,5102
15307,Karen_15307,Intern,5102
15308,Leo_15308,Intern,5103
15309,Maya_15309,Intern,5103
15310,Nate_15310,Intern,5103
15311,Olivia_15311,Intern,5104
15312,Paul_15312,Intern,5104
15313,Quinn_15313,Intern,5104
15314,Rose_15314,Intern,5105
15315,Sam_15315,Intern,5105
15316,Tina_15316,Intern,5105
15317,Uma_15317,Intern,5106
15318,Victor_15318,Intern,5106
15319,Wendy_15319,Intern,5106
15320,Xander_15320,Intern,5107
15321,Yara_15321,Intern,5107
15322,Zack_15322,Intern,5107
15323,Ava_15323,Intern,5108
15324,Ben_15324,Intern,5108
15325,Chloe_15325,Intern,5108
15326,Dylan_15326,Intern,5109
15327,Ella_15327,Intern,5109
15328,Finn_15328,Intern,5109
15329,Alice_15329,Intern,5110
15330,Bob_15330,Intern,5110
15331,Carol_15331,Intern,5110
15332,Dave_15332,Intern,5111
15333,Eve_15333,Intern,5111
15334,Frank_15334,Intern,5111
15335,Grace_15335,Intern,5112
15336,Hank_15336,Intern,5112
15337,Iris_15337,Intern,5112
15338,Jack_15338,Intern,5113
15339,Karen_15339,Intern,5113
15340,Leo_15340,Intern,5113
15341,Maya_15341,Intern,5114
15342,Nate_15342,Intern,5114
15343,Olivia_15343,Intern,5114
15344,Paul_15344,Intern,5115
15345,Quinn_15345,Intern,5115
15346,Rose_15346,Intern,5115
15347,Sam_15347,Intern,5116
15348,Tina_15348,Intern,5116
15349,Uma_15349,Intern,5116
15350,Victor_15350,Intern,5117
15351,Wendy_15351,Intern,5117
15352,Xander_15352,Intern,5117
15353,Yara_15353,Intern,5118
15354,Zack_15354,Intern,5118
15355,Ava_15355,Intern,5118
15356,Ben_15356,Intern,5119
15357,Chloe_15357,Intern,5119
15358,Dylan_15358,Intern,5119
15359,Ella_15359,Intern,5120
15360,Finn_15360,Intern,5120
15361,Alice_15361,Intern,5120
15362,Bob_15362,Intern,5121
15363,Carol_15363,Intern,5121
15364,Dave_15364,Intern,5121
15365,Eve_15365,Intern,5122
15366,Frank_15366,Intern,5122
15367,Grace_15367,Intern,5122
15368,Hank_15368,Intern,5123
15369,Iris_15369,Intern,5123
15370,Jack_15370,Intern,5123
15371,Karen_15371,Intern,5124
15372,Leo_15372,Intern,5124
15373,Maya_15373,Intern,5124
15374,Nate_15374,Intern,5125
15375,Olivia_15375,Intern,5125
15376,Paul_15376,Intern,5125
15377,Quinn_15377,Intern,5126
15378,Rose_15378,Intern,5126
15379,Sam_15379,Intern,5126
15380,Tina_15380,Intern,5127
15381,Uma_15381,Intern,5127
15382,Victor_15382,Intern,5127
15383,Wendy_15383,Intern,5128
15384,Xander_15384,Intern,5128
15385,Yara_15385,Intern,5128
15386,Zack_15386,Intern,5129
15387,Ava_15387,Intern,5129
15388,Ben_15388,Intern,5129
15389,Chloe_15389,Intern,5130
15390,Dylan_15390,Intern,5130
15391,Ella_15391,Intern,5130
15392,Finn_15392,Intern,5131
15393,Alice_15393,Intern,5131
15394,Bob_15394,Intern,5131
15395,Carol_15395,Intern,5132
15396,Dave_15396,Intern,5132
15397,Eve_15397,Intern,5132
15398,Frank_15398,Intern,5133
15399,Grace_15399,Intern,5133
15400,Hank_15400,Intern,5133
15401,Iris_15401,Intern,5134
15402,Jack_15402,Intern,5134
15403,Karen_15403,Intern,5134
15404,Leo_15404,Intern,5135
15405,Maya_15405,Intern,5135
15406,Nate_15406,Intern,5135
15407,Olivia_15407,Intern,5136
15408,Paul_15408,Intern,5136
15409,Quinn_15409,Intern,5136
15410,Rose_15410,Intern,5137
15411,Sam_15411,Intern,5137
15412,Tina_15412,Intern,5137
15413,Uma_15413,Intern,5138
15414,Victor_15414,Intern,5138
15415,Wendy_15415,Intern,5138
15416,Xander_15416,Intern,5139
15417,Yara_15417,Intern,5139
15418,Zack_15418,Intern,5139
15419,Ava_15419,Intern,5140
15420,Ben_15420,Intern,5140
15421,Chloe_15421,Intern,5140
15422,Dylan_15422,Intern,5141
15423,Ella_15423,Intern,5141
15424,Finn_15424,Intern,5141
15425,Alice_15425,Intern,5142
15426,Bob_15426,Intern,5142
15427,Carol_15427,Intern,5142
15428,Dave_15428,Intern,5143
15429,Eve_15429,Intern,5143
15430,Frank_15430,Intern,5143
15431,Grace_15431,Intern,5144
15432,Hank_15432,Intern,5144
15433,Iris_15433,Intern,5144
15434,Jack_15434,Intern,5145
15435,Karen_15435,Intern,5145
15436,Leo_15436,Intern,5145
15437,Maya_15437,Intern,5146
15438,Nate_15438,Intern,5146
15439,Olivia_15439,Intern,5146
15440,Paul_15440,Intern,5147
15441,Quinn_15441,Intern,5147
15442,Rose_15442,Intern,5147
15443,Sam_15443,Intern,5148
15444,Tina_15444,Intern,5148
15445,Uma_15445,Intern,5148
15446,Victor_15446,Intern,5149
15447,Wendy_15447,Intern,5149
15448,Xander_15448,Intern,5149
15449,Yara_15449,Intern,5150
15450,Zack_15450,Intern,5150
15451,Ava_15451,Intern,5150
15452,Ben_15452,Intern,5151
15453,Chloe_15453,Intern,5151
15454,Dylan_15454,Intern,5151
15455,Ella_15455,Intern,5152
15456,Finn_15456,Intern,5152
15457,Alice_15457,Intern,5152
15458,Bob_15458,Intern,5153
15459,Carol_15459,Intern,5153
15460,Dave_15460,Intern,5153
15461,Eve_15461,Intern,5154
15462,Frank_15462,Intern,5154
15463,Grace_15463,Intern,5154
15464,Hank_15464,Intern,5155
15465,Iris_15465,Intern,5155
15466,Jack_15466,Intern,5155
15467,Karen_15467,Intern,5156
15468,Leo_15468,Intern,5156
15469,Maya_15469,Intern,5156
15470,Nate_15470,Intern,5157
15471,Olivia_15471,Intern,5157
15472,Paul_15472,Intern,5157
15473,Quinn_15473,Intern,5158
15474,Rose_15474,Intern,5158
15475,Sam_15475,Intern,5158
15476,Tina_15476,Intern,5159
15477,Uma_15477,Intern,5159
15478,Victor_15478,Intern,5159
15479,Wendy_15479,Intern,5160
15480,Xander_15480,Intern,5160
15481,Yara_15481,Intern,5160
15482,Zack_15482,Intern,5161
15483,Ava_15483,Intern,5161
15484,Ben_15484,Intern,5161
15485,Chloe_15485,Intern,5162
15486,Dylan_15486,Intern,5162
15487,Ella_15487,Intern,5162
15488,Finn_15488,Intern,5163
15489,Alice_15489,Intern,5163
15490,Bob_15490,Intern,5163
15491,Carol_15491,Intern,5164
15492,Dave_15492,Intern,5164
15493,Eve_15493,Intern,5164
15494,Frank_15494,Intern,5165
15495,Grace_15495,Intern,5165
15496,Hank_15496,Intern,5165
15497,Iris_15497,Intern,5166
15498,Jack_15498,Intern,5166
15499,Karen_15499,Intern,5166
15500,Leo_15500,Intern,5167
15501,Maya_15501,Intern,5167
15502,Nate_15502,Intern,5167
15503,Olivia_15503,Intern,5168
15504,Paul_15504,Intern,5168
15505,Quinn_15505,Intern,5168
15506,Rose_15506,Intern,5169
15507,Sam_15507,Intern,5169
15508,Tina_15508,Intern,5169
15509,Uma_15509,Intern,5170
15510,Victor_15510,Intern,5170
15511,Wendy_15511,Intern,5170
15512,Xander_15512,Intern,5171
15513,Yara_15513,Intern,5171
15514,Zack_15514,Intern,5171
15515,Ava_15515,Intern,5172
15516,Ben_15516,Intern,5172
15517,Chloe_15517,Intern,5172
15518,Dylan_15518,Intern,5173
15519,Ella_15519,Intern,5173
15520,Finn_15520,Intern,5173
15521,Alice_15521,Intern,5174
15522,Bob_15522,Intern,5174
15523,Carol_15523,Intern,5174
15524,Dave_15524,Intern,5175
15525,Eve_15525,Intern,5175
15526,Frank_15526,Intern,5175
15527,Grace_15527,Intern,5176
15528,Hank_15528,Intern,5176
15529,Iris_15529,Intern,5176
15530,Jack_15530,Intern,5177
15531,Karen_15531,Intern,5177
15532,Leo_15532,Intern,5177
15533,Maya_15533,Intern,5178
15534,Nate_15534,Intern,5178
15535,Olivia_15535,Intern,5178
15536,Paul_15536,Intern,5179
15537,Quinn_15537,Intern,5179
15538,Rose_15538,Intern,5179
15539,Sam_15539,Intern,5180
15540,Tina_15540,Intern,5180
15541,Uma_15541,Intern,5180
15542,Victor_15542,Intern,5181
15543,Wendy_15543,Intern,5181
15544,Xander_15544,Intern,5181
15545,Yara_15545,Intern,5182
15546,Zack_15546,Intern,5182
15547,Ava_15547,Intern,5182
15548,Ben_15548,Intern,5183
15549,Chloe_15549,Intern,5183
15550,Dylan_15550,Intern,5183
15551,Ella_15551,Intern,5184
15552,Finn_15552,Intern,5184
15553,Alice_15553,Intern,5184
15554,Bob_15554,Intern,5185
15555,Carol_15555,Intern,5185
15556,Dave_15556,Intern,5185
15557,Eve_15557,Intern,5186
15558,Frank_15558,Intern,5186
15559,Grace_15559,Intern,5186
15560,Hank_15560,Intern,5187
15561,Iris_15561,Intern,5187
15562,Jack_15562,Intern,5187
15563,Karen_15563,Intern,5188
15564,Leo_15564,Intern,5188
15565,Maya_15565,Intern,5188
15566,Nate_15566,Intern,5189
15567,Olivia_15567,Intern,5189
15568,Paul_15568,Intern,5189
15569,Quinn_15569,Intern,5190
15570,Rose_15570,Intern,5190
15571,Sam_15571,Intern,5190
15572,Tina_15572,Intern,5191
15573,Uma_15573,Intern,5191
15574,Victor_15574,Intern,5191
15575,Wendy_15575,Intern,5192
15576,Xander_15576,Intern,5192
15577,Yara_15577,Intern,5192
15578,Zack_15578,Intern,5193
15579,Ava_15579,Intern,5193
15580,Ben_15580,Intern,5193
15581,Chloe_15581,Intern,5194
15582,Dylan_15582,Intern,5194
15583,Ella_15583,Intern,5194
15584,Finn_15584,Intern,5195
15585,Alice_15585,Intern,5195
15586,Bob_15586,Intern,5195
15587,Carol_15587,Intern,5196
15588,Dave_15588,Intern,5196
15589,Eve_15589,Intern,5196
15590,Frank_15590,Intern,5197
15591,Grace_15591,Intern,5197
15592,Hank_15592,Intern,5197
15593,Iris_15593,Intern,5198
15594,Jack_15594,Intern,5198
15595,Karen_15595,Intern,5198
15596,Leo_15596,Intern,5199
15597,Maya_15597,Intern,5199
15598,Nate_15598,Intern,5199
15599,Olivia_15599,Intern,5200
15600,Paul_15600,Intern,5200
15601,Quinn_15601,Intern,5200
15602,Rose_15602,Intern,5201
15603,Sam_15603,Intern,5201
15604,Tina_15604,Intern,5201
15605,Uma_15605,Intern,5202
15606,Victor_15606,Intern,5202
15607,Wendy_15607,Intern,5202
15608,Xander_15608,Intern,5203
15609,Yara_15609,Intern,5203
15610,Zack_15610,Intern,5203
15611,Ava_15611,Intern,5204
15612,Ben_15612,Intern,5204
15613,Chloe_15613,Intern,5204
15614,Dylan_15614,Intern,5205
15615,Ella_15615,Intern,5205
15616,Finn_15616,Intern,5205
15617,Alice_15617,Intern,5206
15618,Bob_15618,Intern,5206
15619,Carol_15619,Intern,5206
15620,Dave_15620,Intern,5207
15621,Eve_15621,Intern,5207
15622,Frank_15622,Intern,5207
15623,Grace_15623,Intern,5208
15624,Hank_15624,Intern,5208
15625,Iris_15625,Intern,5208
15626,Jack_15626,Intern,5209
15627,Karen_15627,Intern,5209
15628,Leo_15628,Intern,5209
15629,Maya_15629,Intern,5210
15630,Nate_15630,Intern,5210
15631,Olivia_15631,Intern,5210
15632,Paul_15632,Intern,5211
15633,Quinn_15633,Intern,5211
15634,Rose_15634,Intern,5211
15635,Sam_15635,Intern,5212
15636,Tina_15636,Intern,5212
15637,Uma_15637,Intern,5212
15638,Victor_15638,Intern,5213
15639,Wendy_15639,Intern,5213
15640,Xander_15640,Intern,5213
15641,Yara_15641,Intern,5214
15642,Zack_15642,Intern,5214
15643,Ava_15643,Intern,5214
15644,Ben_15644,Intern,5215
15645,Chloe_15645,Intern,5215
15646,Dylan_15646,Intern,5215
15647,Ella_15647,Intern,5216
15648,Finn_15648,Intern,5216
15649,Alice_15649,Intern,5216
15650,Bob_15650,Intern,5217
15651,Carol_15651,Intern,5217
15652,Dave_15652,Intern,5217
15653,Eve_15653,Intern,5218
15654,Frank_15654,Intern,5218
15655,Grace_15655,Intern,5218
15656,Hank_15656,Intern,5219
15657,Iris_15657,Intern,5219
15658,Jack_15658,Intern,5219
15659,Karen_15659,Intern,5220
15660,Leo_15660,Intern,5220
15661,Maya_15661,Intern,5220
15662,Nate_15662,Intern,5221
15663,Olivia_15663,Intern,5221
15664,Paul_15664,Intern,5221
15665,Quinn_15665,Intern,5222
15666,Rose_15666,Intern,5222
15667,Sam_15667,Intern,5222
15668,Tina_15668,Intern,5223
15669,Uma_15669,Intern,5223
15670,Victor_15670,Intern,5223
15671,Wendy_15671,Intern,5224
15672,Xander_15672,Intern,5224
15673,Yara_15673,Intern,5224
15674,Zack_15674,Intern,5225
15675,Ava_15675,Intern,5225
15676,Ben_15676,Intern,5225
15677,Chloe_15677,Intern,5226
15678,Dylan_15678,Intern,5226
15679,Ella_15679,Intern,5226
15680,Finn_15680,Intern,5227
15681,Alice_15681,Intern,5227
15682,Bob_15682,Intern,5227
15683,Carol_15683,Intern,5228
15684,Dave_15684,Intern,5228
15685,Eve_15685,Intern,5228
15686,Frank_15686,Intern,5229
15687,Grace_15687,Intern,5229
15688,Hank_15688,Intern,5229
15689,Iris_15689,Intern,5230
15690,Jack_15690,Intern,5230
15691,Karen_15691,Intern,5230
15692,Leo_15692,Intern,5231
15693,Maya_15693,Intern,5231
15694,Nate_15694,Intern,5231
15695,Olivia_15695,Intern,5232
15696,Paul_15696,Intern,5232
15697,Quinn_15697,Intern,5232
15698,Rose_15698,Intern,5233
15699,Sam_15699,Intern,5233
15700,Tina_15700,Intern,5233
15701,Uma_15701,Intern,5234
15702,Victor_15702,Intern,5234
15703,Wendy_15703,Intern,5234
15704,Xander_15704,Intern,5235
15705,Yara_15705,Intern,5235
15706,Zack_15706,Intern,5235
15707,Ava_15707,Intern,5236
15708,Ben_15708,Intern,5236
15709,Chloe_15709,Intern,5236
15710,Dylan_15710,Intern,5237
15711,Ella_15711,Intern,5237
15712,Finn_15712,Intern,5237
15713,Alice_15713,Intern,5238
15714,Bob_15714,Intern,5238
15715,Carol_15715,Intern,5238
15716,Dave_15716,Intern,5239
15717,Eve_15717,Intern,5239
15718,Frank_15718,Intern,5239
15719,Grace_15719,Intern,5240
15720,Hank_15720,Intern,5240
15721,Iris_15721,Intern,5240
15722,Jack_15722,Intern,5241
15723,Karen_15723,Intern,5241
15724,Leo_15724,Intern,5241
15725,Maya_15725,Intern,5242
15726,Nate_15726,Intern,5242
15727,Olivia_15727,Intern,5242
15728,Paul_15728,Intern,5243
15729,Quinn_15729,Intern,5243
15730,Rose_15730,Intern,5243
15731,Sam_15731,Intern,5244
15732,Tina_15732,Intern,5244
15733,Uma_15733,Intern,5244
15734,Victor_15734,Intern,5245
15735,Wendy_15735,Intern,5245
15736,Xander_15736,Intern,5245
15737,Yara_15737,Intern,5246
15738,Zack_15738,Intern,5246
15739,Ava_15739,Intern,5246
15740,Ben_15740,Intern,5247
15741,Chloe_15741,Intern,5247
15742,Dylan_15742,Intern,5247
15743,Ella_15743,Intern,5248
15744,Finn_15744,Intern,5248
15745,Alice_15745,Intern,5248
15746,Bob_15746,Intern,5249
15747,Carol_15747,Intern,5249
15748,Dave_15748,Intern,5249
15749,Eve_15749,Intern,5250
15750,Frank_15750,Intern,5250
15751,Grace_15751,Intern,5250
15752,Hank_15752,Intern,5251
15753,Iris_15753,Intern,5251
15754,Jack_15754,Intern,5251
15755,Karen_15755,Intern,5252
15756,Leo_15756,Intern,5252
15757,Maya_15757,Intern,5252
15758,Nate_15758,Intern,5253
15759,Olivia_15759,Intern,5253
15760,Paul_15760,Intern,5253
15761,Quinn_15761,Intern,5254
15762,Rose_15762,Intern,5254
15763,Sam_15763,Intern,5254
15764,Tina_15764,Intern,5255
15765,Uma_15765,Intern,5255
15766,Victor_15766,Intern,5255
15767,Wendy_15767,Intern,5256
15768,Xander_15768,Intern,5256
15769,Yara_15769,Intern,5256
15770,Zack_15770,Intern,5257
15771,Ava_15771,Intern,5257
15772,Ben_15772,Intern,5257
15773,Chloe_15773,Intern,5258
15774,Dylan_15774,Intern,5258
15775,Ella_15775,Intern,5258
15776,Finn_15776,Intern,5259
15777,Alice_15777,Intern,5259
15778,Bob_15778,Intern,5259
15779,Carol_15779,Intern,5260
15780,Dave_15780,Intern,5260
15781,Eve_15781,Intern,5260
15782,Frank_15782,Intern,5261
15783,Grace_15783,Intern,5261
15784,Hank_15784,Intern,5261
15785,Iris_15785,Intern,5262
15786,Jack_15786,Intern,5262
15787,Karen_15787,Intern,5262
15788,Leo_15788,Intern,5263
15789,Maya_15789,Intern,5263
15790,Nate_15790,Intern,5263
15791,Olivia_15791,Intern,5264
15792,Paul_15792,Intern,5264
15793,Quinn_15793,Intern,5264
15794,Rose_15794,Intern,5265
15795,Sam_15795,Intern,5265
15796,Tina_15796,Intern,5265
15797,Uma_15797,Intern,5266
15798,Victor_15798,Intern,5266
15799,Wendy_15799,Intern,5266
15800,Xander_15800,Intern,5267
15801,Yara_15801,Intern,5267
15802,Zack_15802,Intern,5267
15803,Ava_15803,Intern,5268
15804,Ben_15804,Intern,5268
15805,Chloe_15805,Intern,5268
15806,Dylan_15806,Intern,5269
15807,Ella_15807,Intern,5269
15808,Finn_15808,Intern,5269
15809,Alice_15809,Intern,5270
15810,Bob_15810,Intern,5270
15811,Carol_15811,Intern,5270
15812,Dave_15812,Intern,5271
15813,Eve_15813,Intern,5271
15814,Frank_15814,Intern,5271
15815,Grace_15815,Intern,5272
15816,Hank_15816,Intern,5272
15817,Iris_15817,Intern,5272
15818,Jack_15818,Intern,5273
15819,Karen_15819,Intern,5273
15820,Leo_15820,Intern,5273
15821,Maya_15821,Intern,5274
15822,Nate_15822,Intern,5274
15823,Olivia_15823,Intern,5274
15824,Paul_15824,Intern,5275
15825,Quinn_15825,Intern,5275
15826,Rose_15826,Intern,5275
15827,Sam_15827,Intern,5276
15828,Tina_15828,Intern,5276
15829,Uma_15829,Intern,5276
15830,Victor_15830,Intern,5277
15831,Wendy_15831,Intern,5277
15832,Xander_15832,Intern,5277
15833,Yara_15833,Intern,5278
15834,Zack_15834,Intern,5278
15835,Ava_15835,Intern,5278
15836,Ben_15836,Intern,5279
15837,Chloe_15837,Intern,5279
15838,Dylan_15838,Intern,5279
15839,Ella_15839,Intern,5280
15840,Finn_15840,Intern,5280
15841,Alice_15841,Intern,5280
15842,Bob_15842,Intern,5281
15843,Carol_15843,Intern,5281
15844,Dave_15844,Intern,5281
15845,Eve_15845,Intern,5282
15846,Frank_15846,Intern,5282
15847,Grace_15847,Intern,5282
15848,Hank_15848,Intern,5283
15849,Iris_15849,Intern,5283
15850,Jack_15850,Intern,5283
15851,Karen_15851,Intern,5284
15852,Leo_15852,Intern,5284
15853,Maya_15853,Intern,5284
15854,Nate_15854,Intern,5285
15855,Olivia_15855,Intern,5285
15856,Paul_15856,Intern,5285
15857,Quinn_15857,Intern,5286
15858,Rose_15858,Intern,5286
15859,Sam_15859,Intern,5286
15860,Tina_15860,Intern,5287
15861,Uma_15861,Intern,5287
15862,Victor_15862,Intern,5287
15863,Wendy_15863,Intern,5288
15864,Xander_15864,Intern,5288
15865,Yara_15865,Intern,5288
15866,Zack_15866,Intern,5289
15867,Ava_15867,Intern,5289
15868,Ben_15868,Intern,5289
15869,Chloe_15869,Intern,5290
15870,Dylan_15870,Intern,5290
15871,Ella_15871,Intern,5290
15872,Finn_15872,Intern,5291
15873,Alice_15873,Intern,5291
15874,Bob_15874,Intern,5291
15875,Carol_15875,Intern,5292
15876,Dave_15876,Intern,5292
15877,Eve_15877,Intern,5292
15878,Frank_15878,Intern,5293
15879,Grace_15879,Intern,5293
15880,Hank_15880,Intern,5293
15881,Iris_15881,Intern,5294
15882,Jack_15882,Intern,5294
15883,Karen_15883,Intern,5294
15884,Leo_15884,Intern,5295
15885,Maya_15885,Intern,5295
15886,Nate_15886,Intern,5295
15887,Olivia_15887,Intern,5296
15888,Paul_15888,Intern,5296
15889,Quinn_15889,Intern,5296
15890,Rose_15890,Intern,5297
15891,Sam_15891,Intern,5297
15892,Tina_15892,Intern,5297
15893,Uma_15893,Intern,5298
15894,Victor_15894,Intern,5298
15895,Wendy_15895,Intern,5298
15896,Xander_15896,Intern,5299
15897,Yara_15897,Intern,5299
15898,Zack_15898,Intern,5299
15899,Ava_15899,Intern,5300
15900,Ben_15900,Intern,5300
15901,Chloe_15901,Intern,5300
15902,Dylan_15902,Intern,5301
15903,Ella_15903,Intern,5301
15904,Finn_15904,Intern,5301
15905,Alice_15905,Intern,5302
15906,Bob_15906,Intern,5302
15907,Carol_15907,Intern,5302
15908,Dave_15908,Intern,5303
15909,Eve_15909,Intern,5303
15910,Frank_15910,Intern,5303
15911,Grace_15911,Intern,5304
15912,Hank_15912,Intern,5304
15913,Iris_15913,Intern,5304
15914,Jack_15914,Intern,5305
15915,Karen_15915,Intern,5305
15916,Leo_15916,Intern,5305
15917,Maya_15917,Intern,5306
15918,Nate_15918,Intern,5306
15919,Olivia_15919,Intern,5306
15920,Paul_15920,Intern,5307
15921,Quinn_15921,Intern,5307
15922,Rose_15922,Intern,5307
15923,Sam_15923,Intern,5308
15924,Tina_15924,Intern,5308
15925,Uma_15925,Intern,5308
15926,Victor_15926,Intern,5309
15927,Wendy_15927,Intern,5309
15928,Xander_15928,Intern,5309
15929,Yara_15929,Intern,5310
15930,Zack_15930,Intern,5310
15931,Ava_15931,Intern,5310
15932,Ben_15932,Intern,5311
15933,Chloe_15933,Intern,5311
15934,Dylan_15934,Intern,5311
15935,Ella_15935,Intern,5312
15936,Finn_15936,Intern,5312
15937,Alice_15937,Intern,5312
15938,Bob_15938,Intern,5313
15939,Carol_15939,Intern,5313
15940,Dave_15940,Intern,5313
15941,Eve_15941,Intern,5314
15942,Frank_15942,Intern,5314
15943,Grace_15943,Intern,5314
15944,Hank_15944,Intern,5315
15945,Iris_15945,Intern,5315
15946,Jack_15946,Intern,5315
15947,Karen_15947,Intern,5316
15948,Leo_15948,Intern,5316
15949,Maya_15949,Intern,5316
15950,Nate_15950,Intern,5317
15951,Olivia_15951,Intern,5317
15952,Paul_15952,Intern,5317
15953,Quinn_15953,Intern,5318
15954,Rose_15954,Intern,5318
15955,Sam_15955,Intern,5318
15956,Tina_15956,Intern,5319
15957,Uma_15957,Intern,5319
15958,Victor_15958,Intern,5319
15959,Wendy_15959,Intern,5320
15960,Xander_15960,Intern,5320
15961,Yara_15961,Intern,5320
15962,Zack_15962,Intern,5321
15963,Ava_15963,Intern,5321
15964,Ben_15964,Intern,5321
15965,Chloe_15965,Intern,5322
15966,Dylan_15966,Intern,5322
15967,Ella_15967,Intern,5322
15968,Finn_15968,Intern,5323
15969,Alice_15969,Intern,5323
15970,Bob_15970,Intern,5323
15971,Carol_15971,Intern,5324
15972,Dave_15972,Intern,5324
15973,Eve_15973,Intern,5324
15974,Frank_15974,Intern,5325
15975,Grace_15975,Intern,5325
15976,Hank_15976,Intern,5325
15977,Iris_15977,Intern,5326
15978,Jack_15978,Intern,5326
15979,Karen_15979,Intern,5326
15980,Leo_15980,Intern,5327
15981,Maya_15981,Intern,5327
15982,Nate_15982,Intern,5327
15983,Olivia_15983,Intern,5328
15984,Paul_15984,Intern,5328
15985,Quinn_15985,Intern,5328
15986,Rose_15986,Intern,5329
15987,Sam_15987,Intern,5329
15988,Tina_15988,Intern,5329
15989,Uma_15989,Intern,5330
15990,Victor_15990,Intern,5330
15991,Wendy_15991,Intern,5330
15992,Xander_15992,Intern,5331
15993,Yara_15993,Intern,5331
15994,Zack_15994,Intern,5331
15995,Ava_15995,Intern,5332
15996,Ben_15996,Intern,5332
15997,Chloe_15997,Intern,5332
15998,Dylan_15998,Intern,5333
15999,Ella_15999,Intern,5333
16000,Finn_16000,Intern,5333
16001,Alice_16001,Intern,5334
16002,Bob_16002,Intern,5334
16003,Carol_16003,Intern,5334
16004,Dave_16004,Intern,5335
16005,Eve_16005,Intern,5335
16006,Frank_16006,Intern,5335
16007,Grace_16007,Intern,5336
16008,Hank_16008,Intern,5336
16009,Iris_16009,Intern,5336
16010,Jack_16010,Intern,5337
16011,Karen_16011,Intern,5337
16012,Leo_16012,Intern,5337
16013,Maya_16013,Intern,5338
16014,Nate_16014,Intern,5338
16015,Olivia_16015,Intern,5338
16016,Paul_16016,Intern,5339
16017,Quinn_16017,Intern,5339
16018,Rose_16018,Intern,5339
16019,Sam_16019,Intern,5340
16020,Tina_16020,Intern,5340
16021,Uma_16021,Intern,5340
16022,Victor_16022,Intern,5341
16023,Wendy_16023,Intern,5341
16024,Xander_16024,Intern,5341
16025,Yara_16025,Intern,5342
16026,Zack_16026,Intern,5342
16027,Ava_16027,Intern,5342
16028,Ben_16028,Intern,5343
16029,Chloe_16029,Intern,5343
16030,Dylan_16030,Intern,5343
16031,Ella_16031,Intern,5344
16032,Finn_16032,Intern,5344
16033,Alice_16033,Intern,5344
16034,Bob_16034,Intern,5345
16035,Carol_16035,Intern,5345
16036,Dave_16036,Intern,5345
16037,Eve_16037,Intern,5346
16038,Frank_16038,Intern,5346
16039,Grace_16039,Intern,5346
16040,Hank_16040,Intern,5347
16041,Iris_16041,Intern,5347
16042,Jack_16042,Intern,5347
16043,Karen_16043,Intern,5348
16044,Leo_16044,Intern,5348
16045,Maya_16045,Intern,5348
16046,Nate_16046,Intern,5349
16047,Olivia_16047,Intern,5349
16048,Paul_16048,Intern,5349
16049,Quinn_16049,Intern,5350
16050,Rose_16050,Intern,5350
16051,Sam_16051,Intern,5350
16052,Tina_16052,Intern,5351
16053,Uma_16053,Intern,5351
16054,Victor_16054,Intern,5351
16055,Wendy_16055,Intern,5352
16056,Xander_16056,Intern,5352
16057,Yara_16057,Intern,5352
16058,Zack_16058,Intern,5353
16059,Ava_16059,Intern,5353
16060,Ben_16060,Intern,5353
16061,Chloe_16061,Intern,5354
16062,Dylan_16062,Intern,5354
16063,Ella_16063,Intern,5354
16064,Finn_16064,Intern,5355
16065,Alice_16065,Intern,5355
16066,Bob_16066,Intern,5355
16067,Carol_16067,Intern,5356
16068,Dave_16068,Intern,5356
16069,Eve_16069,Intern,5356
16070,Frank_16070,Intern,5357
16071,Grace_16071,Intern,5357
16072,Hank_16072,Intern,5357
16073,Iris_16073,Intern,5358
16074,Jack_16074,Intern,5358
16075,Karen_16075,Intern,5358
16076,Leo_16076,Intern,5359
16077,Maya_16077,Intern,5359
16078,Nate_16078,Intern,5359
16079,Olivia_16079,Intern,5360
16080,Paul_16080,Intern,5360
16081,Quinn_16081,Intern,5360
16082,Rose_16082,Intern,5361
16083,Sam_16083,Intern,5361
16084,Tina_16084,Intern,5361
16085,Uma_16085,Intern,5362
16086,Victor_16086,Intern,5362
16087,Wendy_16087,Intern,5362
16088,Xander_16088,Intern,5363
16089,Yara_16089,Intern,5363
16090,Zack_16090,Intern,5363
16091,Ava_16091,Intern,5364
16092,Ben_16092,Intern,5364
16093,Chloe_16093,Intern,5364
16094,Dylan_16094,Intern,5365
16095,Ella_16095,Intern,5365
16096,Finn_16096,Intern,5365
16097,Alice_16097,Intern,5366
16098,Bob_16098,Intern,5366
16099,Carol_16099,Intern,5366
16100,Dave_16100,Intern,5367
16101,Eve_16101,Intern,5367
16102,Frank_16102,Intern,5367
16103,Grace_16103,Intern,5368
16104,Hank_16104,Intern,5368
16105,Iris_16105,Intern,5368
16106,Jack_16106,Intern,5369
16107,Karen_16107,Intern,5369
16108,Leo_16108,Intern,5369
16109,Maya_16109,Intern,5370
16110,Nate_16110,Intern,5370
16111,Olivia_16111,Intern,5370
16112,Paul_16112,Intern,5371
16113,Quinn_16113,Intern,5371
16114,Rose_16114,Intern,5371
16115,Sam_16115,Intern,5372
16116,Tina_16116,Intern,5372
16117,Uma_16117,Intern,5372
16118,Victor_16118,Intern,5373
16119,Wendy_16119,Intern,5373
16120,Xander_16120,Intern,5373
16121,Yara_16121,Intern,5374
16122,Zack_16122,Intern,5374
16123,Ava_16123,Intern,5374
16124,Ben_16124,Intern,5375
16125,Chloe_16125,Intern,5375
16126,Dylan_16126,Intern,5375
16127,Ella_16127,Intern,5376
16128,Finn_16128,Intern,5376
16129,Alice_16129,Intern,5376
16130,Bob_16130,Intern,5377
16131,Carol_16131,Intern,5377
16132,Dave_16132,Intern,5377
16133,Eve_16133,Intern,5378
16134,Frank_16134,Intern,5378
16135,Grace_16135,Intern,5378
16136,Hank_16136,Intern,5379
16137,Iris_16137,Intern,5379
16138,Jack_16138,Intern,5379
16139,Karen_16139,Intern,5380
16140,Leo_16140,Intern,5380
16141,Maya_16141,Intern,5380
16142,Nate_16142,Intern,5381
16143,Olivia_16143,Intern,5381
16144,Paul_16144,Intern,5381
16145,Quinn_16145,Intern,5382
16146,Rose_16146,Intern,5382
16147,Sam_16147,Intern,5382
16148,Tina_16148,Intern,5383
16149,Uma_16149,Intern,5383
16150,Victor_16150,Intern,5383
16151,Wendy_16151,Intern,5384
16152,Xander_16152,Intern,5384
16153,Yara_16153,Intern,5384
16154,Zack_16154,Intern,5385
16155,Ava_16155,Intern,5385
16156,Ben_16156,Intern,5385
16157,Chloe_16157,Intern,5386
16158,Dylan_16158,Intern,5386
16159,Ella_16159,Intern,5386
16160,Finn_16160,Intern,5387
16161,Alice_16161,Intern,5387
16162,Bob_16162,Intern,5387
16163,Carol_16163,Intern,5388
16164,Dave_16164,Intern,5388
16165,Eve_16165,Intern,5388
16166,Frank_16166,Intern,5389
16167,Grace_16167,Intern,5389
16168,Hank_16168,Intern,5389
16169,Iris_16169,Intern,5390
16170,Jack_16170,Intern,5390
16171,Karen_16171,Intern,5390
16172,Leo_16172,Intern,5391
16173,Maya_16173,Intern,5391
16174,Nate_16174,Intern,5391
16175,Olivia_16175,Intern,5392
16176,Paul_16176,Intern,5392
16177,Quinn_16177,Intern,5392
16178,Rose_16178,Intern,5393
16179,Sam_16179,Intern,5393
16180,Tina_16180,Intern,5393
16181,Uma_16181,Intern,5394
16182,Victor_16182,Intern,5394
16183,Wendy_16183,Intern,5394
16184,Xander_16184,Intern,5395
16185,Yara_16185,Intern,5395
16186,Zack_16186,Intern,5395
16187,Ava_16187,Intern,5396
16188,Ben_16188,Intern,5396
16189,Chloe_16189,Intern,5396
16190,Dylan_16190,Intern,5397
16191,Ella_16191,Intern,5397
16192,Finn_16192,Intern,5397
16193,Alice_16193,Intern,5398
16194,Bob_16194,Intern,5398
16195,Carol_16195,Intern,5398
16196,Dave_16196,Intern,5399
16197,Eve_16197,Intern,5399
16198,Frank_16198,Intern,5399
16199,Grace_16199,Intern,5400
16200,Hank_16200,Intern,5400
16201,Iris_16201,Intern,5400
16202,Jack_16202,Intern,5401
16203,Karen_16203,Intern,5401
16204,Leo_16204,Intern,5401
16205,Maya_16205,Intern,5402
16206,Nate_16206,Intern,5402
16207,Olivia_16207,Intern,5402
16208,Paul_16208,Intern,5403
16209,Quinn_16209,Intern,5403
16210,Rose_16210,Intern,5403
16211,Sam_16211,Intern,5404
16212,Tina_16212,Intern,5404
16213,Uma_16213,Intern,5404
16214,Victor_16214,Intern,5405
16215,Wendy_16215,Intern,5405
16216,Xander_16216,Intern,5405
16217,Yara_16217,Intern,5406
16218,Zack_16218,Intern,5406
16219,Ava_16219,Intern,5406
16220,Ben_16220,Intern,5407
16221,Chloe_16221,Intern,5407
16222,Dylan_16222,Intern,5407
16223,Ella_16223,Intern,5408
16224,Finn_16224,Intern,5408
16225,Alice_16225,Intern,5408
16226,Bob_16226,Intern,5409
16227,Carol_16227,Intern,5409
16228,Dave_16228,Intern,5409
16229,Eve_16229,Intern,5410
16230,Frank_16230,Intern,5410
16231,Grace_16231,Intern,5410
16232,Hank_16232,Intern,5411
16233,Iris_16233,Intern,5411
16234,Jack_16234,Intern,5411
16235,Karen_16235,Intern,5412
16236,Leo_16236,Intern,5412
16237,Maya_16237,Intern,5412
16238,Nate_16238,Intern,5413
16239,Olivia_16239,Intern,5413
16240,Paul_16240,Intern,5413
16241,Quinn_16241,Intern,5414
16242,Rose_16242,Intern,5414
16243,Sam_16243,Intern,5414
16244,Tina_16244,Intern,5415
16245,Uma_16245,Intern,5415
16246,Victor_16246,Intern,5415
16247,Wendy_16247,Intern,5416
16248,Xander_16248,Intern,5416
16249,Yara_16249,Intern,5416
16250,Zack_16250,Intern,5417
16251,Ava_16251,Intern,5417
16252,Ben_16252,Intern,5417
16253,Chloe_16253,Intern,5418
16254,Dylan_16254,Intern,5418
16255,Ella_16255,Intern,5418
16256,Finn_16256,Intern,5419
16257,Alice_16257,Intern,5419
16258,Bob_16258,Intern,5419
16259,Carol_16259,Intern,5420
16260,Dave_16260,Intern,5420
16261,Eve_16261,Intern,5420
16262,Frank_16262,Intern,5421
16263,Grace_16263,Intern,5421
16264,Hank_16264,Intern,5421
16265,Iris_16265,Intern,5422
16266,Jack_16266,Intern,5422
16267,Karen_16267,Intern,5422
16268,Leo_16268,Intern,5423
16269,Maya_16269,Intern,5423
16270,Nate_16270,Intern,5423
16271,Olivia_16271,Intern,5424
16272,Paul_16272,Intern,5424
16273,Quinn_16273,Intern,5424
16274,Rose_16274,Intern,5425
16275,Sam_16275,Intern,5425
16276,Tina_16276,Intern,5425
16277,Uma_16277,Intern,5426
16278,Victor_16278,Intern,5426
16279,Wendy_16279,Intern,5426
16280,Xander_16280,Intern,5427
16281,Yara_16281,Intern,5427
16282,Zack_16282,Intern,5427
16283,Ava_16283,Intern,5428
16284,Ben_16284,Intern,5428
16285,Chloe_16285,Intern,5428
16286,Dylan_16286,Intern,5429
16287,Ella_16287,Intern,5429
16288,Finn_16288,Intern,5429
16289,Alice_16289,Intern,5430
16290,Bob_16290,Intern,5430
16291,Carol_16291,Intern,5430
16292,Dave_16292,Intern,5431
16293,Eve_16293,Intern,5431
16294,Frank_16294,Intern,5431
16295,Grace_16295,Intern,5432
16296,Hank_16296,Intern,5432
16297,Iris_16297,Intern,5432
16298,Jack_16298,Intern,5433
16299,Karen_16299,Intern,5433
16300,Leo_16300,Intern,5433
16301,Maya_16301,Intern,5434
16302,Nate_16302,Intern,5434
16303,Olivia_16303,Intern,5434
16304,Paul_16304,Intern,5435
16305,Quinn_16305,Intern,5435
16306,Rose_16306,Intern,5435
16307,Sam_16307,Intern,5436
16308,Tina_16308,Intern,5436
16309,Uma_16309,Intern,5436
16310,Victor_16310,Intern,5437
16311,Wendy_16311,Intern,5437
16312,Xander_16312,Intern,5437
16313,Yara_16313,Intern,5438
16314,Zack_16314,Intern,5438
16315,Ava_16315,Intern,5438
16316,Ben_16316,Intern,5439
16317,Chloe_16317,Intern,5439
16318,Dylan_16318,Intern,5439
16319,Ella_16319,Intern,5440
16320,Finn_16320,Intern,5440
16321,Alice_16321,Intern,5440
16322,Bob_16322,Intern,5441
16323,Carol_16323,Intern,5441
16324,Dave_16324,Intern,5441
16325,Eve_16325,Intern,5442
16326,Frank_16326,Intern,5442
16327,Grace_16327,Intern,5442
16328,Hank_16328,Intern,5443
16329,Iris_16329,Intern,5443
16330,Jack_16330,Intern,5443
16331,Karen_16331,Intern,5444
16332,Leo_16332,Intern,5444
16333,Maya_16333,Intern,5444
16334,Nate_16334,Intern,5445
16335,Olivia_16335,Intern,5445
16336,Paul_16336,Intern,5445
16337,Quinn_16337,Intern,5446
16338,Rose_16338,Intern,5446
16339,Sam_16339,Intern,5446
16340,Tina_16340,Intern,5447
16341,Uma_16341,Intern,5447
16342,Victor_16342,Intern,5447
16343,Wendy_16343,Intern,5448
16344,Xander_16344,Intern,5448
16345,Yara_16345,Intern,5448
16346,Zack_16346,Intern,5449
16347,Ava_16347,Intern,5449
16348,Ben_16348,Intern,5449
16349,Chloe_16349,Intern,5450
16350,Dylan_16350,Intern,5450
16351,Ella_16351,Intern,5450
16352,Finn_16352,Intern,5451
16353,Alice_16353,Intern,5451
16354,Bob_16354,Intern,5451
16355,Carol_16355,Intern,5452
16356,Dave_16356,Intern,5452
16357,Eve_16357,Intern,5452
16358,Frank_16358,Intern,5453
16359,Grace_16359,Intern,5453
16360,Hank_16360,Intern,5453
16361,Iris_16361,Intern,5454
16362,Jack_16362,Intern,5454
16363,Karen_16363,Intern,5454
16364,Leo_16364,Intern,5455
16365,Maya_16365,Intern,5455
16366,Nate_16366,Intern,5455
16367,Olivia_16367,Intern,5456
16368,Paul_16368,Intern,5456
16369,Quinn_16369,Intern,5456
16370,Rose_16370,Intern,5457
16371,Sam_16371,Intern,5457
16372,Tina_16372,Intern,5457
16373,Uma_16373,Intern,5458
16374,Victor_16374,Intern,5458
16375,Wendy_16375,Intern,5458
16376,Xander_16376,Intern,5459
16377,Yara_16377,Intern,5459
16378,Zack_16378,Intern,5459
16379,Ava_16379,Intern,5460
16380,Ben_16380,Intern,5460
16381,Chloe_16381,Intern,5460
16382,Dylan_16382,Intern,5461
16383,Ella_16383,Intern,5461
16384,Finn_16384,Intern,5461
16385,Alice_16385,Intern,5462
16386,Bob_16386,Intern,5462
16387,Carol_16387,Intern,5462
16388,Dave_16388,Intern,5463
16389,Eve_16389,Intern,5463
16390,Frank_16390,Intern,5463
16391,Grace_16391,Intern,5464
16392,Hank_16392,Intern,5464
16393,Iris_16393,Intern,5464
16394,Jack_16394,Intern,5465
16395,Karen_16395,Intern,5465
16396,Leo_16396,Intern,5465
16397,Maya_16397,Intern,5466
16398,Nate_16398,Intern,5466
16399,Olivia_16399,Intern,5466
16400,Paul_16400,Intern,5467
16401,Quinn_16401,Intern,5467
16402,Rose_16402,Intern,5467
16403,Sam_16403,Intern,5468
16404,Tina_16404,Intern,5468
16405,Uma_16405,Intern,5468
16406,Victor_16406,Intern,5469
16407,Wendy_16407,Intern,5469
16408,Xander_16408,Intern,5469
16409,Yara_16409,Intern,5470
16410,Zack_16410,Intern,5470
16411,Ava_16411,Intern,5470
16412,Ben_16412,Intern,5471
16413,Chloe_16413,Intern,5471
16414,Dylan_16414,Intern,5471
16415,Ella_16415,Intern,5472
16416,Finn_16416,Intern,5472
16417,Alice_16417,Intern,5472
16418,Bob_16418,Intern,5473
16419,Carol_16419,Intern,5473
16420,Dave_16420,Intern,5473
16421,Eve_16421,Intern,5474
16422,Frank_16422,Intern,5474
16423,Grace_16423,Intern,5474
16424,Hank_16424,Intern,5475
16425,Iris_16425,Intern,5475
16426,Jack_16426,Intern,5475
16427,Karen_16427,Intern,5476
16428,Leo_16428,Intern,5476
16429,Maya_16429,Intern,5476
16430,Nate_16430,Intern,5477
16431,Olivia_16431,Intern,5477
16432,Paul_16432,Intern,5477
16433,Quinn_16433,Intern,5478
16434,Rose_16434,Intern,5478
16435,Sam_16435,Intern,5478
16436,Tina_16436,Intern,5479
16437,Uma_16437,Intern,5479
16438,Victor_16438,Intern,5479
16439,Wendy_16439,Intern,5480
16440,Xander_16440,Intern,5480
16441,Yara_16441,Intern,5480
16442,Zack_16442,Intern,5481
16443,Ava_16443,Intern,5481
16444,Ben_16444,Intern,5481
16445,Chloe_16445,Intern,5482
16446,Dylan_16446,Intern,5482
16447,Ella_16447,Intern,5482
16448,Finn_16448,Intern,5483
16449,Alice_16449,Intern,5483
16450,Bob_16450,Intern,5483
16451,Carol_16451,Intern,5484
16452,Dave_16452,Intern,5484
16453,Eve_16453,Intern,5484
16454,Frank_16454,Intern,5485
16455,Grace_16455,Intern,5485
16456,Hank_16456,Intern,5485
16457,Iris_16457,Intern,5486
16458,Jack_16458,Intern,5486
16459,Karen_16459,Intern,5486
16460,Leo_16460,Intern,5487
16461,Maya_16461,Intern,5487
16462,Nate_16462,Intern,5487
16463,Olivia_16463,Intern,5488
16464,Paul_16464,Intern,5488
16465,Quinn_16465,Intern,5488
16466,Rose_16466,Intern,5489
16467,Sam_16467,Intern,5489
16468,Tina_16468,Intern,5489
16469,Uma_16469,Intern,5490
16470,Victor_16470,Intern,5490
16471,Wendy_16471,Intern,5490
16472,Xander_16472,Intern,5491
16473,Yara_16473,Intern,5491
16474,Zack_16474,Intern,5491
16475,Ava_16475,Intern,5492
16476,Ben_16476,Intern,5492
16477,Chloe_16477,Intern,5492
16478,Dylan_16478,Intern,5493
16479,Ella_16479,Intern,5493
16480,Finn_16480,Intern,5493
16481,Alice_16481,Intern,5494
16482,Bob_16482,Intern,5494
16483,Carol_16483,Intern,5494
16484,Dave_16484,Intern,5495
16485,Eve_16485,Intern,5495
16486,Frank_16486,Intern,5495
16487,Grace_16487,Intern,5496
16488,Hank_16488,Intern,5496
16489,Iris_16489,Intern,5496
16490,Jack_16490,Intern,5497
16491,Karen_16491,Intern,5497
16492,Leo_16492,Intern,5497
16493,Maya_16493,Intern,5498
16494,Nate_16494,Intern,5498
16495,Olivia_16495,Intern,5498
16496,Paul_16496,Intern,5499
16497,Quinn_16497,Intern,5499
16498,Rose_16498,Intern,5499
16499,Sam_16499,Intern,5500
16500,Tina_16500,Intern,5500
16501,Uma_16501,Intern,5500
16502,Victor_16502,Intern,5501
16503,Wendy_16503,Intern,5501
16504,Xander_16504,Intern,5501
16505,Yara_16505,Intern,5502
16506,Zack_16506,Intern,5502
16507,Ava_16507,Intern,5502
16508,Ben_16508,Intern,5503
16509,Chloe_16509,Intern,5503
16510,Dylan_16510,Intern,5503
16511,Ella_16511,Intern,5504
16512,Finn_16512,Intern,5504
16513,Alice_16513,Intern,5504
16514,Bob_16514,Intern,5505
16515,Carol_16515,Intern,5505
16516,Dave_16516,Intern,5505
16517,Eve_16517,Intern,5506
16518,Frank_16518,Intern,5506
16519,Grace_16519,Intern,5506
16520,Hank_16520,Intern,5507
16521,Iris_16521,Intern,5507
16522,Jack_16522,Intern,5507
16523,Karen_16523,Intern,5508
16524,Leo_16524,Intern,5508
16525,Maya_16525,Intern,5508
16526,Nate_16526,Intern,5509
16527,Olivia_16527,Intern,5509
16528,Paul_16528,Intern,5509
16529,Quinn_16529,Intern,5510
16530,Rose_16530,Intern,5510
16531,Sam_16531,Intern,5510
16532,Tina_16532,Intern,5511
16533,Uma_16533,Intern,5511
16534,Victor_16534,Intern,5511
16535,Wendy_16535,Intern,5512
16536,Xander_16536,Intern,5512
16537,Yara_16537,Intern,5512
16538,Zack_16538,Intern,5513
16539,Ava_16539,Intern,5513
16540,Ben_16540,Intern,5513
16541,Chloe_16541,Intern,5514
16542,Dylan_16542,Intern,5514
16543,Ella_16543,Intern,5514
16544,Finn_16544,Intern,5515
16545,Alice_16545,Intern,5515
16546,Bob_16546,Intern,5515
16547,Carol_16547,Intern,5516
16548,Dave_16548,Intern,5516
16549,Eve_16549,Intern,5516
16550,Frank_16550,Intern,5517
16551,Grace_16551,Intern,5517
16552,Hank_16552,Intern,5517
16553,Iris_16553,Intern,5518
16554,Jack_16554,Intern,5518
16555,Karen_16555,Intern,5518
16556,Leo_16556,Intern,5519
16557,Maya_16557,Intern,5519
16558,Nate_16558,Intern,5519
16559,Olivia_16559,Intern,5520
16560,Paul_16560,Intern,5520
16561,Quinn_16561,Intern,5520
16562,Rose_16562,Intern,5521
16563,Sam_16563,Intern,5521
16564,Tina_16564,Intern,5521
16565,Uma_16565,Intern,5522
16566,Victor_16566,Intern,5522
16567,Wendy_16567,Intern,5522
16568,Xander_16568,Intern,5523
16569,Yara_16569,Intern,5523
16570,Zack_16570,Intern,5523
16571,Ava_16571,Intern,5524
16572,Ben_16572,Intern,5524
16573,Chloe_16573,Intern,5524
16574,Dylan_16574,Intern,5525
16575,Ella_16575,Intern,5525
16576,Finn_16576,Intern,5525
16577,Alice_16577,Intern,5526
16578,Bob_16578,Intern,5526
16579,Carol_16579,Intern,5526
16580,Dave_16580,Intern,5527
16581,Eve_16581,Intern,5527
16582,Frank_16582,Intern,5527
16583,Grace_16583,Intern,5528
16584,Hank_16584,Intern,5528
16585,Iris_16585,Intern,5528
16586,Jack_16586,Intern,5529
16587,Karen_16587,Intern,5529
16588,Leo_16588,Intern,5529
16589,Maya_16589,Intern,5530
16590,Nate_16590,Intern,5530
16591,Olivia_16591,Intern,5530
16592,Paul_16592,Intern,5531
16593,Quinn_16593,Intern,5531
16594,Rose_16594,Intern,5531
16595,Sam_16595,Intern,5532
16596,Tina_16596,Intern,5532
16597,Uma_16597,Intern,5532
16598,Victor_16598,Intern,5533
16599,Wendy_16599,Intern,5533
16600,Xander_16600,Intern,5533
16601,Yara_16601,Intern,5534
16602,Zack_16602,Intern,5534
16603,Ava_16603,Intern,5534
16604,Ben_16604,Intern,5535
16605,Chloe_16605,Intern,5535
16606,Dylan_16606,Intern,5535
16607,Ella_16607,Intern,5536
16608,Finn_16608,Intern,5536
16609,Alice_16609,Intern,5536
16610,Bob_16610,Intern,5537
16611,Carol_16611,Intern,5537
16612,Dave_16612,Intern,5537
16613,Eve_16613,Intern,5538
16614,Frank_16614,Intern,5538
16615,Grace_16615,Intern,5538
16616,Hank_16616,Intern,5539
16617,Iris_16617,Intern,5539
16618,Jack_16618,Intern,5539
16619,Karen_16619,Intern,5540
16620,Leo_16620,Intern,5540
16621,Maya_16621,Intern,5540
16622,Nate_16622,Intern,5541
16623,Olivia_16623,Intern,5541
16624,Paul_16624,Intern,5541
16625,Quinn_16625,Intern,5542
16626,Rose_16626,Intern,5542
16627,Sam_16627,Intern,5542
16628,Tina_16628,Intern,5543
16629,Uma_16629,Intern,5543
16630,Victor_16630,Intern,5543
16631,Wendy_16631,Intern,5544
16632,Xander_16632,Intern,5544
16633,Yara_16633,Intern,5544
16634,Zack_16634,Intern,5545
16635,Ava_16635,Intern,5545
16636,Ben_16636,Intern,5545
16637,Chloe_16637,Intern,5546
16638,Dylan_16638,Intern,5546
16639,Ella_16639,Intern,5546
16640,Finn_16640,Intern,5547
16641,Alice_16641,Intern,5547
16642,Bob_16642,Intern,5547
16643,Carol_16643,Intern,5548
16644,Dave_16644,Intern,5548
16645,Eve_16645,Intern,5548
16646,Frank_16646,Intern,5549
16647,Grace_16647,Intern,5549
16648,Hank_16648,Intern,5549
16649,Iris_16649,Intern,5550
16650,Jack_16650,Intern,5550
16651,Karen_16651,Intern,5550
16652,Leo_16652,Intern,5551
16653,Maya_16653,Intern,5551
16654,Nate_16654,Intern,5551
16655,Olivia_16655,Intern,5552
16656,Paul_16656,Intern,5552
16657,Quinn_16657,Intern,5552
16658,Rose_16658,Intern,5553
16659,Sam_16659,Intern,5553
16660,Tina_16660,Intern,5553
16661,Uma_16661,Intern,5554
16662,Victor_16662,Intern,5554
16663,Wendy_16663,Intern,5554
16664,Xander_16664,Intern,5555
16665,Yara_16665,Intern,5555
16666,Zack_16666,Intern,5555
16667,Ava_16667,Intern,5556
16668,Ben_16668,Intern,5556
16669,Chloe_16669,Intern,5556
16670,Dylan_16670,Intern,5557
16671,Ella_16671,Intern,5557
16672,Finn_16672,Intern,5557
16673,Alice_16673,Intern,5558
16674,Bob_16674,Intern,5558
16675,Carol_16675,Intern,5558
16676,Dave_16676,Intern,5559
16677,Eve_16677,Intern,5559
16678,Frank_16678,Intern,5559
16679,Grace_16679,Intern,5560
16680,Hank_16680,Intern,5560
16681,Iris_16681,Intern,5560
16682,Jack_16682,Intern,5561
16683,Karen_16683,Intern,5561
16684,Leo_16684,Intern,5561
16685,Maya_16685,Intern,5562
16686,Nate_16686,Intern,5562
16687,Olivia_16687,Intern,5562
16688,Paul_16688,Intern,5563
16689,Quinn_16689,Intern,5563
16690,Rose_16690,Intern,5563
16691,Sam_16691,Intern,5564
16692,Tina_16692,Intern,5564
16693,Uma_16693,Intern,5564
16694,Victor_16694,Intern,5565
16695,Wendy_16695,Intern,5565
16696,Xander_16696,Intern,5565
16697,Yara_16697,Intern,5566
16698,Zack_16698,Intern,5566
16699,Ava_16699,Intern,5566
16700,Ben_16700,Intern,5567
16701,Chloe_16701,Intern,5567
16702,Dylan_16702,Intern,5567
16703,Ella_16703,Intern,5568
16704,Finn_16704,Intern,5568
16705,Alice_16705,Intern,5568
16706,Bob_16706,Intern,5569
16707,Carol_16707,Intern,5569
16708,Dave_16708,Intern,5569
16709,Eve_16709,Intern,5570
16710,Frank_16710,Intern,5570
16711,Grace_16711,Intern,5570
16712,Hank_16712,Intern,5571
16713,Iris_16713,Intern,5571
16714,Jack_16714,Intern,5571
16715,Karen_16715,Intern,5572
16716,Leo_16716,Intern,5572
16717,Maya_16717,Intern,5572
16718,Nate_16718,Intern,5573
16719,Olivia_16719,Intern,5573
16720,Paul_16720,Intern,5573
16721,Quinn_16721,Intern,5574
16722,Rose_16722,Intern,5574
16723,Sam_16723,Intern,5574
16724,Tina_16724,Intern,5575
16725,Uma_16725,Intern,5575
16726,Victor_16726,Intern,5575
16727,Wendy_16727,Intern,5576
16728,Xander_16728,Intern,5576
16729,Yara_16729,Intern,5576
16730,Zack_16730,Intern,5577
16731,Ava_16731,Intern,5577
16732,Ben_16732,Intern,5577
16733,Chloe_16733,Intern,5578
16734,Dylan_16734,Intern,5578
16735,Ella_16735,Intern,5578
16736,Finn_16736,Intern,5579
16737,Alice_16737,Intern,5579
16738,Bob_16738,Intern,5579
16739,Carol_16739,Intern,5580
16740,Dave_16740,Intern,5580
16741,Eve_16741,Intern,5580
16742,Frank_16742,Intern,5581
16743,Grace_16743,Intern,5581
16744,Hank_16744,Intern,5581
16745,Iris_16745,Intern,5582
16746,Jack_16746,Intern,5582
16747,Karen_16747,Intern,5582
16748,Leo_16748,Intern,5583
16749,Maya_16749,Intern,5583
16750,Nate_16750,Intern,5583
16751,Olivia_16751,Intern,5584
16752,Paul_16752,Intern,5584
16753,Quinn_16753,Intern,5584
16754,Rose_16754,Intern,5585
16755,Sam_16755,Intern,5585
16756,Tina_16756,Intern,5585
16757,Uma_16757,Intern,5586
16758,Victor_16758,Intern,5586
16759,Wendy_16759,Intern,5586
16760,Xander_16760,Intern,5587
16761,Yara_16761,Intern,5587
16762,Zack_16762,Intern,5587
16763,Ava_16763,Intern,5588
16764,Ben_16764,Intern,5588
16765,Chloe_16765,Intern,5588
16766,Dylan_16766,Intern,5589
16767,Ella_16767,Intern,5589
16768,Finn_16768,Intern,5589
16769,Alice_16769,Intern,5590
16770,Bob_16770,Intern,5590
16771,Carol_16771,Intern,5590
16772,Dave_16772,Intern,5591
16773,Eve_16773,Intern,5591
16774,Frank_16774,Intern,5591
16775,Grace_16775,Intern,5592
16776,Hank_16776,Intern,5592
16777,Iris_16777,Intern,5592
16778,Jack_16778,Intern,5593
16779,Karen_16779,Intern,5593
16780,Leo_16780,Intern,5593
16781,Maya_16781,Intern,5594
16782,Nate_16782,Intern,5594
16783,Olivia_16783,Intern,5594
16784,Paul_16784,Intern,5595
16785,Quinn_16785,Intern,5595
16786,Rose_16786,Intern,5595
16787,Sam_16787,Intern,5596
16788,Tina_16788,Intern,5596
16789,Uma_16789,Intern,5596
16790,Victor_16790,Intern,5597
16791,Wendy_16791,Intern,5597
16792,Xander_16792,Intern,5597
16793,Yara_16793,Intern,5598
16794,Zack_16794,Intern,5598
16795,Ava_16795,Intern,5598
16796,Ben_16796,Intern,5599
16797,Chloe_16797,Intern,5599
16798,Dylan_16798,Intern,5599
16799,Ella_16799,Intern,5600
16800,Finn_16800,Intern,5600
16801,Alice_16801,Intern,5600
16802,Bob_16802,Intern,5601
16803,Carol_16803,Intern,5601
16804,Dave_16804,Intern,5601
16805,Eve_16805,Intern,5602
16806,Frank_16806,Intern,5602
16807,Grace_16807,Intern,5602
16808,Hank_16808,Intern,5603
16809,Iris_16809,Intern,5603
16810,Jack_16810,Intern,5603
16811,Karen_16811,Intern,5604
16812,Leo_16812,Intern,5604
16813,Maya_16813,Intern,5604
16814,Nate_16814,Intern,5605
16815,Olivia_16815,Intern,5605
16816,Paul_16816,Intern,5605
16817,Quinn_16817,Intern,5606
16818,Rose_16818,Intern,5606
16819,Sam_16819,Intern,5606
16820,Tina_16820,Intern,5607
16821,Uma_16821,Intern,5607
16822,Victor_16822,Intern,5607
16823,Wendy_16823,Intern,5608
16824,Xander_16824,Intern,5608
16825,Yara_16825,Intern,5608
16826,Zack_16826,Intern,5609
16827,Ava_16827,Intern,5609
16828,Ben_16828,Intern,5609
16829,Chloe_16829,Intern,5610
16830,Dylan_16830,Intern,5610
16831,Ella_16831,Intern,5610
16832,Finn_16832,Intern,5611
16833,Alice_16833,Intern,5611
16834,Bob_16834,Intern,5611
16835,Carol_16835,Intern,5612
16836,Dave_16836,Intern,5612
16837,Eve_16837,Intern,5612
16838,Frank_16838,Intern,5613
16839,Grace_16839,Intern,5613
16840,Hank_16840,Intern,5613
16841,Iris_16841,Intern,5614
16842,Jack_16842,Intern,5614
16843,Karen_16843,Intern,5614
16844,Leo_16844,Intern,5615
16845,Maya_16845,Intern,5615
16846,Nate_16846,Intern,5615
16847,Olivia_16847,Intern,5616
16848,Paul_16848,Intern,5616
16849,Quinn_16849,Intern,5616
16850,Rose_16850,Intern,5617
16851,Sam_16851,Intern,5617
16852,Tina_16852,Intern,5617
16853,Uma_16853,Intern,5618
16854,Victor_16854,Intern,5618
16855,Wendy_16855,Intern,5618
16856,Xander_16856,Intern,5619
16857,Yara_16857,Intern,5619
16858,Zack_16858,Intern,5619
16859,Ava_16859,Intern,5620
16860,Ben_16860,Intern,5620
16861,Chloe_16861,Intern,5620
16862,Dylan_16862,Intern,5621
16863,Ella_16863,Intern,5621
16864,Finn_16864,Intern,5621
16865,Alice_16865,Intern,5622
16866,Bob_16866,Intern,5622
16867,Carol_16867,Intern,5622
16868,Dave_16868,Intern,5623
16869,Eve_16869,Intern,5623
16870,Frank_16870,Intern,5623
16871,Grace_16871,Intern,5624
16872,Hank_16872,Intern,5624
16873,Iris_16873,Intern,5624
16874,Jack_16874,Intern,5625
16875,Karen_16875,Intern,5625
16876,Leo_16876,Intern,5625
16877,Maya_16877,Intern,5626
16878,Nate_16878,Intern,5626
16879,Olivia_16879,Intern,5626
16880,Paul_16880,Intern,5627
16881,Quinn_16881,Intern,5627
16882,Rose_16882,Intern,5627
16883,Sam_16883,Intern,5628
16884,Tina_16884,Intern,5628
16885,Uma_16885,Intern,5628
16886,Victor_16886,Intern,5629
16887,Wendy_16887,Intern,5629
16888,Xander_16888,Intern,5629
16889,Yara_16889,Intern,5630
16890,Zack_16890,Intern,5630
16891,Ava_16891,Intern,5630
16892,Ben_16892,Intern,5631
16893,Chloe_16893,Intern,5631
16894,Dylan_16894,Intern,5631
16895,Ella_16895,Intern,5632
16896,Finn_16896,Intern,5632
16897,Alice_16897,Intern,5632
16898,Bob_16898,Intern,5633
16899,Carol_16899,Intern,5633
16900,Dave_16900,Intern,5633
16901,Eve_16901,Intern,5634
16902,Frank_16902,Intern,5634
16903,Grace_16903,Intern,5634
16904,Hank_16904,Intern,5635
16905,Iris_16905,Intern,5635
16906,Jack_16906,Intern,5635
16907,Karen_16907,Intern,5636
16908,Leo_16908,Intern,5636
16909,Maya_16909,Intern,5636
16910,Nate_16910,Intern,5637
16911,Olivia_16911,Intern,5637
16912,Paul_16912,Intern,5637
16913,Quinn_16913,Intern,5638
16914,Rose_16914,Intern,5638
16915,Sam_16915,Intern,5638
16916,Tina_16916,Intern,5639
16917,Uma_16917,Intern,5639
16918,Victor_16918,Intern,5639
16919,Wendy_16919,Intern,5640
16920,Xander_16920,Intern,5640
16921,Yara_16921,Intern,5640
16922,Zack_16922,Intern,5641
16923,Ava_16923,Intern,5641
16924,Ben_16924,Intern,5641
16925,Chloe_16925,Intern,5642
16926,Dylan_16926,Intern,5642
16927,Ella_16927,Intern,5642
16928,Finn_16928,Intern,5643
16929,Alice_16929,Intern,5643
16930,Bob_16930,Intern,5643
16931,Carol_16931,Intern,5644
16932,Dave_16932,Intern,5644
16933,Eve_16933,Intern,5644
16934,Frank_16934,Intern,5645
16935,Grace_16935,Intern,5645
16936,Hank_16936,Intern,5645
16937,Iris_16937,Intern,5646
16938,Jack_16938,Intern,5646
16939,Karen_16939,Intern,5646
16940,Leo_16940,Intern,5647
16941,Maya_16941,Intern,5647
16942,Nate_16942,Intern,5647
16943,Olivia_16943,Intern,5648
16944,Paul_16944,Intern,5648
16945,Quinn_16945,Intern,5648
16946,Rose_16946,Intern,5649
16947,Sam_16947,Intern,5649
16948,Tina_16948,Intern,5649
16949,Uma_16949,Intern,5650
16950,Victor_16950,Intern,5650
16951,Wendy_16951,Intern,5650
16952,Xander_16952,Intern,5651
16953,Yara_16953,Intern,5651
16954,Zack_16954,Intern,5651
16955,Ava_16955,Intern,5652
16956,Ben_16956,Intern,5652
16957,Chloe_16957,Intern,5652
16958,Dylan_16958,Intern,5653
16959,Ella_16959,Intern,5653
16960,Finn_16960,Intern,5653
16961,Alice_16961,Intern,5654
16962,Bob_16962,Intern,5654
16963,Carol_16963,Intern,5654
16964,Dave_16964,Intern,5655
16965,Eve_16965,Intern,5655
16966,Frank_16966,Intern,5655
16967,Grace_16967,Intern,5656
16968,Hank_16968,Intern,5656
16969,Iris_16969,Intern,5656
16970,Jack_16970,Intern,5657
16971,Karen_16971,Intern,5657
16972,Leo_16972,Intern,5657
16973,Maya_16973,Intern,5658
16974,Nate_16974,Intern,5658
16975,Olivia_16975,Intern,5658
16976,Paul_16976,Intern,5659
16977,Quinn_16977,Intern,5659
16978,Rose_16978,Intern,5659
16979,Sam_16979,Intern,5660
16980,Tina_16980,Intern,5660
16981,Uma_16981,Intern,5660
16982,Victor_16982,Intern,5661
16983,Wendy_16983,Intern,5661
16984,Xander_16984,Intern,5661
16985,Yara_16985,Intern,5662
16986,Zack_16986,Intern,5662
16987,Ava_16987,Intern,5662
16988,Ben_16988,Intern,5663
16989,Chloe_16989,Intern,5663
16990,Dylan_16990,Intern,5663
16991,Ella_16991,Intern,5664
16992,Finn_16992,Intern,5664
16993,Alice_16993,Intern,5664
16994,Bob_16994,Intern,5665
16995,Carol_16995,Intern,5665
16996,Dave_16996,Intern,5665
16997,Eve_16997,Intern,5666
16998,Frank_16998,Intern,5666
16999,Grace_16999,Intern,5666
17000,Hank_17000,Intern,5667
17001,Iris_17001,Intern,5667
17002,Jack_17002,Intern,5667
17003,Karen_17003,Intern,5668
17004,Leo_17004,Intern,5668
17005,Maya_17005,Intern,5668
17006,Nate_17006,Intern,5669
17007,Olivia_17007,Intern,5669
17008,Paul_17008,Intern,5669
17009,Quinn_17009,Intern,5670
17010,Rose_17010,Intern,5670
17011,Sam_17011,Intern,5670
17012,Tina_17012,Intern,5671
17013,Uma_17013,Intern,5671
17014,Victor_17014,Intern,5671
17015,Wendy_17015,Intern,5672
17016,Xander_17016,Intern,5672
17017,Yara_17017,Intern,5672
17018,Zack_17018,Intern,5673
17019,Ava_17019,Intern,5673
17020,Ben_17020,Intern,5673
17021,Chloe_17021,Intern,5674
17022,Dylan_17022,Intern,5674
17023,Ella_17023,Intern,5674
17024,Finn_17024,Intern,5675
17025,Alice_17025,Intern,5675
17026,Bob_17026,Intern,5675
17027,Carol_17027,Intern,5676
17028,Dave_17028,Intern,5676
17029,Eve_17029,Intern,5676
17030,Frank_17030,Intern,5677
17031,Grace_17031,Intern,5677
17032,Hank_17032,Intern,5677
17033,Iris_17033,Intern,5678
17034,Jack_17034,Intern,5678
17035,Karen_17035,Intern,5678
17036,Leo_17036,Intern,5679
17037,Maya_17037,Intern,5679
17038,Nate_17038,Intern,5679
17039,Olivia_17039,Intern,5680
17040,Paul_17040,Intern,5680
17041,Quinn_17041,Intern,5680
17042,Rose_17042,Intern,5681
17043,Sam_17043,Intern,5681
17044,Tina_17044,Intern,5681
17045,Uma_17045,Intern,5682
17046,Victor_17046,Intern,5682
17047,Wendy_17047,Intern,5682
17048,Xander_17048,Intern,5683
17049,Yara_17049,Intern,5683
17050,Zack_17050,Intern,5683
17051,Ava_17051,Intern,5684
17052,Ben_17052,Intern,5684
17053,Chloe_17053,Intern,5684
17054,Dylan_17054,Intern,5685
17055,Ella_17055,Intern,5685
17056,Finn_17056,Intern,5685
17057,Alice_17057,Intern,5686
17058,Bob_17058,Intern,5686
17059,Carol_17059,Intern,5686
17060,Dave_17060,Intern,5687
17061,Eve_17061,Intern,5687
17062,Frank_17062,Intern,5687
17063,Grace_17063,Intern,5688
17064,Hank_17064,Intern,5688
17065,Iris_17065,Intern,5688
17066,Jack_17066,Intern,5689
17067,Karen_17067,Intern,5689
17068,Leo_17068,Intern,5689
17069,Maya_17069,Intern,5690
17070,Nate_17070,Intern,5690
17071,Olivia_17071,Intern,5690
17072,Paul_17072,Intern,5691
17073,Quinn_17073,Intern,5691
17074,Rose_17074,Intern,5691
17075,Sam_17075,Intern,5692
17076,Tina_17076,Intern,5692
17077,Uma_17077,Intern,5692
17078,Victor_17078,Intern,5693
17079,Wendy_17079,Intern,5693
17080,Xander_17080,Intern,5693
17081,Yara_17081,Intern,5694
17082,Zack_17082,Intern,5694
17083,Ava_17083,Intern,5694
17084,Ben_17084,Intern,5695
17085,Chloe_17085,Intern,5695
17086,Dylan_17086,Intern,5695
17087,Ella_17087,Intern,5696
17088,Finn_17088,Intern,5696
17089,Alice_17089,Intern,5696
17090,Bob_17090,Intern,5697
17091,Carol_17091,Intern,5697
17092,Dave_17092,Intern,5697
17093,Eve_17093,Intern,5698
17094,Frank_17094,Intern,5698
17095,Grace_17095,Intern,5698
17096,Hank_17096,Intern,5699
17097,Iris_17097,Intern,5699
17098,Jack_17098,Intern,5699
17099,Karen_17099,Intern,5700
17100,Leo_17100,Intern,5700
17101,Maya_17101,Intern,5700
17102,Nate_17102,Intern,5701
17103,Olivia_17103,Intern,5701
17104,Paul_17104,Intern,5701
17105,Quinn_17105,Intern,5702
17106,Rose_17106,Intern,5702
17107,Sam_17107,Intern,5702
17108,Tina_17108,Intern,5703
17109,Uma_17109,Intern,5703
17110,Victor_17110,Intern,5703
17111,Wendy_17111,Intern,5704
17112,Xander_17112,Intern,5704
17113,Yara_17113,Intern,5704
17114,Zack_17114,Intern,5705
17115,Ava_17115,Intern,5705
17116,Ben_17116,Intern,5705
17117,Chloe_17117,Intern,5706
17118,Dylan_17118,Intern,5706
17119,Ella_17119,Intern,5706
17120,Finn_17120,Intern,5707
17121,Alice_17121,Intern,5707
17122,Bob_17122,Intern,5707
17123,Carol_17123,Intern,5708
17124,Dave_17124,Intern,5708
17125,Eve_17125,Intern,5708
17126,Frank_17126,Intern,5709
17127,Grace_17127,Intern,5709
17128,Hank_17128,Intern,5709
17129,Iris_17129,Intern,5710
17130,Jack_17130,Intern,5710
17131,Karen_17131,Intern,5710
17132,Leo_17132,Intern,5711
17133,Maya_17133,Intern,5711
17134,Nate_17134,Intern,5711
17135,Olivia_17135,Intern,5712
17136,Paul_17136,Intern,5712
17137,Quinn_17137,Intern,5712
17138,Rose_17138,Intern,5713
17139,Sam_17139,Intern,5713
17140,Tina_17140,Intern,5713
17141,Uma_17141,Intern,5714
17142,Victor_17142,Intern,5714
17143,Wendy_17143,Intern,5714
17144,Xander_17144,Intern,5715
17145,Yara_17145,Intern,5715
17146,Zack_17146,Intern,5715
17147,Ava_17147,Intern,5716
17148,Ben_17148,Intern,5716
17149,Chloe_17149,Intern,5716
17150,Dylan_17150,Intern,5717
17151,Ella_17151,Intern,5717
17152,Finn_17152,Intern,5717
17153,Alice_17153,Intern,5718
17154,Bob_17154,Intern,5718
17155,Carol_17155,Intern,5718
17156,Dave_17156,Intern,5719
17157,Eve_17157,Intern,5719
17158,Frank_17158,Intern,5719
17159,Grace_17159,Intern,5720
17160,Hank_17160,Intern,5720
17161,Iris_17161,Intern,5720
17162,Jack_17162,Intern,5721
17163,Karen_17163,Intern,5721
17164,Leo_17164,Intern,5721
17165,Maya_17165,Intern,5722
17166,Nate_17166,Intern,5722
17167,Olivia_17167,Intern,5722
17168,Paul_17168,Intern,5723
17169,Quinn_17169,Intern,5723
17170,Rose_17170,Intern,5723
17171,Sam_17171,Intern,5724
17172,Tina_17172,Intern,5724
17173,Uma_17173,Intern,5724
17174,Victor_17174,Intern,5725
17175,Wendy_17175,Intern,5725
17176,Xander_17176,Intern,5725
17177,Yara_17177,Intern,5726
17178,Zack_17178,Intern,5726
17179,Ava_17179,Intern,5726
17180,Ben_17180,Intern,5727
17181,Chloe_17181,Intern,5727
17182,Dylan_17182,Intern,5727
17183,Ella_17183,Intern,5728
17184,Finn_17184,Intern,5728
17185,Alice_17185,Intern,5728
17186,Bob_17186,Intern,5729
17187,Carol_17187,Intern,5729
17188,Dave_17188,Intern,5729
17189,Eve_17189,Intern,5730
17190,Frank_17190,Intern,5730
17191,Grace_17191,Intern,5730
17192,Hank_17192,Intern,5731
17193,Iris_17193,Intern,5731
17194,Jack_17194,Intern,5731
17195,Karen_17195,Intern,5732
17196,Leo_17196,Intern,5732
17197,Maya_17197,Intern,5732
17198,Nate_17198,Intern,5733
17199,Olivia_17199,Intern,5733
17200,Paul_17200,Intern,5733
17201,Quinn_17201,Intern,5734
17202,Rose_17202,Intern,5734
17203,Sam_17203,Intern,5734
17204,Tina_17204,Intern,5735
17205,Uma_17205,Intern,5735
17206,Victor_17206,Intern,5735
17207,Wendy_17207,Intern,5736
17208,Xander_17208,Intern,5736
17209,Yara_17209,Intern,5736
17210,Zack_17210,Intern,5737
17211,Ava_17211,Intern,5737
17212,Ben_17212,Intern,5737
17213,Chloe_17213,Intern,5738
17214,Dylan_17214,Intern,5738
17215,Ella_17215,Intern,5738
17216,Finn_17216,Intern,5739
17217,Alice_17217,Intern,5739
17218,Bob_17218,Intern,5739
17219,Carol_17219,Intern,5740
17220,Dave_17220,Intern,5740
17221,Eve_17221,Intern,5740
17222,Frank_17222,Intern,5741
17223,Grace_17223,Intern,5741
17224,Hank_17224,Intern,5741
17225,Iris_17225,Intern,5742
17226,Jack_17226,Intern,5742
17227,Karen_17227,Intern,5742
17228,Leo_17228,Intern,5743
17229,Maya_17229,Intern,5743
17230,Nate_17230,Intern,5743
17231,Olivia_17231,Intern,5744
17232,Paul_17232,Intern,5744
17233,Quinn_17233,Intern,5744
17234,Rose_17234,Intern,5745
17235,Sam_17235,Intern,5745
17236,Tina_17236,Intern,5745
17237,Uma_17237,Intern,5746
17238,Victor_17238,Intern,5746
17239,Wendy_17239,Intern,5746
17240,Xander_17240,Intern,5747
17241,Yara_17241,Intern,5747
17242,Zack_17242,Intern,5747
17243,Ava_17243,Intern,5748
17244,Ben_17244,Intern,5748
17245,Chloe_17245,Intern,5748
17246,Dylan_17246,Intern,5749
17247,Ella_17247,Intern,5749
17248,Finn_17248,Intern,5749
17249,Alice_17249,Intern,5750
17250,Bob_17250,Intern,5750
17251,Carol_17251,Intern,5750
17252,Dave_17252,Intern,5751
17253,Eve_17253,Intern,5751
17254,Frank_17254,Intern,5751
17255,Grace_17255,Intern,5752
17256,Hank_17256,Intern,5752
17257,Iris_17257,Intern,5752
17258,Jack_17258,Intern,5753
17259,Karen_17259,Intern,5753
17260,Leo_17260,Intern,5753
17261,Maya_17261,Intern,5754
17262,Nate_17262,Intern,5754
17263,Olivia_17263,Intern,5754
17264,Paul_17264,Intern,5755
17265,Quinn_17265,Intern,5755
17266,Rose_17266,Intern,5755
17267,Sam_17267,Intern,5756
17268,Tina_17268,Intern,5756
17269,Uma_17269,Intern,5756
17270,Victor_17270,Intern,5757
17271,Wendy_17271,Intern,5757
17272,Xander_17272,Intern,5757
17273,Yara_17273,Intern,5758
17274,Zack_17274,Intern,5758
17275,Ava_17275,Intern,5758
17276,Ben_17276,Intern,5759
17277,Chloe_17277,Intern,5759
17278,Dylan_17278,Intern,5759
17279,Ella_17279,Intern,5760
17280,Finn_17280,Intern,5760
17281,Alice_17281,Intern,5760
17282,Bob_17282,Intern,5761
17283,Carol_17283,Intern,5761
17284,Dave_17284,Intern,5761
17285,Eve_17285,Intern,5762
17286,Frank_17286,Intern,5762
17287,Grace_17287,Intern,5762
17288,Hank_17288,Intern,5763
17289,Iris_17289,Intern,5763
17290,Jack_17290,Intern,5763
17291,Karen_17291,Intern,5764
17292,Leo_17292,Intern,5764
17293,Maya_17293,Intern,5764
17294,Nate_17294,Intern,5765
17295,Olivia_17295,Intern,5765
17296,Paul_17296,Intern,5765
17297,Quinn_17297,Intern,5766
17298,Rose_17298,Intern,5766
17299,Sam_17299,Intern,5766
17300,Tina_17300,Intern,5767
17301,Uma_17301,Intern,5767
17302,Victor_17302,Intern,5767
17303,Wendy_17303,Intern,5768
17304,Xander_17304,Intern,5768
17305,Yara_17305,Intern,5768
17306,Zack_17306,Intern,5769
17307,Ava_17307,Intern,5769
17308,Ben_17308,Intern,5769
17309,Chloe_17309,Intern,5770
17310,Dylan_17310,Intern,5770
17311,Ella_17311,Intern,5770
17312,Finn_17312,Intern,5771
17313,Alice_17313,Intern,5771
17314,Bob_17314,Intern,5771
17315,Carol_17315,Intern,5772
17316,Dave_17316,Intern,5772
17317,Eve_17317,Intern,5772
17318,Frank_17318,Intern,5773
17319,Grace_17319,Intern,5773
17320,Hank_17320,Intern,5773
17321,Iris_17321,Intern,5774
17322,Jack_17322,Intern,5774
17323,Karen_17323,Intern,5774
17324,Leo_17324,Intern,5775
17325,Maya_17325,Intern,5775
17326,Nate_17326,Intern,5775
17327,Olivia_17327,Intern,5776
17328,Paul_17328,Intern,5776
17329,Quinn_17329,Intern,5776
17330,Rose_17330,Intern,5777
17331,Sam_17331,Intern,5777
17332,Tina_17332,Intern,5777
17333,Uma_17333,Intern,5778
17334,Victor_17334,Intern,5778
17335,Wendy_17335,Intern,5778
17336,Xander_17336,Intern,5779
17337,Yara_17337,Intern,5779
17338,Zack_17338,Intern,5779
17339,Ava_17339,Intern,5780
17340,Ben_17340,Intern,5780
17341,Chloe_17341,Intern,5780
17342,Dylan_17342,Intern,5781
17343,Ella_17343,Intern,5781
17344,Finn_17344,Intern,5781
17345,Alice_17345,Intern,5782
17346,Bob_17346,Intern,5782
17347,Carol_17347,Intern,5782
17348,Dave_17348,Intern,5783
17349,Eve_17349,Intern,5783
17350,Frank_17350,Intern,5783
17351,Grace_17351,Intern,5784
17352,Hank_17352,Intern,5784
17353,Iris_17353,Intern,5784
17354,Jack_17354,Intern,5785
17355,Karen_17355,Intern,5785
17356,Leo_17356,Intern,5785
17357,Maya_17357,Intern,5786
17358,Nate_17358,Intern,5786
17359,Olivia_17359,Intern,5786
17360,Paul_17360,Intern,5787
17361,Quinn_17361,Intern,5787
17362,Rose_17362,Intern,5787
17363,Sam_17363,Intern,5788
17364,Tina_17364,Intern,5788
17365,Uma_17365,Intern,5788
17366,Victor_17366,Intern,5789
17367,Wendy_17367,Intern,5789
17368,Xander_17368,Intern,5789
17369,Yara_17369,Intern,5790
17370,Zack_17370,Intern,5790
17371,Ava_17371,Intern,5790
17372,Ben_17372,Intern,5791
17373,Chloe_17373,Intern,5791
17374,Dylan_17374,Intern,5791
17375,Ella_17375,Intern,5792
17376,Finn_17376,Intern,5792
17377,Alice_17377,Intern,5792
17378,Bob_17378,Intern,5793
17379,Carol_17379,Intern,5793
17380,Dave_17380,Intern,5793
17381,Eve_17381,Intern,5794
17382,Frank_17382,Intern,5794
17383,Grace_17383,Intern,5794
17384,Hank_17384,Intern,5795
17385,Iris_17385,Intern,5795
17386,Jack_17386,Intern,5795
17387,Karen_17387,Intern,5796
17388,Leo_17388,Intern,5796
17389,Maya_17389,Intern,5796
17390,Nate_17390,Intern,5797
17391,Olivia_17391,Intern,5797
17392,Paul_17392,Intern,5797
17393,Quinn_17393,Intern,5798
17394,Rose_17394,Intern,5798
17395,Sam_17395,Intern,5798
17396,Tina_17396,Intern,5799
17397,Uma_17397,Intern,5799
17398,Victor_17398,Intern,5799
17399,Wendy_17399,Intern,5800
17400,Xander_17400,Intern,5800
17401,Yara_17401,Intern,5800
17402,Zack_17402,Intern,5801
17403,Ava_17403,Intern,5801
17404,Ben_17404,Intern,5801
17405,Chloe_17405,Intern,5802
17406,Dylan_17406,Intern,5802
17407,Ella_17407,Intern,5802
17408,Finn_17408,Intern,5803
17409,Alice_17409,Intern,5803
17410,Bob_17410,Intern,5803
17411,Carol_17411,Intern,5804
17412,Dave_17412,Intern,5804
17413,Eve_17413,Intern,5804
17414,Frank_17414,Intern,5805
17415,Grace_17415,Intern,5805
17416,Hank_17416,Intern,5805
17417,Iris_17417,Intern,5806
17418,Jack_17418,Intern,5806
17419,Karen_17419,Intern,5806
17420,Leo_17420,Intern,5807
17421,Maya_17421,Intern,5807
17422,Nate_17422,Intern,5807
17423,Olivia_17423,Intern,5808
17424,Paul_17424,Intern,5808
17425,Quinn_17425,Intern,5808
17426,Rose_17426,Intern,5809
17427,Sam_17427,Intern,5809
17428,Tina_17428,Intern,5809
17429,Uma_17429,Intern,5810
17430,Victor_17430,Intern,5810
17431,Wendy_17431,Intern,5810
17432,Xander_17432,Intern,5811
17433,Yara_17433,Intern,5811
17434,Zack_17434,Intern,5811
17435,Ava_17435,Intern,5812
17436,Ben_17436,Intern,5812
17437,Chloe_17437,Intern,5812
17438,Dylan_17438,Intern,5813
17439,Ella_17439,Intern,5813
17440,Finn_17440,Intern,5813
17441,Alice_17441,Intern,5814
17442,Bob_17442,Intern,5814
17443,Carol_17443,Intern,5814
17444,Dave_17444,Intern,5815
17445,Eve_17445,Intern,5815
17446,Frank_17446,Intern,5815
17447,Grace_17447,Intern,5816
17448,Hank_17448,Intern,5816
17449,Iris_17449,Intern,5816
17450,Jack_17450,Intern,5817
17451,Karen_17451,Intern,5817
17452,Leo_17452,Intern,5817
17453,Maya_17453,Intern,5818
17454,Nate_17454,Intern,5818
17455,Olivia_17455,Intern,5818
17456,Paul_17456,Intern,5819
17457,Quinn_17457,Intern,5819
17458,Rose_17458,Intern,5819
17459,Sam_17459,Intern,5820
17460,Tina_17460,Intern,5820
17461,Uma_17461,Intern,5820
17462,Victor_17462,Intern,5821
17463,Wendy_17463,Intern,5821
17464,Xander_17464,Intern,5821
17465,Yara_17465,Intern,5822
17466,Zack_17466,Intern,5822
17467,Ava_17467,Intern,5822
17468,Ben_17468,Intern,5823
17469,Chloe_17469,Intern,5823
17470,Dylan_17470,Intern,5823
17471,Ella_17471,Intern,5824
17472,Finn_17472,Intern,5824
17473,Alice_17473,Intern,5824
17474,Bob_17474,Intern,5825
17475,Carol_17475,Intern,5825
17476,Dave_17476,Intern,5825
17477,Eve_17477,Intern,5826
17478,Frank_17478,Intern,5826
17479,Grace_17479,Intern,5826
17480,Hank_17480,Intern,5827
17481,Iris_17481,Intern,5827
17482,Jack_17482,Intern,5827
17483,Karen_17483,Intern,5828
17484,Leo_17484,Intern,5828
17485,Maya_17485,Intern,5828
17486,Nate_17486,Intern,5829
17487,Olivia_17487,Intern,5829
17488,Paul_17488,Intern,5829
17489,Quinn_17489,Intern,5830
17490,Rose_17490,Intern,5830
17491,Sam_17491,Intern,5830
17492,Tina_17492,Intern,5831
17493,Uma_17493,Intern,5831
17494,Victor_17494,Intern,5831
17495,Wendy_17495,Intern,5832
17496,Xander_17496,Intern,5832
17497,Yara_17497,Intern,5832
17498,Zack_17498,Intern,5833
17499,Ava_17499,Intern,5833
17500,Ben_17500,Intern,5833
17501,Chloe_17501,Intern,5834
17502,Dylan_17502,Intern,5834
17503,Ella_17503,Intern,5834
17504,Finn_17504,Intern,5835
17505,Alice_17505,Intern,5835
17506,Bob_17506,Intern,5835
17507,Carol_17507,Intern,5836
17508,Dave_17508,Intern,5836
17509,Eve_17509,Intern,5836
17510,Frank_17510,Intern,5837
17511,Grace_17511,Intern,5837
17512,Hank_17512,Intern,5837
17513,Iris_17513,Intern,5838
17514,Jack_17514,Intern,5838
17515,Karen_17515,Intern,5838
17516,Leo_17516,Intern,5839
17517,Maya_17517,Intern,5839
17518,Nate_17518,Intern,5839
17519,Olivia_17519,Intern,5840
17520,Paul_17520,Intern,5840
17521,Quinn_17521,Intern,5840
17522,Rose_17522,Intern,5841
17523,Sam_17523,Intern,5841
17524,Tina_17524,Intern,5841
17525,Uma_17525,Intern,5842
17526,Victor_17526,Intern,5842
17527,Wendy_17527,Intern,5842
17528,Xander_17528,Intern,5843
17529,Yara_17529,Intern,5843
17530,Zack_17530,Intern,5843
17531,Ava_17531,Intern,5844
17532,Ben_17532,Intern,5844
17533,Chloe_17533,Intern,5844
17534,Dylan_17534,Intern,5845
17535,Ella_17535,Intern,5845
17536,Finn_17536,Intern,5845
17537,Alice_17537,Intern,5846
17538,Bob_17538,Intern,5846
17539,Carol_17539,Intern,5846
17540,Dave_17540,Intern,5847
17541,Eve_17541,Intern,5847
17542,Frank_17542,Intern,5847
17543,Grace_17543,Intern,5848
17544,Hank_17544,Intern,5848
17545,Iris_17545,Intern,5848
17546,Jack_17546,Intern,5849
17547,Karen_17547,Intern,5849
17548,Leo_17548,Intern,5849
17549,Maya_17549,Intern,5850
17550,Nate_17550,Intern,5850
17551,Olivia_17551,Intern,5850
17552,Paul_17552,Intern,5851
17553,Quinn_17553,Intern,5851
17554,Rose_17554,Intern,5851
17555,Sam_17555,Intern,5852
17556,Tina_17556,Intern,5852
17557,Uma_17557,Intern,5852
17558,Victor_17558,Intern,5853
17559,Wendy_17559,Intern,5853
17560,Xander_17560,Intern,5853
17561,Yara_17561,Intern,5854
17562,Zack_17562,Intern,5854
17563,Ava_17563,Intern,5854
17564,Ben_17564,Intern,5855
17565,Chloe_17565,Intern,5855
17566,Dylan_17566,Intern,5855
17567,Ella_17567,Intern,5856
17568,Finn_17568,Intern,5856
17569,Alice_17569,Intern,5856
17570,Bob_17570,Intern,5857
17571,Carol_17571,Intern,5857
17572,Dave_17572,Intern,5857
17573,Eve_17573,Intern,5858
17574,Frank_17574,Intern,5858
17575,Grace_17575,Intern,5858
17576,Hank_17576,Intern,5859
17577,Iris_17577,Intern,5859
17578,Jack_17578,Intern,5859
17579,Karen_17579,Intern,5860
17580,Leo_17580,Intern,5860
17581,Maya_17581,Intern,5860
17582,Nate_17582,Intern,5861
17583,Olivia_17583,Intern,5861
17584,Paul_17584,Intern,5861
17585,Quinn_17585,Intern,5862
17586,Rose_17586,Intern,5862
17587,Sam_17587,Intern,5862
17588,Tina_17588,Intern,5863
17589,Uma_17589,Intern,5863
17590,Victor_17590,Intern,5863
17591,Wendy_17591,Intern,5864
17592,Xander_17592,Intern,5864
17593,Yara_17593,Intern,5864
17594,Zack_17594,Intern,5865
17595,Ava_17595,Intern,5865
17596,Ben_17596,Intern,5865
17597,Chloe_17597,Intern,5866
17598,Dylan_17598,Intern,5866
17599,Ella_17599,Intern,5866
17600,Finn_17600,Intern,5867
17601,Alice_17601,Intern,5867
17602,Bob_17602,Intern,5867
17603,Carol_17603,Intern,5868
17604,Dave_17604,Intern,5868
17605,Eve_17605,Intern,5868
17606,Frank_17606,Intern,5869
17607,Grace_17607,Intern,5869
17608,Hank_17608,Intern,5869
17609,Iris_17609,Intern,5870
17610,Jack_17610,Intern,5870
17611,Karen_17611,Intern,5870
17612,Leo_17612,Intern,5871
17613,Maya_17613,Intern,5871
17614,Nate_17614,Intern,5871
17615,Olivia_17615,Intern,5872
17616,Paul_17616,Intern,5872
17617,Quinn_17617,Intern,5872
17618,Rose_17618,Intern,5873
17619,Sam_17619,Intern,5873
17620,Tina_17620,Intern,5873
17621,Uma_17621,Intern,5874
17622,Victor_17622,Intern,5874
17623,Wendy_17623,Intern,5874
17624,Xander_17624,Intern,5875
17625,Yara_17625,Intern,5875
17626,Zack_17626,Intern,5875
17627,Ava_17627,Intern,5876
17628,Ben_17628,Intern,5876
17629,Chloe_17629,Intern,5876
17630,Dylan_17630,Intern,5877
17631,Ella_17631,Intern,5877
17632,Finn_17632,Intern,5877
17633,Alice_17633,Intern,5878
17634,Bob_17634,Intern,5878
17635,Carol_17635,Intern,5878
17636,Dave_17636,Intern,5879
17637,Eve_17637,Intern,5879
17638,Frank_17638,Intern,5879
17639,Grace_17639,Intern,5880
17640,Hank_17640,Intern,5880
17641,Iris_17641,Intern,5880
17642,Jack_17642,Intern,5881
17643,Karen_17643,Intern,5881
17644,Leo_17644,Intern,5881
17645,Maya_17645,Intern,5882
17646,Nate_17646,Intern,5882
17647,Olivia_17647,Intern,5882
17648,Paul_17648,Intern,5883
17649,Quinn_17649,Intern,5883
17650,Rose_17650,Intern,5883
17651,Sam_17651,Intern,5884
17652,Tina_17652,Intern,5884
17653,Uma_17653,Intern,5884
17654,Victor_17654,Intern,5885
17655,Wendy_17655,Intern,5885
17656,Xander_17656,Intern,5885
17657,Yara_17657,Intern,5886
17658,Zack_17658,Intern,5886
17659,Ava_17659,Intern,5886
17660,Ben_17660,Intern,5887
17661,Chloe_17661,Intern,5887
17662,Dylan_17662,Intern,5887
17663,Ella_17663,Intern,5888
17664,Finn_17664,Intern,5888
17665,Alice_17665,Intern,5888
17666,Bob_17666,Intern,5889
17667,Carol_17667,Intern,5889
17668,Dave_17668,Intern,5889
17669,Eve_17669,Intern,5890
17670,Frank_17670,Intern,5890
17671,Grace_17671,Intern,5890
17672,Hank_17672,Intern,5891
17673,Iris_17673,Intern,5891
17674,Jack_17674,Intern,5891
17675,Karen_17675,Intern,5892
17676,Leo_17676,Intern,5892
17677,Maya_17677,Intern,5892
17678,Nate_17678,Intern,5893
17679,Olivia_17679,Intern,5893
17680,Paul_17680,Intern,5893
17681,Quinn_17681,Intern,5894
17682,Rose_17682,Intern,5894
17683,Sam_17683,Intern,5894
17684,Tina_17684,Intern,5895
17685,Uma_17685,Intern,5895
17686,Victor_17686,Intern,5895
17687,Wendy_17687,Intern,5896
17688,Xander_17688,Intern,5896
17689,Yara_17689,Intern,5896
17690,Zack_17690,Intern,5897
17691,Ava_17691,Intern,5897
17692,Ben_17692,Intern,5897
17693,Chloe_17693,Intern,5898
17694,Dylan_17694,Intern,5898
17695,Ella_17695,Intern,5898
17696,Finn_17696,Intern,5899
17697,Alice_17697,Intern,5899
17698,Bob_17698,Intern,5899
17699,Carol_17699,Intern,5900
17700,Dave_17700,Intern,5900
17701,Eve_17701,Intern,5900
17702,Frank_17702,Intern,5901
17703,Grace_17703,Intern,5901
17704,Hank_17704,Intern,5901
17705,Iris_17705,Intern,5902
17706,Jack_17706,Intern,5902
17707,Karen_17707,Intern,5902
17708,Leo_17708,Intern,5903
17709,Maya_17709,Intern,5903
17710,Nate_17710,Intern,5903
17711,Olivia_17711,Intern,5904
17712,Paul_17712,Intern,5904
17713,Quinn_17713,Intern,5904
17714,Rose_17714,Intern,5905
17715,Sam_17715,Intern,5905
17716,Tina_17716,Intern,5905
17717,Uma_17717,Intern,5906
17718,Victor_17718,Intern,5906
17719,Wendy_17719,Intern,5906
17720,Xander_17720,Intern,5907
17721,Yara_17721,Intern,5907
17722,Zack_17722,Intern,5907
17723,Ava_17723,Intern,5908
17724,Ben_17724,Intern,5908
17725,Chloe_17725,Intern,5908
17726,Dylan_17726,Intern,5909
17727,Ella_17727,Intern,5909
17728,Finn_17728,Intern,5909
17729,Alice_17729,Intern,5910
17730,Bob_17730,Intern,5910
17731,Carol_17731,Intern,5910
17732,Dave_17732,Intern,5911
17733,Eve_17733,Intern,5911
17734,Frank_17734,Intern,5911
17735,Grace_17735,Intern,5912
17736,Hank_17736,Intern,5912
17737,Iris_17737,Intern,5912
17738,Jack_17738,Intern,5913
17739,Karen_17739,Intern,5913
17740,Leo_17740,Intern,5913
17741,Maya_17741,Intern,5914
17742,Nate_17742,Intern,5914
17743,Olivia_17743,Intern,5914
17744,Paul_17744,Intern,5915
17745,Quinn_17745,Intern,5915
17746,Rose_17746,Intern,5915
17747,Sam_17747,Intern,5916
17748,Tina_17748,Intern,5916
17749,Uma_17749,Intern,5916
17750,Victor_17750,Intern,5917
17751,Wendy_17751,Intern,5917
17752,Xander_17752,Intern,5917
17753,Yara_17753,Intern,5918
17754,Zack_17754,Intern,5918
17755,Ava_17755,Intern,5918
17756,Ben_17756,Intern,5919
17757,Chloe_17757,Intern,5919
17758,Dylan_17758,Intern,5919
17759,Ella_17759,Intern,5920
17760,Finn_17760,Intern,5920
17761,Alice_17761,Intern,5920
17762,Bob_17762,Intern,5921
17763,Carol_17763,Intern,5921
17764,Dave_17764,Intern,5921
17765,Eve_17765,Intern,5922
17766,Frank_17766,Intern,5922
17767,Grace_17767,Intern,5922
17768,Hank_17768,Intern,5923
17769,Iris_17769,Intern,5923
17770,Jack_17770,Intern,5923
17771,Karen_17771,Intern,5924
17772,Leo_17772,Intern,5924
17773,Maya_17773,Intern,5924
17774,Nate_17774,Intern,5925
17775,Olivia_17775,Intern,5925
17776,Paul_17776,Intern,5925
17777,Quinn_17777,Intern,5926
17778,Rose_17778,Intern,5926
17779,Sam_17779,Intern,5926
17780,Tina_17780,Intern,5927
17781,Uma_17781,Intern,5927
17782,Victor_17782,Intern,5927
17783,Wendy_17783,Intern,5928
17784,Xander_17784,Intern,5928
17785,Yara_17785,Intern,5928
17786,Zack_17786,Intern,5929
17787,Ava_17787,Intern,5929
17788,Ben_17788,Intern,5929
17789,Chloe_17789,Intern,5930
17790,Dylan_17790,Intern,5930
17791,Ella_17791,Intern,5930
17792,Finn_17792,Intern,5931
17793,Alice_17793,Intern,5931
17794,Bob_17794,Intern,5931
17795,Carol_17795,Intern,5932
17796,Dave_17796,Intern,5932
17797,Eve_17797,Intern,5932
17798,Frank_17798,Intern,5933
17799,Grace_17799,Intern,5933
17800,Hank_17800,Intern,5933
17801,Iris_17801,Intern,5934
17802,Jack_17802,Intern,5934
17803,Karen_17803,Intern,5934
17804,Leo_17804,Intern,5935
17805,Maya_17805,Intern,5935
17806,Nate_17806,Intern,5935
17807,Olivia_17807,Intern,5936
17808,Paul_17808,Intern,5936
17809,Quinn_17809,Intern,5936
17810,Rose_17810,Intern,5937
17811,Sam_17811,Intern,5937
17812,Tina_17812,Intern,5937
17813,Uma_17813,Intern,5938
17814,Victor_17814,Intern,5938
17815,Wendy_17815,Intern,5938
17816,Xander_17816,Intern,5939
17817,Yara_17817,Intern,5939
17818,Zack_17818,Intern,5939
17819,Ava_17819,Intern,5940
17820,Ben_17820,Intern,5940
17821,Chloe_17821,Intern,5940
17822,Dylan_17822,Intern,5941
17823,Ella_17823,Intern,5941
17824,Finn_17824,Intern,5941
17825,Alice_17825,Intern,5942
17826,Bob_17826,Intern,5942
17827,Carol_17827,Intern,5942
17828,Dave_17828,Intern,5943
17829,Eve_17829,Intern,5943
17830,Frank_17830,Intern,5943
17831,Grace_17831,Intern,5944
17832,Hank_17832,Intern,5944
17833,Iris_17833,Intern,5944
17834,Jack_17834,Intern,5945
17835,Karen_17835,Intern,5945
17836,Leo_17836,Intern,5945
17837,Maya_17837,Intern,5946
17838,Nate_17838,Intern,5946
17839,Olivia_17839,Intern,5946
17840,Paul_17840,Intern,5947
17841,Quinn_17841,Intern,5947
17842,Rose_17842,Intern,5947
17843,Sam_17843,Intern,5948
17844,Tina_17844,Intern,5948
17845,Uma_17845,Intern,5948
17846,Victor_17846,Intern,5949
17847,Wendy_17847,Intern,5949
17848,Xander_17848,Intern,5949
17849,Yara_17849,Intern,5950
17850,Zack_17850,Intern,5950
17851,Ava_17851,Intern,5950
17852,Ben_17852,Intern,5951
17853,Chloe_17853,Intern,5951
17854,Dylan_17854,Intern,5951
17855,Ella_17855,Intern,5952
17856,Finn_17856,Intern,5952
17857,Alice_17857,Intern,5952
17858,Bob_17858,Intern,5953
17859,Carol_17859,Intern,5953
17860,Dave_17860,Intern,5953
17861,Eve_17861,Intern,5954
17862,Frank_17862,Intern,5954
17863,Grace_17863,Intern,5954
17864,Hank_17864,Intern,5955
17865,Iris_17865,Intern,5955
17866,Jack_17866,Intern,5955
17867,Karen_17867,Intern,5956
17868,Leo_17868,Intern,5956
17869,Maya_17869,Intern,5956
17870,Nate_17870,Intern,5957
17871,Olivia_17871,Intern,5957
17872,Paul_17872,Intern,5957
17873,Quinn_17873,Intern,5958
17874,Rose_17874,Intern,5958
17875,Sam_17875,Intern,5958
17876,Tina_17876,Intern,5959
17877,Uma_17877,Intern,5959
17878,Victor_17878,Intern,5959
17879,Wendy_17879,Intern,5960
17880,Xander_17880,Intern,5960
17881,Yara_17881,Intern,5960
17882,Zack_17882,Intern,5961
17883,Ava_17883,Intern,5961
17884,Ben_17884,Intern,5961
17885,Chloe_17885,Intern,5962
17886,Dylan_17886,Intern,5962
17887,Ella_17887,Intern,5962
17888,Finn_17888,Intern,5963
17889,Alice_17889,Intern,5963
17890,Bob_17890,Intern,5963
17891,Carol_17891,Intern,5964
17892,Dave_17892,Intern,5964
17893,Eve_17893,Intern,5964
17894,Frank_17894,Intern,5965
17895,Grace_17895,Intern,5965
17896,Hank_17896,Intern,5965
17897,Iris_17897,Intern,5966
17898,Jack_17898,Intern,5966
17899,Karen_17899,Intern,5966
17900,Leo_17900,Intern,5967
17901,Maya_17901,Intern,5967
17902,Nate_17902,Intern,5967
17903,Olivia_17903,Intern,5968
17904,Paul_17904,Intern,5968
17905,Quinn_17905,Intern,5968
17906,Rose_17906,Intern,5969
17907,Sam_17907,Intern,5969
17908,Tina_17908,Intern,5969
17909,Uma_17909,Intern,5970
17910,Victor_17910,Intern,5970
17911,Wendy_17911,Intern,5970
17912,Xander_17912,Intern,5971
17913,Yara_17913,Intern,5971
17914,Zack_17914,Intern,5971
17915,Ava_17915,Intern,5972
17916,Ben_17916,Intern,5972
17917,Chloe_17917,Intern,5972
17918,Dylan_17918,Intern,5973
17919,Ella_17919,Intern,5973
17920,Finn_17920,Intern,5973
17921,Alice_17921,Intern,5974
17922,Bob_17922,Intern,5974
17923,Carol_17923,Intern,5974
17924,Dave_17924,Intern,5975
17925,Eve_17925,Intern,5975
17926,Frank_17926,Intern,5975
17927,Grace_17927,Intern,5976
17928,Hank_17928,Intern,5976
17929,Iris_17929,Intern,5976
17930,Jack_17930,Intern,5977
17931,Karen_17931,Intern,5977
17932,Leo_17932,Intern,5977
17933,Maya_17933,Intern,5978
17934,Nate_17934,Intern,5978
17935,Olivia_17935,Intern,5978
17936,Paul_17936,Intern,5979
17937,Quinn_17937,Intern,5979
17938,Rose_17938,Intern,5979
17939,Sam_17939,Intern,5980
17940,Tina_17940,Intern,5980
17941,Uma_17941,Intern,5980
17942,Victor_17942,Intern,5981
17943,Wendy_17943,Intern,5981
17944,Xander_17944,Intern,5981
17945,Yara_17945,Intern,5982
17946,Zack_17946,Intern,5982
17947,Ava_17947,Intern,5982
17948,Ben_17948,Intern,5983
17949,Chloe_17949,Intern,5983
17950,Dylan_17950,Intern,5983
17951,Ella_17951,Intern,5984
17952,Finn_17952,Intern,5984
17953,Alice_17953,Intern,5984
17954,Bob_17954,Intern,5985
17955,Carol_17955,Intern,5985
17956,Dave_17956,Intern,5985
17957,Eve_17957,Intern,5986
17958,Frank_17958,Intern,5986
17959,Grace_17959,Intern,5986
17960,Hank_17960,Intern,5987
17961,Iris_17961,Intern,5987
17962,Jack_17962,Intern,5987
17963,Karen_17963,Intern,5988
17964,Leo_17964,Intern,5988
17965,Maya_17965,Intern,5988
17966,Nate_17966,Intern,5989
17967,Olivia_17967,Intern,5989
17968,Paul_17968,Intern,5989
17969,Quinn_17969,Intern,5990
17970,Rose_17970,Intern,5990
17971,Sam_17971,Intern,5990
17972,Tina_17972,Intern,5991
17973,Uma_17973,Intern,5991
17974,Victor_17974,Intern,5991
17975,Wendy_17975,Intern,5992
17976,Xander_17976,Intern,5992
17977,Yara_17977,Intern,5992
17978,Zack_17978,Intern,5993
17979,Ava_17979,Intern,5993
17980,Ben_17980,Intern,5993
17981,Chloe_17981,Intern,5994
17982,Dylan_17982,Intern,5994
17983,Ella_17983,Intern,5994
17984,Finn_17984,Intern,5995
17985,Alice_17985,Intern,5995
17986,Bob_17986,Intern,5995
17987,Carol_17987,Intern,5996
17988,Dave_17988,Intern,5996
17989,Eve_17989,Intern,5996
17990,Frank_17990,Intern,5997
17991,Grace_17991,Intern,5997
17992,Hank_17992,Intern,5997
17993,Iris_17993,Intern,5998
17994,Jack_17994,Intern,5998
17995,Karen_17995,Intern,5998
17996,Leo_17996,Intern,5999
17997,Maya_17997,Intern,5999
17998,Nate_17998,Intern,5999
17999,Olivia_17999,Intern,6000
18000,Paul_18000,Intern,6000
18001,Quinn_18001,Intern,6000
18002,Rose_18002,Intern,6001
18003,Sam_18003,Intern,6001
18004,Tina_18004,Intern,6001
18005,Uma_18005,Intern,6002
18006,Victor_18006,Intern,6002
18007,Wendy_18007,Intern,6002
18008,Xander_18008,Intern,6003
18009,Yara_18009,Intern,6003
18010,Zack_18010,Intern,6003
18011,Ava_18011,Intern,6004
18012,Ben_18012,Intern,6004
18013,Chloe_18013,Intern,6004
18014,Dylan_18014,Intern,6005
18015,Ella_18015,Intern,6005
18016,Finn_18016,Intern,6005
18017,Alice_18017,Intern,6006
18018,Bob_18018,Intern,6006
18019,Carol_18019,Intern,6006
18020,Dave_18020,Intern,6007
18021,Eve_18021,Intern,6007
18022,Frank_18022,Intern,6007
18023,Grace_18023,Intern,6008
18024,Hank_18024,Intern,6008
18025,Iris_18025,Intern,6008
18026,Jack_18026,Intern,6009
18027,Karen_18027,Intern,6009
18028,Leo_18028,Intern,6009
18029,Maya_18029,Intern,6010
18030,Nate_18030,Intern,6010
18031,Olivia_18031,Intern,6010
18032,Paul_18032,Intern,6011
18033,Quinn_18033,Intern,6011
18034,Rose_18034,Intern,6011
18035,Sam_18035,Intern,6012
18036,Tina_18036,Intern,6012
18037,Uma_18037,Intern,6012
18038,Victor_18038,Intern,6013
18039,Wendy_18039,Intern,6013
18040,Xander_18040,Intern,6013
18041,Yara_18041,Intern,6014
18042,Zack_18042,Intern,6014
18043,Ava_18043,Intern,6014
18044,Ben_18044,Intern,6015
18045,Chloe_18045,Intern,6015
18046,Dylan_18046,Intern,6015
18047,Ella_18047,Intern,6016
18048,Finn_18048,Intern,6016
18049,Alice_18049,Intern,6016
18050,Bob_18050,Intern,6017
18051,Carol_18051,Intern,6017
18052,Dave_18052,Intern,6017
18053,Eve_18053,Intern,6018
18054,Frank_18054,Intern,6018
18055,Grace_18055,Intern,6018
18056,Hank_18056,Intern,6019
18057,Iris_18057,Intern,6019
18058,Jack_18058,Intern,6019
18059,Karen_18059,Intern,6020
18060,Leo_18060,Intern,6020
18061,Maya_18061,Intern,6020
18062,Nate_18062,Intern,6021
18063,Olivia_18063,Intern,6021
18064,Paul_18064,Intern,6021
18065,Quinn_18065,Intern,6022
18066,Rose_18066,Intern,6022
18067,Sam_18067,Intern,6022
18068,Tina_18068,Intern,6023
18069,Uma_18069,Intern,6023
18070,Victor_18070,Intern,6023
18071,Wendy_18071,Intern,6024
18072,Xander_18072,Intern,6024
18073,Yara_18073,Intern,6024
18074,Zack_18074,Intern,6025
18075,Ava_18075,Intern,6025
18076,Ben_18076,Intern,6025
18077,Chloe_18077,Intern,6026
18078,Dylan_18078,Intern,6026
18079,Ella_18079,Intern,6026
18080,Finn_18080,Intern,6027
18081,Alice_18081,Intern,6027
18082,Bob_18082,Intern,6027
18083,Carol_18083,Intern,6028
18084,Dave_18084,Intern,6028
18085,Eve_18085,Intern,6028
18086,Frank_18086,Intern,6029
18087,Grace_18087,Intern,6029
18088,Hank_18088,Intern,6029
18089,Iris_18089,Intern,6030
18090,Jack_18090,Intern,6030
18091,Karen_18091,Intern,6030
18092,Leo_18092,Intern,6031
18093,Maya_18093,Intern,6031
18094,Nate_18094,Intern,6031
18095,Olivia_18095,Intern,6032
18096,Paul_18096,Intern,6032
18097,Quinn_18097,Intern,6032
18098,Rose_18098,Intern,6033
18099,Sam_18099,Intern,6033
18100,Tina_18100,Intern,6033
18101,Uma_18101,Intern,6034
18102,Victor_18102,Intern,6034
18103,Wendy_18103,Intern,6034
18104,Xander_18104,Intern,6035
18105,Yara_18105,Intern,6035
18106,Zack_18106,Intern,6035
18107,Ava_18107,Intern,6036
18108,Ben_18108,Intern,6036
18109,Chloe_18109,Intern,6036
18110,Dylan_18110,Intern,6037
18111,Ella_18111,Intern,6037
18112,Finn_18112,Intern,6037
18113,Alice_18113,Intern,6038
18114,Bob_18114,Intern,6038
18115,Carol_18115,Intern,6038
18116,Dave_18116,Intern,6039
18117,Eve_18117,Intern,6039
18118,Frank_18118,Intern,6039
18119,Grace_18119,Intern,6040
18120,Hank_18120,Intern,6040
18121,Iris_18121,Intern,6040
18122,Jack_18122,Intern,6041
18123,Karen_18123,Intern,6041
18124,Leo_18124,Intern,6041
18125,Maya_18125,Intern,6042
18126,Nate_18126,Intern,6042
18127,Olivia_18127,Intern,6042
18128,Paul_18128,Intern,6043
18129,Quinn_18129,Intern,6043
18130,Rose_18130,Intern,6043
18131,Sam_18131,Intern,6044
18132,Tina_18132,Intern,6044
18133,Uma_18133,Intern,6044
18134,Victor_18134,Intern,6045
18135,Wendy_18135,Intern,6045
18136,Xander_18136,Intern,6045
18137,Yara_18137,Intern,6046
18138,Zack_18138,Intern,6046
18139,Ava_18139,Intern,6046
18140,Ben_18140,Intern,6047
18141,Chloe_18141,Intern,6047
18142,Dylan_18142,Intern,6047
18143,Ella_18143,Intern,6048
18144,Finn_18144,Intern,6048
18145,Alice_18145,Intern,6048
18146,Bob_18146,Intern,6049
18147,Carol_18147,Intern,6049
18148,Dave_18148,Intern,6049
18149,Eve_18149,Intern,6050
18150,Frank_18150,Intern,6050
18151,Grace_18151,Intern,6050
18152,Hank_18152,Intern,6051
18153,Iris_18153,Intern,6051
18154,Jack_18154,Intern,6051
18155,Karen_18155,Intern,6052
18156,Leo_18156,Intern,6052
18157,Maya_18157,Intern,6052
18158,Nate_18158,Intern,6053
18159,Olivia_18159,Intern,6053
18160,Paul_18160,Intern,6053
18161,Quinn_18161,Intern,6054
18162,Rose_18162,Intern,6054
18163,Sam_18163,Intern,6054
18164,Tina_18164,Intern,6055
18165,Uma_18165,Intern,6055
18166,Victor_18166,Intern,6055
18167,Wendy_18167,Intern,6056
18168,Xander_18168,Intern,6056
18169,Yara_18169,Intern,6056
18170,Zack_18170,Intern,6057
18171,Ava_18171,Intern,6057
18172,Ben_18172,Intern,6057
18173,Chloe_18173,Intern,6058
18174,Dylan_18174,Intern,6058
18175,Ella_18175,Intern,6058
18176,Finn_18176,Intern,6059
18177,Alice_18177,Intern,6059
18178,Bob_18178,Intern,6059
18179,Carol_18179,Intern,6060
18180,Dave_18180,Intern,6060
18181,Eve_18181,Intern,6060
18182,Frank_18182,Intern,6061
18183,Grace_18183,Intern,6061
18184,Hank_18184,Intern,6061
18185,Iris_18185,Intern,6062
18186,Jack_18186,Intern,6062
18187,Karen_18187,Intern,6062
18188,Leo_18188,Intern,6063
18189,Maya_18189,Intern,6063
18190,Nate_18190,Intern,6063
18191,Olivia_18191,Intern,6064
18192,Paul_18192,Intern,6064
18193,Quinn_18193,Intern,6064
18194,Rose_18194,Intern,6065
18195,Sam_18195,Intern,6065
18196,Tina_18196,Intern,6065
18197,Uma_18197,Intern,6066
18198,Victor_18198,Intern,6066
18199,Wendy_18199,Intern,6066
18200,Xander_18200,Intern,6067
18201,Yara_18201,Intern,6067
18202,Zack_18202,Intern,6067
18203,Ava_18203,Intern,6068
18204,Ben_18204,Intern,6068
18205,Chloe_18205,Intern,6068
18206,Dylan_18206,Intern,6069
18207,Ella_18207,Intern,6069
18208,Finn_18208,Intern,6069
18209,Alice_18209,Intern,6070
18210,Bob_18210,Intern,6070
18211,Carol_18211,Intern,6070
18212,Dave_18212,Intern,6071
18213,Eve_18213,Intern,6071
18214,Frank_18214,Intern,6071
18215,Grace_18215,Intern,6072
18216,Hank_18216,Intern,6072
18217,Iris_18217,Intern,6072
18218,Jack_18218,Intern,6073
18219,Karen_18219,Intern,6073
18220,Leo_18220,Intern,6073
18221,Maya_18221,Intern,6074
18222,Nate_18222,Intern,6074
18223,Olivia_18223,Intern,6074
18224,Paul_18224,Intern,6075
18225,Quinn_18225,Intern,6075
18226,Rose_18226,Intern,6075
18227,Sam_18227,Intern,6076
18228,Tina_18228,Intern,6076
18229,Uma_18229,Intern,6076
18230,Victor_18230,Intern,6077
18231,Wendy_18231,Intern,6077
18232,Xander_18232,Intern,6077
18233,Yara_18233,Intern,6078
18234,Zack_18234,Intern,6078
18235,Ava_18235,Intern,6078
18236,Ben_18236,Intern,6079
18237,Chloe_18237,Intern,6079
18238,Dylan_18238,Intern,6079
18239,Ella_18239,Intern,6080
18240,Finn_18240,Intern,6080
18241,Alice_18241,Intern,6080
18242,Bob_18242,Intern,6081
18243,Carol_18243,Intern,6081
18244,Dave_18244,Intern,6081
18245,Eve_18245,Intern,6082
18246,Frank_18246,Intern,6082
18247,Grace_18247,Intern,6082
18248,Hank_18248,Intern,6083
18249,Iris_18249,Intern,6083
18250,Jack_18250,Intern,6083
18251,Karen_18251,Intern,6084
18252,Leo_18252,Intern,6084
18253,Maya_18253,Intern,6084
18254,Nate_18254,Intern,6085
18255,Olivia_18255,Intern,6085
18256,Paul_18256,Intern,6085
18257,Quinn_18257,Intern,6086
18258,Rose_18258,Intern,6086
18259,Sam_18259,Intern,6086
18260,Tina_18260,Intern,6087
18261,Uma_18261,Intern,6087
18262,Victor_18262,Intern,6087
18263,Wendy_18263,Intern,6088
18264,Xander_18264,Intern,6088
18265,Yara_18265,Intern,6088
18266,Zack_18266,Intern,6089
18267,Ava_18267,Intern,6089
18268,Ben_18268,Intern,6089
18269,Chloe_18269,Intern,6090
18270,Dylan_18270,Intern,6090
18271,Ella_18271,Intern,6090
18272,Finn_18272,Intern,6091
18273,Alice_18273,Intern,6091
18274,Bob_18274,Intern,6091
18275,Carol_18275,Intern,6092
18276,Dave_18276,Intern,6092
18277,Eve_18277,Intern,6092
18278,Frank_18278,Intern,6093
18279,Grace_18279,Intern,6093
18280,Hank_18280,Intern,6093
18281,Iris_18281,Intern,6094
18282,Jack_18282,Intern,6094
18283,Karen_18283,Intern,6094
18284,Leo_18284,Intern,6095
18285,Maya_18285,Intern,6095
18286,Nate_18286,Intern,6095
18287,Olivia_18287,Intern,6096
18288,Paul_18288,Intern,6096
18289,Quinn_18289,Intern,6096
18290,Rose_18290,Intern,6097
18291,Sam_18291,Intern,6097
18292,Tina_18292,Intern,6097
18293,Uma_18293,Intern,6098
18294,Victor_18294,Intern,6098
18295,Wendy_18295,Intern,6098
18296,Xander_18296,Intern,6099
18297,Yara_18297,Intern,6099
18298,Zack_18298,Intern,6099
18299,Ava_18299,Intern,6100
18300,Ben_18300,Intern,6100
18301,Chloe_18301,Intern,6100
18302,Dylan_18302,Intern,6101
18303,Ella_18303,Intern,6101
18304,Finn_18304,Intern,6101
18305,Alice_18305,Intern,6102
18306,Bob_18306,Intern,6102
18307,Carol_18307,Intern,6102
18308,Dave_18308,Intern,6103
18309,Eve_18309,Intern,6103
18310,Frank_18310,Intern,6103
18311,Grace_18311,Intern,6104
18312,Hank_18312,Intern,6104
18313,Iris_18313,Intern,6104
18314,Jack_18314,Intern,6105
18315,Karen_18315,Intern,6105
18316,Leo_18316,Intern,6105
18317,Maya_18317,Intern,6106
18318,Nate_18318,Intern,6106
18319,Olivia_18319,Intern,6106
18320,Paul_18320,Intern,6107
18321,Quinn_18321,Intern,6107
18322,Rose_18322,Intern,6107
18323,Sam_18323,Intern,6108
18324,Tina_18324,Intern,6108
18325,Uma_18325,Intern,6108
18326,Victor_18326,Intern,6109
18327,Wendy_18327,Intern,6109
18328,Xander_18328,Intern,6109
18329,Yara_18329,Intern,6110
18330,Zack_18330,Intern,6110
18331,Ava_18331,Intern,6110
18332,Ben_18332,Intern,6111
18333,Chloe_18333,Intern,6111
18334,Dylan_18334,Intern,6111
18335,Ella_18335,Intern,6112
18336,Finn_18336,Intern,6112
18337,Alice_18337,Intern,6112
18338,Bob_18338,Intern,6113
18339,Carol_18339,Intern,6113
18340,Dave_18340,Intern,6113
18341,Eve_18341,Intern,6114
18342,Frank_18342,Intern,6114
18343,Grace_18343,Intern,6114
18344,Hank_18344,Intern,6115
18345,Iris_18345,Intern,6115
18346,Jack_18346,Intern,6115
18347,Karen_18347,Intern,6116
18348,Leo_18348,Intern,6116
18349,Maya_18349,Intern,6116
18350,Nate_18350,Intern,6117
18351,Olivia_18351,Intern,6117
18352,Paul_18352,Intern,6117
18353,Quinn_18353,Intern,6118
18354,Rose_18354,Intern,6118
18355,Sam_18355,Intern,6118
18356,Tina_18356,Intern,6119
18357,Uma_18357,Intern,6119
18358,Victor_18358,Intern,6119
18359,Wendy_18359,Intern,6120
18360,Xander_18360,Intern,6120
18361,Yara_18361,Intern,6120
18362,Zack_18362,Intern,6121
18363,Ava_18363,Intern,6121
18364,Ben_18364,Intern,6121
18365,Chloe_18365,Intern,6122
18366,Dylan_18366,Intern,6122
18367,Ella_18367,Intern,6122
18368,Finn_18368,Intern,6123
18369,Alice_18369,Intern,6123
18370,Bob_18370,Intern,6123
18371,Carol_18371,Intern,6124
18372,Dave_18372,Intern,6124
18373,Eve_18373,Intern,6124
18374,Frank_18374,Intern,6125
18375,Grace_18375,Intern,6125
18376,Hank_18376,Intern,6125
18377,Iris_18377,Intern,6126
18378,Jack_18378,Intern,6126
18379,Karen_18379,Intern,6126
18380,Leo_18380,Intern,6127
18381,Maya_18381,Intern,6127
18382,Nate_18382,Intern,6127
18383,Olivia_18383,Intern,6128
18384,Paul_18384,Intern,6128
18385,Quinn_18385,Intern,6128
18386,Rose_18386,Intern,6129
18387,Sam_18387,Intern,6129
18388,Tina_18388,Intern,6129
18389,Uma_18389,Intern,6130
18390,Victor_18390,Intern,6130
18391,Wendy_18391,Intern,6130
18392,Xander_18392,Intern,6131
18393,Yara_18393,Intern,6131
18394,Zack_18394,Intern,6131
18395,Ava_18395,Intern,6132
18396,Ben_18396,Intern,6132
18397,Chloe_18397,Intern,6132
18398,Dylan_18398,Intern,6133
18399,Ella_18399,Intern,6133
18400,Finn_18400,Intern,6133
18401,Alice_18401,Intern,6134
18402,Bob_18402,Intern,6134
18403,Carol_18403,Intern,6134
18404,Dave_18404,Intern,6135
18405,Eve_18405,Intern,6135
18406,Frank_18406,Intern,6135
18407,Grace_18407,Intern,6136
18408,Hank_18408,Intern,6136
18409,Iris_18409,Intern,6136
18410,Jack_18410,Intern,6137
18411,Karen_18411,Intern,6137
18412,Leo_18412,Intern,6137
18413,Maya_18413,Intern,6138
18414,Nate_18414,Intern,6138
18415,Olivia_18415,Intern,6138
18416,Paul_18416,Intern,6139
18417,Quinn_18417,Intern,6139
18418,Rose_18418,Intern,6139
18419,Sam_18419,Intern,6140
18420,Tina_18420,Intern,6140
18421,Uma_18421,Intern,6140
18422,Victor_18422,Intern,6141
18423,Wendy_18423,Intern,6141
18424,Xander_18424,Intern,6141
18425,Yara_18425,Intern,6142
18426,Zack_18426,Intern,6142
18427,Ava_18427,Intern,6142
18428,Ben_18428,Intern,6143
18429,Chloe_18429,Intern,6143
18430,Dylan_18430,Intern,6143
18431,Ella_18431,Intern,6144
18432,Finn_18432,Intern,6144
18433,Alice_18433,Intern,6144
18434,Bob_18434,Intern,6145
18435,Carol_18435,Intern,6145
18436,Dave_18436,Intern,6145
18437,Eve_18437,Intern,6146
18438,Frank_18438,Intern,6146
18439,Grace_18439,Intern,6146
18440,Hank_18440,Intern,6147
18441,Iris_18441,Intern,6147
18442,Jack_18442,Intern,6147
18443,Karen_18443,Intern,6148
18444,Leo_18444,Intern,6148
18445,Maya_18445,Intern,6148
18446,Nate_18446,Intern,6149
18447,Olivia_18447,Intern,6149
18448,Paul_18448,Intern,6149
18449,Quinn_18449,Intern,6150
18450,Rose_18450,Intern,6150
18451,Sam_18451,Intern,6150
18452,Tina_18452,Intern,6151
18453,Uma_18453,Intern,6151
18454,Victor_18454,Intern,6151
18455,Wendy_18455,Intern,6152
18456,Xander_18456,Intern,6152
18457,Yara_18457,Intern,6152
18458,Zack_18458,Intern,6153
18459,Ava_18459,Intern,6153
18460,Ben_18460,Intern,6153
18461,Chloe_18461,Intern,6154
18462,Dylan_18462,Intern,6154
18463,Ella_18463,Intern,6154
18464,Finn_18464,Intern,6155
18465,Alice_18465,Intern,6155
18466,Bob_18466,Intern,6155
18467,Carol_18467,Intern,6156
18468,Dave_18468,Intern,6156
18469,Eve_18469,Intern,6156
18470,Frank_18470,Intern,6157
18471,Grace_18471,Intern,6157
18472,Hank_18472,Intern,6157
18473,Iris_18473,Intern,6158
18474,Jack_18474,Intern,6158
18475,Karen_18475,Intern,6158
18476,Leo_18476,Intern,6159
18477,Maya_18477,Intern,6159
18478,Nate_18478,Intern,6159
18479,Olivia_18479,Intern,6160
18480,Paul_18480,Intern,6160
18481,Quinn_18481,Intern,6160
18482,Rose_18482,Intern,6161
18483,Sam_18483,Intern,6161
18484,Tina_18484,Intern,6161
18485,Uma_18485,Intern,6162
18486,Victor_18486,Intern,6162
18487,Wendy_18487,Intern,6162
18488,Xander_18488,Intern,6163
18489,Yara_18489,Intern,6163
18490,Zack_18490,Intern,6163
18491,Ava_18491,Intern,6164
18492,Ben_18492,Intern,6164
18493,Chloe_18493,Intern,6164
18494,Dylan_18494,Intern,6165
18495,Ella_18495,Intern,6165
18496,Finn_18496,Intern,6165
18497,Alice_18497,Intern,6166
18498,Bob_18498,Intern,6166
18499,Carol_18499,Intern,6166
18500,Dave_18500,Intern,6167
18501,Eve_18501,Intern,6167
18502,Frank_18502,Intern,6167
18503,Grace_18503,Intern,6168
18504,Hank_18504,Intern,6168
18505,Iris_18505,Intern,6168
18506,Jack_18506,Intern,6169
18507,Karen_18507,Intern,6169
18508,Leo_18508,Intern,6169
18509,Maya_18509,Intern,6170
18510,Nate_18510,Intern,6170
18511,Olivia_18511,Intern,6170
18512,Paul_18512,Intern,6171
18513,Quinn_18513,Intern,6171
18514,Rose_18514,Intern,6171
18515,Sam_18515,Intern,6172
18516,Tina_18516,Intern,6172
18517,Uma_18517,Intern,6172
18518,Victor_18518,Intern,6173
18519,Wendy_18519,Intern,6173
18520,Xander_18520,Intern,6173
18521,Yara_18521,Intern,6174
18522,Zack_18522,Intern,6174
18523,Ava_18523,Intern,6174
18524,Ben_18524,Intern,6175
18525,Chloe_18525,Intern,6175
18526,Dylan_18526,Intern,6175
18527,Ella_18527,Intern,6176
18528,Finn_18528,Intern,6176
18529,Alice_18529,Intern,6176
18530,Bob_18530,Intern,6177
18531,Carol_18531,Intern,6177
18532,Dave_18532,Intern,6177
18533,Eve_18533,Intern,6178
18534,Frank_18534,Intern,6178
18535,Grace_18535,Intern,6178
18536,Hank_18536,Intern,6179
18537,Iris_18537,Intern,6179
18538,Jack_18538,Intern,6179
18539,Karen_18539,Intern,6180
18540,Leo_18540,Intern,6180
18541,Maya_18541,Intern,6180
18542,Nate_18542,Intern,6181
18543,Olivia_18543,Intern,6181
18544,Paul_18544,Intern,6181
18545,Quinn_18545,Intern,6182
18546,Rose_18546,Intern,6182
18547,Sam_18547,Intern,6182
18548,Tina_18548,Intern,6183
18549,Uma_18549,Intern,6183
18550,Victor_18550,Intern,6183
18551,Wendy_18551,Intern,6184
18552,Xander_18552,Intern,6184
18553,Yara_18553,Intern,6184
18554,Zack_18554,Intern,6185
18555,Ava_18555,Intern,6185
18556,Ben_18556,Intern,6185
18557,Chloe_18557,Intern,6186
18558,Dylan_18558,Intern,6186
18559,Ella_18559,Intern,6186
18560,Finn_18560,Intern,6187
18561,Alice_18561,Intern,6187
18562,Bob_18562,Intern,6187
18563,Carol_18563,Intern,6188
18564,Dave_18564,Intern,6188
18565,Eve_18565,Intern,6188
18566,Frank_18566,Intern,6189
18567,Grace_18567,Intern,6189
18568,Hank_18568,Intern,6189
18569,Iris_18569,Intern,6190
18570,Jack_18570,Intern,6190
18571,Karen_18571,Intern,6190
18572,Leo_18572,Intern,6191
18573,Maya_18573,Intern,6191
18574,Nate_18574,Intern,6191
18575,Olivia_18575,Intern,6192
18576,Paul_18576,Intern,6192
18577,Quinn_18577,Intern,6192
18578,Rose_18578,Intern,6193
18579,Sam_18579,Intern,6193
18580,Tina_18580,Intern,6193
18581,Uma_18581,Intern,6194
18582,Victor_18582,Intern,6194
18583,Wendy_18583,Intern,6194
18584,Xander_18584,Intern,6195
18585,Yara_18585,Intern,6195
18586,Zack_18586,Intern,6195
18587,Ava_18587,Intern,6196
18588,Ben_18588,Intern,6196
18589,Chloe_18589,Intern,6196
18590,Dylan_18590,Intern,6197
18591,Ella_18591,Intern,6197
18592,Finn_18592,Intern,6197
18593,Alice_18593,Intern,6198
18594,Bob_18594,Intern,6198
18595,Carol_18595,Intern,6198
18596,Dave_18596,Intern,6199
18597,Eve_18597,Intern,6199
18598,Frank_18598,Intern,6199
18599,Grace_18599,Intern,6200
18600,Hank_18600,Intern,6200
18601,Iris_18601,Intern,6200
18602,Jack_18602,Intern,6201
18603,Karen_18603,Intern,6201
18604,Leo_18604,Intern,6201
18605,Maya_18605,Intern,6202
18606,Nate_18606,Intern,6202
18607,Olivia_18607,Intern,6202
18608,Paul_18608,Intern,6203
18609,Quinn_18609,Intern,6203
18610,Rose_18610,Intern,6203
18611,Sam_18611,Intern,6204
18612,Tina_18612,Intern,6204
18613,Uma_18613,Intern,6204
18614,Victor_18614,Intern,6205
18615,Wendy_18615,Intern,6205
18616,Xander_18616,Intern,6205
18617,Yara_18617,Intern,6206
18618,Zack_18618,Intern,6206
18619,Ava_18619,Intern,6206
18620,Ben_18620,Intern,6207
18621,Chloe_18621,Intern,6207
18622,Dylan_18622,Intern,6207
18623,Ella_18623,Intern,6208
18624,Finn_18624,Intern,6208
18625,Alice_18625,Intern,6208
18626,Bob_18626,Intern,6209
18627,Carol_18627,Intern,6209
18628,Dave_18628,Intern,6209
18629,Eve_18629,Intern,6210
18630,Frank_18630,Intern,6210
18631,Grace_18631,Intern,6210
18632,Hank_18632,Intern,6211
18633,Iris_18633,Intern,6211
18634,Jack_18634,Intern,6211
18635,Karen_18635,Intern,6212
18636,Leo_18636,Intern,6212
18637,Maya_18637,Intern,6212
18638,Nate_18638,Intern,6213
18639,Olivia_18639,Intern,6213
18640,Paul_18640,Intern,6213
18641,Quinn_18641,Intern,6214
18642,Rose_18642,Intern,6214
18643,Sam_18643,Intern,6214
18644,Tina_18644,Intern,6215
18645,Uma_18645,Intern,6215
18646,Victor_18646,Intern,6215
18647,Wendy_18647,Intern,6216
18648,Xander_18648,Intern,6216
18649,Yara_18649,Intern,6216
18650,Zack_18650,Intern,6217
18651,Ava_18651,Intern,6217
18652,Ben_18652,Intern,6217
18653,Chloe_18653,Intern,6218
18654,Dylan_18654,Intern,6218
18655,Ella_18655,Intern,6218
18656,Finn_18656,Intern,6219
18657,Alice_18657,Intern,6219
18658,Bob_18658,Intern,6219
18659,Carol_18659,Intern,6220
18660,Dave_18660,Intern,6220
18661,Eve_18661,Intern,6220
18662,Frank_18662,Intern,6221
18663,Grace_18663,Intern,6221
18664,Hank_18664,Intern,6221
18665,Iris_18665,Intern,6222
18666,Jack_18666,Intern,6222
18667,Karen_18667,Intern,6222
18668,Leo_18668,Intern,6223
18669,Maya_18669,Intern,6223
18670,Nate_18670,Intern,6223
18671,Olivia_18671,Intern,6224
18672,Paul_18672,Intern,6224
18673,Quinn_18673,Intern,6224
18674,Rose_18674,Intern,6225
18675,Sam_18675,Intern,6225
18676,Tina_18676,Intern,6225
18677,Uma_18677,Intern,6226
18678,Victor_18678,Intern,6226
18679,Wendy_18679,Intern,6226
18680,Xander_18680,Intern,6227
18681,Yara_18681,Intern,6227
18682,Zack_18682,Intern,6227
18683,Ava_18683,Intern,6228
18684,Ben_18684,Intern,6228
18685,Chloe_18685,Intern,6228
18686,Dylan_18686,Intern,6229
18687,Ella_18687,Intern,6229
18688,Finn_18688,Intern,6229
18689,Alice_18689,Intern,6230
18690,Bob_18690,Intern,6230
18691,Carol_18691,Intern,6230
18692,Dave_18692,Intern,6231
18693,Eve_18693,Intern,6231
18694,Frank_18694,Intern,6231
18695,Grace_18695,Intern,6232
18696,Hank_18696,Intern,6232
18697,Iris_18697,Intern,6232
18698,Jack_18698,Intern,6233
18699,Karen_18699,Intern,6233
18700,Leo_18700,Intern,6233
18701,Maya_18701,Intern,6234
18702,Nate_18702,Intern,6234
18703,Olivia_18703,Intern,6234
18704,Paul_18704,Intern,6235
18705,Quinn_18705,Intern,6235
18706,Rose_18706,Intern,6235
18707,Sam_18707,Intern,6236
18708,Tina_18708,Intern,6236
18709,Uma_18709,Intern,6236
18710,Victor_18710,Intern,6237
18711,Wendy_18711,Intern,6237
18712,Xander_18712,Intern,6237
18713,Yara_18713,Intern,6238
18714,Zack_18714,Intern,6238
18715,Ava_18715,Intern,6238
18716,Ben_18716,Intern,6239
18717,Chloe_18717,Intern,6239
18718,Dylan_18718,Intern,6239
18719,Ella_18719,Intern,6240
18720,Finn_18720,Intern,6240
18721,Alice_18721,Intern,6240
18722,Bob_18722,Intern,6241
18723,Carol_18723,Intern,6241
18724,Dave_18724,Intern,6241
18725,Eve_18725,Intern,6242
18726,Frank_18726,Intern,6242
18727,Grace_18727,Intern,6242
18728,Hank_18728,Intern,6243
18729,Iris_18729,Intern,6243
18730,Jack_18730,Intern,6243
18731,Karen_18731,Intern,6244
18732,Leo_18732,Intern,6244
18733,Maya_18733,Intern,6244
18734,Nate_18734,Intern,6245
18735,Olivia_18735,Intern,6245
18736,Paul_18736,Intern,6245
18737,Quinn_18737,Intern,6246
18738,Rose_18738,Intern,6246
18739,Sam_18739,Intern,6246
18740,Tina_18740,Intern,6247
18741,Uma_18741,Intern,6247
18742,Victor_18742,Intern,6247
18743,Wendy_18743,Intern,6248
18744,Xander_18744,Intern,6248
18745,Yara_18745,Intern,6248
18746,Zack_18746,Intern,6249
18747,Ava_18747,Intern,6249
18748,Ben_18748,Intern,6249
18749,Chloe_18749,Intern,6250
18750,Dylan_18750,Intern,6250
18751,Ella_18751,Intern,6250
18752,Finn_18752,Intern,6251
18753,Alice_18753,Intern,6251
18754,Bob_18754,Intern,6251
18755,Carol_18755,Intern,6252
18756,Dave_18756,Intern,6252
18757,Eve_18757,Intern,6252
18758,Frank_18758,Intern,6253
18759,Grace_18759,Intern,6253
18760,Hank_18760,Intern,6253
18761,Iris_18761,Intern,6254
18762,Jack_18762,Intern,6254
18763,Karen_18763,Intern,6254
18764,Leo_18764,Intern,6255
18765,Maya_18765,Intern,6255
18766,Nate_18766,Intern,6255
18767,Olivia_18767,Intern,6256
18768,Paul_18768,Intern,6256
18769,Quinn_18769,Intern,6256
18770,Rose_18770,Intern,6257
18771,Sam_18771,Intern,6257
18772,Tina_18772,Intern,6257
18773,Uma_18773,Intern,6258
18774,Victor_18774,Intern,6258
18775,Wendy_18775,Intern,6258
18776,Xander_18776,Intern,6259
18777,Yara_18777,Intern,6259
18778,Zack_18778,Intern,6259
18779,Ava_18779,Intern,6260
18780,Ben_18780,Intern,6260
18781,Chloe_18781,Intern,6260
18782,Dylan_18782,Intern,6261
18783,Ella_18783,Intern,6261
18784,Finn_18784,Intern,6261
18785,Alice_18785,Intern,6262
18786,Bob_18786,Intern,6262
18787,Carol_18787,Intern,6262
18788,Dave_18788,Intern,6263
18789,Eve_18789,Intern,6263
18790,Frank_18790,Intern,6263
18791,Grace_18791,Intern,6264
18792,Hank_18792,Intern,6264
18793,Iris_18793,Intern,6264
18794,Jack_18794,Intern,6265
18795,Karen_18795,Intern,6265
18796,Leo_18796,Intern,6265
18797,Maya_18797,Intern,6266
18798,Nate_18798,Intern,6266
18799,Olivia_18799,Intern,6266
18800,Paul_18800,Intern,6267
18801,Quinn_18801,Intern,6267
18802,Rose_18802,Intern,6267
18803,Sam_18803,Intern,6268
18804,Tina_18804,Intern,6268
18805,Uma_18805,Intern,6268
18806,Victor_18806,Intern,6269
18807,Wendy_18807,Intern,6269
18808,Xander_18808,Intern,6269
18809,Yara_18809,Intern,6270
18810,Zack_18810,Intern,6270
18811,Ava_18811,Intern,6270
18812,Ben_18812,Intern,6271
18813,Chloe_18813,Intern,6271
18814,Dylan_18814,Intern,6271
18815,Ella_18815,Intern,6272
18816,Finn_18816,Intern,6272
18817,Alice_18817,Intern,6272
18818,Bob_18818,Intern,6273
18819,Carol_18819,Intern,6273
18820,Dave_18820,Intern,6273
18821,Eve_18821,Intern,6274
18822,Frank_18822,Intern,6274
18823,Grace_18823,Intern,6274
18824,Hank_18824,Intern,6275
18825,Iris_18825,Intern,6275
18826,Jack_18826,Intern,6275
18827,Karen_18827,Intern,6276
18828,Leo_18828,Intern,6276
18829,Maya_18829,Intern,6276
18830,Nate_18830,Intern,6277
18831,Olivia_18831,Intern,6277
18832,Paul_18832,Intern,6277
18833,Quinn_18833,Intern,6278
18834,Rose_18834,Intern,6278
18835,Sam_18835,Intern,6278
18836,Tina_18836,Intern,6279
18837,Uma_18837,Intern,6279
18838,Victor_18838,Intern,6279
18839,Wendy_18839,Intern,6280
18840,Xander_18840,Intern,6280
18841,Yara_18841,Intern,6280
18842,Zack_18842,Intern,6281
18843,Ava_18843,Intern,6281
18844,Ben_18844,Intern,6281
18845,Chloe_18845,Intern,6282
18846,Dylan_18846,Intern,6282
18847,Ella_18847,Intern,6282
18848,Finn_18848,Intern,6283
18849,Alice_18849,Intern,6283
18850,Bob_18850,Intern,6283
18851,Carol_18851,Intern,6284
18852,Dave_18852,Intern,6284
18853,Eve_18853,Intern,6284
18854,Frank_18854,Intern,6285
18855,Grace_18855,Intern,6285
18856,Hank_18856,Intern,6285
18857,Iris_18857,Intern,6286
18858,Jack_18858,Intern,6286
18859,Karen_18859,Intern,6286
18860,Leo_18860,Intern,6287
18861,Maya_18861,Intern,6287
18862,Nate_18862,Intern,6287
18863,Olivia_18863,Intern,6288
18864,Paul_18864,Intern,6288
18865,Quinn_18865,Intern,6288
18866,Rose_18866,Intern,6289
18867,Sam_18867,Intern,6289
18868,Tina_18868,Intern,6289
18869,Uma_18869,Intern,6290
18870,Victor_18870,Intern,6290
18871,Wendy_18871,Intern,6290
18872,Xander_18872,Intern,6291
18873,Yara_18873,Intern,6291
18874,Zack_18874,Intern,6291
18875,Ava_18875,Intern,6292
18876,Ben_18876,Intern,6292
18877,Chloe_18877,Intern,6292
18878,Dylan_18878,Intern,6293
18879,Ella_18879,Intern,6293
18880,Finn_18880,Intern,6293
18881,Alice_18881,Intern,6294
18882,Bob_18882,Intern,6294
18883,Carol_18883,Intern,6294
18884,Dave_18884,Intern,6295
18885,Eve_18885,Intern,6295
18886,Frank_18886,Intern,6295
18887,Grace_18887,Intern,6296
18888,Hank_18888,Intern,6296
18889,Iris_18889,Intern,6296
18890,Jack_18890,Intern,6297
18891,Karen_18891,Intern,6297
18892,Leo_18892,Intern,6297
18893,Maya_18893,Intern,6298
18894,Nate_18894,Intern,6298
18895,Olivia_18895,Intern,6298
18896,Paul_18896,Intern,6299
18897,Quinn_18897,Intern,6299
18898,Rose_18898,Intern,6299
18899,Sam_18899,Intern,6300
18900,Tina_18900,Intern,6300
18901,Uma_18901,Intern,6300
18902,Victor_18902,Intern,6301
18903,Wendy_18903,Intern,6301
18904,Xander_18904,Intern,6301
18905,Yara_18905,Intern,6302
18906,Zack_18906,Intern,6302
18907,Ava_18907,Intern,6302
18908,Ben_18908,Intern,6303
18909,Chloe_18909,Intern,6303
18910,Dylan_18910,Intern,6303
18911,Ella_18911,Intern,6304
18912,Finn_18912,Intern,6304
18913,Alice_18913,Intern,6304
18914,Bob_18914,Intern,6305
18915,Carol_18915,Intern,6305
18916,Dave_18916,Intern,6305
18917,Eve_18917,Intern,6306
18918,Frank_18918,Intern,6306
18919,Grace_18919,Intern,6306
18920,Hank_18920,Intern,6307
18921,Iris_18921,Intern,6307
18922,Jack_18922,Intern,6307
18923,Karen_18923,Intern,6308
18924,Leo_18924,Intern,6308
18925,Maya_18925,Intern,6308
18926,Nate_18926,Intern,6309
18927,Olivia_18927,Intern,6309
18928,Paul_18928,Intern,6309
18929,Quinn_18929,Intern,6310
18930,Rose_18930,Intern,6310
18931,Sam_18931,Intern,6310
18932,Tina_18932,Intern,6311
18933,Uma_18933,Intern,6311
18934,Victor_18934,Intern,6311
18935,Wendy_18935,Intern,6312
18936,Xander_18936,Intern,6312
18937,Yara_18937,Intern,6312
18938,Zack_18938,Intern,6313
18939,Ava_18939,Intern,6313
18940,Ben_18940,Intern,6313
18941,Chloe_18941,Intern,6314
18942,Dylan_18942,Intern,6314
18943,Ella_18943,Intern,6314
18944,Finn_18944,Intern,6315
18945,Alice_18945,Intern,6315
18946,Bob_18946,Intern,6315
18947,Carol_18947,Intern,6316
18948,Dave_18948,Intern,6316
18949,Eve_18949,Intern,6316
18950,Frank_18950,Intern,6317
18951,Grace_18951,Intern,6317
18952,Hank_18952,Intern,6317
18953,Iris_18953,Intern,6318
18954,Jack_18954,Intern,6318
18955,Karen_18955,Intern,6318
18956,Leo_18956,Intern,6319
18957,Maya_18957,Intern,6319
18958,Nate_18958,Intern,6319
18959,Olivia_18959,Intern,6320
18960,Paul_18960,Intern,6320
18961,Quinn_18961,Intern,6320
18962,Rose_18962,Intern,6321
18963,Sam_18963,Intern,6321
18964,Tina_18964,Intern,6321
18965,Uma_18965,Intern,6322
18966,Victor_18966,Intern,6322
18967,Wendy_18967,Intern,6322
18968,Xander_18968,Intern,6323
18969,Yara_18969,Intern,6323
18970,Zack_18970,Intern,6323
18971,Ava_18971,Intern,6324
18972,Ben_18972,Intern,6324
18973,Chloe_18973,Intern,6324
18974,Dylan_18974,Intern,6325
18975,Ella_18975,Intern,6325
18976,Finn_18976,Intern,6325
18977,Alice_18977,Intern,6326
18978,Bob_18978,Intern,6326
18979,Carol_18979,Intern,6326
18980,Dave_18980,Intern,6327
18981,Eve_18981,Intern,6327
18982,Frank_18982,Intern,6327
18983,Grace_18983,Intern,6328
18984,Hank_18984,Intern,6328
18985,Iris_18985,Intern,6328
18986,Jack_18986,Intern,6329
18987,Karen_18987,Intern,6329
18988,Leo_18988,Intern,6329
18989,Maya_18989,Intern,6330
18990,Nate_18990,Intern,6330
18991,Olivia_18991,Intern,6330
18992,Paul_18992,Intern,6331
18993,Quinn_18993,Intern,6331
18994,Rose_18994,Intern,6331
18995,Sam_18995,Intern,6332
18996,Tina_18996,Intern,6332
18997,Uma_18997,Intern,6332
18998,Victor_18998,Intern,6333
18999,Wendy_18999,Intern,6333
19000,Xander_19000,Intern,6333
19001,Yara_19001,Intern,6334
19002,Zack_19002,Intern,6334
19003,Ava_19003,Intern,6334
19004,Ben_19004,Intern,6335
19005,Chloe_19005,Intern,6335
19006,Dylan_19006,Intern,6335
19007,Ella_19007,Intern,6336
19008,Finn_19008,Intern,6336
19009,Alice_19009,Intern,6336
19010,Bob_19010,Intern,6337
19011,Carol_19011,Intern,6337
19012,Dave_19012,Intern,6337
19013,Eve_19013,Intern,6338
19014,Frank_19014,Intern,6338
19015,Grace_19015,Intern,6338
19016,Hank_19016,Intern,6339
19017,Iris_19017,Intern,6339
19018,Jack_19018,Intern,6339
19019,Karen_19019,Intern,6340
19020,Leo_19020,Intern,6340
19021,Maya_19021,Intern,6340
19022,Nate_19022,Intern,6341
19023,Olivia_19023,Intern,6341
19024,Paul_19024,Intern,6341
19025,Quinn_19025,Intern,6342
19026,Rose_19026,Intern,6342
19027,Sam_19027,Intern,6342
19028,Tina_19028,Intern,6343
19029,Uma_19029,Intern,6343
19030,Victor_19030,Intern,6343
19031,Wendy_19031,Intern,6344
19032,Xander_19032,Intern,6344
19033,Yara_19033,Intern,6344
19034,Zack_19034,Intern,6345
19035,Ava_19035,Intern,6345
19036,Ben_19036,Intern,6345
19037,Chloe_19037,Intern,6346
19038,Dylan_19038,Intern,6346
19039,Ella_19039,Intern,6346
19040,Finn_19040,Intern,6347
19041,Alice_19041,Intern,6347
19042,Bob_19042,Intern,6347
19043,Carol_19043,Intern,6348
19044,Dave_19044,Intern,6348
19045,Eve_19045,Intern,6348
19046,Frank_19046,Intern,6349
19047,Grace_19047,Intern,6349
19048,Hank_19048,Intern,6349
19049,Iris_19049,Intern,6350
19050,Jack_19050,Intern,6350
19051,Karen_19051,Intern,6350
19052,Leo_19052,Intern,6351
19053,Maya_19053,Intern,6351
19054,Nate_19054,Intern,6351
19055,Olivia_19055,Intern,6352
19056,Paul_19056,Intern,6352
19057,Quinn_19057,Intern,6352
19058,Rose_19058,Intern,6353
19059,Sam_19059,Intern,6353
19060,Tina_19060,Intern,6353
19061,Uma_19061,Intern,6354
19062,Victor_19062,Intern,6354
19063,Wendy_19063,Intern,6354
19064,Xander_19064,Intern,6355
19065,Yara_19065,Intern,6355
19066,Zack_19066,Intern,6355
19067,Ava_19067,Intern,6356
19068,Ben_19068,Intern,6356
19069,Chloe_19069,Intern,6356
19070,Dylan_19070,Intern,6357
19071,Ella_19071,Intern,6357
19072,Finn_19072,Intern,6357
19073,Alice_19073,Intern,6358
19074,Bob_19074,Intern,6358
19075,Carol_19075,Intern,6358
19076,Dave_19076,Intern,6359
19077,Eve_19077,Intern,6359
19078,Frank_19078,Intern,6359
19079,Grace_19079,Intern,6360
19080,Hank_19080,Intern,6360
19081,Iris_19081,Intern,6360
19082,Jack_19082,Intern,6361
19083,Karen_19083,Intern,6361
19084,Leo_19084,Intern,6361
19085,Maya_19085,Intern,6362
19086,Nate_19086,Intern,6362
19087,Olivia_19087,Intern,6362
19088,Paul_19088,Intern,6363
19089,Quinn_19089,Intern,6363
19090,Rose_19090,Intern,6363
19091,Sam_19091,Intern,6364
19092,Tina_19092,Intern,6364
19093,Uma_19093,Intern,6364
19094,Victor_19094,Intern,6365
19095,Wendy_19095,Intern,6365
19096,Xander_19096,Intern,6365
19097,Yara_19097,Intern,6366
19098,Zack_19098,Intern,6366
19099,Ava_19099,Intern,6366
19100,Ben_19100,Intern,6367
19101,Chloe_19101,Intern,6367
19102,Dylan_19102,Intern,6367
19103,Ella_19103,Intern,6368
19104,Finn_19104,Intern,6368
19105,Alice_19105,Intern,6368
19106,Bob_19106,Intern,6369
19107,Carol_19107,Intern,6369
19108,Dave_19108,Intern,6369
19109,Eve_19109,Intern,6370
19110,Frank_19110,Intern,6370
19111,Grace_19111,Intern,6370
19112,Hank_19112,Intern,6371
19113,Iris_19113,Intern,6371
19114,Jack_19114,Intern,6371
19115,Karen_19115,Intern,6372
19116,Leo_19116,Intern,6372
19117,Maya_19117,Intern,6372
19118,Nate_19118,Intern,6373
19119,Olivia_19119,Intern,6373
19120,Paul_19120,Intern,6373
19121,Quinn_19121,Intern,6374
19122,Rose_19122,Intern,6374
19123,Sam_19123,Intern,6374
19124,Tina_19124,Intern,6375
19125,Uma_19125,Intern,6375
19126,Victor_19126,Intern,6375
19127,Wendy_19127,Intern,6376
19128,Xander_19128,Intern,6376
19129,Yara_19129,Intern,6376
19130,Zack_19130,Intern,6377
19131,Ava_19131,Intern,6377
19132,Ben_19132,Intern,6377
19133,Chloe_19133,Intern,6378
19134,Dylan_19134,Intern,6378
19135,Ella_19135,Intern,6378
19136,Finn_19136,Intern,6379
19137,Alice_19137,Intern,6379
19138,Bob_19138,Intern,6379
19139,Carol_19139,Intern,6380
19140,Dave_19140,Intern,6380
19141,Eve_19141,Intern,6380
19142,Frank_19142,Intern,6381
19143,Grace_19143,Intern,6381
19144,Hank_19144,Intern,6381
19145,Iris_19145,Intern,6382
19146,Jack_19146,Intern,6382
19147,Karen_19147,Intern,6382
19148,Leo_19148,Intern,6383
19149,Maya_19149,Intern,6383
19150,Nate_19150,Intern,6383
19151,Olivia_19151,Intern,6384
19152,Paul_19152,Intern,6384
19153,Quinn_19153,Intern,6384
19154,Rose_19154,Intern,6385
19155,Sam_19155,Intern,6385
19156,Tina_19156,Intern,6385
19157,Uma_19157,Intern,6386
19158,Victor_19158,Intern,6386
19159,Wendy_19159,Intern,6386
19160,Xander_19160,Intern,6387
19161,Yara_19161,Intern,6387
19162,Zack_19162,Intern,6387
19163,Ava_19163,Intern,6388
19164,Ben_19164,Intern,6388
19165,Chloe_19165,Intern,6388
19166,Dylan_19166,Intern,6389
19167,Ella_19167,Intern,6389
19168,Finn_19168,Intern,6389
19169,Alice_19169,Intern,6390
19170,Bob_19170,Intern,6390
19171,Carol_19171,Intern,6390
19172,Dave_19172,Intern,6391
19173,Eve_19173,Intern,6391
19174,Frank_19174,Intern,6391
19175,Grace_19175,Intern,6392
19176,Hank_19176,Intern,6392
19177,Iris_19177,Intern,6392
19178,Jack_19178,Intern,6393
19179,Karen_19179,Intern,6393
19180,Leo_19180,Intern,6393
19181,Maya_19181,Intern,6394
19182,Nate_19182,Intern,6394
19183,Olivia_19183,Intern,6394
19184,Paul_19184,Intern,6395
19185,Quinn_19185,Intern,6395
19186,Rose_19186,Intern,6395
19187,Sam_19187,Intern,6396
19188,Tina_19188,Intern,6396
19189,Uma_19189,Intern,6396
19190,Victor_19190,Intern,6397
19191,Wendy_19191,Intern,6397
19192,Xander_19192,Intern,6397
19193,Yara_19193,Intern,6398
19194,Zack_19194,Intern,6398
19195,Ava_19195,Intern,6398
19196,Ben_19196,Intern,6399
19197,Chloe_19197,Intern,6399
19198,Dylan_19198,Intern,6399
19199,Ella_19199,Intern,6400
19200,Finn_19200,Intern,6400
19201,Alice_19201,Intern,6400
19202,Bob_19202,Intern,6401
19203,Carol_19203,Intern,6401
19204,Dave_19204,Intern,6401
19205,Eve_19205,Intern,6402
19206,Frank_19206,Intern,6402
19207,Grace_19207,Intern,6402
19208,Hank_19208,Intern,6403
19209,Iris_19209,Intern,6403
19210,Jack_19210,Intern,6403
19211,Karen_19211,Intern,6404
19212,Leo_19212,Intern,6404
19213,Maya_19213,Intern,6404
19214,Nate_19214,Intern,6405
19215,Olivia_19215,Intern,6405
19216,Paul_19216,Intern,6405
19217,Quinn_19217,Intern,6406
19218,Rose_19218,Intern,6406
19219,Sam_19219,Intern,6406
19220,Tina_19220,Intern,6407
19221,Uma_19221,Intern,6407
19222,Victor_19222,Intern,6407
19223,Wendy_19223,Intern,6408
19224,Xander_19224,Intern,6408
19225,Yara_19225,Intern,6408
19226,Zack_19226,Intern,6409
19227,Ava_19227,Intern,6409
19228,Ben_19228,Intern,6409
19229,Chloe_19229,Intern,6410
19230,Dylan_19230,Intern,6410
19231,Ella_19231,Intern,6410
19232,Finn_19232,Intern,6411
19233,Alice_19233,Intern,6411
19234,Bob_19234,Intern,6411
19235,Carol_19235,Intern,6412
19236,Dave_19236,Intern,6412
19237,Eve_19237,Intern,6412
19238,Frank_19238,Intern,6413
19239,Grace_19239,Intern,6413
19240,Hank_19240,Intern,6413
19241,Iris_19241,Intern,6414
19242,Jack_19242,Intern,6414
19243,Karen_19243,Intern,6414
19244,Leo_19244,Intern,6415
19245,Maya_19245,Intern,6415
19246,Nate_19246,Intern,6415
19247,Olivia_19247,Intern,6416
19248,Paul_19248,Intern,6416
19249,Quinn_19249,Intern,6416
19250,Rose_19250,Intern,6417
19251,Sam_19251,Intern,6417
19252,Tina_19252,Intern,6417
19253,Uma_19253,Intern,6418
19254,Victor_19254,Intern,6418
19255,Wendy_19255,Intern,6418
19256,Xander_19256,Intern,6419
19257,Yara_19257,Intern,6419
19258,Zack_19258,Intern,6419
19259,Ava_19259,Intern,6420
19260,Ben_19260,Intern,6420
19261,Chloe_19261,Intern,6420
19262,Dylan_19262,Intern,6421
19263,Ella_19263,Intern,6421
19264,Finn_19264,Intern,6421
19265,Alice_19265,Intern,6422
19266,Bob_19266,Intern,6422
19267,Carol_19267,Intern,6422
19268,Dave_19268,Intern,6423
19269,Eve_19269,Intern,6423
19270,Frank_19270,Intern,6423
19271,Grace_19271,Intern,6424
19272,Hank_19272,Intern,6424
19273,Iris_19273,Intern,6424
19274,Jack_19274,Intern,6425
19275,Karen_19275,Intern,6425
19276,Leo_19276,Intern,6425
19277,Maya_19277,Intern,6426
19278,Nate_19278,Intern,6426
19279,Olivia_19279,Intern,6426
19280,Paul_19280,Intern,6427
19281,Quinn_19281,Intern,6427
19282,Rose_19282,Intern,6427
19283,Sam_19283,Intern,6428
19284,Tina_19284,Intern,6428
19285,Uma_19285,Intern,6428
19286,Victor_19286,Intern,6429
19287,Wendy_19287,Intern,6429
19288,Xander_19288,Intern,6429
19289,Yara_19289,Intern,6430
19290,Zack_19290,Intern,6430
19291,Ava_19291,Intern,6430
19292,Ben_19292,Intern,6431
19293,Chloe_19293,Intern,6431
19294,Dylan_19294,Intern,6431
19295,Ella_19295,Intern,6432
19296,Finn_19296,Intern,6432
19297,Alice_19297,Intern,6432
19298,Bob_19298,Intern,6433
19299,Carol_19299,Intern,6433
19300,Dave_19300,Intern,6433
19301,Eve_19301,Intern,6434
19302,Frank_19302,Intern,6434
19303,Grace_19303,Intern,6434
19304,Hank_19304,Intern,6435
19305,Iris_19305,Intern,6435
19306,Jack_19306,Intern,6435
19307,Karen_19307,Intern,6436
19308,Leo_19308,Intern,6436
19309,Maya_19309,Intern,6436
19310,Nate_19310,Intern,6437
19311,Olivia_19311,Intern,6437
19312,Paul_19312,Intern,6437
19313,Quinn_19313,Intern,6438
19314,Rose_19314,Intern,6438
19315,Sam_19315,Intern,6438
19316,Tina_19316,Intern,6439
19317,Uma_19317,Intern,6439
19318,Victor_19318,Intern,6439
19319,Wendy_19319,Intern,6440
19320,Xander_19320,Intern,6440
19321,Yara_19321,Intern,6440
19322,Zack_19322,Intern,6441
19323,Ava_19323,Intern,6441
19324,Ben_19324,Intern,6441
19325,Chloe_19325,Intern,6442
19326,Dylan_19326,Intern,6442
19327,Ella_19327,Intern,6442
19328,Finn_19328,Intern,6443
19329,Alice_19329,Intern,6443
19330,Bob_19330,Intern,6443
19331,Carol_19331,Intern,6444
19332,Dave_19332,Intern,6444
19333,Eve_19333,Intern,6444
19334,Frank_19334,Intern,6445
19335,Grace_19335,Intern,6445
19336,Hank_19336,Intern,6445
19337,Iris_19337,Intern,6446
19338,Jack_19338,Intern,6446
19339,Karen_19339,Intern,6446
19340,Leo_19340,Intern,6447
19341,Maya_19341,Intern,6447
19342,Nate_19342,Intern,6447
19343,Olivia_19343,Intern,6448
19344,Paul_19344,Intern,6448
19345,Quinn_19345,Intern,6448
19346,Rose_19346,Intern,6449
19347,Sam_19347,Intern,6449
19348,Tina_19348,Intern,6449
19349,Uma_19349,Intern,6450
19350,Victor_19350,Intern,6450
19351,Wendy_19351,Intern,6450
19352,Xander_19352,Intern,6451
19353,Yara_19353,Intern,6451
19354,Zack_19354,Intern,6451
19355,Ava_19355,Intern,6452
19356,Ben_19356,Intern,6452
19357,Chloe_19357,Intern,6452
19358,Dylan_19358,Intern,6453
19359,Ella_19359,Intern,6453
19360,Finn_19360,Intern,6453
19361,Alice_19361,Intern,6454
19362,Bob_19362,Intern,6454
19363,Carol_19363,Intern,6454
19364,Dave_19364,Intern,6455
19365,Eve_19365,Intern,6455
19366,Frank_19366,Intern,6455
19367,Grace_19367,Intern,6456
19368,Hank_19368,Intern,6456
19369,Iris_19369,Intern,6456
19370,Jack_19370,Intern,6457
19371,Karen_19371,Intern,6457
19372,Leo_19372,Intern,6457
19373,Maya_19373,Intern,6458
19374,Nate_19374,Intern,6458
19375,Olivia_19375,Intern,6458
19376,Paul_19376,Intern,6459
19377,Quinn_19377,Intern,6459
19378,Rose_19378,Intern,6459
19379,Sam_19379,Intern,6460
19380,Tina_19380,Intern,6460
19381,Uma_19381,Intern,6460
19382,Victor_19382,Intern,6461
19383,Wendy_19383,Intern,6461
19384,Xander_19384,Intern,6461
19385,Yara_19385,Intern,6462
19386,Zack_19386,Intern,6462
19387,Ava_19387,Intern,6462
19388,Ben_19388,Intern,6463
19389,Chloe_19389,Intern,6463
19390,Dylan_19390,Intern,6463
19391,Ella_19391,Intern,6464
19392,Finn_19392,Intern,6464
19393,Alice_19393,Intern,6464
19394,Bob_19394,Intern,6465
19395,Carol_19395,Intern,6465
19396,Dave_19396,Intern,6465
19397,Eve_19397,Intern,6466
19398,Frank_19398,Intern,6466
19399,Grace_19399,Intern,6466
19400,Hank_19400,Intern,6467
19401,Iris_19401,Intern,6467
19402,Jack_19402,Intern,6467
19403,Karen_19403,Intern,6468
19404,Leo_19404,Intern,6468
19405,Maya_19405,Intern,6468
19406,Nate_19406,Intern,6469
19407,Olivia_19407,Intern,6469
19408,Paul_19408,Intern,6469
19409,Quinn_19409,Intern,6470
19410,Rose_19410,Intern,6470
19411,Sam_19411,Intern,6470
19412,Tina_19412,Intern,6471
19413,Uma_19413,Intern,6471
19414,Victor_19414,Intern,6471
19415,Wendy_19415,Intern,6472
19416,Xander_19416,Intern,6472
19417,Yara_19417,Intern,6472
19418,Zack_19418,Intern,6473
19419,Ava_19419,Intern,6473
19420,Ben_19420,Intern,6473
19421,Chloe_19421,Intern,6474
19422,Dylan_19422,Intern,6474
19423,Ella_19423,Intern,6474
19424,Finn_19424,Intern,6475
19425,Alice_19425,Intern,6475
19426,Bob_19426,Intern,6475
19427,Carol_19427,Intern,6476
19428,Dave_19428,Intern,6476
19429,Eve_19429,Intern,6476
19430,Frank_19430,Intern,6477
19431,Grace_19431,Intern,6477
19432,Hank_19432,Intern,6477
19433,Iris_19433,Intern,6478
19434,Jack_19434,Intern,6478
19435,Karen_19435,Intern,6478
19436,Leo_19436,Intern,6479
19437,Maya_19437,Intern,6479
19438,Nate_19438,Intern,6479
19439,Olivia_19439,Intern,6480
19440,Paul_19440,Intern,6480
19441,Quinn_19441,Intern,6480
19442,Rose_19442,Intern,6481
19443,Sam_19443,Intern,6481
19444,Tina_19444,Intern,6481
19445,Uma_19445,Intern,6482
19446,Victor_19446,Intern,6482
19447,Wendy_19447,Intern,6482
19448,Xander_19448,Intern,6483
19449,Yara_19449,Intern,6483
19450,Zack_19450,Intern,6483
19451,Ava_19451,Intern,6484
19452,Ben_19452,Intern,6484
19453,Chloe_19453,Intern,6484
19454,Dylan_19454,Intern,6485
19455,Ella_19455,Intern,6485
19456,Finn_19456,Intern,6485
19457,Alice_19457,Intern,6486
19458,Bob_19458,Intern,6486
19459,Carol_19459,Intern,6486
19460,Dave_19460,Intern,6487
19461,Eve_19461,Intern,6487
19462,Frank_19462,Intern,6487
19463,Grace_19463,Intern,6488
19464,Hank_19464,Intern,6488
19465,Iris_19465,Intern,6488
19466,Jack_19466,Intern,6489
19467,Karen_19467,Intern,6489
19468,Leo_19468,Intern,6489
19469,Maya_19469,Intern,6490
19470,Nate_19470,Intern,6490
19471,Olivia_19471,Intern,6490
19472,Paul_19472,Intern,6491
19473,Quinn_19473,Intern,6491
19474,Rose_19474,Intern,6491
19475,Sam_19475,Intern,6492
19476,Tina_19476,Intern,6492
19477,Uma_19477,Intern,6492
19478,Victor_19478,Intern,6493
19479,Wendy_19479,Intern,6493
19480,Xander_19480,Intern,6493
19481,Yara_19481,Intern,6494
19482,Zack_19482,Intern,6494
19483,Ava_19483,Intern,6494
19484,Ben_19484,Intern,6495
19485,Chloe_19485,Intern,6495
19486,Dylan_19486,Intern,6495
19487,Ella_19487,Intern,6496
19488,Finn_19488,Intern,6496
19489,Alice_19489,Intern,6496
19490,Bob_19490,Intern,6497
19491,Carol_19491,Intern,6497
19492,Dave_19492,Intern,6497
19493,Eve_19493,Intern,6498
19494,Frank_19494,Intern,6498
19495,Grace_19495,Intern,6498
19496,Hank_19496,Intern,6499
19497,Iris_19497,Intern,6499
19498,Jack_19498,Intern,6499
19499,Karen_19499,Intern,6500
19500,Leo_19500,Intern,6500
19501,Maya_19501,Intern,6500
19502,Nate_19502,Intern,6501
19503,Olivia_19503,Intern,6501
19504,Paul_19504,Intern,6501
19505,Quinn_19505,Intern,6502
19506,Rose_19506,Intern,6502
19507,Sam_19507,Intern,6502
19508,Tina_19508,Intern,6503
19509,Uma_19509,Intern,6503
19510,Victor_19510,Intern,6503
19511,Wendy_19511,Intern,6504
19512,Xander_19512,Intern,6504
19513,Yara_19513,Intern,6504
19514,Zack_19514,Intern,6505
19515,Ava_19515,Intern,6505
19516,Ben_19516,Intern,6505
19517,Chloe_19517,Intern,6506
19518,Dylan_19518,Intern,6506
19519,Ella_19519,Intern,6506
19520,Finn_19520,Intern,6507
19521,Alice_19521,Intern,6507
19522,Bob_19522,Intern,6507
19523,Carol_19523,Intern,6508
19524,Dave_19524,Intern,6508
19525,Eve_19525,Intern,6508
19526,Frank_19526,Intern,6509
19527,Grace_19527,Intern,6509
19528,Hank_19528,Intern,6509
19529,Iris_19529,Intern,6510
19530,Jack_19530,Intern,6510
19531,Karen_19531,Intern,6510
19532,Leo_19532,Intern,6511
19533,Maya_19533,Intern,6511
19534,Nate_19534,Intern,6511
19535,Olivia_19535,Intern,6512
19536,Paul_19536,Intern,6512
19537,Quinn_19537,Intern,6512
19538,Rose_19538,Intern,6513
19539,Sam_19539,Intern,6513
19540,Tina_19540,Intern,6513
19541,Uma_19541,Intern,6514
19542,Victor_19542,Intern,6514
19543,Wendy_19543,Intern,6514
19544,Xander_19544,Intern,6515
19545,Yara_19545,Intern,6515
19546,Zack_19546,Intern,6515
19547,Ava_19547,Intern,6516
19548,Ben_19548,Intern,6516
19549,Chloe_19549,Intern,6516
19550,Dylan_19550,Intern,6517
19551,Ella_19551,Intern,6517
19552,Finn_19552,Intern,6517
19553,Alice_19553,Intern,6518
19554,Bob_19554,Intern,6518
19555,Carol_19555,Intern,6518
19556,Dave_19556,Intern,6519
19557,Eve_19557,Intern,6519
19558,Frank_19558,Intern,6519
19559,Grace_19559,Intern,6520
19560,Hank_19560,Intern,6520
19561,Iris_19561,Intern,6520
19562,Jack_19562,Intern,6521
19563,Karen_19563,Intern,6521
19564,Leo_19564,Intern,6521
19565,Maya_19565,Intern,6522
19566,Nate_19566,Intern,6522
19567,Olivia_19567,Intern,6522
19568,Paul_19568,Intern,6523
19569,Quinn_19569,Intern,6523
19570,Rose_19570,Intern,6523
19571,Sam_19571,Intern,6524
19572,Tina_19572,Intern,6524
19573,Uma_19573,Intern,6524
19574,Victor_19574,Intern,6525
19575,Wendy_19575,Intern,6525
19576,Xander_19576,Intern,6525
19577,Yara_19577,Intern,6526
19578,Zack_19578,Intern,6526
19579,Ava_19579,Intern,6526
19580,Ben_19580,Intern,6527
19581,Chloe_19581,Intern,6527
19582,Dylan_19582,Intern,6527
19583,Ella_19583,Intern,6528
19584,Finn_19584,Intern,6528
19585,Alice_19585,Intern,6528
19586,Bob_19586,Intern,6529
19587,Carol_19587,Intern,6529
19588,Dave_19588,Intern,6529
19589,Eve_19589,Intern,6530
19590,Frank_19590,Intern,6530
19591,Grace_19591,Intern,6530
19592,Hank_19592,Intern,6531
19593,Iris_19593,Intern,6531
19594,Jack_19594,Intern,6531
19595,Karen_19595,Intern,6532
19596,Leo_19596,Intern,6532
19597,Maya_19597,Intern,6532
19598,Nate_19598,Intern,6533
19599,Olivia_19599,Intern,6533
19600,Paul_19600,Intern,6533
19601,Quinn_19601,Intern,6534
19602,Rose_19602,Intern,6534
19603,Sam_19603,Intern,6534
19604,Tina_19604,Intern,6535
19605,Uma_19605,Intern,6535
19606,Victor_19606,Intern,6535
19607,Wendy_19607,Intern,6536
19608,Xander_19608,Intern,6536
19609,Yara_19609,Intern,6536
19610,Zack_19610,Intern,6537
19611,Ava_19611,Intern,6537
19612,Ben_19612,Intern,6537
19613,Chloe_19613,Intern,6538
19614,Dylan_19614,Intern,6538
19615,Ella_19615,Intern,6538
19616,Finn_19616,Intern,6539
19617,Alice_19617,Intern,6539
19618,Bob_19618,Intern,6539
19619,Carol_19619,Intern,6540
19620,Dave_19620,Intern,6540
19621,Eve_19621,Intern,6540
19622,Frank_19622,Intern,6541
19623,Grace_19623,Intern,6541
19624,Hank_19624,Intern,6541
19625,Iris_19625,Intern,6542
19626,Jack_19626,Intern,6542
19627,Karen_19627,Intern,6542
19628,Leo_19628,Intern,6543
19629,Maya_19629,Intern,6543
19630,Nate_19630,Intern,6543
19631,Olivia_19631,Intern,6544
19632,Paul_19632,Intern,6544
19633,Quinn_19633,Intern,6544
19634,Rose_19634,Intern,6545
19635,Sam_19635,Intern,6545
19636,Tina_19636,Intern,6545
19637,Uma_19637,Intern,6546
19638,Victor_19638,Intern,6546
19639,Wendy_19639,Intern,6546
19640,Xander_19640,Intern,6547
19641,Yara_19641,Intern,6547
19642,Zack_19642,Intern,6547
19643,Ava_19643,Intern,6548
19644,Ben_19644,Intern,6548
19645,Chloe_19645,Intern,6548
19646,Dylan_19646,Intern,6549
19647,Ella_19647,Intern,6549
19648,Finn_19648,Intern,6549
19649,Alice_19649,Intern,6550
19650,Bob_19650,Intern,6550
19651,Carol_19651,Intern,6550
19652,Dave_19652,Intern,6551
19653,Eve_19653,Intern,6551
19654,Frank_19654,Intern,6551
19655,Grace_19655,Intern,6552
19656,Hank_19656,Intern,6552
19657,Iris_19657,Intern,6552
19658,Jack_19658,Intern,6553
19659,Karen_19659,Intern,6553
19660,Leo_19660,Intern,6553
19661,Maya_19661,Intern,6554
19662,Nate_19662,Intern,6554
19663,Olivia_19663,Intern,6554
19664,Paul_19664,Intern,6555
19665,Quinn_19665,Intern,6555
19666,Rose_19666,Intern,6555
19667,Sam_19667,Intern,6556
19668,Tina_19668,Intern,6556
19669,Uma_19669,Intern,6556
19670,Victor_19670,Intern,6557
19671,Wendy_19671,Intern,6557
19672,Xander_19672,Intern,6557
19673,Yara_19673,Intern,6558
19674,Zack_19674,Intern,6558
19675,Ava_19675,Intern,6558
19676,Ben_19676,Intern,6559
19677,Chloe_19677,Intern,6559
19678,Dylan_19678,Intern,6559
19679,Ella_19679,Intern,6560
19680,Finn_19680,Intern,6560
19681,Alice_19681,Intern,6560
19682,Bob_19682,Intern,6561
19683,Carol_19683,Intern,6561
19684,Dave_19684,Intern,6561
19685,Eve_19685,Intern,6562
19686,Frank_19686,Intern,6562
19687,Grace_19687,Intern,6562
19688,Hank_19688,Intern,6563
19689,Iris_19689,Intern,6563
19690,Jack_19690,Intern,6563
19691,Karen_19691,Intern,6564
19692,Leo_19692,Intern,6564
19693,Maya_19693,Intern,6564
19694,Nate_19694,Intern,6565
19695,Olivia_19695,Intern,6565
19696,Paul_19696,Intern,6565
19697,Quinn_19697,Intern,6566
19698,Rose_19698,Intern,6566
19699,Sam_19699,Intern,6566
19700,Tina_19700,Intern,6567
19701,Uma_19701,Intern,6567
19702,Victor_19702,Intern,6567
19703,Wendy_19703,Intern,6568
19704,Xander_19704,Intern,6568
19705,Yara_19705,Intern,6568
19706,Zack_19706,Intern,6569
19707,Ava_19707,Intern,6569
19708,Ben_19708,Intern,6569
19709,Chloe_19709,Intern,6570
19710,Dylan_19710,Intern,6570
19711,Ella_19711,Intern,6570
19712,Finn_19712,Intern,6571
19713,Alice_19713,Intern,6571
19714,Bob_19714,Intern,6571
19715,Carol_19715,Intern,6572
19716,Dave_19716,Intern,6572
19717,Eve_19717,Intern,6572
19718,Frank_19718,Intern,6573
19719,Grace_19719,Intern,6573
19720,Hank_19720,Intern,6573
19721,Iris_19721,Intern,6574
19722,Jack_19722,Intern,6574
19723,Karen_19723,Intern,6574
19724,Leo_19724,Intern,6575
19725,Maya_19725,Intern,6575
19726,Nate_19726,Intern,6575
19727,Olivia_19727,Intern,6576
19728,Paul_19728,Intern,6576
19729,Quinn_19729,Intern,6576
19730,Rose_19730,Intern,6577
19731,Sam_19731,Intern,6577
19732,Tina_19732,Intern,6577
19733,Uma_19733,Intern,6578
19734,Victor_19734,Intern,6578
19735,Wendy_19735,Intern,6578
19736,Xander_19736,Intern,6579
19737,Yara_19737,Intern,6579
19738,Zack_19738,Intern,6579
19739,Ava_19739,Intern,6580
19740,Ben_19740,Intern,6580
19741,Chloe_19741,Intern,6580
19742,Dylan_19742,Intern,6581
19743,Ella_19743,Intern,6581
19744,Finn_19744,Intern,6581
19745,Alice_19745,Intern,6582
19746,Bob_19746,Intern,6582
19747,Carol_19747,Intern,6582
19748,Dave_19748,Intern,6583
19749,Eve_19749,Intern,6583
19750,Frank_19750,Intern,6583
19751,Grace_19751,Intern,6584
19752,Hank_19752,Intern,6584
19753,Iris_19753,Intern,6584
19754,Jack_19754,Intern,6585
19755,Karen_19755,Intern,6585
19756,Leo_19756,Intern,6585
19757,Maya_19757,Intern,6586
19758,Nate_19758,Intern,6586
19759,Olivia_19759,Intern,6586
19760,Paul_19760,Intern,6587
19761,Quinn_19761,Intern,6587
19762,Rose_19762,Intern,6587
19763,Sam_19763,Intern,6588
19764,Tina_19764,Intern,6588
19765,Uma_19765,Intern,6588
19766,Victor_19766,Intern,6589
19767,Wendy_19767,Intern,6589
19768,Xander_19768,Intern,6589
19769,Yara_19769,Intern,6590
19770,Zack_19770,Intern,6590
19771,Ava_19771,Intern,6590
19772,Ben_19772,Intern,6591
19773,Chloe_19773,Intern,6591
19774,Dylan_19774,Intern,6591
19775,Ella_19775,Intern,6592
19776,Finn_19776,Intern,6592
19777,Alice_19777,Intern,6592
19778,Bob_19778,Intern,6593
19779,Carol_19779,Intern,6593
19780,Dave_19780,Intern,6593
19781,Eve_19781,Intern,6594
19782,Frank_19782,Intern,6594
19783,Grace_19783,Intern,6594
19784,Hank_19784,Intern,6595
19785,Iris_19785,Intern,6595
19786,Jack_19786,Intern,6595
19787,Karen_19787,Intern,6596
19788,Leo_19788,Intern,6596
19789,Maya_19789,Intern,6596
19790,Nate_19790,Intern,6597
19791,Olivia_19791,Intern,6597
19792,Paul_19792,Intern,6597
19793,Quinn_19793,Intern,6598
19794,Rose_19794,Intern,6598
19795,Sam_19795,Intern,6598
19796,Tina_19796,Intern,6599
19797,Uma_19797,Intern,6599
19798,Victor_19798,Intern,6599
19799,Wendy_19799,Intern,6600
19800,Xander_19800,Intern,6600
19801,Yara_19801,Intern,6600
19802,Zack_19802,Intern,6601
19803,Ava_19803,Intern,6601
19804,Ben_19804,Intern,6601
19805,Chloe_19805,Intern,6602
19806,Dylan_19806,Intern,6602
19807,Ella_19807,Intern,6602
19808,Finn_19808,Intern,6603
19809,Alice_19809,Intern,6603
19810,Bob_19810,Intern,6603
19811,Carol_19811,Intern,6604
19812,Dave_19812,Intern,6604
19813,Eve_19813,Intern,6604
19814,Frank_19814,Intern,6605
19815,Grace_19815,Intern,6605
19816,Hank_19816,Intern,6605
19817,Iris_19817,Intern,6606
19818,Jack_19818,Intern,6606
19819,Karen_19819,Intern,6606
19820,Leo_19820,Intern,6607
19821,Maya_19821,Intern,6607
19822,Nate_19822,Intern,6607
19823,Olivia_19823,Intern,6608
19824,Paul_19824,Intern,6608
19825,Quinn_19825,Intern,6608
19826,Rose_19826,Intern,6609
19827,Sam_19827,Intern,6609
19828,Tina_19828,Intern,6609
19829,Uma_19829,Intern,6610
19830,Victor_19830,Intern,6610
19831,Wendy_19831,Intern,6610
19832,Xander_19832,Intern,6611
19833,Yara_19833,Intern,6611
19834,Zack_19834,Intern,6611
19835,Ava_19835,Intern,6612
19836,Ben_19836,Intern,6612
19837,Chloe_19837,Intern,6612
19838,Dylan_19838,Intern,6613
19839,Ella_19839,Intern,6613
19840,Finn_19840,Intern,6613
19841,Alice_19841,Intern,6614
19842,Bob_19842,Intern,6614
19843,Carol_19843,Intern,6614
19844,Dave_19844,Intern,6615
19845,Eve_19845,Intern,6615
19846,Frank_19846,Intern,6615
19847,Grace_19847,Intern,6616
19848,Hank_19848,Intern,6616
19849,Iris_19849,Intern,6616
19850,Jack_19850,Intern,6617
19851,Karen_19851,Intern,6617
19852,Leo_19852,Intern,6617
19853,Maya_19853,Intern,6618
19854,Nate_19854,Intern,6618
19855,Olivia_19855,Intern,6618
19856,Paul_19856,Intern,6619
19857,Quinn_19857,Intern,6619
19858,Rose_19858,Intern,6619
19859,Sam_19859,Intern,6620
19860,Tina_19860,Intern,6620
19861,Uma_19861,Intern,6620
19862,Victor_19862,Intern,6621
19863,Wendy_19863,Intern,6621
19864,Xander_19864,Intern,6621
19865,Yara_19865,Intern,6622
19866,Zack_19866,Intern,6622
19867,Ava_19867,Intern,6622
19868,Ben_19868,Intern,6623
19869,Chloe_19869,Intern,6623
19870,Dylan_19870,Intern,6623
19871,Ella_19871,Intern,6624
19872,Finn_19872,Intern,6624
19873,Alice_19873,Intern,6624
19874,Bob_19874,Intern,6625
19875,Carol_19875,Intern,6625
19876,Dave_19876,Intern,6625
19877,Eve_19877,Intern,6626
19878,Frank_19878,Intern,6626
19879,Grace_19879,Intern,6626
19880,Hank_19880,Intern,6627
19881,Iris_19881,Intern,6627
19882,Jack_19882,Intern,6627
19883,Karen_19883,Intern,6628
19884,Leo_19884,Intern,6628
19885,Maya_19885,Intern,6628
19886,Nate_19886,Intern,6629
19887,Olivia_19887,Intern,6629
19888,Paul_19888,Intern,6629
19889,Quinn_19889,Intern,6630
19890,Rose_19890,Intern,6630
19891,Sam_19891,Intern,6630
19892,Tina_19892,Intern,6631
19893,Uma_19893,Intern,6631
19894,Victor_19894,Intern,6631
19895,Wendy_19895,Intern,6632
19896,Xander_19896,Intern,6632
19897,Yara_19897,Intern,6632
19898,Zack_19898,Intern,6633
19899,Ava_19899,Intern,6633
19900,Ben_19900,Intern,6633
19901,Chloe_19901,Intern,6634
19902,Dylan_19902,Intern,6634
19903,Ella_19903,Intern,6634
19904,Finn_19904,Intern,6635
19905,Alice_19905,Intern,6635
19906,Bob_19906,Intern,6635
19907,Carol_19907,Intern,6636
19908,Dave_19908,Intern,6636
19909,Eve_19909,Intern,6636
19910,Frank_19910,Intern,6637
19911,Grace_19911,Intern,6637
19912,Hank_19912,Intern,6637
19913,Iris_19913,Intern,6638
19914,Jack_19914,Intern,6638
19915,Karen_19915,Intern,6638
19916,Leo_19916,Intern,6639
19917,Maya_19917,Intern,6639
19918,Nate_19918,Intern,6639
19919,Olivia_19919,Intern,6640
19920,Paul_19920,Intern,6640
19921,Quinn_19921,Intern,6640
19922,Rose_19922,Intern,6641
19923,Sam_19923,Intern,6641
19924,Tina_19924,Intern,6641
19925,Uma_19925,Intern,6642
19926,Victor_19926,Intern,6642
19927,Wendy_19927,Intern,6642
19928,Xander_19928,Intern,6643
19929,Yara_19929,Intern,6643
19930,Zack_19930,Intern,6643
19931,Ava_19931,Intern,6644
19932,Ben_19932,Intern,6644
19933,Chloe_19933,Intern,6644
19934,Dylan_19934,Intern,6645
19935,Ella_19935,Intern,6645
19936,Finn_19936,Intern,6645
19937,Alice_19937,Intern,6646
19938,Bob_19938,Intern,6646
19939,Carol_19939,Intern,6646
19940,Dave_19940,Intern,6647
19941,Eve_19941,Intern,6647
19942,Frank_19942,Intern,6647
19943,Grace_19943,Intern,6648
19944,Hank_19944,Intern,6648
19945,Iris_19945,Intern,6648
19946,Jack_19946,Intern,6649
19947,Karen_19947,Intern,6649
19948,Leo_19948,Intern,6649
19949,Maya_19949,Intern,6650
19950,Nate_19950,Intern,6650
19951,Olivia_19951,Intern,6650
19952,Paul_19952,Intern,6651
19953,Quinn_19953,Intern,6651
19954,Rose_19954,Intern,6651
19955,Sam_19955,Intern,6652
19956,Tina_19956,Intern,6652
19957,Uma_19957,Intern,6652
19958,Victor_19958,Intern,6653
19959,Wendy_19959,Intern,6653
19960,Xander_19960,Intern,6653
19961,Yara_19961,Intern,6654
19962,Zack_19962,Intern,6654
19963,Ava_19963,Intern,6654
19964,Ben_19964,Intern,6655
19965,Chloe_19965,Intern,6655
19966,Dylan_19966,Intern,6655
19967,Ella_19967,Intern,6656
19968,Finn_19968,Intern,6656
19969,Alice_19969,Intern,6656
19970,Bob_19970,Intern,6657
19971,Carol_19971,Intern,6657
19972,Dave_19972,Intern,6657
19973,Eve_19973,Intern,6658
19974,Frank_19974,Intern,6658
19975,Grace_19975,Intern,6658
19976,Hank_19976,Intern,6659
19977,Iris_19977,Intern,6659
19978,Jack_19978,Intern,6659
19979,Karen_19979,Intern,6660
19980,Leo_19980,Intern,6660
19981,Maya_19981,Intern,6660
19982,Nate_19982,Intern,6661
19983,Olivia_19983,Intern,6661
19984,Paul_19984,Intern,6661
19985,Quinn_19985,Intern,6662
19986,Rose_19986,Intern,6662
19987,Sam_19987,Intern,6662
19988,Tina_19988,Intern,6663
19989,Uma_19989,Intern,6663
19990,Victor_19990,Intern,6663
19991,Wendy_19991,Intern,6664
19992,Xander_19992,Intern,6664
19993,Yara_19993,Intern,6664
19994,Zack_19994,Intern,6665
19995,Ava_19995,Intern,6665
19996,Ben_19996,Intern,6665
19997,Chloe_19997,Intern,6666
19998,Dylan_19998,Intern,6666
19999,Ella_19999,Intern,6666
20000,Finn_20000,Intern,6667
20001,Alice_20001,Intern,6667
20002,Bob_20002,Intern,6667
20003,Carol_20003,Intern,6668
20004,Dave_20004,Intern,6668
20005,Eve_20005,Intern,6668
20006,Frank_20006,Intern,6669
20007,Grace_20007,Intern,6669
20008,Hank_20008,Intern,6669
20009,Iris_20009,Intern,6670
20010,Jack_20010,Intern,6670
20011,Karen_20011,Intern,6670
20012,Leo_20012,Intern,6671
20013,Maya_20013,Intern,6671
20014,Nate_20014,Intern,6671
20015,Olivia_20015,Intern,6672
20016,Paul_20016,Intern,6672
20017,Quinn_20017,Intern,6672
20018,Rose_20018,Intern,6673
20019,Sam_20019,Intern,6673
20020,Tina_20020,Intern,6673
20021,Uma_20021,Intern,6674
20022,Victor_20022,Intern,6674
20023,Wendy_20023,Intern,6674
20024,Xander_20024,Intern,6675
20025,Yara_20025,Intern,6675
20026,Zack_20026,Intern,6675
20027,Ava_20027,Intern,6676
20028,Ben_20028,Intern,6676
20029,Chloe_20029,Intern,6676
20030,Dylan_20030,Intern,6677
20031,Ella_20031,Intern,6677
20032,Finn_20032,Intern,6677
20033,Alice_20033,Intern,6678
20034,Bob_20034,Intern,6678
20035,Carol_20035,Intern,6678
20036,Dave_20036,Intern,6679
20037,Eve_20037,Intern,6679
20038,Frank_20038,Intern,6679
20039,Grace_20039,Intern,6680
20040,Hank_20040,Intern,6680
20041,Iris_20041,Intern,6680
20042,Jack_20042,Intern,6681
20043,Karen_20043,Intern,6681
20044,Leo_20044,Intern,6681
20045,Maya_20045,Intern,6682
20046,Nate_20046,Intern,6682
20047,Olivia_20047,Intern,6682
20048,Paul_20048,Intern,6683
20049,Quinn_20049,Intern,6683
20050,Rose_20050,Intern,6683
20051,Sam_20051,Intern,6684
20052,Tina_20052,Intern,6684
20053,Uma_20053,Intern,6684
20054,Victor_20054,Intern,6685
20055,Wendy_20055,Intern,6685
20056,Xander_20056,Intern,6685
20057,Yara_20057,Intern,6686
20058,Zack_20058,Intern,6686
20059,Ava_20059,Intern,6686
20060,Ben_20060,Intern,6687
20061,Chloe_20061,Intern,6687
20062,Dylan_20062,Intern,6687
20063,Ella_20063,Intern,6688
20064,Finn_20064,Intern,6688
20065,Alice_20065,Intern,6688
20066,Bob_20066,Intern,6689
20067,Carol_20067,Intern,6689
20068,Dave_20068,Intern,6689
20069,Eve_20069,Intern,6690
20070,Frank_20070,Intern,6690
20071,Grace_20071,Intern,6690
20072,Hank_20072,Intern,6691
20073,Iris_20073,Intern,6691
20074,Jack_20074,Intern,6691
20075,Karen_20075,Intern,6692
20076,Leo_20076,Intern,6692
20077,Maya_20077,Intern,6692
20078,Nate_20078,Intern,6693
20079,Olivia_20079,Intern,6693
20080,Paul_20080,Intern,6693
20081,Quinn_20081,Intern,6694
20082,Rose_20082,Intern,6694
20083,Sam_20083,Intern,6694
20084,Tina_20084,Intern,6695
20085,Uma_20085,Intern,6695
20086,Victor_20086,Intern,6695
20087,Wendy_20087,Intern,6696
20088,Xander_20088,Intern,6696
20089,Yara_20089,Intern,6696
20090,Zack_20090,Intern,6697
20091,Ava_20091,Intern,6697
20092,Ben_20092,Intern,6697
20093,Chloe_20093,Intern,6698
20094,Dylan_20094,Intern,6698
20095,Ella_20095,Intern,6698
20096,Finn_20096,Intern,6699
20097,Alice_20097,Intern,6699
20098,Bob_20098,Intern,6699
20099,Carol_20099,Intern,6700
20100,Dave_20100,Intern,6700
20101,Eve_20101,Intern,6700
20102,Frank_20102,Intern,6701
20103,Grace_20103,Intern,6701
20104,Hank_20104,Intern,6701
20105,Iris_20105,Intern,6702
20106,Jack_20106,Intern,6702
20107,Karen_20107,Intern,6702
20108,Leo_20108,Intern,6703
20109,Maya_20109,Intern,6703
20110,Nate_20110,Intern,6703
20111,Olivia_20111,Intern,6704
20112,Paul_20112,Intern,6704
20113,Quinn_20113,Intern,6704
20114,Rose_20114,Intern,6705
20115,Sam_20115,Intern,6705
20116,Tina_20116,Intern,6705
20117,Uma_20117,Intern,6706
20118,Victor_20118,Intern,6706
20119,Wendy_20119,Intern,6706
20120,Xander_20120,Intern,6707
20121,Yara_20121,Intern,6707
20122,Zack_20122,Intern,6707
20123,Ava_20123,Intern,6708
20124,Ben_20124,Intern,6708
20125,Chloe_20125,Intern,6708
20126,Dylan_20126,Intern,6709
20127,Ella_20127,Intern,6709
20128,Finn_20128,Intern,6709
20129,Alice_20129,Intern,6710
20130,Bob_20130,Intern,6710
20131,Carol_20131,Intern,6710
20132,Dave_20132,Intern,6711
20133,Eve_20133,Intern,6711
20134,Frank_20134,Intern,6711
20135,Grace_20135,Intern,6712
20136,Hank_20136,Intern,6712
20137,Iris_20137,Intern,6712
20138,Jack_20138,Intern,6713
20139,Karen_20139,Intern,6713
20140,Leo_20140,Intern,6713
20141,Maya_20141,Intern,6714
20142,Nate_20142,Intern,6714
20143,Olivia_20143,Intern,6714
20144,Paul_20144,Intern,6715
20145,Quinn_20145,Intern,6715
20146,Rose_20146,Intern,6715
20147,Sam_20147,Intern,6716
20148,Tina_20148,Intern,6716
20149,Uma_20149,Intern,6716
20150,Victor_20150,Intern,6717
20151,Wendy_20151,Intern,6717
20152,Xander_20152,Intern,6717
20153,Yara_20153,Intern,6718
20154,Zack_20154,Intern,6718
20155,Ava_20155,Intern,6718
20156,Ben_20156,Intern,6719
20157,Chloe_20157,Intern,6719
20158,Dylan_20158,Intern,6719
20159,Ella_20159,Intern,6720
20160,Finn_20160,Intern,6720
20161,Alice_20161,Intern,6720
20162,Bob_20162,Intern,6721
20163,Carol_20163,Intern,6721
20164,Dave_20164,Intern,6721
20165,Eve_20165,Intern,6722
20166,Frank_20166,Intern,6722
20167,Grace_20167,Intern,6722
20168,Hank_20168,Intern,6723
20169,Iris_20169,Intern,6723
20170,Jack_20170,Intern,6723
20171,Karen_20171,Intern,6724
20172,Leo_20172,Intern,6724
20173,Maya_20173,Intern,6724
20174,Nate_20174,Intern,6725
20175,Olivia_20175,Intern,6725
20176,Paul_20176,Intern,6725
20177,Quinn_20177,Intern,6726
20178,Rose_20178,Intern,6726
20179,Sam_20179,Intern,6726
20180,Tina_20180,Intern,6727
20181,Uma_20181,Intern,6727
20182,Victor_20182,Intern,6727
20183,Wendy_20183,Intern,6728
20184,Xander_20184,Intern,6728
20185,Yara_20185,Intern,6728
20186,Zack_20186,Intern,6729
20187,Ava_20187,Intern,6729
20188,Ben_20188,Intern,6729
20189,Chloe_20189,Intern,6730
20190,Dylan_20190,Intern,6730
20191,Ella_20191,Intern,6730
20192,Finn_20192,Intern,6731
20193,Alice_20193,Intern,6731
20194,Bob_20194,Intern,6731
20195,Carol_20195,Intern,6732
20196,Dave_20196,Intern,6732
20197,Eve_20197,Intern,6732
20198,Frank_20198,Intern,6733
20199,Grace_20199,Intern,6733
20200,Hank_20200,Intern,6733
20201,Iris_20201,Intern,6734
20202,Jack_20202,Intern,6734
20203,Karen_20203,Intern,6734
20204,Leo_20204,Intern,6735
20205,Maya_20205,Intern,6735
20206,Nate_20206,Intern,6735
20207,Olivia_20207,Intern,6736
20208,Paul_20208,Intern,6736
20209,Quinn_20209,Intern,6736
20210,Rose_20210,Intern,6737
20211,Sam_20211,Intern,6737
20212,Tina_20212,Intern,6737
20213,Uma_20213,Intern,6738
20214,Victor_20214,Intern,6738
20215,Wendy_20215,Intern,6738
20216,Xander_20216,Intern,6739
20217,Yara_20217,Intern,6739
20218,Zack_20218,Intern,6739
20219,Ava_20219,Intern,6740
20220,Ben_20220,Intern,6740
20221,Chloe_20221,Intern,6740
20222,Dylan_20222,Intern,6741
20223,Ella_20223,Intern,6741
20224,Finn_20224,Intern,6741
20225,Alice_20225,Intern,6742
20226,Bob_20226,Intern,6742
20227,Carol_20227,Intern,6742
20228,Dave_20228,Intern,6743
20229,Eve_20229,Intern,6743
20230,Frank_20230,Intern,6743
20231,Grace_20231,Intern,6744
20232,Hank_20232,Intern,6744
20233,Iris_20233,Intern,6744
20234,Jack_20234,Intern,6745
20235,Karen_20235,Intern,6745
20236,Leo_20236,Intern,6745
20237,Maya_20237,Intern,6746
20238,Nate_20238,Intern,6746
20239,Olivia_20239,Intern,6746
20240,Paul_20240,Intern,6747
20241,Quinn_20241,Intern,6747
20242,Rose_20242,Intern,6747
20243,Sam_20243,Intern,6748
20244,Tina_20244,Intern,6748
20245,Uma_20245,Intern,6748
20246,Victor_20246,Intern,6749
20247,Wendy_20247,Intern,6749
20248,Xander_20248,Intern,6749
20249,Yara_20249,Intern,6750
20250,Zack_20250,Intern,6750
20251,Ava_20251,Intern,6750
20252,Ben_20252,Intern,6751
20253,Chloe_20253,Intern,6751
20254,Dylan_20254,Intern,6751
20255,Ella_20255,Intern,6752
20256,Finn_20256,Intern,6752
20257,Alice_20257,Intern,6752
20258,Bob_20258,Intern,6753
20259,Carol_20259,Intern,6753
20260,Dave_20260,Intern,6753
20261,Eve_20261,Intern,6754
20262,Frank_20262,Intern,6754
20263,Grace_20263,Intern,6754
20264,Hank_20264,Intern,6755
20265,Iris_20265,Intern,6755
20266,Jack_20266,Intern,6755
20267,Karen_20267,Intern,6756
20268,Leo_20268,Intern,6756
20269,Maya_20269,Intern,6756
20270,Nate_20270,Intern,6757
20271,Olivia_20271,Intern,6757
20272,Paul_20272,Intern,6757
20273,Quinn_20273,Intern,6758
20274,Rose_20274,Intern,6758
20275,Sam_20275,Intern,6758
20276,Tina_20276,Intern,6759
20277,Uma_20277,Intern,6759
20278,Victor_20278,Intern,6759
20279,Wendy_20279,Intern,6760
20280,Xander_20280,Intern,6760
20281,Yara_20281,Intern,6760
20282,Zack_20282,Intern,6761
20283,Ava_20283,Intern,6761
20284,Ben_20284,Intern,6761
20285,Chloe_20285,Intern,6762
20286,Dylan_20286,Intern,6762
20287,Ella_20287,Intern,6762
20288,Finn_20288,Intern,6763
20289,Alice_20289,Intern,6763
20290,Bob_20290,Intern,6763
20291,Carol_20291,Intern,6764
20292,Dave_20292,Intern,6764
20293,Eve_20293,Intern,6764
20294,Frank_20294,Intern,6765
20295,Grace_20295,Intern,6765
20296,Hank_20296,Intern,6765
20297,Iris_20297,Intern,6766
20298,Jack_20298,Intern,6766
20299,Karen_20299,Intern,6766
20300,Leo_20300,Intern,6767
20301,Maya_20301,Intern,6767
20302,Nate_20302,Intern,6767
20303,Olivia_20303,Intern,6768
20304,Paul_20304,Intern,6768
20305,Quinn_20305,Intern,6768
20306,Rose_20306,Intern,6769
20307,Sam_20307,Intern,6769
20308,Tina_20308,Intern,6769
20309,Uma_20309,Intern,6770
20310,Victor_20310,Intern,6770
20311,Wendy_20311,Intern,6770
20312,Xander_20312,Intern,6771
20313,Yara_20313,Intern,6771
20314,Zack_20314,Intern,6771
20315,Ava_20315,Intern,6772
20316,Ben_20316,Intern,6772
20317,Chloe_20317,Intern,6772
20318,Dylan_20318,Intern,6773
20319,Ella_20319,Intern,6773
20320,Finn_20320,Intern,6773
20321,Alice_20321,Intern,6774
20322,Bob_20322,Intern,6774
20323,Carol_20323,Intern,6774
20324,Dave_20324,Intern,6775
20325,Eve_20325,Intern,6775
20326,Frank_20326,Intern,6775
20327,Grace_20327,Intern,6776
20328,Hank_20328,Intern,6776
20329,Iris_20329,Intern,6776
20330,Jack_20330,Intern,6777
20331,Karen_20331,Intern,6777
20332,Leo_20332,Intern,6777
20333,Maya_20333,Intern,6778
20334,Nate_20334,Intern,6778
20335,Olivia_20335,Intern,6778
20336,Paul_20336,Intern,6779
20337,Quinn_20337,Intern,6779
20338,Rose_20338,Intern,6779
20339,Sam_20339,Intern,6780
20340,Tina_20340,Intern,6780
20341,Uma_20341,Intern,6780
20342,Victor_20342,Intern,6781
20343,Wendy_20343,Intern,6781
20344,Xander_20344,Intern,6781
20345,Yara_20345,Intern,6782
20346,Zack_20346,Intern,6782
20347,Ava_20347,Intern,6782
20348,Ben_20348,Intern,6783
20349,Chloe_20349,Intern,6783
20350,Dylan_20350,Intern,6783
20351,Ella_20351,Intern,6784
20352,Finn_20352,Intern,6784
20353,Alice_20353,Intern,6784
20354,Bob_20354,Intern,6785
20355,Carol_20355,Intern,6785
20356,Dave_20356,Intern,6785
20357,Eve_20357,Intern,6786
20358,Frank_20358,Intern,6786
20359,Grace_20359,Intern,6786
20360,Hank_20360,Intern,6787
20361,Iris_20361,Intern,6787
20362,Jack_20362,Intern,6787
20363,Karen_20363,Intern,6788
20364,Leo_20364,Intern,6788
20365,Maya_20365,Intern,6788
20366,Nate_20366,Intern,6789
20367,Olivia_20367,Intern,6789
20368,Paul_20368,Intern,6789
20369,Quinn_20369,Intern,6790
20370,Rose_20370,Intern,6790
20371,Sam_20371,Intern,6790
20372,Tina_20372,Intern,6791
20373,Uma_20373,Intern,6791
20374,Victor_20374,Intern,6791
20375,Wendy_20375,Intern,6792
20376,Xander_20376,Intern,6792
20377,Yara_20377,Intern,6792
20378,Zack_20378,Intern,6793
20379,Ava_20379,Intern,6793
20380,Ben_20380,Intern,6793
20381,Chloe_20381,Intern,6794
20382,Dylan_20382,Intern,6794
20383,Ella_20383,Intern,6794
20384,Finn_20384,Intern,6795
20385,Alice_20385,Intern,6795
20386,Bob_20386,Intern,6795
20387,Carol_20387,Intern,6796
20388,Dave_20388,Intern,6796
20389,Eve_20389,Intern,6796
20390,Frank_20390,Intern,6797
20391,Grace_20391,Intern,6797
20392,Hank_20392,Intern,6797
20393,Iris_20393,Intern,6798
20394,Jack_20394,Intern,6798
20395,Karen_20395,Intern,6798
20396,Leo_20396,Intern,6799
20397,Maya_20397,Intern,6799
20398,Nate_20398,Intern,6799
20399,Olivia_20399,Intern,6800
20400,Paul_20400,Intern,6800
20401,Quinn_20401,Intern,6800
20402,Rose_20402,Intern,6801
20403,Sam_20403,Intern,6801
20404,Tina_20404,Intern,6801
20405,Uma_20405,Intern,6802
20406,Victor_20406,Intern,6802
20407,Wendy_20407,Intern,6802
20408,Xander_20408,Intern,6803
20409,Yara_20409,Intern,6803
20410,Zack_20410,Intern,6803
20411,Ava_20411,Intern,6804
20412,Ben_20412,Intern,6804
20413,Chloe_20413,Intern,6804
20414,Dylan_20414,Intern,6805
20415,Ella_20415,Intern,6805
20416,Finn_20416,Intern,6805
20417,Alice_20417,Intern,6806
20418,Bob_20418,Intern,6806
20419,Carol_20419,Intern,6806
20420,Dave_20420,Intern,6807
20421,Eve_20421,Intern,6807
20422,Frank_20422,Intern,6807
20423,Grace_20423,Intern,6808
20424,Hank_20424,Intern,6808
20425,Iris_20425,Intern,6808
20426,Jack_20426,Intern,6809
20427,Karen_20427,Intern,6809
20428,Leo_20428,Intern,6809
20429,Maya_20429,Intern,6810
20430,Nate_20430,Intern,6810
20431,Olivia_20431,Intern,6810
20432,Paul_20432,Intern,6811
20433,Quinn_20433,Intern,6811
20434,Rose_20434,Intern,6811
20435,Sam_20435,Intern,6812
20436,Tina_20436,Intern,6812
20437,Uma_20437,Intern,6812
20438,Victor_20438,Intern,6813
20439,Wendy_20439,Intern,6813
20440,Xander_20440,Intern,6813
20441,Yara_20441,Intern,6814
20442,Zack_20442,Intern,6814
20443,Ava_20443,Intern,6814
20444,Ben_20444,Intern,6815
20445,Chloe_20445,Intern,6815
20446,Dylan_20446,Intern,6815
20447,Ella_20447,Intern,6816
20448,Finn_20448,Intern,6816
20449,Alice_20449,Intern,6816
20450,Bob_20450,Intern,6817
20451,Carol_20451,Intern,6817
20452,Dave_20452,Intern,6817
20453,Eve_20453,Intern,6818
20454,Frank_20454,Intern,6818
20455,Grace_20455,Intern,6818
20456,Hank_20456,Intern,6819
20457,Iris_20457,Intern,6819
20458,Jack_20458,Intern,6819
20459,Karen_20459,Intern,6820
20460,Leo_20460,Intern,6820
20461,Maya_20461,Intern,6820
20462,Nate_20462,Intern,6821
20463,Olivia_20463,Intern,6821
20464,Paul_20464,Intern,6821
20465,Quinn_20465,Intern,6822
20466,Rose_20466,Intern,6822
20467,Sam_20467,Intern,6822
20468,Tina_20468,Intern,6823
20469,Uma_20469,Intern,6823
20470,Victor_20470,Intern,6823
20471,Wendy_20471,Intern,6824
20472,Xander_20472,Intern,6824
20473,Yara_20473,Intern,6824
20474,Zack_20474,Intern,6825
20475,Ava_20475,Intern,6825
20476,Ben_20476,Intern,6825
20477,Chloe_20477,Intern,6826
20478,Dylan_20478,Intern,6826
20479,Ella_20479,Intern,6826
20480,Finn_20480,Intern,6827
20481,Alice_20481,Intern,6827
20482,Bob_20482,Intern,6827
20483,Carol_20483,Intern,6828
20484,Dave_20484,Intern,6828
20485,Eve_20485,Intern,6828
20486,Frank_20486,Intern,6829
20487,Grace_20487,Intern,6829
20488,Hank_20488,Intern,6829
20489,Iris_20489,Intern,6830
20490,Jack_20490,Intern,6830
20491,Karen_20491,Intern,6830
20492,Leo_20492,Intern,6831
20493,Maya_20493,Intern,6831
20494,Nate_20494,Intern,6831
20495,Olivia_20495,Intern,6832
20496,Paul_20496,Intern,6832
20497,Quinn_20497,Intern,6832
20498,Rose_20498,Intern,6833
20499,Sam_20499,Intern,6833
20500,Tina_20500,Intern,6833
20501,Uma_20501,Intern,6834
20502,Victor_20502,Intern,6834
20503,Wendy_20503,Intern,6834
20504,Xander_20504,Intern,6835
20505,Yara_20505,Intern,6835
20506,Zack_20506,Intern,6835
20507,Ava_20507,Intern,6836
20508,Ben_20508,Intern,6836
20509,Chloe_20509,Intern,6836
20510,Dylan_20510,Intern,6837
20511,Ella_20511,Intern,6837
20512,Finn_20512,Intern,6837
20513,Alice_20513,Intern,6838
20514,Bob_20514,Intern,6838
20515,Carol_20515,Intern,6838
20516,Dave_20516,Intern,6839
20517,Eve_20517,Intern,6839
20518,Frank_20518,Intern,6839
20519,Grace_20519,Intern,6840
20520,Hank_20520,Intern,6840
20521,Iris_20521,Intern,6840
20522,Jack_20522,Intern,6841
20523,Karen_20523,Intern,6841
20524,Leo_20524,Intern,6841
20525,Maya_20525,Intern,6842
20526,Nate_20526,Intern,6842
20527,Olivia_20527,Intern,6842
20528,Paul_20528,Intern,6843
20529,Quinn_20529,Intern,6843
20530,Rose_20530,Intern,6843
20531,Sam_20531,Intern,6844
20532,Tina_20532,Intern,6844
20533,Uma_20533,Intern,6844
20534,Victor_20534,Intern,6845
20535,Wendy_20535,Intern,6845
20536,Xander_20536,Intern,6845
20537,Yara_20537,Intern,6846
20538,Zack_20538,Intern,6846
20539,Ava_20539,Intern,6846
20540,Ben_20540,Intern,6847
20541,Chloe_20541,Intern,6847
20542,Dylan_20542,Intern,6847
20543,Ella_20543,Intern,6848
20544,Finn_20544,Intern,6848
20545,Alice_20545,Intern,6848
20546,Bob_20546,Intern,6849
20547,Carol_20547,Intern,6849
20548,Dave_20548,Intern,6849
20549,Eve_20549,Intern,6850
20550,Frank_20550,Intern,6850
20551,Grace_20551,Intern,6850
20552,Hank_20552,Intern,6851
20553,Iris_20553,Intern,6851
20554,Jack_20554,Intern,6851
20555,Karen_20555,Intern,6852
20556,Leo_20556,Intern,6852
20557,Maya_20557,Intern,6852
20558,Nate_20558,Intern,6853
20559,Olivia_20559,Intern,6853
20560,Paul_20560,Intern,6853
20561,Quinn_20561,Intern,6854
20562,Rose_20562,Intern,6854
20563,Sam_20563,Intern,6854
20564,Tina_20564,Intern,6855
20565,Uma_20565,Intern,6855
20566,Victor_20566,Intern,6855
20567,Wendy_20567,Intern,6856
20568,Xander_20568,Intern,6856
20569,Yara_20569,Intern,6856
20570,Zack_20570,Intern,6857
20571,Ava_20571,Intern,6857
20572,Ben_20572,Intern,6857
20573,Chloe_20573,Intern,6858
20574,Dylan_20574,Intern,6858
20575,Ella_20575,Intern,6858
20576,Finn_20576,Intern,6859
20577,Alice_20577,Intern,6859
20578,Bob_20578,Intern,6859
20579,Carol_20579,Intern,6860
20580,Dave_20580,Intern,6860
20581,Eve_20581,Intern,6860
20582,Frank_20582,Intern,6861
20583,Grace_20583,Intern,6861
20584,Hank_20584,Intern,6861
20585,Iris_20585,Intern,6862
20586,Jack_20586,Intern,6862
20587,Karen_20587,Intern,6862
20588,Leo_20588,Intern,6863
20589,Maya_20589,Intern,6863
20590,Nate_20590,Intern,6863
20591,Olivia_20591,Intern,6864
20592,Paul_20592,Intern,6864
20593,Quinn_20593,Intern,6864
20594,Rose_20594,Intern,6865
20595,Sam_20595,Intern,6865
20596,Tina_20596,Intern,6865
20597,Uma_20597,Intern,6866
20598,Victor_20598,Intern,6866
20599,Wendy_20599,Intern,6866
20600,Xander_20600,Intern,6867
20601,Yara_20601,Intern,6867
20602,Zack_20602,Intern,6867
20603,Ava_20603,Intern,6868
20604,Ben_20604,Intern,6868
20605,Chloe_20605,Intern,6868
20606,Dylan_20606,Intern,6869
20607,Ella_20607,Intern,6869
20608,Finn_20608,Intern,6869
20609,Alice_20609,Intern,6870
20610,Bob_20610,Intern,6870
20611,Carol_20611,Intern,6870
20612,Dave_20612,Intern,6871
20613,Eve_20613,Intern,6871
20614,Frank_20614,Intern,6871
20615,Grace_20615,Intern,6872
20616,Hank_20616,Intern,6872
20617,Iris_20617,Intern,6872
20618,Jack_20618,Intern,6873
20619,Karen_20619,Intern,6873
20620,Leo_20620,Intern,6873
20621,Maya_20621,Intern,6874
20622,Nate_20622,Intern,6874
20623,Olivia_20623,Intern,6874
20624,Paul_20624,Intern,6875
20625,Quinn_20625,Intern,6875
20626,Rose_20626,Intern,6875
20627,Sam_20627,Intern,6876
20628,Tina_20628,Intern,6876
20629,Uma_20629,Intern,6876
20630,Victor_20630,Intern,6877
20631,Wendy_20631,Intern,6877
20632,Xander_20632,Intern,6877
20633,Yara_20633,Intern,6878
20634,Zack_20634,Intern,6878
20635,Ava_20635,Intern,6878
20636,Ben_20636,Intern,6879
20637,Chloe_20637,Intern,6879
20638,Dylan_20638,Intern,6879
20639,Ella_20639,Intern,6880
20640,Finn_20640,Intern,6880
20641,Alice_20641,Intern,6880
20642,Bob_20642,Intern,6881
20643,Carol_20643,Intern,6881
20644,Dave_20644,Intern,6881
20645,Eve_20645,Intern,6882
20646,Frank_20646,Intern,6882
20647,Grace_20647,Intern,6882
20648,Hank_20648,Intern,6883
20649,Iris_20649,Intern,6883
20650,Jack_20650,Intern,6883
20651,Karen_20651,Intern,6884
20652,Leo_20652,Intern,6884
20653,Maya_20653,Intern,6884
20654,Nate_20654,Intern,6885
20655,Olivia_20655,Intern,6885
20656,Paul_20656,Intern,6885
20657,Quinn_20657,Intern,6886
20658,Rose_20658,Intern,6886
20659,Sam_20659,Intern,6886
20660,Tina_20660,Intern,6887
20661,Uma_20661,Intern,6887
20662,Victor_20662,Intern,6887
20663,Wendy_20663,Intern,6888
20664,Xander_20664,Intern,6888
20665,Yara_20665,Intern,6888
20666,Zack_20666,Intern,6889
20667,Ava_20667,Intern,6889
20668,Ben_20668,Intern,6889
20669,Chloe_20669,Intern,6890
20670,Dylan_20670,Intern,6890
20671,Ella_20671,Intern,6890
20672,Finn_20672,Intern,6891
20673,Alice_20673,Intern,6891
20674,Bob_20674,Intern,6891
20675,Carol_20675,Intern,6892
20676,Dave_20676,Intern,6892
20677,Eve_20677,Intern,6892
20678,Frank_20678,Intern,6893
20679,Grace_20679,Intern,6893
20680,Hank_20680,Intern,6893
20681,Iris_20681,Intern,6894
20682,Jack_20682,Intern,6894
20683,Karen_20683,Intern,6894
20684,Leo_20684,Intern,6895
20685,Maya_20685,Intern,6895
20686,Nate_20686,Intern,6895
20687,Olivia_20687,Intern,6896
20688,Paul_20688,Intern,6896
20689,Quinn_20689,Intern,6896
20690,Rose_20690,Intern,6897
20691,Sam_20691,Intern,6897
20692,Tina_20692,Intern,6897
20693,Uma_20693,Intern,6898
20694,Victor_20694,Intern,6898
20695,Wendy_20695,Intern,6898
20696,Xander_20696,Intern,6899
20697,Yara_20697,Intern,6899
20698,Zack_20698,Intern,6899
20699,Ava_20699,Intern,6900
20700,Ben_20700,Intern,6900
20701,Chloe_20701,Intern,6900
20702,Dylan_20702,Intern,6901
20703,Ella_20703,Intern,6901
20704,Finn_20704,Intern,6901
20705,Alice_20705,Intern,6902
20706,Bob_20706,Intern,6902
20707,Carol_20707,Intern,6902
20708,Dave_20708,Intern,6903
20709,Eve_20709,Intern,6903
20710,Frank_20710,Intern,6903
20711,Grace_20711,Intern,6904
20712,Hank_20712,Intern,6904
20713,Iris_20713,Intern,6904
20714,Jack_20714,Intern,6905
20715,Karen_20715,Intern,6905
20716,Leo_20716,Intern,6905
20717,Maya_20717,Intern,6906
20718,Nate_20718,Intern,6906
20719,Olivia_20719,Intern,6906
20720,Paul_20720,Intern,6907
20721,Quinn_20721,Intern,6907
20722,Rose_20722,Intern,6907
20723,Sam_20723,Intern,6908
20724,Tina_20724,Intern,6908
20725,Uma_20725,Intern,6908
20726,Victor_20726,Intern,6909
20727,Wendy_20727,Intern,6909
20728,Xander_20728,Intern,6909
20729,Yara_20729,Intern,6910
20730,Zack_20730,Intern,6910
20731,Ava_20731,Intern,6910
20732,Ben_20732,Intern,6911
20733,Chloe_20733,Intern,6911
20734,Dylan_20734,Intern,6911
20735,Ella_20735,Intern,6912
20736,Finn_20736,Intern,6912
20737,Alice_20737,Intern,6912
20738,Bob_20738,Intern,6913
20739,Carol_20739,Intern,6913
20740,Dave_20740,Intern,6913
20741,Eve_20741,Intern,6914
20742,Frank_20742,Intern,6914
20743,Grace_20743,Intern,6914
20744,Hank_20744,Intern,6915
20745,Iris_20745,Intern,6915
20746,Jack_20746,Intern,6915
20747,Karen_20747,Intern,6916
20748,Leo_20748,Intern,6916
20749,Maya_20749,Intern,6916
20750,Nate_20750,Intern,6917
20751,Olivia_20751,Intern,6917
20752,Paul_20752,Intern,6917
20753,Quinn_20753,Intern,6918
20754,Rose_20754,Intern,6918
20755,Sam_20755,Intern,6918
20756,Tina_20756,Intern,6919
20757,Uma_20757,Intern,6919
20758,Victor_20758,Intern,6919
20759,Wendy_20759,Intern,6920
20760,Xander_20760,Intern,6920
20761,Yara_20761,Intern,6920
20762,Zack_20762,Intern,6921
20763,Ava_20763,Intern,6921
20764,Ben_20764,Intern,6921
20765,Chloe_20765,Intern,6922
20766,Dylan_20766,Intern,6922
20767,Ella_20767,Intern,6922
20768,Finn_20768,Intern,6923
20769,Alice_20769,Intern,6923
20770,Bob_20770,Intern,6923
20771,Carol_20771,Intern,6924
20772,Dave_20772,Intern,6924
20773,Eve_20773,Intern,6924
20774,Frank_20774,Intern,6925
20775,Grace_20775,Intern,6925
20776,Hank_20776,Intern,6925
20777,Iris_20777,Intern,6926
20778,Jack_20778,Intern,6926
20779,Karen_20779,Intern,6926
20780,Leo_20780,Intern,6927
20781,Maya_20781,Intern,6927
20782,Nate_20782,Intern,6927
20783,Olivia_20783,Intern,6928
20784,Paul_20784,Intern,6928
20785,Quinn_20785,Intern,6928
20786,Rose_20786,Intern,6929
20787,Sam_20787,Intern,6929
20788,Tina_20788,Intern,6929
20789,Uma_20789,Intern,6930
20790,Victor_20790,Intern,6930
20791,Wendy_20791,Intern,6930
20792,Xander_20792,Intern,6931
20793,Yara_20793,Intern,6931
20794,Zack_20794,Intern,6931
20795,Ava_20795,Intern,6932
20796,Ben_20796,Intern,6932
20797,Chloe_20797,Intern,6932
20798,Dylan_20798,Intern,6933
20799,Ella_20799,Intern,6933
20800,Finn_20800,Intern,6933
20801,Alice_20801,Intern,6934
20802,Bob_20802,Intern,6934
20803,Carol_20803,Intern,6934
20804,Dave_20804,Intern,6935
20805,Eve_20805,Intern,6935
20806,Frank_20806,Intern,6935
20807,Grace_20807,Intern,6936
20808,Hank_20808,Intern,6936
20809,Iris_20809,Intern,6936
20810,Jack_20810,Intern,6937
20811,Karen_20811,Intern,6937
20812,Leo_20812,Intern,6937
20813,Maya_20813,Intern,6938
20814,Nate_20814,Intern,6938
20815,Olivia_20815,Intern,6938
20816,Paul_20816,Intern,6939
20817,Quinn_20817,Intern,6939
20818,Rose_20818,Intern,6939
20819,Sam_20819,Intern,6940
20820,Tina_20820,Intern,6940
20821,Uma_20821,Intern,6940
20822,Victor_20822,Intern,6941
20823,Wendy_20823,Intern,6941
20824,Xander_20824,Intern,6941
20825,Yara_20825,Intern,6942
20826,Zack_20826,Intern,6942
20827,Ava_20827,Intern,6942
20828,Ben_20828,Intern,6943
20829,Chloe_20829,Intern,6943
20830,Dylan_20830,Intern,6943
20831,Ella_20831,Intern,6944
20832,Finn_20832,Intern,6944
20833,Alice_20833,Intern,6944
20834,Bob_20834,Intern,6945
20835,Carol_20835,Intern,6945
20836,Dave_20836,Intern,6945
20837,Eve_20837,Intern,6946
20838,Frank_20838,Intern,6946
20839,Grace_20839,Intern,6946
20840,Hank_20840,Intern,6947
20841,Iris_20841,Intern,6947
20842,Jack_20842,Intern,6947
20843,Karen_20843,Intern,6948
20844,Leo_20844,Intern,6948
20845,Maya_20845,Intern,6948
20846,Nate_20846,Intern,6949
20847,Olivia_20847,Intern,6949
20848,Paul_20848,Intern,6949
20849,Quinn_20849,Intern,6950
20850,Rose_20850,Intern,6950
20851,Sam_20851,Intern,6950
20852,Tina_20852,Intern,6951
20853,Uma_20853,Intern,6951
20854,Victor_20854,Intern,6951
20855,Wendy_20855,Intern,6952
20856,Xander_20856,Intern,6952
20857,Yara_20857,Intern,6952
20858,Zack_20858,Intern,6953
20859,Ava_20859,Intern,6953
20860,Ben_20860,Intern,6953
20861,Chloe_20861,Intern,6954
20862,Dylan_20862,Intern,6954
20863,Ella_20863,Intern,6954
20864,Finn_20864,Intern,6955
20865,Alice_20865,Intern,6955
20866,Bob_20866,Intern,6955
20867,Carol_20867,Intern,6956
20868,Dave_20868,Intern,6956
20869,Eve_20869,Intern,6956
20870,Frank_20870,Intern,6957
20871,Grace_20871,Intern,6957
20872,Hank_20872,Intern,6957
20873,Iris_20873,Intern,6958
20874,Jack_20874,Intern,6958
20875,Karen_20875,Intern,6958
20876,Leo_20876,Intern,6959
20877,Maya_20877,Intern,6959
20878,Nate_20878,Intern,6959
20879,Olivia_20879,Intern,6960
20880,Paul_20880,Intern,6960
20881,Quinn_20881,Intern,6960
20882,Rose_20882,Intern,6961
20883,Sam_20883,Intern,6961
20884,Tina_20884,Intern,6961
20885,Uma_20885,Intern,6962
20886,Victor_20886,Intern,6962
20887,Wendy_20887,Intern,6962
20888,Xander_20888,Intern,6963
20889,Yara_20889,Intern,6963
20890,Zack_20890,Intern,6963
20891,Ava_20891,Intern,6964
20892,Ben_20892,Intern,6964
20893,Chloe_20893,Intern,6964
20894,Dylan_20894,Intern,6965
20895,Ella_20895,Intern,6965
20896,Finn_20896,Intern,6965
20897,Alice_20897,Intern,6966
20898,Bob_20898,Intern,6966
20899,Carol_20899,Intern,6966
20900,Dave_20900,Intern,6967
20901,Eve_20901,Intern,6967
20902,Frank_20902,Intern,6967
20903,Grace_20903,Intern,6968
20904,Hank_20904,Intern,6968
20905,Iris_20905,Intern,6968
20906,Jack_20906,Intern,6969
20907,Karen_20907,Intern,6969
20908,Leo_20908,Intern,6969
20909,Maya_20909,Intern,6970
20910,Nate_20910,Intern,6970
20911,Olivia_20911,Intern,6970
20912,Paul_20912,Intern,6971
20913,Quinn_20913,Intern,6971
20914,Rose_20914,Intern,6971
20915,Sam_20915,Intern,6972
20916,Tina_20916,Intern,6972
20917,Uma_20917,Intern,6972
20918,Victor_20918,Intern,6973
20919,Wendy_20919,Intern,6973
20920,Xander_20920,Intern,6973
20921,Yara_20921,Intern,6974
20922,Zack_20922,Intern,6974
20923,Ava_20923,Intern,6974
20924,Ben_20924,Intern,6975
20925,Chloe_20925,Intern,6975
20926,Dylan_20926,Intern,6975
20927,Ella_20927,Intern,6976
20928,Finn_20928,Intern,6976
20929,Alice_20929,Intern,6976
20930,Bob_20930,Intern,6977
20931,Carol_20931,Intern,6977
20932,Dave_20932,Intern,6977
20933,Eve_20933,Intern,6978
20934,Frank_20934,Intern,6978
20935,Grace_20935,Intern,6978
20936,Hank_20936,Intern,6979
20937,Iris_20937,Intern,6979
20938,Jack_20938,Intern,6979
20939,Karen_20939,Intern,6980
20940,Leo_20940,Intern,6980
20941,Maya_20941,Intern,6980
20942,Nate_20942,Intern,6981
20943,Olivia_20943,Intern,6981
20944,Paul_20944,Intern,6981
20945,Quinn_20945,Intern,6982
20946,Rose_20946,Intern,6982
20947,Sam_20947,Intern,6982
20948,Tina_20948,Intern,6983
20949,Uma_20949,Intern,6983
20950,Victor_20950,Intern,6983
20951,Wendy_20951,Intern,6984
20952,Xander_20952,Intern,6984
20953,Yara_20953,Intern,6984
20954,Zack_20954,Intern,6985
20955,Ava_20955,Intern,6985
20956,Ben_20956,Intern,6985
20957,Chloe_20957,Intern,6986
20958,Dylan_20958,Intern,6986
20959,Ella_20959,Intern,6986
20960,Finn_20960,Intern,6987
20961,Alice_20961,Intern,6987
20962,Bob_20962,Intern,6987
20963,Carol_20963,Intern,6988
20964,Dave_20964,Intern,6988
20965,Eve_20965,Intern,6988
20966,Frank_20966,Intern,6989
20967,Grace_20967,Intern,6989
20968,Hank_20968,Intern,6989
20969,Iris_20969,Intern,6990
20970,Jack_20970,Intern,6990
20971,Karen_20971,Intern,6990
20972,Leo_20972,Intern,6991
20973,Maya_20973,Intern,6991
20974,Nate_20974,Intern,6991
20975,Olivia_20975,Intern,6992
20976,Paul_20976,Intern,6992
20977,Quinn_20977,Intern,6992
20978,Rose_20978,Intern,6993
20979,Sam_20979,Intern,6993
20980,Tina_20980,Intern,6993
20981,Uma_20981,Intern,6994
20982,Victor_20982,Intern,6994
20983,Wendy_20983,Intern,6994
20984,Xander_20984,Intern,6995
20985,Yara_20985,Intern,6995
20986,Zack_20986,Intern,6995
20987,Ava_20987,Intern,6996
20988,Ben_20988,Intern,6996
20989,Chloe_20989,Intern,6996
20990,Dylan_20990,Intern,6997
20991,Ella_20991,Intern,6997
20992,Finn_20992,Intern,6997
20993,Alice_20993,Intern,6998
20994,Bob_20994,Intern,6998
20995,Carol_20995,Intern,6998
20996,Dave_20996,Intern,6999
20997,Eve_20997,Intern,6999
20998,Frank_20998,Intern,6999
20999,Grace_20999,Intern,7000
21000,Hank_21000,Intern,7000
21001,Iris_21001,Intern,7000
21002,Jack_21002,Intern,7001
21003,Karen_21003,Intern,7001
21004,Leo_21004,Intern,7001
21005,Maya_21005,Intern,7002
21006,Nate_21006,Intern,7002
21007,Olivia_21007,Intern,7002
21008,Paul_21008,Intern,7003
21009,Quinn_21009,Intern,7003
21010,Rose_21010,Intern,7003
21011,Sam_21011,Intern,7004
21012,Tina_21012,Intern,7004
21013,Uma_21013,Intern,7004
21014,Victor_21014,Intern,7005
21015,Wendy_21015,Intern,7005
21016,Xander_21016,Intern,7005
21017,Yara_21017,Intern,7006
21018,Zack_21018,Intern,7006
21019,Ava_21019,Intern,7006
21020,Ben_21020,Intern,7007
21021,Chloe_21021,Intern,7007
21022,Dylan_21022,Intern,7007
21023,Ella_21023,Intern,7008
21024,Finn_21024,Intern,7008
21025,Alice_21025,Intern,7008
21026,Bob_21026,Intern,7009
21027,Carol_21027,Intern,7009
21028,Dave_21028,Intern,7009
21029,Eve_21029,Intern,7010
21030,Frank_21030,Intern,7010
21031,Grace_21031,Intern,7010
21032,Hank_21032,Intern,7011
21033,Iris_21033,Intern,7011
21034,Jack_21034,Intern,7011
21035,Karen_21035,Intern,7012
21036,Leo_21036,Intern,7012
21037,Maya_21037,Intern,7012
21038,Nate_21038,Intern,7013
21039,Olivia_21039,Intern,7013
21040,Paul_21040,Intern,7013
21041,Quinn_21041,Intern,7014
21042,Rose_21042,Intern,7014
21043,Sam_21043,Intern,7014
21044,Tina_21044,Intern,7015
21045,Uma_21045,Intern,7015
21046,Victor_21046,Intern,7015
21047,Wendy_21047,Intern,7016
21048,Xander_21048,Intern,7016
21049,Yara_21049,Intern,7016
21050,Zack_21050,Intern,7017
21051,Ava_21051,Intern,7017
21052,Ben_21052,Intern,7017
21053,Chloe_21053,Intern,7018
21054,Dylan_21054,Intern,7018
21055,Ella_21055,Intern,7018
21056,Finn_21056,Intern,7019
21057,Alice_21057,Intern,7019
21058,Bob_21058,Intern,7019
21059,Carol_21059,Intern,7020
21060,Dave_21060,Intern,7020
21061,Eve_21061,Intern,7020
21062,Frank_21062,Intern,7021
21063,Grace_21063,Intern,7021
21064,Hank_21064,Intern,7021
21065,Iris_21065,Intern,7022
21066,Jack_21066,Intern,7022
21067,Karen_21067,Intern,7022
21068,Leo_21068,Intern,7023
21069,Maya_21069,Intern,7023
21070,Nate_21070,Intern,7023
21071,Olivia_21071,Intern,7024
21072,Paul_21072,Intern,7024
21073,Quinn_21073,Intern,7024
21074,Rose_21074,Intern,7025
21075,Sam_21075,Intern,7025
21076,Tina_21076,Intern,7025
21077,Uma_21077,Intern,7026
21078,Victor_21078,Intern,7026
21079,Wendy_21079,Intern,7026
21080,Xander_21080,Intern,7027
21081,Yara_21081,Intern,7027
21082,Zack_21082,Intern,7027
21083,Ava_21083,Intern,7028
21084,Ben_21084,Intern,7028
21085,Chloe_21085,Intern,7028
21086,Dylan_21086,Intern,7029
21087,Ella_21087,Intern,7029
21088,Finn_21088,Intern,7029
21089,Alice_21089,Intern,7030
21090,Bob_21090,Intern,7030
21091,Carol_21091,Intern,7030
21092,Dave_21092,Intern,7031
21093,Eve_21093,Intern,7031
21094,Frank_21094,Intern,7031
21095,Grace_21095,Intern,7032
21096,Hank_21096,Intern,7032
21097,Iris_21097,Intern,7032
21098,Jack_21098,Intern,7033
21099,Karen_21099,Intern,7033
21100,Leo_21100,Intern,7033
21101,Maya_21101,Intern,7034
21102,Nate_21102,Intern,7034
21103,Olivia_21103,Intern,7034
21104,Paul_21104,Intern,7035
21105,Quinn_21105,Intern,7035
21106,Rose_21106,Intern,7035
21107,Sam_21107,Intern,7036
21108,Tina_21108,Intern,7036
21109,Uma_21109,Intern,7036
21110,Victor_21110,Intern,7037
21111,Wendy_21111,Intern,7037
21112,Xander_21112,Intern,7037
21113,Yara_21113,Intern,7038
21114,Zack_21114,Intern,7038
21115,Ava_21115,Intern,7038
21116,Ben_21116,Intern,7039
21117,Chloe_21117,Intern,7039
21118,Dylan_21118,Intern,7039
21119,Ella_21119,Intern,7040
21120,Finn_21120,Intern,7040
21121,Alice_21121,Intern,7040
21122,Bob_21122,Intern,7041
21123,Carol_21123,Intern,7041
21124,Dave_21124,Intern,7041
21125,Eve_21125,Intern,7042
21126,Frank_21126,Intern,7042
21127,Grace_21127,Intern,7042
21128,Hank_21128,Intern,7043
21129,Iris_21129,Intern,7043
21130,Jack_21130,Intern,7043
21131,Karen_21131,Intern,7044
21132,Leo_21132,Intern,7044
21133,Maya_21133,Intern,7044
21134,Nate_21134,Intern,7045
21135,Olivia_21135,Intern,7045
21136,Paul_21136,Intern,7045
21137,Quinn_21137,Intern,7046
21138,Rose_21138,Intern,7046
21139,Sam_21139,Intern,7046
21140,Tina_21140,Intern,7047
21141,Uma_21141,Intern,7047
21142,Victor_21142,Intern,7047
21143,Wendy_21143,Intern,7048
21144,Xander_21144,Intern,7048
21145,Yara_21145,Intern,7048
21146,Zack_21146,Intern,7049
21147,Ava_21147,Intern,7049
21148,Ben_21148,Intern,7049
21149,Chloe_21149,Intern,7050
21150,Dylan_21150,Intern,7050
21151,Ella_21151,Intern,7050
21152,Finn_21152,Intern,7051
21153,Alice_21153,Intern,7051
21154,Bob_21154,Intern,7051
21155,Carol_21155,Intern,7052
21156,Dave_21156,Intern,7052
21157,Eve_21157,Intern,7052
21158,Frank_21158,Intern,7053
21159,Grace_21159,Intern,7053
21160,Hank_21160,Intern,7053
21161,Iris_21161,Intern,7054
21162,Jack_21162,Intern,7054
21163,Karen_21163,Intern,7054
21164,Leo_21164,Intern,7055
21165,Maya_21165,Intern,7055
21166,Nate_21166,Intern,7055
21167,Olivia_21167,Intern,7056
21168,Paul_21168,Intern,7056
21169,Quinn_21169,Intern,7056
21170,Rose_21170,Intern,7057
21171,Sam_21171,Intern,7057
21172,Tina_21172,Intern,7057
21173,Uma_21173,Intern,7058
21174,Victor_21174,Intern,7058
21175,Wendy_21175,Intern,7058
21176,Xander_21176,Intern,7059
21177,Yara_21177,Intern,7059
21178,Zack_21178,Intern,7059
21179,Ava_21179,Intern,7060
21180,Ben_21180,Intern,7060
21181,Chloe_21181,Intern,7060
21182,Dylan_21182,Intern,7061
21183,Ella_21183,Intern,7061
21184,Finn_21184,Intern,7061
21185,Alice_21185,Intern,7062
21186,Bob_21186,Intern,7062
21187,Carol_21187,Intern,7062
21188,Dave_21188,Intern,7063
21189,Eve_21189,Intern,7063
21190,Frank_21190,Intern,7063
21191,Grace_21191,Intern,7064
21192,Hank_21192,Intern,7064
21193,Iris_21193,Intern,7064
21194,Jack_21194,Intern,7065
21195,Karen_21195,Intern,7065
21196,Leo_21196,Intern,7065
21197,Maya_21197,Intern,7066
21198,Nate_21198,Intern,7066
21199,Olivia_21199,Intern,7066
21200,Paul_21200,Intern,7067
21201,Quinn_21201,Intern,7067
21202,Rose_21202,Intern,7067
21203,Sam_21203,Intern,7068
21204,Tina_21204,Intern,7068
21205,Uma_21205,Intern,7068
21206,Victor_21206,Intern,7069
21207,Wendy_21207,Intern,7069
21208,Xander_21208,Intern,7069
21209,Yara_21209,Intern,7070
21210,Zack_21210,Intern,7070
21211,Ava_21211,Intern,7070
21212,Ben_21212,Intern,7071
21213,Chloe_21213,Intern,7071
21214,Dylan_21214,Intern,7071
21215,Ella_21215,Intern,7072
21216,Finn_21216,Intern,7072
21217,Alice_21217,Intern,7072
21218,Bob_21218,Intern,7073
21219,Carol_21219,Intern,7073
21220,Dave_21220,Intern,7073
21221,Eve_21221,Intern,7074
21222,Frank_21222,Intern,7074
21223,Grace_21223,Intern,7074
21224,Hank_21224,Intern,7075
21225,Iris_21225,Intern,7075
21226,Jack_21226,Intern,7075
21227,Karen_21227,Intern,7076
21228,Leo_21228,Intern,7076
21229,Maya_21229,Intern,7076
21230,Nate_21230,Intern,7077
21231,Olivia_21231,Intern,7077
21232,Paul_21232,Intern,7077
21233,Quinn_21233,Intern,7078
21234,Rose_21234,Intern,7078
21235,Sam_21235,Intern,7078
21236,Tina_21236,Intern,7079
21237,Uma_21237,Intern,7079
21238,Victor_21238,Intern,7079
21239,Wendy_21239,Intern,7080
21240,Xander_21240,Intern,7080
21241,Yara_21241,Intern,7080
21242,Zack_21242,Intern,7081
21243,Ava_21243,Intern,7081
21244,Ben_21244,Intern,7081
21245,Chloe_21245,Intern,7082
21246,Dylan_21246,Intern,7082
21247,Ella_21247,Intern,7082
21248,Finn_21248,Intern,7083
21249,Alice_21249,Intern,7083
21250,Bob_21250,Intern,7083
21251,Carol_21251,Intern,7084
21252,Dave_21252,Intern,7084
21253,Eve_21253,Intern,7084
21254,Frank_21254,Intern,7085
21255,Grace_21255,Intern,7085
21256,Hank_21256,Intern,7085
21257,Iris_21257,Intern,7086
21258,Jack_21258,Intern,7086
21259,Karen_21259,Intern,7086
21260,Leo_21260,Intern,7087
21261,Maya_21261,Intern,7087
21262,Nate_21262,Intern,7087
21263,Olivia_21263,Intern,7088
21264,Paul_21264,Intern,7088
21265,Quinn_21265,Intern,7088
21266,Rose_21266,Intern,7089
21267,Sam_21267,Intern,7089
21268,Tina_21268,Intern,7089
21269,Uma_21269,Intern,7090
21270,Victor_21270,Intern,7090
21271,Wendy_21271,Intern,7090
21272,Xander_21272,Intern,7091
21273,Yara_21273,Intern,7091
21274,Zack_21274,Intern,7091
21275,Ava_21275,Intern,7092
21276,Ben_21276,Intern,7092
21277,Chloe_21277,Intern,7092
21278,Dylan_21278,Intern,7093
21279,Ella_21279,Intern,7093
21280,Finn_21280,Intern,7093
21281,Alice_21281,Intern,7094
21282,Bob_21282,Intern,7094
21283,Carol_21283,Intern,7094
21284,Dave_21284,Intern,7095
21285,Eve_21285,Intern,7095
21286,Frank_21286,Intern,7095
21287,Grace_21287,Intern,7096
21288,Hank_21288,Intern,7096
21289,Iris_21289,Intern,7096
21290,Jack_21290,Intern,7097
21291,Karen_21291,Intern,7097
21292,Leo_21292,Intern,7097
21293,Maya_21293,Intern,7098
21294,Nate_21294,Intern,7098
21295,Olivia_21295,Intern,7098
21296,Paul_21296,Intern,7099
21297,Quinn_21297,Intern,7099
21298,Rose_21298,Intern,7099
21299,Sam_21299,Intern,7100
21300,Tina_21300,Intern,7100
21301,Uma_21301,Intern,7100
21302,Victor_21302,Intern,7101
21303,Wendy_21303,Intern,7101
21304,Xander_21304,Intern,7101
21305,Yara_21305,Intern,7102
21306,Zack_21306,Intern,7102
21307,Ava_21307,Intern,7102
21308,Ben_21308,Intern,7103
21309,Chloe_21309,Intern,7103
21310,Dylan_21310,Intern,7103
21311,Ella_21311,Intern,7104
21312,Finn_21312,Intern,7104
21313,Alice_21313,Intern,7104
21314,Bob_21314,Intern,7105
21315,Carol_21315,Intern,7105
21316,Dave_21316,Intern,7105
21317,Eve_21317,Intern,7106
21318,Frank_21318,Intern,7106
21319,Grace_21319,Intern,7106
21320,Hank_21320,Intern,7107
21321,Iris_21321,Intern,7107
21322,Jack_21322,Intern,7107
21323,Karen_21323,Intern,7108
21324,Leo_21324,Intern,7108
21325,Maya_21325,Intern,7108
21326,Nate_21326,Intern,7109
21327,Olivia_21327,Intern,7109
21328,Paul_21328,Intern,7109
21329,Quinn_21329,Intern,7110
21330,Rose_21330,Intern,7110
21331,Sam_21331,Intern,7110
21332,Tina_21332,Intern,7111
21333,Uma_21333,Intern,7111
21334,Victor_21334,Intern,7111
21335,Wendy_21335,Intern,7112
21336,Xander_21336,Intern,7112
21337,Yara_21337,Intern,7112
21338,Zack_21338,Intern,7113
21339,Ava_21339,Intern,7113
21340,Ben_21340,Intern,7113
21341,Chloe_21341,Intern,7114
21342,Dylan_21342,Intern,7114
21343,Ella_21343,Intern,7114
21344,Finn_21344,Intern,7115
21345,Alice_21345,Intern,7115
21346,Bob_21346,Intern,7115
21347,Carol_21347,Intern,7116
21348,Dave_21348,Intern,7116
21349,Eve_21349,Intern,7116
21350,Frank_21350,Intern,7117
21351,Grace_21351,Intern,7117
21352,Hank_21352,Intern,7117
21353,Iris_21353,Intern,7118
21354,Jack_21354,Intern,7118
21355,Karen_21355,Intern,7118
21356,Leo_21356,Intern,7119
21357,Maya_21357,Intern,7119
21358,Nate_21358,Intern,7119
21359,Olivia_21359,Intern,7120
21360,Paul_21360,Intern,7120
21361,Quinn_21361,Intern,7120
21362,Rose_21362,Intern,7121
21363,Sam_21363,Intern,7121
21364,Tina_21364,Intern,7121
21365,Uma_21365,Intern,7122
21366,Victor_21366,Intern,7122
21367,Wendy_21367,Intern,7122
21368,Xander_21368,Intern,7123
21369,Yara_21369,Intern,7123
21370,Zack_21370,Intern,7123
21371,Ava_21371,Intern,7124
21372,Ben_21372,Intern,7124
21373,Chloe_21373,Intern,7124
21374,Dylan_21374,Intern,7125
21375,Ella_21375,Intern,7125
21376,Finn_21376,Intern,7125
21377,Alice_21377,Intern,7126
21378,Bob_21378,Intern,7126
21379,Carol_21379,Intern,7126
21380,Dave_21380,Intern,7127
21381,Eve_21381,Intern,7127
21382,Frank_21382,Intern,7127
21383,Grace_21383,Intern,7128
21384,Hank_21384,Intern,7128
21385,Iris_21385,Intern,7128
21386,Jack_21386,Intern,7129
21387,Karen_21387,Intern,7129
21388,Leo_21388,Intern,7129
21389,Maya_21389,Intern,7130
21390,Nate_21390,Intern,7130
21391,Olivia_21391,Intern,7130
21392,Paul_21392,Intern,7131
21393,Quinn_21393,Intern,7131
21394,Rose_21394,Intern,7131
21395,Sam_21395,Intern,7132
21396,Tina_21396,Intern,7132
21397,Uma_21397,Intern,7132
21398,Victor_21398,Intern,7133
21399,Wendy_21399,Intern,7133
21400,Xander_21400,Intern,7133
21401,Yara_21401,Intern,7134
21402,Zack_21402,Intern,7134
21403,Ava_21403,Intern,7134
21404,Ben_21404,Intern,7135
21405,Chloe_21405,Intern,7135
21406,Dylan_21406,Intern,7135
21407,Ella_21407,Intern,7136
21408,Finn_21408,Intern,7136
21409,Alice_21409,Intern,7136
21410,Bob_21410,Intern,7137
21411,Carol_21411,Intern,7137
21412,Dave_21412,Intern,7137
21413,Eve_21413,Intern,7138
21414,Frank_21414,Intern,7138
21415,Grace_21415,Intern,7138
21416,Hank_21416,Intern,7139
21417,Iris_21417,Intern,7139
21418,Jack_21418,Intern,7139
21419,Karen_21419,Intern,7140
21420,Leo_21420,Intern,7140
21421,Maya_21421,Intern,7140
21422,Nate_21422,Intern,7141
21423,Olivia_21423,Intern,7141
21424,Paul_21424,Intern,7141
21425,Quinn_21425,Intern,7142
21426,Rose_21426,Intern,7142
21427,Sam_21427,Intern,7142
21428,Tina_21428,Intern,7143
21429,Uma_21429,Intern,7143
21430,Victor_21430,Intern,7143
21431,Wendy_21431,Intern,7144
21432,Xander_21432,Intern,7144
21433,Yara_21433,Intern,7144
21434,Zack_21434,Intern,7145
21435,Ava_21435,Intern,7145
21436,Ben_21436,Intern,7145
21437,Chloe_21437,Intern,7146
21438,Dylan_21438,Intern,7146
21439,Ella_21439,Intern,7146
21440,Finn_21440,Intern,7147
21441,Alice_21441,Intern,7147
21442,Bob_21442,Intern,7147
21443,Carol_21443,Intern,7148
21444,Dave_21444,Intern,7148
21445,Eve_21445,Intern,7148
21446,Frank_21446,Intern,7149
21447,Grace_21447,Intern,7149
21448,Hank_21448,Intern,7149
21449,Iris_21449,Intern,7150
21450,Jack_21450,Intern,7150
21451,Karen_21451,Intern,7150
21452,Leo_21452,Intern,7151
21453,Maya_21453,Intern,7151
21454,Nate_21454,Intern,7151
21455,Olivia_21455,Intern,7152
21456,Paul_21456,Intern,7152
21457,Quinn_21457,Intern,7152
21458,Rose_21458,Intern,7153
21459,Sam_21459,Intern,7153
21460,Tina_21460,Intern,7153
21461,Uma_21461,Intern,7154
21462,Victor_21462,Intern,7154
21463,Wendy_21463,Intern,7154
21464,Xander_21464,Intern,7155
21465,Yara_21465,Intern,7155
21466,Zack_21466,Intern,7155
21467,Ava_21467,Intern,7156
21468,Ben_21468,Intern,7156
21469,Chloe_21469,Intern,7156
21470,Dylan_21470,Intern,7157
21471,Ella_21471,Intern,7157
21472,Finn_21472,Intern,7157
21473,Alice_21473,Intern,7158
21474,Bob_21474,Intern,7158
21475,Carol_21475,Intern,7158
21476,Dave_21476,Intern,7159
21477,Eve_21477,Intern,7159
21478,Frank_21478,Intern,7159
21479,Grace_21479,Intern,7160
21480,Hank_21480,Intern,7160
21481,Iris_21481,Intern,7160
21482,Jack_21482,Intern,7161
21483,Karen_21483,Intern,7161
21484,Leo_21484,Intern,7161
21485,Maya_21485,Intern,7162
21486,Nate_21486,Intern,7162
21487,Olivia_21487,Intern,7162
21488,Paul_21488,Intern,7163
21489,Quinn_21489,Intern,7163
21490,Rose_21490,Intern,7163
21491,Sam_21491,Intern,7164
21492,Tina_21492,Intern,7164
21493,Uma_21493,Intern,7164
21494,Victor_21494,Intern,7165
21495,Wendy_21495,Intern,7165
21496,Xander_21496,Intern,7165
21497,Yara_21497,Intern,7166
21498,Zack_21498,Intern,7166
21499,Ava_21499,Intern,7166
21500,Ben_21500,Intern,7167
21501,Chloe_21501,Intern,7167
21502,Dylan_21502,Intern,7167
21503,Ella_21503,Intern,7168
21504,Finn_21504,Intern,7168
21505,Alice_21505,Intern,7168
21506,Bob_21506,Intern,7169
21507,Carol_21507,Intern,7169
21508,Dave_21508,Intern,7169
21509,Eve_21509,Intern,7170
21510,Frank_21510,Intern,7170
21511,Grace_21511,Intern,7170
21512,Hank_21512,Intern,7171
21513,Iris_21513,Intern,7171
21514,Jack_21514,Intern,7171
21515,Karen_21515,Intern,7172
21516,Leo_21516,Intern,7172
21517,Maya_21517,Intern,7172
21518,Nate_21518,Intern,7173
21519,Olivia_21519,Intern,7173
21520,Paul_21520,Intern,7173
21521,Quinn_21521,Intern,7174
21522,Rose_21522,Intern,7174
21523,Sam_21523,Intern,7174
21524,Tina_21524,Intern,7175
21525,Uma_21525,Intern,7175
21526,Victor_21526,Intern,7175
21527,Wendy_21527,Intern,7176
21528,Xander_21528,Intern,7176
21529,Yara_21529,Intern,7176
21530,Zack_21530,Intern,7177
21531,Ava_21531,Intern,7177
21532,Ben_21532,Intern,7177
21533,Chloe_21533,Intern,7178
21534,Dylan_21534,Intern,7178
21535,Ella_21535,Intern,7178
21536,Finn_21536,Intern,7179
21537,Alice_21537,Intern,7179
21538,Bob_21538,Intern,7179
21539,Carol_21539,Intern,7180
21540,Dave_21540,Intern,7180
21541,Eve_21541,Intern,7180
21542,Frank_21542,Intern,7181
21543,Grace_21543,Intern,7181
21544,Hank_21544,Intern,7181
21545,Iris_21545,Intern,7182
21546,Jack_21546,Intern,7182
21547,Karen_21547,Intern,7182
21548,Leo_21548,Intern,7183
21549,Maya_21549,Intern,7183
21550,Nate_21550,Intern,7183
21551,Olivia_21551,Intern,7184
21552,Paul_21552,Intern,7184
21553,Quinn_21553,Intern,7184
21554,Rose_21554,Intern,7185
21555,Sam_21555,Intern,7185
21556,Tina_21556,Intern,7185
21557,Uma_21557,Intern,7186
21558,Victor_21558,Intern,7186
21559,Wendy_21559,Intern,7186
21560,Xander_21560,Intern,7187
21561,Yara_21561,Intern,7187
21562,Zack_21562,Intern,7187
21563,Ava_21563,Intern,7188
21564,Ben_21564,Intern,7188
21565,Chloe_21565,Intern,7188
21566,Dylan_21566,Intern,7189
21567,Ella_21567,Intern,7189
21568,Finn_21568,Intern,7189
21569,Alice_21569,Intern,7190
21570,Bob_21570,Intern,7190
21571,Carol_21571,Intern,7190
21572,Dave_21572,Intern,7191
21573,Eve_21573,Intern,7191
21574,Frank_21574,Intern,7191
21575,Grace_21575,Intern,7192
21576,Hank_21576,Intern,7192
21577,Iris_21577,Intern,7192
21578,Jack_21578,Intern,7193
21579,Karen_21579,Intern,7193
21580,Leo_21580,Intern,7193
21581,Maya_21581,Intern,7194
21582,Nate_21582,Intern,7194
21583,Olivia_21583,Intern,7194
21584,Paul_21584,Intern,7195
21585,Quinn_21585,Intern,7195
21586,Rose_21586,Intern,7195
21587,Sam_21587,Intern,7196
21588,Tina_21588,Intern,7196
21589,Uma_21589,Intern,7196
21590,Victor_21590,Intern,7197
21591,Wendy_21591,Intern,7197
21592,Xander_21592,Intern,7197
21593,Yara_21593,Intern,7198
21594,Zack_21594,Intern,7198
21595,Ava_21595,Intern,7198
21596,Ben_21596,Intern,7199
21597,Chloe_21597,Intern,7199
21598,Dylan_21598,Intern,7199
21599,Ella_21599,Intern,7200
21600,Finn_21600,Intern,7200
21601,Alice_21601,Intern,7200
21602,Bob_21602,Intern,7201
21603,Carol_21603,Intern,7201
21604,Dave_21604,Intern,7201
21605,Eve_21605,Intern,7202
21606,Frank_21606,Intern,7202
21607,Grace_21607,Intern,7202
21608,Hank_21608,Intern,7203
21609,Iris_21609,Intern,7203
21610,Jack_21610,Intern,7203
21611,Karen_21611,Intern,7204
21612,Leo_21612,Intern,7204
21613,Maya_21613,Intern,7204
21614,Nate_21614,Intern,7205
21615,Olivia_21615,Intern,7205
21616,Paul_21616,Intern,7205
21617,Quinn_21617,Intern,7206
21618,Rose_21618,Intern,7206
21619,Sam_21619,Intern,7206
21620,Tina_21620,Intern,7207
21621,Uma_21621,Intern,7207
21622,Victor_21622,Intern,7207
21623,Wendy_21623,Intern,7208
21624,Xander_21624,Intern,7208
21625,Yara_21625,Intern,7208
21626,Zack_21626,Intern,7209
21627,Ava_21627,Intern,7209
21628,Ben_21628,Intern,7209
21629,Chloe_21629,Intern,7210
21630,Dylan_21630,Intern,7210
21631,Ella_21631,Intern,7210
21632,Finn_21632,Intern,7211
21633,Alice_21633,Intern,7211
21634,Bob_21634,Intern,7211
21635,Carol_21635,Intern,7212
21636,Dave_21636,Intern,7212
21637,Eve_21637,Intern,7212
21638,Frank_21638,Intern,7213
21639,Grace_21639,Intern,7213
21640,Hank_21640,Intern,7213
21641,Iris_21641,Intern,7214
21642,Jack_21642,Intern,7214
21643,Karen_21643,Intern,7214
21644,Leo_21644,Intern,7215
21645,Maya_21645,Intern,7215
21646,Nate_21646,Intern,7215
21647,Olivia_21647,Intern,7216
21648,Paul_21648,Intern,7216
21649,Quinn_21649,Intern,7216
21650,Rose_21650,Intern,7217
21651,Sam_21651,Intern,7217
21652,Tina_21652,Intern,7217
21653,Uma_21653,Intern,7218
21654,Victor_21654,Intern,7218
21655,Wendy_21655,Intern,7218
21656,Xander_21656,Intern,7219
21657,Yara_21657,Intern,7219
21658,Zack_21658,Intern,7219
21659,Ava_21659,Intern,7220
21660,Ben_21660,Intern,7220
21661,Chloe_21661,Intern,7220
21662,Dylan_21662,Intern,7221
21663,Ella_21663,Intern,7221
21664,Finn_21664,Intern,7221
21665,Alice_21665,Intern,7222
21666,Bob_21666,Intern,7222
21667,Carol_21667,Intern,7222
21668,Dave_21668,Intern,7223
21669,Eve_21669,Intern,7223
21670,Frank_21670,Intern,7223
21671,Grace_21671,Intern,7224
21672,Hank_21672,Intern,7224
21673,Iris_21673,Intern,7224
21674,Jack_21674,Intern,7225
21675,Karen_21675,Intern,7225
21676,Leo_21676,Intern,7225
21677,Maya_21677,Intern,7226
21678,Nate_21678,Intern,7226
21679,Olivia_21679,Intern,7226
21680,Paul_21680,Intern,7227
21681,Quinn_21681,Intern,7227
21682,Rose_21682,Intern,7227
21683,Sam_21683,Intern,7228
21684,Tina_21684,Intern,7228
21685,Uma_21685,Intern,7228
21686,Victor_21686,Intern,7229
21687,Wendy_21687,Intern,7229
21688,Xander_21688,Intern,7229
21689,Yara_21689,Intern,7230
21690,Zack_21690,Intern,7230
21691,Ava_21691,Intern,7230
21692,Ben_21692,Intern,7231
21693,Chloe_21693,Intern,7231
21694,Dylan_21694,Intern,7231
21695,Ella_21695,Intern,7232
21696,Finn_21696,Intern,7232
21697,Alice_21697,Intern,7232
21698,Bob_21698,Intern,7233
21699,Carol_21699,Intern,7233
21700,Dave_21700,Intern,7233
21701,Eve_21701,Intern,7234
21702,Frank_21702,Intern,7234
21703,Grace_21703,Intern,7234
21704,Hank_21704,Intern,7235
21705,Iris_21705,Intern,7235
21706,Jack_21706,Intern,7235
21707,Karen_21707,Intern,7236
21708,Leo_21708,Intern,7236
21709,Maya_21709,Intern,7236
21710,Nate_21710,Intern,7237
21711,Olivia_21711,Intern,7237
21712,Paul_21712,Intern,7237
21713,Quinn_21713,Intern,7238
21714,Rose_21714,Intern,7238
21715,Sam_21715,Intern,7238
21716,Tina_21716,Intern,7239
21717,Uma_21717,Intern,7239
21718,Victor_21718,Intern,7239
21719,Wendy_21719,Intern,7240
21720,Xander_21720,Intern,7240
21721,Yara_21721,Intern,7240
21722,Zack_21722,Intern,7241
21723,Ava_21723,Intern,7241
21724,Ben_21724,Intern,7241
21725,Chloe_21725,Intern,7242
21726,Dylan_21726,Intern,7242
21727,Ella_21727,Intern,7242
21728,Finn_21728,Intern,7243
21729,Alice_21729,Intern,7243
21730,Bob_21730,Intern,7243
21731,Carol_21731,Intern,7244
21732,Dave_21732,Intern,7244
21733,Eve_21733,Intern,7244
21734,Frank_21734,Intern,7245
21735,Grace_21735,Intern,7245
21736,Hank_21736,Intern,7245
21737,Iris_21737,Intern,7246
21738,Jack_21738,Intern,7246
21739,Karen_21739,Intern,7246
21740,Leo_21740,Intern,7247
21741,Maya_21741,Intern,7247
21742,Nate_21742,Intern,7247
21743,Olivia_21743,Intern,7248
21744,Paul_21744,Intern,7248
21745,Quinn_21745,Intern,7248
21746,Rose_21746,Intern,7249
21747,Sam_21747,Intern,7249
21748,Tina_21748,Intern,7249
21749,Uma_21749,Intern,7250
21750,Victor_21750,Intern,7250
21751,Wendy_21751,Intern,7250
21752,Xander_21752,Intern,7251
21753,Yara_21753,Intern,7251
21754,Zack_21754,Intern,7251
21755,Ava_21755,Intern,7252
21756,Ben_21756,Intern,7252
21757,Chloe_21757,Intern,7252
21758,Dylan_21758,Intern,7253
21759,Ella_21759,Intern,7253
21760,Finn_21760,Intern,7253
21761,Alice_21761,Intern,7254
21762,Bob_21762,Intern,7254
21763,Carol_21763,Intern,7254
21764,Dave_21764,Intern,7255
21765,Eve_21765,Intern,7255
21766,Frank_21766,Intern,7255
21767,Grace_21767,Intern,7256
21768,Hank_21768,Intern,7256
21769,Iris_21769,Intern,7256
21770,Jack_21770,Intern,7257
21771,Karen_21771,Intern,7257
21772,Leo_21772,Intern,7257
21773,Maya_21773,Intern,7258
21774,Nate_21774,Intern,7258
21775,Olivia_21775,Intern,7258
21776,Paul_21776,Intern,7259
21777,Quinn_21777,Intern,7259
21778,Rose_21778,Intern,7259
21779,Sam_21779,Intern,7260
21780,Tina_21780,Intern,7260
21781,Uma_21781,Intern,7260
21782,Victor_21782,Intern,7261
21783,Wendy_21783,Intern,7261
21784,Xander_21784,Intern,7261
21785,Yara_21785,Intern,7262
21786,Zack_21786,Intern,7262
21787,Ava_21787,Intern,7262
21788,Ben_21788,Intern,7263
21789,Chloe_21789,Intern,7263
21790,Dylan_21790,Intern,7263
21791,Ella_21791,Intern,7264
21792,Finn_21792,Intern,7264
21793,Alice_21793,Intern,7264
21794,Bob_21794,Intern,7265
21795,Carol_21795,Intern,7265
21796,Dave_21796,Intern,7265
21797,Eve_21797,Intern,7266
21798,Frank_21798,Intern,7266
21799,Grace_21799,Intern,7266
21800,Hank_21800,Intern,7267
21801,Iris_21801,Intern,7267
21802,Jack_21802,Intern,7267
21803,Karen_21803,Intern,7268
21804,Leo_21804,Intern,7268
21805,Maya_21805,Intern,7268
21806,Nate_21806,Intern,7269
21807,Olivia_21807,Intern,7269
21808,Paul_21808,Intern,7269
21809,Quinn_21809,Intern,7270
21810,Rose_21810,Intern,7270
21811,Sam_21811,Intern,7270
21812,Tina_21812,Intern,7271
21813,Uma_21813,Intern,7271
21814,Victor_21814,Intern,7271
21815,Wendy_21815,Intern,7272
21816,Xander_21816,Intern,7272
21817,Yara_21817,Intern,7272
21818,Zack_21818,Intern,7273
21819,Ava_21819,Intern,7273
21820,Ben_21820,Intern,7273
21821,Chloe_21821,Intern,7274
21822,Dylan_21822,Intern,7274
21823,Ella_21823,Intern,7274
21824,Finn_21824,Intern,7275
21825,Alice_21825,Intern,7275
21826,Bob_21826,Intern,7275
21827,Carol_21827,Intern,7276
21828,Dave_21828,Intern,7276
21829,Eve_21829,Intern,7276
21830,Frank_21830,Intern,7277
21831,Grace_21831,Intern,7277
21832,Hank_21832,Intern,7277
21833,Iris_21833,Intern,7278
21834,Jack_21834,Intern,7278
21835,Karen_21835,Intern,7278
21836,Leo_21836,Intern,7279
21837,Maya_21837,Intern,7279
21838,Nate_21838,Intern,7279
21839,Olivia_21839,Intern,7280
21840,Paul_21840,Intern,7280
21841,Quinn_21841,Intern,7280
21842,Rose_21842,Intern,7281
21843,Sam_21843,Intern,7281
21844,Tina_21844,Intern,7281
21845,Uma_21845,Intern,7282
21846,Victor_21846,Intern,7282
21847,Wendy_21847,Intern,7282
21848,Xander_21848,Intern,7283
21849,Yara_21849,Intern,7283
21850,Zack_21850,Intern,7283
21851,Ava_21851,Intern,7284
21852,Ben_21852,Intern,7284
21853,Chloe_21853,Intern,7284
21854,Dylan_21854,Intern,7285
21855,Ella_21855,Intern,7285
21856,Finn_21856,Intern,7285
21857,Alice_21857,Intern,7286
21858,Bob_21858,Intern,7286
21859,Carol_21859,Intern,7286
21860,Dave_21860,Intern,7287
21861,Eve_21861,Intern,7287
21862,Frank_21862,Intern,7287
21863,Grace_21863,Intern,7288
21864,Hank_21864,Intern,7288
21865,Iris_21865,Intern,7288
21866,Jack_21866,Intern,7289
21867,Karen_21867,Intern,7289
21868,Leo_21868,Intern,7289
21869,Maya_21869,Intern,7290
21870,Nate_21870,Intern,7290
21871,Olivia_21871,Intern,7290
21872,Paul_21872,Intern,7291
21873,Quinn_21873,Intern,7291
21874,Rose_21874,Intern,7291
21875,Sam_21875,Intern,7292
21876,Tina_21876,Intern,7292
21877,Uma_21877,Intern,7292
21878,Victor_21878,Intern,7293
21879,Wendy_21879,Intern,7293
21880,Xander_21880,Intern,7293
21881,Yara_21881,Intern,7294
21882,Zack_21882,Intern,7294
21883,Ava_21883,Intern,7294
21884,Ben_21884,Intern,7295
21885,Chloe_21885,Intern,7295
21886,Dylan_21886,Intern,7295
21887,Ella_21887,Intern,7296
21888,Finn_21888,Intern,7296
21889,Alice_21889,Intern,7296
21890,Bob_21890,Intern,7297
21891,Carol_21891,Intern,7297
21892,Dave_21892,Intern,7297
21893,Eve_21893,Intern,7298
21894,Frank_21894,Intern,7298
21895,Grace_21895,Intern,7298
21896,Hank_21896,Intern,7299
21897,Iris_21897,Intern,7299
21898,Jack_21898,Intern,7299
21899,Karen_21899,Intern,7300
21900,Leo_21900,Intern,7300
21901,Maya_21901,Intern,7300
21902,Nate_21902,Intern,7301
21903,Olivia_21903,Intern,7301
21904,Paul_21904,Intern,7301
21905,Quinn_21905,Intern,7302
21906,Rose_21906,Intern,7302
21907,Sam_21907,Intern,7302
21908,Tina_21908,Intern,7303
21909,Uma_21909,Intern,7303
21910,Victor_21910,Intern,7303
21911,Wendy_21911,Intern,7304
21912,Xander_21912,Intern,7304
21913,Yara_21913,Intern,7304
21914,Zack_21914,Intern,7305
21915,Ava_21915,Intern,7305
21916,Ben_21916,Intern,7305
21917,Chloe_21917,Intern,7306
21918,Dylan_21918,Intern,7306
21919,Ella_21919,Intern,7306
21920,Finn_21920,Intern,7307
21921,Alice_21921,Intern,7307
21922,Bob_21922,Intern,7307
21923,Carol_21923,Intern,7308
21924,Dave_21924,Intern,7308
21925,Eve_21925,Intern,7308
21926,Frank_21926,Intern,7309
21927,Grace_21927,Intern,7309
21928,Hank_21928,Intern,7309
21929,Iris_21929,Intern,7310
21930,Jack_21930,Intern,7310
21931,Karen_21931,Intern,7310
21932,Leo_21932,Intern,7311
21933,Maya_21933,Intern,7311
21934,Nate_21934,Intern,7311
21935,Olivia_21935,Intern,7312
21936,Paul_21936,Intern,7312
21937,Quinn_21937,Intern,7312
21938,Rose_21938,Intern,7313
21939,Sam_21939,Intern,7313
21940,Tina_21940,Intern,7313
21941,Uma_21941,Intern,7314
21942,Victor_21942,Intern,7314
21943,Wendy_21943,Intern,7314
21944,Xander_21944,Intern,7315
21945,Yara_21945,Intern,7315
21946,Zack_21946,Intern,7315
21947,Ava_21947,Intern,7316
21948,Ben_21948,Intern,7316
21949,Chloe_21949,Intern,7316
21950,Dylan_21950,Intern,7317
21951,Ella_21951,Intern,7317
21952,Finn_21952,Intern,7317
21953,Alice_21953,Intern,7318
21954,Bob_21954,Intern,7318
21955,Carol_21955,Intern,7318
21956,Dave_21956,Intern,7319
21957,Eve_21957,Intern,7319
21958,Frank_21958,Intern,7319
21959,Grace_21959,Intern,7320
21960,Hank_21960,Intern,7320
21961,Iris_21961,Intern,7320
21962,Jack_21962,Intern,7321
21963,Karen_21963,Intern,7321
21964,Leo_21964,Intern,7321
21965,Maya_21965,Intern,7322
21966,Nate_21966,Intern,7322
21967,Olivia_21967,Intern,7322
21968,Paul_21968,Intern,7323
21969,Quinn_21969,Intern,7323
21970,Rose_21970,Intern,7323
21971,Sam_21971,Intern,7324
21972,Tina_21972,Intern,7324
21973,Uma_21973,Intern,7324
21974,Victor_21974,Intern,7325
21975,Wendy_21975,Intern,7325
21976,Xander_21976,Intern,7325
21977,Yara_21977,Intern,7326
21978,Zack_21978,Intern,7326
21979,Ava_21979,Intern,7326
21980,Ben_21980,Intern,7327
21981,Chloe_21981,Intern,7327
21982,Dylan_21982,Intern,7327
21983,Ella_21983,Intern,7328
21984,Finn_21984,Intern,7328
21985,Alice_21985,Intern,7328
21986,Bob_21986,Intern,7329
21987,Carol_21987,Intern,7329
21988,Dave_21988,Intern,7329
21989,Eve_21989,Intern,7330
21990,Frank_21990,Intern,7330
21991,Grace_21991,Intern,7330
21992,Hank_21992,Intern,7331
21993,Iris_21993,Intern,7331
21994,Jack_21994,Intern,7331
21995,Karen_21995,Intern,7332
21996,Leo_21996,Intern,7332
21997,Maya_21997,Intern,7332
21998,Nate_21998,Intern,7333
21999,Olivia_21999,Intern,7333
22000,Paul_22000,Intern,7333
22001,Quinn_22001,Intern,7334
22002,Rose_22002,Intern,7334
22003,Sam_22003,Intern,7334
22004,Tina_22004,Intern,7335
22005,Uma_22005,Intern,7335
22006,Victor_22006,Intern,7335
22007,Wendy_22007,Intern,7336
22008,Xander_22008,Intern,7336
22009,Yara_22009,Intern,7336
22010,Zack_22010,Intern,7337
22011,Ava_22011,Intern,7337
22012,Ben_22012,Intern,7337
22013,Chloe_22013,Intern,7338
22014,Dylan_22014,Intern,7338
22015,Ella_22015,Intern,7338
22016,Finn_22016,Intern,7339
22017,Alice_22017,Intern,7339
22018,Bob_22018,Intern,7339
22019,Carol_22019,Intern,7340
22020,Dave_22020,Intern,7340
22021,Eve_22021,Intern,7340
22022,Frank_22022,Intern,7341
22023,Grace_22023,Intern,7341
22024,Hank_22024,Intern,7341
22025,Iris_22025,Intern,7342
22026,Jack_22026,Intern,7342
22027,Karen_22027,Intern,7342
22028,Leo_22028,Intern,7343
22029,Maya_22029,Intern,7343
22030,Nate_22030,Intern,7343
22031,Olivia_22031,Intern,7344
22032,Paul_22032,Intern,7344
22033,Quinn_22033,Intern,7344
22034,Rose_22034,Intern,7345
22035,Sam_22035,Intern,7345
22036,Tina_22036,Intern,7345
22037,Uma_22037,Intern,7346
22038,Victor_22038,Intern,7346
22039,Wendy_22039,Intern,7346
22040,Xander_22040,Intern,7347
22041,Yara_22041,Intern,7347
22042,Zack_22042,Intern,7347
22043,Ava_22043,Intern,7348
22044,Ben_22044,Intern,7348
22045,Chloe_22045,Intern,7348
22046,Dylan_22046,Intern,7349
22047,Ella_22047,Intern,7349
22048,Finn_22048,Intern,7349
22049,Alice_22049,Intern,7350
22050,Bob_22050,Intern,7350
22051,Carol_22051,Intern,7350
22052,Dave_22052,Intern,7351
22053,Eve_22053,Intern,7351
22054,Frank_22054,Intern,7351
22055,Grace_22055,Intern,7352
22056,Hank_22056,Intern,7352
22057,Iris_22057,Intern,7352
22058,Jack_22058,Intern,7353
22059,Karen_22059,Intern,7353
22060,Leo_22060,Intern,7353
22061,Maya_22061,Intern,7354
22062,Nate_22062,Intern,7354
22063,Olivia_22063,Intern,7354
22064,Paul_22064,Intern,7355
22065,Quinn_22065,Intern,7355
22066,Rose_22066,Intern,7355
22067,Sam_22067,Intern,7356
22068,Tina_22068,Intern,7356
22069,Uma_22069,Intern,7356
22070,Victor_22070,Intern,7357
22071,Wendy_22071,Intern,7357
22072,Xander_22072,Intern,7357
22073,Yara_22073,Intern,7358
22074,Zack_22074,Intern,7358
22075,Ava_22075,Intern,7358
22076,Ben_22076,Intern,7359
22077,Chloe_22077,Intern,7359
22078,Dylan_22078,Intern,7359
22079,Ella_22079,Intern,7360
22080,Finn_22080,Intern,7360
22081,Alice_22081,Intern,7360
22082,Bob_22082,Intern,7361
22083,Carol_22083,Intern,7361
22084,Dave_22084,Intern,7361
22085,Eve_22085,Intern,7362
22086,Frank_22086,Intern,7362
22087,Grace_22087,Intern,7362
22088,Hank_22088,Intern,7363
22089,Iris_22089,Intern,7363
22090,Jack_22090,Intern,7363
22091,Karen_22091,Intern,7364
22092,Leo_22092,Intern,7364
22093,Maya_22093,Intern,7364
22094,Nate_22094,Intern,7365
22095,Olivia_22095,Intern,7365
22096,Paul_22096,Intern,7365
22097,Quinn_22097,Intern,7366
22098,Rose_22098,Intern,7366
22099,Sam_22099,Intern,7366
22100,Tina_22100,Intern,7367
22101,Uma_22101,Intern,7367
22102,Victor_22102,Intern,7367
22103,Wendy_22103,Intern,7368
22104,Xander_22104,Intern,7368
22105,Yara_22105,Intern,7368
22106,Zack_22106,Intern,7369
22107,Ava_22107,Intern,7369
22108,Ben_22108,Intern,7369
22109,Chloe_22109,Intern,7370
22110,Dylan_22110,Intern,7370
22111,Ella_22111,Intern,7370
22112,Finn_22112,Intern,7371
22113,Alice_22113,Intern,7371
22114,Bob_22114,Intern,7371
22115,Carol_22115,Intern,7372
22116,Dave_22116,Intern,7372
22117,Eve_22117,Intern,7372
22118,Frank_22118,Intern,7373
22119,Grace_22119,Intern,7373
22120,Hank_22120,Intern,7373
22121,Iris_22121,Intern,7374
22122,Jack_22122,Intern,7374
22123,Karen_22123,Intern,7374
22124,Leo_22124,Intern,7375
22125,Maya_22125,Intern,7375
22126,Nate_22126,Intern,7375
22127,Olivia_22127,Intern,7376
22128,Paul_22128,Intern,7376
22129,Quinn_22129,Intern,7376
22130,Rose_22130,Intern,7377
22131,Sam_22131,Intern,7377
22132,Tina_22132,Intern,7377
22133,Uma_22133,Intern,7378
22134,Victor_22134,Intern,7378
22135,Wendy_22135,Intern,7378
22136,Xander_22136,Intern,7379
22137,Yara_22137,Intern,7379
22138,Zack_22138,Intern,7379
22139,Ava_22139,Intern,7380
22140,Ben_22140,Intern,7380
22141,Chloe_22141,Intern,7380
22142,Dylan_22142,Intern,7381
22143,Ella_22143,Intern,7381
22144,Finn_22144,Intern,7381
22145,Alice_22145,Intern,7382
22146,Bob_22146,Intern,7382
22147,Carol_22147,Intern,7382
22148,Dave_22148,Intern,7383
22149,Eve_22149,Intern,7383
22150,Frank_22150,Intern,7383
22151,Grace_22151,Intern,7384
22152,Hank_22152,Intern,7384
22153,Iris_22153,Intern,7384
22154,Jack_22154,Intern,7385
22155,Karen_22155,Intern,7385
22156,Leo_22156,Intern,7385
22157,Maya_22157,Intern,7386
22158,Nate_22158,Intern,7386
22159,Olivia_22159,Intern,7386
22160,Paul_22160,Intern,7387
22161,Quinn_22161,Intern,7387
22162,Rose_22162,Intern,7387
22163,Sam_22163,Intern,7388
22164,Tina_22164,Intern,7388
22165,Uma_22165,Intern,7388
22166,Victor_22166,Intern,7389
22167,Wendy_22167,Intern,7389
22168,Xander_22168,Intern,7389
22169,Yara_22169,Intern,7390
22170,Zack_22170,Intern,7390
22171,Ava_22171,Intern,7390
22172,Ben_22172,Intern,7391
22173,Chloe_22173,Intern,7391
22174,Dylan_22174,Intern,7391
22175,Ella_22175,Intern,7392
22176,Finn_22176,Intern,7392
22177,Alice_22177,Intern,7392
22178,Bob_22178,Intern,7393
22179,Carol_22179,Intern,7393
22180,Dave_22180,Intern,7393
22181,Eve_22181,Intern,7394
22182,Frank_22182,Intern,7394
22183,Grace_22183,Intern,7394
22184,Hank_22184,Intern,7395
22185,Iris_22185,Intern,7395
22186,Jack_22186,Intern,7395
22187,Karen_22187,Intern,7396
22188,Leo_22188,Intern,7396
22189,Maya_22189,Intern,7396
22190,Nate_22190,Intern,7397
22191,Olivia_22191,Intern,7397
22192,Paul_22192,Intern,7397
22193,Quinn_22193,Intern,7398
22194,Rose_22194,Intern,7398
22195,Sam_22195,Intern,7398
22196,Tina_22196,Intern,7399
22197,Uma_22197,Intern,7399
22198,Victor_22198,Intern,7399
22199,Wendy_22199,Intern,7400
22200,Xander_22200,Intern,7400
22201,Yara_22201,Intern,7400
22202,Zack_22202,Intern,7401
22203,Ava_22203,Intern,7401
22204,Ben_22204,Intern,7401
22205,Chloe_22205,Intern,7402
22206,Dylan_22206,Intern,7402
22207,Ella_22207,Intern,7402
22208,Finn_22208,Intern,7403
22209,Alice_22209,Intern,7403
22210,Bob_22210,Intern,7403
22211,Carol_22211,Intern,7404
22212,Dave_22212,Intern,7404
22213,Eve_22213,Intern,7404
22214,Frank_22214,Intern,7405
22215,Grace_22215,Intern,7405
22216,Hank_22216,Intern,7405
22217,Iris_22217,Intern,7406
22218,Jack_22218,Intern,7406
22219,Karen_22219,Intern,7406
22220,Leo_22220,Intern,7407
22221,Maya_22221,Intern,7407
22222,Nate_22222,Intern,7407
22223,Olivia_22223,Intern,7408
22224,Paul_22224,Intern,7408
22225,Quinn_22225,Intern,7408
22226,Rose_22226,Intern,7409
22227,Sam_22227,Intern,7409
22228,Tina_22228,Intern,7409
22229,Uma_22229,Intern,7410
22230,Victor_22230,Intern,7410
22231,Wendy_22231,Intern,7410
22232,Xander_22232,Intern,7411
22233,Yara_22233,Intern,7411
22234,Zack_22234,Intern,7411
22235,Ava_22235,Intern,7412
22236,Ben_22236,Intern,7412
22237,Chloe_22237,Intern,7412
22238,Dylan_22238,Intern,7413
22239,Ella_22239,Intern,7413
22240,Finn_22240,Intern,7413
22241,Alice_22241,Intern,7414
22242,Bob_22242,Intern,7414
22243,Carol_22243,Intern,7414
22244,Dave_22244,Intern,7415
22245,Eve_22245,Intern,7415
22246,Frank_22246,Intern,7415
22247,Grace_22247,Intern,7416
22248,Hank_22248,Intern,7416
22249,Iris_22249,Intern,7416
22250,Jack_22250,Intern,7417
22251,Karen_22251,Intern,7417
22252,Leo_22252,Intern,7417
22253,Maya_22253,Intern,7418
22254,Nate_22254,Intern,7418
22255,Olivia_22255,Intern,7418
22256,Paul_22256,Intern,7419
22257,Quinn_22257,Intern,7419
22258,Rose_22258,Intern,7419
22259,Sam_22259,Intern,7420
22260,Tina_22260,Intern,7420
22261,Uma_22261,Intern,7420
22262,Victor_22262,Intern,7421
22263,Wendy_22263,Intern,7421
22264,Xander_22264,Intern,7421
22265,Yara_22265,Intern,7422
22266,Zack_22266,Intern,7422
22267,Ava_22267,Intern,7422
22268,Ben_22268,Intern,7423
22269,Chloe_22269,Intern,7423
22270,Dylan_22270,Intern,7423
22271,Ella_22271,Intern,7424
22272,Finn_22272,Intern,7424
22273,Alice_22273,Intern,7424
22274,Bob_22274,Intern,7425
22275,Carol_22275,Intern,7425
22276,Dave_22276,Intern,7425
22277,Eve_22277,Intern,7426
22278,Frank_22278,Intern,7426
22279,Grace_22279,Intern,7426
22280,Hank_22280,Intern,7427
22281,Iris_22281,Intern,7427
22282,Jack_22282,Intern,7427
22283,Karen_22283,Intern,7428
22284,Leo_22284,Intern,7428
22285,Maya_22285,Intern,7428
22286,Nate_22286,Intern,7429
22287,Olivia_22287,Intern,7429
22288,Paul_22288,Intern,7429
22289,Quinn_22289,Intern,7430
22290,Rose_22290,Intern,7430
22291,Sam_22291,Intern,7430
22292,Tina_22292,Intern,7431
22293,Uma_22293,Intern,7431
22294,Victor_22294,Intern,7431
22295,Wendy_22295,Intern,7432
22296,Xander_22296,Intern,7432
22297,Yara_22297,Intern,7432
22298,Zack_22298,Intern,7433
22299,Ava_22299,Intern,7433
22300,Ben_22300,Intern,7433
22301,Chloe_22301,Intern,7434
22302,Dylan_22302,Intern,7434
22303,Ella_22303,Intern,7434
22304,Finn_22304,Intern,7435
22305,Alice_22305,Intern,7435
22306,Bob_22306,Intern,7435
22307,Carol_22307,Intern,7436
22308,Dave_22308,Intern,7436
22309,Eve_22309,Intern,7436
22310,Frank_22310,Intern,7437
22311,Grace_22311,Intern,7437
22312,Hank_22312,Intern,7437
22313,Iris_22313,Intern,7438
22314,Jack_22314,Intern,7438
22315,Karen_22315,Intern,7438
22316,Leo_22316,Intern,7439
22317,Maya_22317,Intern,7439
22318,Nate_22318,Intern,7439
22319,Olivia_22319,Intern,7440
22320,Paul_22320,Intern,7440
22321,Quinn_22321,Intern,7440
22322,Rose_22322,Intern,7441
22323,Sam_22323,Intern,7441
22324,Tina_22324,Intern,7441
22325,Uma_22325,Intern,7442
22326,Victor_22326,Intern,7442
22327,Wendy_22327,Intern,7442
22328,Xander_22328,Intern,7443
22329,Yara_22329,Intern,7443
22330,Zack_22330,Intern,7443
22331,Ava_22331,Intern,7444
22332,Ben_22332,Intern,7444
22333,Chloe_22333,Intern,7444
22334,Dylan_22334,Intern,7445
22335,Ella_22335,Intern,7445
22336,Finn_22336,Intern,7445
22337,Alice_22337,Intern,7446
22338,Bob_22338,Intern,7446
22339,Carol_22339,Intern,7446
22340,Dave_22340,Intern,7447
22341,Eve_22341,Intern,7447
22342,Frank_22342,Intern,7447
22343,Grace_22343,Intern,7448
22344,Hank_22344,Intern,7448
22345,Iris_22345,Intern,7448
22346,Jack_22346,Intern,7449
22347,Karen_22347,Intern,7449
22348,Leo_22348,Intern,7449
22349,Maya_22349,Intern,7450
22350,Nate_22350,Intern,7450
22351,Olivia_22351,Intern,7450
22352,Paul_22352,Intern,7451
22353,Quinn_22353,Intern,7451
22354,Rose_22354,Intern,7451
22355,Sam_22355,Intern,7452
22356,Tina_22356,Intern,7452
22357,Uma_22357,Intern,7452
22358,Victor_22358,Intern,7453
22359,Wendy_22359,Intern,7453
22360,Xander_22360,Intern,7453
22361,Yara_22361,Intern,7454
22362,Zack_22362,Intern,7454
22363,Ava_22363,Intern,7454
22364,Ben_22364,Intern,7455
22365,Chloe_22365,Intern,7455
22366,Dylan_22366,Intern,7455
22367,Ella_22367,Intern,7456
22368,Finn_22368,Intern,7456
22369,Alice_22369,Intern,7456
22370,Bob_22370,Intern,7457
22371,Carol_22371,Intern,7457
22372,Dave_22372,Intern,7457
22373,Eve_22373,Intern,7458
22374,Frank_22374,Intern,7458
22375,Grace_22375,Intern,7458
22376,Hank_22376,Intern,7459
22377,Iris_22377,Intern,7459
22378,Jack_22378,Intern,7459
22379,Karen_22379,Intern,7460
22380,Leo_22380,Intern,7460
22381,Maya_22381,Intern,7460
22382,Nate_22382,Intern,7461
22383,Olivia_22383,Intern,7461
22384,Paul_22384,Intern,7461
22385,Quinn_22385,Intern,7462
22386,Rose_22386,Intern,7462
22387,Sam_22387,Intern,7462
22388,Tina_22388,Intern,7463
22389,Uma_22389,Intern,7463
22390,Victor_22390,Intern,7463
22391,Wendy_22391,Intern,7464
22392,Xander_22392,Intern,7464
22393,Yara_22393,Intern,7464
22394,Zack_22394,Intern,7465
22395,Ava_22395,Intern,7465
22396,Ben_22396,Intern,7465
22397,Chloe_22397,Intern,7466
22398,Dylan_22398,Intern,7466
22399,Ella_22399,Intern,7466
22400,Finn_22400,Intern,7467
22401,Alice_22401,Intern,7467
22402,Bob_22402,Intern,7467
22403,Carol_22403,Intern,7468
22404,Dave_22404,Intern,7468
22405,Eve_22405,Intern,7468
22406,Frank_22406,Intern,7469
22407,Grace_22407,Intern,7469
22408,Hank_22408,Intern,7469
22409,Iris_22409,Intern,7470
22410,Jack_22410,Intern,7470
22411,Karen_22411,Intern,7470
22412,Leo_22412,Intern,7471
22413,Maya_22413,Intern,7471
22414,Nate_22414,Intern,7471
22415,Olivia_22415,Intern,7472
22416,Paul_22416,Intern,7472
22417,Quinn_22417,Intern,7472
22418,Rose_22418,Intern,7473
22419,Sam_22419,Intern,7473
22420,Tina_22420,Intern,7473
22421,Uma_22421,Intern,7474
22422,Victor_22422,Intern,7474
22423,Wendy_22423,Intern,7474
22424,Xander_22424,Intern,7475
22425,Yara_22425,Intern,7475
22426,Zack_22426,Intern,7475
22427,Ava_22427,Intern,7476
22428,Ben_22428,Intern,7476
22429,Chloe_22429,Intern,7476
22430,Dylan_22430,Intern,7477
22431,Ella_22431,Intern,7477
22432,Finn_22432,Intern,7477
22433,Alice_22433,Intern,7478
22434,Bob_22434,Intern,7478
22435,Carol_22435,Intern,7478
22436,Dave_22436,Intern,7479
22437,Eve_22437,Intern,7479
22438,Frank_22438,Intern,7479
22439,Grace_22439,Intern,7480
22440,Hank_22440,Intern,7480
22441,Iris_22441,Intern,7480
22442,Jack_22442,Intern,7481
22443,Karen_22443,Intern,7481
22444,Leo_22444,Intern,7481
22445,Maya_22445,Intern,7482
22446,Nate_22446,Intern,7482
22447,Olivia_22447,Intern,7482
22448,Paul_22448,Intern,7483
22449,Quinn_22449,Intern,7483
22450,Rose_22450,Intern,7483
22451,Sam_22451,Intern,7484
22452,Tina_22452,Intern,7484
22453,Uma_22453,Intern,7484
22454,Victor_22454,Intern,7485
22455,Wendy_22455,Intern,7485
22456,Xander_22456,Intern,7485
22457,Yara_22457,Intern,7486
22458,Zack_22458,Intern,7486
22459,Ava_22459,Intern,7486
22460,Ben_22460,Intern,7487
22461,Chloe_22461,Intern,7487
22462,Dylan_22462,Intern,7487
22463,Ella_22463,Intern,7488
22464,Finn_22464,Intern,7488
22465,Alice_22465,Intern,7488
22466,Bob_22466,Intern,7489
22467,Carol_22467,Intern,7489
22468,Dave_22468,Intern,7489
22469,Eve_22469,Intern,7490
22470,Frank_22470,Intern,7490
22471,Grace_22471,Intern,7490
22472,Hank_22472,Intern,7491
22473,Iris_22473,Intern,7491
22474,Jack_22474,Intern,7491
22475,Karen_22475,Intern,7492
22476,Leo_22476,Intern,7492
22477,Maya_22477,Intern,7492
22478,Nate_22478,Intern,7493
22479,Olivia_22479,Intern,7493
22480,Paul_22480,Intern,7493
22481,Quinn_22481,Intern,7494
22482,Rose_22482,Intern,7494
22483,Sam_22483,Intern,7494
22484,Tina_22484,Intern,7495
22485,Uma_22485,Intern,7495
22486,Victor_22486,Intern,7495
22487,Wendy_22487,Intern,7496
22488,Xander_22488,Intern,7496
22489,Yara_22489,Intern,7496
22490,Zack_22490,Intern,7497
22491,Ava_22491,Intern,7497
22492,Ben_22492,Intern,7497
22493,Chloe_22493,Intern,7498
22494,Dylan_22494,Intern,7498
22495,Ella_22495,Intern,7498
22496,Finn_22496,Intern,7499
22497,Alice_22497,Intern,7499
22498,Bob_22498,Intern,7499
22499,Carol_22499,Intern,7500
22500,Dave_22500,Intern,7500
22501,Eve_22501,Intern,7500
22502,Frank_22502,Intern,7501
22503,Grace_22503,Intern,7501
22504,Hank_22504,Intern,7501
22505,Iris_22505,Intern,7502
22506,Jack_22506,Intern,7502
22507,Karen_22507,Intern,7502
22508,Leo_22508,Intern,7503
22509,Maya_22509,Intern,7503
22510,Nate_22510,Intern,7503
22511,Olivia_22511,Intern,7504
22512,Paul_22512,Intern,7504
22513,Quinn_22513,Intern,7504
22514,Rose_22514,Intern,7505
22515,Sam_22515,Intern,7505
22516,Tina_22516,Intern,7505
22517,Uma_22517,Intern,7506
22518,Victor_22518,Intern,7506
22519,Wendy_22519,Intern,7506
22520,Xander_22520,Intern,7507
22521,Yara_22521,Intern,7507
22522,Zack_22522,Intern,7507
22523,Ava_22523,Intern,7508
22524,Ben_22524,Intern,7508
22525,Chloe_22525,Intern,7508
22526,Dylan_22526,Intern,7509
22527,Ella_22527,Intern,7509
22528,Finn_22528,Intern,7509
22529,Alice_22529,Intern,7510
22530,Bob_22530,Intern,7510
22531,Carol_22531,Intern,7510
22532,Dave_22532,Intern,7511
22533,Eve_22533,Intern,7511
22534,Frank_22534,Intern,7511
22535,Grace_22535,Intern,7512
22536,Hank_22536,Intern,7512
22537,Iris_22537,Intern,7512
22538,Jack_22538,Intern,7513
22539,Karen_22539,Intern,7513
22540,Leo_22540,Intern,7513
22541,Maya_22541,Intern,7514
22542,Nate_22542,Intern,7514
22543,Olivia_22543,Intern,7514
22544,Paul_22544,Intern,7515
22545,Quinn_22545,Intern,7515
22546,Rose_22546,Intern,7515
22547,Sam_22547,Intern,7516
22548,Tina_22548,Intern,7516
22549,Uma_22549,Intern,7516
22550,Victor_22550,Intern,7517
22551,Wendy_22551,Intern,7517
22552,Xander_22552,Intern,7517
22553,Yara_22553,Intern,7518
22554,Zack_22554,Intern,7518
22555,Ava_22555,Intern,7518
22556,Ben_22556,Intern,7519
22557,Chloe_22557,Intern,7519
22558,Dylan_22558,Intern,7519
22559,Ella_22559,Intern,7520
22560,Finn_22560,Intern,7520
22561,Alice_22561,Intern,7520
22562,Bob_22562,Intern,7521
22563,Carol_22563,Intern,7521
22564,Dave_22564,Intern,7521
22565,Eve_22565,Intern,7522
22566,Frank_22566,Intern,7522
22567,Grace_22567,Intern,7522
22568,Hank_22568,Intern,7523
22569,Iris_22569,Intern,7523
22570,Jack_22570,Intern,7523
22571,Karen_22571,Intern,7524
22572,Leo_22572,Intern,7524
22573,Maya_22573,Intern,7524
22574,Nate_22574,Intern,7525
22575,Olivia_22575,Intern,7525
22576,Paul_22576,Intern,7525
22577,Quinn_22577,Intern,7526
22578,Rose_22578,Intern,7526
22579,Sam_22579,Intern,7526
22580,Tina_22580,Intern,7527
22581,Uma_22581,Intern,7527
22582,Victor_22582,Intern,7527
22583,Wendy_22583,Intern,7528
22584,Xander_22584,Intern,7528
22585,Yara_22585,Intern,7528
22586,Zack_22586,Intern,7529
22587,Ava_22587,Intern,7529
22588,Ben_22588,Intern,7529
22589,Chloe_22589,Intern,7530
22590,Dylan_22590,Intern,7530
22591,Ella_22591,Intern,7530
22592,Finn_22592,Intern,7531
22593,Alice_22593,Intern,7531
22594,Bob_22594,Intern,7531
22595,Carol_22595,Intern,7532
22596,Dave_22596,Intern,7532
22597,Eve_22597,Intern,7532
22598,Frank_22598,Intern,7533
22599,Grace_22599,Intern,7533
22600,Hank_22600,Intern,7533
22601,Iris_22601,Intern,7534
22602,Jack_22602,Intern,7534
22603,Karen_22603,Intern,7534
22604,Leo_22604,Intern,7535
22605,Maya_22605,Intern,7535
22606,Nate_22606,Intern,7535
22607,Olivia_22607,Intern,7536
22608,Paul_22608,Intern,7536
22609,Quinn_22609,Intern,7536
22610,Rose_22610,Intern,7537
22611,Sam_22611,Intern,7537
22612,Tina_22612,Intern,7537
22613,Uma_22613,Intern,7538
22614,Victor_22614,Intern,7538
22615,Wendy_22615,Intern,7538
22616,Xander_22616,Intern,7539
22617,Yara_22617,Intern,7539
22618,Zack_22618,Intern,7539
22619,Ava_22619,Intern,7540
22620,Ben_22620,Intern,7540
22621,Chloe_22621,Intern,7540
22622,Dylan_22622,Intern,7541
22623,Ella_22623,Intern,7541
22624,Finn_22624,Intern,7541
22625,Alice_22625,Intern,7542
22626,Bob_22626,Intern,7542
22627,Carol_22627,Intern,7542
22628,Dave_22628,Intern,7543
22629,Eve_22629,Intern,7543
22630,Frank_22630,Intern,7543
22631,Grace_22631,Intern,7544
22632,Hank_22632,Intern,7544
22633,Iris_22633,Intern,7544
22634,Jack_22634,Intern,7545
22635,Karen_22635,Intern,7545
22636,Leo_22636,Intern,7545
22637,Maya_22637,Intern,7546
22638,Nate_22638,Intern,7546
22639,Olivia_22639,Intern,7546
22640,Paul_22640,Intern,7547
22641,Quinn_22641,Intern,7547
22642,Rose_22642,Intern,7547
22643,Sam_22643,Intern,7548
22644,Tina_22644,Intern,7548
22645,Uma_22645,Intern,7548
22646,Victor_22646,Intern,7549
22647,Wendy_22647,Intern,7549
22648,Xander_22648,Intern,7549
22649,Yara_22649,Intern,7550
22650,Zack_22650,Intern,7550
22651,Ava_22651,Intern,7550
22652,Ben_22652,Intern,7551
22653,Chloe_22653,Intern,7551
22654,Dylan_22654,Intern,7551
22655,Ella_22655,Intern,7552
22656,Finn_22656,Intern,7552
22657,Alice_22657,Intern,7552
22658,Bob_22658,Intern,7553
22659,Carol_22659,Intern,7553
22660,Dave_22660,Intern,7553
22661,Eve_22661,Intern,7554
22662,Frank_22662,Intern,7554
22663,Grace_22663,Intern,7554
22664,Hank_22664,Intern,7555
22665,Iris_22665,Intern,7555
22666,Jack_22666,Intern,7555
22667,Karen_22667,Intern,7556
22668,Leo_22668,Intern,7556
22669,Maya_22669,Intern,7556
22670,Nate_22670,Intern,7557
22671,Olivia_22671,Intern,7557
22672,Paul_22672,Intern,7557
22673,Quinn_22673,Intern,7558
22674,Rose_22674,Intern,7558
22675,Sam_22675,Intern,7558
22676,Tina_22676,Intern,7559
22677,Uma_22677,Intern,7559
22678,Victor_22678,Intern,7559
22679,Wendy_22679,Intern,7560
22680,Xander_22680,Intern,7560
22681,Yara_22681,Intern,7560
22682,Zack_22682,Intern,7561
22683,Ava_22683,Intern,7561
22684,Ben_22684,Intern,7561
22685,Chloe_22685,Intern,7562
22686,Dylan_22686,Intern,7562
22687,Ella_22687,Intern,7562
22688,Finn_22688,Intern,7563
22689,Alice_22689,Intern,7563
22690,Bob_22690,Intern,7563
22691,Carol_22691,Intern,7564
22692,Dave_22692,Intern,7564
22693,Eve_22693,Intern,7564
22694,Frank_22694,Intern,7565
22695,Grace_22695,Intern,7565
22696,Hank_22696,Intern,7565
22697,Iris_22697,Intern,7566
22698,Jack_22698,Intern,7566
22699,Karen_22699,Intern,7566
22700,Leo_22700,Intern,7567
22701,Maya_22701,Intern,7567
22702,Nate_22702,Intern,7567
22703,Olivia_22703,Intern,7568
22704,Paul_22704,Intern,7568
22705,Quinn_22705,Intern,7568
22706,Rose_22706,Intern,7569
22707,Sam_22707,Intern,7569
22708,Tina_22708,Intern,7569
22709,Uma_22709,Intern,7570
22710,Victor_22710,Intern,7570
22711,Wendy_22711,Intern,7570
22712,Xander_22712,Intern,7571
22713,Yara_22713,Intern,7571
22714,Zack_22714,Intern,7571
22715,Ava_22715,Intern,7572
22716,Ben_22716,Intern,7572
22717,Chloe_22717,Intern,7572
22718,Dylan_22718,Intern,7573
22719,Ella_22719,Intern,7573
22720,Finn_22720,Intern,7573
22721,Alice_22721,Intern,7574
22722,Bob_22722,Intern,7574
22723,Carol_22723,Intern,7574
22724,Dave_22724,Intern,7575
22725,Eve_22725,Intern,7575
22726,Frank_22726,Intern,7575
22727,Grace_22727,Intern,7576
22728,Hank_22728,Intern,7576
22729,Iris_22729,Intern,7576
22730,Jack_22730,Intern,7577
22731,Karen_22731,Intern,7577
22732,Leo_22732,Intern,7577
22733,Maya_22733,Intern,7578
22734,Nate_22734,Intern,7578
22735,Olivia_22735,Intern,7578
22736,Paul_22736,Intern,7579
22737,Quinn_22737,Intern,7579
22738,Rose_22738,Intern,7579
22739,Sam_22739,Intern,7580
22740,Tina_22740,Intern,7580
22741,Uma_22741,Intern,7580
22742,Victor_22742,Intern,7581
22743,Wendy_22743,Intern,7581
22744,Xander_22744,Intern,7581
22745,Yara_22745,Intern,7582
22746,Zack_22746,Intern,7582
22747,Ava_22747,Intern,7582
22748,Ben_22748,Intern,7583
22749,Chloe_22749,Intern,7583
22750,Dylan_22750,Intern,7583
22751,Ella_22751,Intern,7584
22752,Finn_22752,Intern,7584
22753,Alice_22753,Intern,7584
22754,Bob_22754,Intern,7585
22755,Carol_22755,Intern,7585
22756,Dave_22756,Intern,7585
22757,Eve_22757,Intern,7586
22758,Frank_22758,Intern,7586
22759,Grace_22759,Intern,7586
22760,Hank_22760,Intern,7587
22761,Iris_22761,Intern,7587
22762,Jack_22762,Intern,7587
22763,Karen_22763,Intern,7588
22764,Leo_22764,Intern,7588
22765,Maya_22765,Intern,7588
22766,Nate_22766,Intern,7589
22767,Olivia_22767,Intern,7589
22768,Paul_22768,Intern,7589
22769,Quinn_22769,Intern,7590
22770,Rose_22770,Intern,7590
22771,Sam_22771,Intern,7590
22772,Tina_22772,Intern,7591
22773,Uma_22773,Intern,7591
22774,Victor_22774,Intern,7591
22775,Wendy_22775,Intern,7592
22776,Xander_22776,Intern,7592
22777,Yara_22777,Intern,7592
22778,Zack_22778,Intern,7593
22779,Ava_22779,Intern,7593
22780,Ben_22780,Intern,7593
22781,Chloe_22781,Intern,7594
22782,Dylan_22782,Intern,7594
22783,Ella_22783,Intern,7594
22784,Finn_22784,Intern,7595
22785,Alice_22785,Intern,7595
22786,Bob_22786,Intern,7595
22787,Carol_22787,Intern,7596
22788,Dave_22788,Intern,7596
22789,Eve_22789,Intern,7596
22790,Frank_22790,Intern,7597
22791,Grace_22791,Intern,7597
22792,Hank_22792,Intern,7597
22793,Iris_22793,Intern,7598
22794,Jack_22794,Intern,7598
22795,Karen_22795,Intern,7598
22796,Leo_22796,Intern,7599
22797,Maya_22797,Intern,7599
22798,Nate_22798,Intern,7599
22799,Olivia_22799,Intern,7600
22800,Paul_22800,Intern,7600
22801,Quinn_22801,Intern,7600
22802,Rose_22802,Intern,7601
22803,Sam_22803,Intern,7601
22804,Tina_22804,Intern,7601
22805,Uma_22805,Intern,7602
22806,Victor_22806,Intern,7602
22807,Wendy_22807,Intern,7602
22808,Xander_22808,Intern,7603
22809,Yara_22809,Intern,7603
22810,Zack_22810,Intern,7603
22811,Ava_22811,Intern,7604
22812,Ben_22812,Intern,7604
22813,Chloe_22813,Intern,7604
22814,Dylan_22814,Intern,7605
22815,Ella_22815,Intern,7605
22816,Finn_22816,Intern,7605
22817,Alice_22817,Intern,7606
22818,Bob_22818,Intern,7606
22819,Carol_22819,Intern,7606
22820,Dave_22820,Intern,7607
22821,Eve_22821,Intern,7607
22822,Frank_22822,Intern,7607
22823,Grace_22823,Intern,7608
22824,Hank_22824,Intern,7608
22825,Iris_22825,Intern,7608
22826,Jack_22826,Intern,7609
22827,Karen_22827,Intern,7609
22828,Leo_22828,Intern,7609
22829,Maya_22829,Intern,7610
22830,Nate_22830,Intern,7610
22831,Olivia_22831,Intern,7610
22832,Paul_22832,Intern,7611
22833,Quinn_22833,Intern,7611
22834,Rose_22834,Intern,7611
22835,Sam_22835,Intern,7612
22836,Tina_22836,Intern,7612
22837,Uma_22837,Intern,7612
22838,Victor_22838,Intern,7613
22839,Wendy_22839,Intern,7613
22840,Xander_22840,Intern,7613
22841,Yara_22841,Intern,7614
22842,Zack_22842,Intern,7614
22843,Ava_22843,Intern,7614
22844,Ben_22844,Intern,7615
22845,Chloe_22845,Intern,7615
22846,Dylan_22846,Intern,7615
22847,Ella_22847,Intern,7616
22848,Finn_22848,Intern,7616
22849,Alice_22849,Intern,7616
22850,Bob_22850,Intern,7617
22851,Carol_22851,Intern,7617
22852,Dave_22852,Intern,7617
22853,Eve_22853,Intern,7618
22854,Frank_22854,Intern,7618
22855,Grace_22855,Intern,7618
22856,Hank_22856,Intern,7619
22857,Iris_22857,Intern,7619
22858,Jack_22858,Intern,7619
22859,Karen_22859,Intern,7620
22860,Leo_22860,Intern,7620
22861,Maya_22861,Intern,7620
22862,Nate_22862,Intern,7621
22863,Olivia_22863,Intern,7621
22864,Paul_22864,Intern,7621
22865,Quinn_22865,Intern,7622
22866,Rose_22866,Intern,7622
22867,Sam_22867,Intern,7622
22868,Tina_22868,Intern,7623
22869,Uma_22869,Intern,7623
22870,Victor_22870,Intern,7623
22871,Wendy_22871,Intern,7624
22872,Xander_22872,Intern,7624
22873,Yara_22873,Intern,7624
22874,Zack_22874,Intern,7625
22875,Ava_22875,Intern,7625
22876,Ben_22876,Intern,7625
22877,Chloe_22877,Intern,7626
22878,Dylan_22878,Intern,7626
22879,Ella_22879,Intern,7626
22880,Finn_22880,Intern,7627
22881,Alice_22881,Intern,7627
22882,Bob_22882,Intern,7627
22883,Carol_22883,Intern,7628
22884,Dave_22884,Intern,7628
22885,Eve_22885,Intern,7628
22886,Frank_22886,Intern,7629
22887,Grace_22887,Intern,7629
22888,Hank_22888,Intern,7629
22889,Iris_22889,Intern,7630
22890,Jack_22890,Intern,7630
22891,Karen_22891,Intern,7630
22892,Leo_22892,Intern,7631
22893,Maya_22893,Intern,7631
22894,Nate_22894,Intern,7631
22895,Olivia_22895,Intern,7632
22896,Paul_22896,Intern,7632
22897,Quinn_22897,Intern,7632
22898,Rose_22898,Intern,7633
22899,Sam_22899,Intern,7633
22900,Tina_22900,Intern,7633
22901,Uma_22901,Intern,7634
22902,Victor_22902,Intern,7634
22903,Wendy_22903,Intern,7634
22904,Xander_22904,Intern,7635
22905,Yara_22905,Intern,7635
22906,Zack_22906,Intern,7635
22907,Ava_22907,Intern,7636
22908,Ben_22908,Intern,7636
22909,Chloe_22909,Intern,7636
22910,Dylan_22910,Intern,7637
22911,Ella_22911,Intern,7637
22912,Finn_22912,Intern,7637
22913,Alice_22913,Intern,7638
22914,Bob_22914,Intern,7638
22915,Carol_22915,Intern,7638
22916,Dave_22916,Intern,7639
22917,Eve_22917,Intern,7639
22918,Frank_22918,Intern,7639
22919,Grace_22919,Intern,7640
22920,Hank_22920,Intern,7640
22921,Iris_22921,Intern,7640
22922,Jack_22922,Intern,7641
22923,Karen_22923,Intern,7641
22924,Leo_22924,Intern,7641
22925,Maya_22925,Intern,7642
22926,Nate_22926,Intern,7642
22927,Olivia_22927,Intern,7642
22928,Paul_22928,Intern,7643
22929,Quinn_22929,Intern,7643
22930,Rose_22930,Intern,7643
22931,Sam_22931,Intern,7644
22932,Tina_22932,Intern,7644
22933,Uma_22933,Intern,7644
22934,Victor_22934,Intern,7645
22935,Wendy_22935,Intern,7645
22936,Xander_22936,Intern,7645
22937,Yara_22937,Intern,7646
22938,Zack_22938,Intern,7646
22939,Ava_22939,Intern,7646
22940,Ben_22940,Intern,7647
22941,Chloe_22941,Intern,7647
22942,Dylan_22942,Intern,7647
22943,Ella_22943,Intern,7648
22944,Finn_22944,Intern,7648
22945,Alice_22945,Intern,7648
22946,Bob_22946,Intern,7649
22947,Carol_22947,Intern,7649
22948,Dave_22948,Intern,7649
22949,Eve_22949,Intern,7650
22950,Frank_22950,Intern,7650
22951,Grace_22951,Intern,7650
22952,Hank_22952,Intern,7651
22953,Iris_22953,Intern,7651
22954,Jack_22954,Intern,7651
22955,Karen_22955,Intern,7652
22956,Leo_22956,Intern,7652
22957,Maya_22957,Intern,7652
22958,Nate_22958,Intern,7653
22959,Olivia_22959,Intern,7653
22960,Paul_22960,Intern,7653
22961,Quinn_22961,Intern,7654
22962,Rose_22962,Intern,7654
22963,Sam_22963,Intern,7654
22964,Tina_22964,Intern,7655
22965,Uma_22965,Intern,7655
22966,Victor_22966,Intern,7655
22967,Wendy_22967,Intern,7656
22968,Xander_22968,Intern,7656
22969,Yara_22969,Intern,7656
22970,Zack_22970,Intern,7657
22971,Ava_22971,Intern,7657
22972,Ben_22972,Intern,7657
22973,Chloe_22973,Intern,7658
22974,Dylan_22974,Intern,7658
22975,Ella_22975,Intern,7658
22976,Finn_22976,Intern,7659
22977,Alice_22977,Intern,7659
22978,Bob_22978,Intern,7659
22979,Carol_22979,Intern,7660
22980,Dave_22980,Intern,7660
22981,Eve_22981,Intern,7660
22982,Frank_22982,Intern,7661
22983,Grace_22983,Intern,7661
22984,Hank_22984,Intern,7661
22985,Iris_22985,Intern,7662
22986,Jack_22986,Intern,7662
22987,Karen_22987,Intern,7662
22988,Leo_22988,Intern,7663
22989,Maya_22989,Intern,7663
22990,Nate_22990,Intern,7663
22991,Olivia_22991,Intern,7664
22992,Paul_22992,Intern,7664
22993,Quinn_22993,Intern,7664
22994,Rose_22994,Intern,7665
22995,Sam_22995,Intern,7665
22996,Tina_22996,Intern,7665
22997,Uma_22997,Intern,7666
22998,Victor_22998,Intern,7666
22999,Wendy_22999,Intern,7666
23000,Xander_23000,Intern,7667
23001,Yara_23001,Intern,7667
23002,Zack_23002,Intern,7667
23003,Ava_23003,Intern,7668
23004,Ben_23004,Intern,7668
23005,Chloe_23005,Intern,7668
23006,Dylan_23006,Intern,7669
23007,Ella_23007,Intern,7669
23008,Finn_23008,Intern,7669
23009,Alice_23009,Intern,7670
23010,Bob_23010,Intern,7670
23011,Carol_23011,Intern,7670
23012,Dave_23012,Intern,7671
23013,Eve_23013,Intern,7671
23014,Frank_23014,Intern,7671
23015,Grace_23015,Intern,7672
23016,Hank_23016,Intern,7672
23017,Iris_23017,Intern,7672
23018,Jack_23018,Intern,7673
23019,Karen_23019,Intern,7673
23020,Leo_23020,Intern,7673
23021,Maya_23021,Intern,7674
23022,Nate_23022,Intern,7674
23023,Olivia_23023,Intern,7674
23024,Paul_23024,Intern,7675
23025,Quinn_23025,Intern,7675
23026,Rose_23026,Intern,7675
23027,Sam_23027,Intern,7676
23028,Tina_23028,Intern,7676
23029,Uma_23029,Intern,7676
23030,Victor_23030,Intern,7677
23031,Wendy_23031,Intern,7677
23032,Xander_23032,Intern,7677
23033,Yara_23033,Intern,7678
23034,Zack_23034,Intern,7678
23035,Ava_23035,Intern,7678
23036,Ben_23036,Intern,7679
23037,Chloe_23037,Intern,7679
23038,Dylan_23038,Intern,7679
23039,Ella_23039,Intern,7680
23040,Finn_23040,Intern,7680
23041,Alice_23041,Intern,7680
23042,Bob_23042,Intern,7681
23043,Carol_23043,Intern,7681
23044,Dave_23044,Intern,7681
23045,Eve_23045,Intern,7682
23046,Frank_23046,Intern,7682
23047,Grace_23047,Intern,7682
23048,Hank_23048,Intern,7683
23049,Iris_23049,Intern,7683
23050,Jack_23050,Intern,7683
23051,Karen_23051,Intern,7684
23052,Leo_23052,Intern,7684
23053,Maya_23053,Intern,7684
23054,Nate_23054,Intern,7685
23055,Olivia_23055,Intern,7685
23056,Paul_23056,Intern,7685
23057,Quinn_23057,Intern,7686
23058,Rose_23058,Intern,7686
23059,Sam_23059,Intern,7686
23060,Tina_23060,Intern,7687
23061,Uma_23061,Intern,7687
23062,Victor_23062,Intern,7687
23063,Wendy_23063,Intern,7688
23064,Xander_23064,Intern,7688
23065,Yara_23065,Intern,7688
23066,Zack_23066,Intern,7689
23067,Ava_23067,Intern,7689
23068,Ben_23068,Intern,7689
23069,Chloe_23069,Intern,7690
23070,Dylan_23070,Intern,7690
23071,Ella_23071,Intern,7690
23072,Finn_23072,Intern,7691
23073,Alice_23073,Intern,7691
23074,Bob_23074,Intern,7691
23075,Carol_23075,Intern,7692
23076,Dave_23076,Intern,7692
23077,Eve_23077,Intern,7692
23078,Frank_23078,Intern,7693
23079,Grace_23079,Intern,7693
23080,Hank_23080,Intern,7693
23081,Iris_23081,Intern,7694
23082,Jack_23082,Intern,7694
23083,Karen_23083,Intern,7694
23084,Leo_23084,Intern,7695
23085,Maya_23085,Intern,7695
23086,Nate_23086,Intern,7695
23087,Olivia_23087,Intern,7696
23088,Paul_23088,Intern,7696
23089,Quinn_23089,Intern,7696
23090,Rose_23090,Intern,7697
23091,Sam_23091,Intern,7697
23092,Tina_23092,Intern,7697
23093,Uma_23093,Intern,7698
23094,Victor_23094,Intern,7698
23095,Wendy_23095,Intern,7698
23096,Xander_23096,Intern,7699
23097,Yara_23097,Intern,7699
23098,Zack_23098,Intern,7699
23099,Ava_23099,Intern,7700
23100,Ben_23100,Intern,7700
23101,Chloe_23101,Intern,7700
23102,Dylan_23102,Intern,7701
23103,Ella_23103,Intern,7701
23104,Finn_23104,Intern,7701
23105,Alice_23105,Intern,7702
23106,Bob_23106,Intern,7702
23107,Carol_23107,Intern,7702
23108,Dave_23108,Intern,7703
23109,Eve_23109,Intern,7703
23110,Frank_23110,Intern,7703
23111,Grace_23111,Intern,7704
23112,Hank_23112,Intern,7704
23113,Iris_23113,Intern,7704
23114,Jack_23114,Intern,7705
23115,Karen_23115,Intern,7705
23116,Leo_23116,Intern,7705
23117,Maya_23117,Intern,7706
23118,Nate_23118,Intern,7706
23119,Olivia_23119,Intern,7706
23120,Paul_23120,Intern,7707
23121,Quinn_23121,Intern,7707
23122,Rose_23122,Intern,7707
23123,Sam_23123,Intern,7708
23124,Tina_23124,Intern,7708
23125,Uma_23125,Intern,7708
23126,Victor_23126,Intern,7709
23127,Wendy_23127,Intern,7709
23128,Xander_23128,Intern,7709
23129,Yara_23129,Intern,7710
23130,Zack_23130,Intern,7710
23131,Ava_23131,Intern,7710
23132,Ben_23132,Intern,7711
23133,Chloe_23133,Intern,7711
23134,Dylan_23134,Intern,7711
23135,Ella_23135,Intern,7712
23136,Finn_23136,Intern,7712
23137,Alice_23137,Intern,7712
23138,Bob_23138,Intern,7713
23139,Carol_23139,Intern,7713
23140,Dave_23140,Intern,7713
23141,Eve_23141,Intern,7714
23142,Frank_23142,Intern,7714
23143,Grace_23143,Intern,7714
23144,Hank_23144,Intern,7715
23145,Iris_23145,Intern,7715
23146,Jack_23146,Intern,7715
23147,Karen_23147,Intern,7716
23148,Leo_23148,Intern,7716
23149,Maya_23149,Intern,7716
23150,Nate_23150,Intern,7717
23151,Olivia_23151,Intern,7717
23152,Paul_23152,Intern,7717
23153,Quinn_23153,Intern,7718
23154,Rose_23154,Intern,7718
23155,Sam_23155,Intern,7718
23156,Tina_23156,Intern,7719
23157,Uma_23157,Intern,7719
23158,Victor_23158,Intern,7719
23159,Wendy_23159,Intern,7720
23160,Xander_23160,Intern,7720
23161,Yara_23161,Intern,7720
23162,Zack_23162,Intern,7721
23163,Ava_23163,Intern,7721
23164,Ben_23164,Intern,7721
23165,Chloe_23165,Intern,7722
23166,Dylan_23166,Intern,7722
23167,Ella_23167,Intern,7722
23168,Finn_23168,Intern,7723
23169,Alice_23169,Intern,7723
23170,Bob_23170,Intern,7723
23171,Carol_23171,Intern,7724
23172,Dave_23172,Intern,7724
23173,Eve_23173,Intern,7724
23174,Frank_23174,Intern,7725
23175,Grace_23175,Intern,7725
23176,Hank_23176,Intern,7725
23177,Iris_23177,Intern,7726
23178,Jack_23178,Intern,7726
23179,Karen_23179,Intern,7726
23180,Leo_23180,Intern,7727
23181,Maya_23181,Intern,7727
23182,Nate_23182,Intern,7727
23183,Olivia_23183,Intern,7728
23184,Paul_23184,Intern,7728
23185,Quinn_23185,Intern,7728
23186,Rose_23186,Intern,7729
23187,Sam_23187,Intern,7729
23188,Tina_23188,Intern,7729
23189,Uma_23189,Intern,7730
23190,Victor_23190,Intern,7730
23191,Wendy_23191,Intern,7730
23192,Xander_23192,Intern,7731
23193,Yara_23193,Intern,7731
23194,Zack_23194,Intern,7731
23195,Ava_23195,Intern,7732
23196,Ben_23196,Intern,7732
23197,Chloe_23197,Intern,7732
23198,Dylan_23198,Intern,7733
23199,Ella_23199,Intern,7733
23200,Finn_23200,Intern,7733
23201,Alice_23201,Intern,7734
23202,Bob_23202,Intern,7734
23203,Carol_23203,Intern,7734
23204,Dave_23204,Intern,7735
23205,Eve_23205,Intern,7735
23206,Frank_23206,Intern,7735
23207,Grace_23207,Intern,7736
23208,Hank_23208,Intern,7736
23209,Iris_23209,Intern,7736
23210,Jack_23210,Intern,7737
23211,Karen_23211,Intern,7737
23212,Leo_23212,Intern,7737
23213,Maya_23213,Intern,7738
23214,Nate_23214,Intern,7738
23215,Olivia_23215,Intern,7738
23216,Paul_23216,Intern,7739
23217,Quinn_23217,Intern,7739
23218,Rose_23218,Intern,7739
23219,Sam_23219,Intern,7740
23220,Tina_23220,Intern,7740
23221,Uma_23221,Intern,7740
23222,Victor_23222,Intern,7741
23223,Wendy_23223,Intern,7741
23224,Xander_23224,Intern,7741
23225,Yara_23225,Intern,7742
23226,Zack_23226,Intern,7742
23227,Ava_23227,Intern,7742
23228,Ben_23228,Intern,7743
23229,Chloe_23229,Intern,7743
23230,Dylan_23230,Intern,7743
23231,Ella_23231,Intern,7744
23232,Finn_23232,Intern,7744
23233,Alice_23233,Intern,7744
23234,Bob_23234,Intern,7745
23235,Carol_23235,Intern,7745
23236,Dave_23236,Intern,7745
23237,Eve_23237,Intern,7746
23238,Frank_23238,Intern,7746
23239,Grace_23239,Intern,7746
23240,Hank_23240,Intern,7747
23241,Iris_23241,Intern,7747
23242,Jack_23242,Intern,7747
23243,Karen_23243,Intern,7748
23244,Leo_23244,Intern,7748
23245,Maya_23245,Intern,7748
23246,Nate_23246,Intern,7749
23247,Olivia_23247,Intern,7749
23248,Paul_23248,Intern,7749
23249,Quinn_23249,Intern,7750
23250,Rose_23250,Intern,7750
23251,Sam_23251,Intern,7750
23252,Tina_23252,Intern,7751
23253,Uma_23253,Intern,7751
23254,Victor_23254,Intern,7751
23255,Wendy_23255,Intern,7752
23256,Xander_23256,Intern,7752
23257,Yara_23257,Intern,7752
23258,Zack_23258,Intern,7753
23259,Ava_23259,Intern,7753
23260,Ben_23260,Intern,7753
23261,Chloe_23261,Intern,7754
23262,Dylan_23262,Intern,7754
23263,Ella_23263,Intern,7754
23264,Finn_23264,Intern,7755
23265,Alice_23265,Intern,7755
23266,Bob_23266,Intern,7755
23267,Carol_23267,Intern,7756
23268,Dave_23268,Intern,7756
23269,Eve_23269,Intern,7756
23270,Frank_23270,Intern,7757
23271,Grace_23271,Intern,7757
23272,Hank_23272,Intern,7757
23273,Iris_23273,Intern,7758
23274,Jack_23274,Intern,7758
23275,Karen_23275,Intern,7758
23276,Leo_23276,Intern,7759
23277,Maya_23277,Intern,7759
23278,Nate_23278,Intern,7759
23279,Olivia_23279,Intern,7760
23280,Paul_23280,Intern,7760
23281,Quinn_23281,Intern,7760
23282,Rose_23282,Intern,7761
23283,Sam_23283,Intern,7761
23284,Tina_23284,Intern,7761
23285,Uma_23285,Intern,7762
23286,Victor_23286,Intern,7762
23287,Wendy_23287,Intern,7762
23288,Xander_23288,Intern,7763
23289,Yara_23289,Intern,7763
23290,Zack_23290,Intern,7763
23291,Ava_23291,Intern,7764
23292,Ben_23292,Intern,7764
23293,Chloe_23293,Intern,7764
23294,Dylan_23294,Intern,7765
23295,Ella_23295,Intern,7765
23296,Finn_23296,Intern,7765
23297,Alice_23297,Intern,7766
23298,Bob_23298,Intern,7766
23299,Carol_23299,Intern,7766
23300,Dave_23300,Intern,7767
23301,Eve_23301,Intern,7767
23302,Frank_23302,Intern,7767
23303,Grace_23303,Intern,7768
23304,Hank_23304,Intern,7768
23305,Iris_23305,Intern,7768
23306,Jack_23306,Intern,7769
23307,Karen_23307,Intern,7769
23308,Leo_23308,Intern,7769
23309,Maya_23309,Intern,7770
23310,Nate_23310,Intern,7770
23311,Olivia_23311,Intern,7770
23312,Paul_23312,Intern,7771
23313,Quinn_23313,Intern,7771
23314,Rose_23314,Intern,7771
23315,Sam_23315,Intern,7772
23316,Tina_23316,Intern,7772
23317,Uma_23317,Intern,7772
23318,Victor_23318,Intern,7773
23319,Wendy_23319,Intern,7773
23320,Xander_23320,Intern,7773
23321,Yara_23321,Intern,7774
23322,Zack_23322,Intern,7774
23323,Ava_23323,Intern,7774
23324,Ben_23324,Intern,7775
23325,Chloe_23325,Intern,7775
23326,Dylan_23326,Intern,7775
23327,Ella_23327,Intern,7776
23328,Finn_23328,Intern,7776
23329,Alice_23329,Intern,7776
23330,Bob_23330,Intern,7777
23331,Carol_23331,Intern,7777
23332,Dave_23332,Intern,7777
23333,Eve_23333,Intern,7778
23334,Frank_23334,Intern,7778
23335,Grace_23335,Intern,7778
23336,Hank_23336,Intern,7779
23337,Iris_23337,Intern,7779
23338,Jack_23338,Intern,7779
23339,Karen_23339,Intern,7780
23340,Leo_23340,Intern,7780
23341,Maya_23341,Intern,7780
23342,Nate_23342,Intern,7781
23343,Olivia_23343,Intern,7781
23344,Paul_23344,Intern,7781
23345,Quinn_23345,Intern,7782
23346,Rose_23346,Intern,7782
23347,Sam_23347,Intern,7782
23348,Tina_23348,Intern,7783
23349,Uma_23349,Intern,7783
23350,Victor_23350,Intern,7783
23351,Wendy_23351,Intern,7784
23352,Xander_23352,Intern,7784
23353,Yara_23353,Intern,7784
23354,Zack_23354,Intern,7785
23355,Ava_23355,Intern,7785
23356,Ben_23356,Intern,7785
23357,Chloe_23357,Intern,7786
23358,Dylan_23358,Intern,7786
23359,Ella_23359,Intern,7786
23360,Finn_23360,Intern,7787
23361,Alice_23361,Intern,7787
23362,Bob_23362,Intern,7787
23363,Carol_23363,Intern,7788
23364,Dave_23364,Intern,7788
23365,Eve_23365,Intern,7788
23366,Frank_23366,Intern,7789
23367,Grace_23367,Intern,7789
23368,Hank_23368,Intern,7789
23369,Iris_23369,Intern,7790
23370,Jack_23370,Intern,7790
23371,Karen_23371,Intern,7790
23372,Leo_23372,Intern,7791
23373,Maya_23373,Intern,7791
23374,Nate_23374,Intern,7791
23375,Olivia_23375,Intern,7792
23376,Paul_23376,Intern,7792
23377,Quinn_23377,Intern,7792
23378,Rose_23378,Intern,7793
23379,Sam_23379,Intern,7793
23380,Tina_23380,Intern,7793
23381,Uma_23381,Intern,7794
23382,Victor_23382,Intern,7794
23383,Wendy_23383,Intern,7794
23384,Xander_23384,Intern,7795
23385,Yara_23385,Intern,7795
23386,Zack_23386,Intern,7795
23387,Ava_23387,Intern,7796
23388,Ben_23388,Intern,7796
23389,Chloe_23389,Intern,7796
23390,Dylan_23390,Intern,7797
23391,Ella_23391,Intern,7797
23392,Finn_23392,Intern,7797
23393,Alice_23393,Intern,7798
23394,Bob_23394,Intern,7798
23395,Carol_23395,Intern,7798
23396,Dave_23396,Intern,7799
23397,Eve_23397,Intern,7799
23398,Frank_23398,Intern,7799
23399,Grace_23399,Intern,7800
23400,Hank_23400,Intern,7800
23401,Iris_23401,Intern,7800
23402,Jack_23402,Intern,7801
23403,Karen_23403,Intern,7801
23404,Leo_23404,Intern,7801
23405,Maya_23405,Intern,7802
23406,Nate_23406,Intern,7802
23407,Olivia_23407,Intern,7802
23408,Paul_23408,Intern,7803
23409,Quinn_23409,Intern,7803
23410,Rose_23410,Intern,7803
23411,Sam_23411,Intern,7804
23412,Tina_23412,Intern,7804
23413,Uma_23413,Intern,7804
23414,Victor_23414,Intern,7805
23415,Wendy_23415,Intern,7805
23416,Xander_23416,Intern,7805
23417,Yara_23417,Intern,7806
23418,Zack_23418,Intern,7806
23419,Ava_23419,Intern,7806
23420,Ben_23420,Intern,7807
23421,Chloe_23421,Intern,7807
23422,Dylan_23422,Intern,7807
23423,Ella_23423,Intern,7808
23424,Finn_23424,Intern,7808
23425,Alice_23425,Intern,7808
23426,Bob_23426,Intern,7809
23427,Carol_23427,Intern,7809
23428,Dave_23428,Intern,7809
23429,Eve_23429,Intern,7810
23430,Frank_23430,Intern,7810
23431,Grace_23431,Intern,7810
23432,Hank_23432,Intern,7811
23433,Iris_23433,Intern,7811
23434,Jack_23434,Intern,7811
23435,Karen_23435,Intern,7812
23436,Leo_23436,Intern,7812
23437,Maya_23437,Intern,7812
23438,Nate_23438,Intern,7813
23439,Olivia_23439,Intern,7813
23440,Paul_23440,Intern,7813
23441,Quinn_23441,Intern,7814
23442,Rose_23442,Intern,7814
23443,Sam_23443,Intern,7814
23444,Tina_23444,Intern,7815
23445,Uma_23445,Intern,7815
23446,Victor_23446,Intern,7815
23447,Wendy_23447,Intern,7816
23448,Xander_23448,Intern,7816
23449,Yara_23449,Intern,7816
23450,Zack_23450,Intern,7817
23451,Ava_23451,Intern,7817
23452,Ben_23452,Intern,7817
23453,Chloe_23453,Intern,7818
23454,Dylan_23454,Intern,7818
23455,Ella_23455,Intern,7818
23456,Finn_23456,Intern,7819
23457,Alice_23457,Intern,7819
23458,Bob_23458,Intern,7819
23459,Carol_23459,Intern,7820
23460,Dave_23460,Intern,7820
23461,Eve_23461,Intern,7820
23462,Frank_23462,Intern,7821
23463,Grace_23463,Intern,7821
23464,Hank_23464,Intern,7821
23465,Iris_23465,Intern,7822
23466,Jack_23466,Intern,7822
23467,Karen_23467,Intern,7822
23468,Leo_23468,Intern,7823
23469,Maya_23469,Intern,7823
23470,Nate_23470,Intern,7823
23471,Olivia_23471,Intern,7824
23472,Paul_23472,Intern,7824
23473,Quinn_23473,Intern,7824
23474,Rose_23474,Intern,7825
23475,Sam_23475,Intern,7825
23476,Tina_23476,Intern,7825
23477,Uma_23477,Intern,7826
23478,Victor_23478,Intern,7826
23479,Wendy_23479,Intern,7826
23480,Xander_23480,Intern,7827
23481,Yara_23481,Intern,7827
23482,Zack_23482,Intern,7827
23483,Ava_23483,Intern,7828
23484,Ben_23484,Intern,7828
23485,Chloe_23485,Intern,7828
23486,Dylan_23486,Intern,7829
23487,Ella_23487,Intern,7829
23488,Finn_23488,Intern,7829
23489,Alice_23489,Intern,7830
23490,Bob_23490,Intern,7830
23491,Carol_23491,Intern,7830
23492,Dave_23492,Intern,7831
23493,Eve_23493,Intern,7831
23494,Frank_23494,Intern,7831
23495,Grace_23495,Intern,7832
23496,Hank_23496,Intern,7832
23497,Iris_23497,Intern,7832
23498,Jack_23498,Intern,7833
23499,Karen_23499,Intern,7833
23500,Leo_23500,Intern,7833
23501,Maya_23501,Intern,7834
23502,Nate_23502,Intern,7834
23503,Olivia_23503,Intern,7834
23504,Paul_23504,Intern,7835
23505,Quinn_23505,Intern,7835
23506,Rose_23506,Intern,7835
23507,Sam_23507,Intern,7836
23508,Tina_23508,Intern,7836
23509,Uma_23509,Intern,7836
23510,Victor_23510,Intern,7837
23511,Wendy_23511,Intern,7837
23512,Xander_23512,Intern,7837
23513,Yara_23513,Intern,7838
23514,Zack_23514,Intern,7838
23515,Ava_23515,Intern,7838
23516,Ben_23516,Intern,7839
23517,Chloe_23517,Intern,7839
23518,Dylan_23518,Intern,7839
23519,Ella_23519,Intern,7840
23520,Finn_23520,Intern,7840
23521,Alice_23521,Intern,7840
23522,Bob_23522,Intern,7841
23523,Carol_23523,Intern,7841
23524,Dave_23524,Intern,7841
23525,Eve_23525,Intern,7842
23526,Frank_23526,Intern,7842
23527,Grace_23527,Intern,7842
23528,Hank_23528,Intern,7843
23529,Iris_23529,Intern,7843
23530,Jack_23530,Intern,7843
23531,Karen_23531,Intern,7844
23532,Leo_23532,Intern,7844
23533,Maya_23533,Intern,7844
23534,Nate_23534,Intern,7845
23535,Olivia_23535,Intern,7845
23536,Paul_23536,Intern,7845
23537,Quinn_23537,Intern,7846
23538,Rose_23538,Intern,7846
23539,Sam_23539,Intern,7846
23540,Tina_23540,Intern,7847
23541,Uma_23541,Intern,7847
23542,Victor_23542,Intern,7847
23543,Wendy_23543,Intern,7848
23544,Xander_23544,Intern,7848
23545,Yara_23545,Intern,7848
23546,Zack_23546,Intern,7849
23547,Ava_23547,Intern,7849
23548,Ben_23548,Intern,7849
23549,Chloe_23549,Intern,7850
23550,Dylan_23550,Intern,7850
23551,Ella_23551,Intern,7850
23552,Finn_23552,Intern,7851
23553,Alice_23553,Intern,7851
23554,Bob_23554,Intern,7851
23555,Carol_23555,Intern,7852
23556,Dave_23556,Intern,7852
23557,Eve_23557,Intern,7852
23558,Frank_23558,Intern,7853
23559,Grace_23559,Intern,7853
23560,Hank_23560,Intern,7853
23561,Iris_23561,Intern,7854
23562,Jack_23562,Intern,7854
23563,Karen_23563,Intern,7854
23564,Leo_23564,Intern,7855
23565,Maya_23565,Intern,7855
23566,Nate_23566,Intern,7855
23567,Olivia_23567,Intern,7856
23568,Paul_23568,Intern,7856
23569,Quinn_23569,Intern,7856
23570,Rose_23570,Intern,7857
23571,Sam_23571,Intern,7857
23572,Tina_23572,Intern,7857
23573,Uma_23573,Intern,7858
23574,Victor_23574,Intern,7858
23575,Wendy_23575,Intern,7858
23576,Xander_23576,Intern,7859
23577,Yara_23577,Intern,7859
23578,Zack_23578,Intern,7859
23579,Ava_23579,Intern,7860
23580,Ben_23580,Intern,7860
23581,Chloe_23581,Intern,7860
23582,Dylan_23582,Intern,7861
23583,Ella_23583,Intern,7861
23584,Finn_23584,Intern,7861
23585,Alice_23585,Intern,7862
23586,Bob_23586,Intern,7862
23587,Carol_23587,Intern,7862
23588,Dave_23588,Intern,7863
23589,Eve_23589,Intern,7863
23590,Frank_23590,Intern,7863
23591,Grace_23591,Intern,7864
23592,Hank_23592,Intern,7864
23593,Iris_23593,Intern,7864
23594,Jack_23594,Intern,7865
23595,Karen_23595,Intern,7865
23596,Leo_23596,Intern,7865
23597,Maya_23597,Intern,7866
23598,Nate_23598,Intern,7866
23599,Olivia_23599,Intern,7866
23600,Paul_23600,Intern,7867
23601,Quinn_23601,Intern,7867
23602,Rose_23602,Intern,7867
23603,Sam_23603,Intern,7868
23604,Tina_23604,Intern,7868
23605,Uma_23605,Intern,7868
23606,Victor_23606,Intern,7869
23607,Wendy_23607,Intern,7869
23608,Xander_23608,Intern,7869
23609,Yara_23609,Intern,7870
23610,Zack_23610,Intern,7870
23611,Ava_23611,Intern,7870
23612,Ben_23612,Intern,7871
23613,Chloe_23613,Intern,7871
23614,Dylan_23614,Intern,7871
23615,Ella_23615,Intern,7872
23616,Finn_23616,Intern,7872
23617,Alice_23617,Intern,7872
23618,Bob_23618,Intern,7873
23619,Carol_23619,Intern,7873
23620,Dave_23620,Intern,7873
23621,Eve_23621,Intern,7874
23622,Frank_23622,Intern,7874
23623,Grace_23623,Intern,7874
23624,Hank_23624,Intern,7875
23625,Iris_23625,Intern,7875
23626,Jack_23626,Intern,7875
23627,Karen_23627,Intern,7876
23628,Leo_23628,Intern,7876
23629,Maya_23629,Intern,7876
23630,Nate_23630,Intern,7877
23631,Olivia_23631,Intern,7877
23632,Paul_23632,Intern,7877
23633,Quinn_23633,Intern,7878
23634,Rose_23634,Intern,7878
23635,Sam_23635,Intern,7878
23636,Tina_23636,Intern,7879
23637,Uma_23637,Intern,7879
23638,Victor_23638,Intern,7879
23639,Wendy_23639,Intern,7880
23640,Xander_23640,Intern,7880
23641,Yara_23641,Intern,7880
23642,Zack_23642,Intern,7881
23643,Ava_23643,Intern,7881
23644,Ben_23644,Intern,7881
23645,Chloe_23645,Intern,7882
23646,Dylan_23646,Intern,7882
23647,Ella_23647,Intern,7882
23648,Finn_23648,Intern,7883
23649,Alice_23649,Intern,7883
23650,Bob_23650,Intern,7883
23651,Carol_23651,Intern,7884
23652,Dave_23652,Intern,7884
23653,Eve_23653,Intern,7884
23654,Frank_23654,Intern,7885
23655,Grace_23655,Intern,7885
23656,Hank_23656,Intern,7885
23657,Iris_23657,Intern,7886
23658,Jack_23658,Intern,7886
23659,Karen_23659,Intern,7886
23660,Leo_23660,Intern,7887
23661,Maya_23661,Intern,7887
23662,Nate_23662,Intern,7887
23663,Olivia_23663,Intern,7888
23664,Paul_23664,Intern,7888
23665,Quinn_23665,Intern,7888
23666,Rose_23666,Intern,7889
23667,Sam_23667,Intern,7889
23668,Tina_23668,Intern,7889
23669,Uma_23669,Intern,7890
23670,Victor_23670,Intern,7890
23671,Wendy_23671,Intern,7890
23672,Xander_23672,Intern,7891
23673,Yara_23673,Intern,7891
23674,Zack_23674,Intern,7891
23675,Ava_23675,Intern,7892
23676,Ben_23676,Intern,7892
23677,Chloe_23677,Intern,7892
23678,Dylan_23678,Intern,7893
23679,Ella_23679,Intern,7893
23680,Finn_23680,Intern,7893
23681,Alice_23681,Intern,7894
23682,Bob_23682,Intern,7894
23683,Carol_23683,Intern,7894
23684,Dave_23684,Intern,7895
23685,Eve_23685,Intern,7895
23686,Frank_23686,Intern,7895
23687,Grace_23687,Intern,7896
23688,Hank_23688,Intern,7896
23689,Iris_23689,Intern,7896
23690,Jack_23690,Intern,7897
23691,Karen_23691,Intern,7897
23692,Leo_23692,Intern,7897
23693,Maya_23693,Intern,7898
23694,Nate_23694,Intern,7898
23695,Olivia_23695,Intern,7898
23696,Paul_23696,Intern,7899
23697,Quinn_23697,Intern,7899
23698,Rose_23698,Intern,7899
23699,Sam_23699,Intern,7900
23700,Tina_23700,Intern,7900
23701,Uma_23701,Intern,7900
23702,Victor_23702,Intern,7901
23703,Wendy_23703,Intern,7901
23704,Xander_23704,Intern,7901
23705,Yara_23705,Intern,7902
23706,Zack_23706,Intern,7902
23707,Ava_23707,Intern,7902
23708,Ben_23708,Intern,7903
23709,Chloe_23709,Intern,7903
23710,Dylan_23710,Intern,7903
23711,Ella_23711,Intern,7904
23712,Finn_23712,Intern,7904
23713,Alice_23713,Intern,7904
23714,Bob_23714,Intern,7905
23715,Carol_23715,Intern,7905
23716,Dave_23716,Intern,7905
23717,Eve_23717,Intern,7906
23718,Frank_23718,Intern,7906
23719,Grace_23719,Intern,7906
23720,Hank_23720,Intern,7907
23721,Iris_23721,Intern,7907
23722,Jack_23722,Intern,7907
23723,Karen_23723,Intern,7908
23724,Leo_23724,Intern,7908
23725,Maya_23725,Intern,7908
23726,Nate_23726,Intern,7909
23727,Olivia_23727,Intern,7909
23728,Paul_23728,Intern,7909
23729,Quinn_23729,Intern,7910
23730,Rose_23730,Intern,7910
23731,Sam_23731,Intern,7910
23732,Tina_23732,Intern,7911
23733,Uma_23733,Intern,7911
23734,Victor_23734,Intern,7911
23735,Wendy_23735,Intern,7912
23736,Xander_23736,Intern,7912
23737,Yara_23737,Intern,7912
23738,Zack_23738,Intern,7913
23739,Ava_23739,Intern,7913
23740,Ben_23740,Intern,7913
23741,Chloe_23741,Intern,7914
23742,Dylan_23742,Intern,7914
23743,Ella_23743,Intern,7914
23744,Finn_23744,Intern,7915
23745,Alice_23745,Intern,7915
23746,Bob_23746,Intern,7915
23747,Carol_23747,Intern,7916
23748,Dave_23748,Intern,7916
23749,Eve_23749,Intern,7916
23750,Frank_23750,Intern,7917
23751,Grace_23751,Intern,7917
23752,Hank_23752,Intern,7917
23753,Iris_23753,Intern,7918
23754,Jack_23754,Intern,7918
23755,Karen_23755,Intern,7918
23756,Leo_23756,Intern,7919
23757,Maya_23757,Intern,7919
23758,Nate_23758,Intern,7919
23759,Olivia_23759,Intern,7920
23760,Paul_23760,Intern,7920
23761,Quinn_23761,Intern,7920
23762,Rose_23762,Intern,7921
23763,Sam_23763,Intern,7921
23764,Tina_23764,Intern,7921
23765,Uma_23765,Intern,7922
23766,Victor_23766,Intern,7922
23767,Wendy_23767,Intern,7922
23768,Xander_23768,Intern,7923
23769,Yara_23769,Intern,7923
23770,Zack_23770,Intern,7923
23771,Ava_23771,Intern,7924
23772,Ben_23772,Intern,7924
23773,Chloe_23773,Intern,7924
23774,Dylan_23774,Intern,7925
23775,Ella_23775,Intern,7925
23776,Finn_23776,Intern,7925
23777,Alice_23777,Intern,7926
23778,Bob_23778,Intern,7926
23779,Carol_23779,Intern,7926
23780,Dave_23780,Intern,7927
23781,Eve_23781,Intern,7927
23782,Frank_23782,Intern,7927
23783,Grace_23783,Intern,7928
23784,Hank_23784,Intern,7928
23785,Iris_23785,Intern,7928
23786,Jack_23786,Intern,7929
23787,Karen_23787,Intern,7929
23788,Leo_23788,Intern,7929
23789,Maya_23789,Intern,7930
23790,Nate_23790,Intern,7930
23791,Olivia_23791,Intern,7930
23792,Paul_23792,Intern,7931
23793,Quinn_23793,Intern,7931
23794,Rose_23794,Intern,7931
23795,Sam_23795,Intern,7932
23796,Tina_23796,Intern,7932
23797,Uma_23797,Intern,7932
23798,Victor_23798,Intern,7933
23799,Wendy_23799,Intern,7933
23800,Xander_23800,Intern,7933
23801,Yara_23801,Intern,7934
23802,Zack_23802,Intern,7934
23803,Ava_23803,Intern,7934
23804,Ben_23804,Intern,7935
23805,Chloe_23805,Intern,7935
23806,Dylan_23806,Intern,7935
23807,Ella_23807,Intern,7936
23808,Finn_23808,Intern,7936
23809,Alice_23809,Intern,7936
23810,Bob_23810,Intern,7937
23811,Carol_23811,Intern,7937
23812,Dave_23812,Intern,7937
23813,Eve_23813,Intern,7938
23814,Frank_23814,Intern,7938
23815,Grace_23815,Intern,7938
23816,Hank_23816,Intern,7939
23817,Iris_23817,Intern,7939
23818,Jack_23818,Intern,7939
23819,Karen_23819,Intern,7940
23820,Leo_23820,Intern,7940
23821,Maya_23821,Intern,7940
23822,Nate_23822,Intern,7941
23823,Olivia_23823,Intern,7941
23824,Paul_23824,Intern,7941
23825,Quinn_23825,Intern,7942
23826,Rose_23826,Intern,7942
23827,Sam_23827,Intern,7942
23828,Tina_23828,Intern,7943
23829,Uma_23829,Intern,7943
23830,Victor_23830,Intern,7943
23831,Wendy_23831,Intern,7944
23832,Xander_23832,Intern,7944
23833,Yara_23833,Intern,7944
23834,Zack_23834,Intern,7945
23835,Ava_23835,Intern,7945
23836,Ben_23836,Intern,7945
23837,Chloe_23837,Intern,7946
23838,Dylan_23838,Intern,7946
23839,Ella_23839,Intern,7946
23840,Finn_23840,Intern,7947
23841,Alice_23841,Intern,7947
23842,Bob_23842,Intern,7947
23843,Carol_23843,Intern,7948
23844,Dave_23844,Intern,7948
23845,Eve_23845,Intern,7948
23846,Frank_23846,Intern,7949
23847,Grace_23847,Intern,7949
23848,Hank_23848,Intern,7949
23849,Iris_23849,Intern,7950
23850,Jack_23850,Intern,7950
23851,Karen_23851,Intern,7950
23852,Leo_23852,Intern,7951
23853,Maya_23853,Intern,7951
23854,Nate_23854,Intern,7951
23855,Olivia_23855,Intern,7952
23856,Paul_23856,Intern,7952
23857,Quinn_23857,Intern,7952
23858,Rose_23858,Intern,7953
23859,Sam_23859,Intern,7953
23860,Tina_23860,Intern,7953
23861,Uma_23861,Intern,7954
23862,Victor_23862,Intern,7954
23863,Wendy_23863,Intern,7954
23864,Xander_23864,Intern,7955
23865,Yara_23865,Intern,7955
23866,Zack_23866,Intern,7955
23867,Ava_23867,Intern,7956
23868,Ben_23868,Intern,7956
23869,Chloe_23869,Intern,7956
23870,Dylan_23870,Intern,7957
23871,Ella_23871,Intern,7957
23872,Finn_23872,Intern,7957
23873,Alice_23873,Intern,7958
23874,Bob_23874,Intern,7958
23875,Carol_23875,Intern,7958
23876,Dave_23876,Intern,7959
23877,Eve_23877,Intern,7959
23878,Frank_23878,Intern,7959
23879,Grace_23879,Intern,7960
23880,Hank_23880,Intern,7960
23881,Iris_23881,Intern,7960
23882,Jack_23882,Intern,7961
23883,Karen_23883,Intern,7961
23884,Leo_23884,Intern,7961
23885,Maya_23885,Intern,7962
23886,Nate_23886,Intern,7962
23887,Olivia_23887,Intern,7962
23888,Paul_23888,Intern,7963
23889,Quinn_23889,Intern,7963
23890,Rose_23890,Intern,7963
23891,Sam_23891,Intern,7964
23892,Tina_23892,Intern,7964
23893,Uma_23893,Intern,7964
23894,Victor_23894,Intern,7965
23895,Wendy_23895,Intern,7965
23896,Xander_23896,Intern,7965
23897,Yara_23897,Intern,7966
23898,Zack_23898,Intern,7966
23899,Ava_23899,Intern,7966
23900,Ben_23900,Intern,7967
23901,Chloe_23901,Intern,7967
23902,Dylan_23902,Intern,7967
23903,Ella_23903,Intern,7968
23904,Finn_23904,Intern,7968
23905,Alice_23905,Intern,7968
23906,Bob_23906,Intern,7969
23907,Carol_23907,Intern,7969
23908,Dave_23908,Intern,7969
23909,Eve_23909,Intern,7970
23910,Frank_23910,Intern,7970
23911,Grace_23911,Intern,7970
23912,Hank_23912,Intern,7971
23913,Iris_23913,Intern,7971
23914,Jack_23914,Intern,7971
23915,Karen_23915,Intern,7972
23916,Leo_23916,Intern,7972
23917,Maya_23917,Intern,7972
23918,Nate_23918,Intern,7973
23919,Olivia_23919,Intern,7973
23920,Paul_23920,Intern,7973
23921,Quinn_23921,Intern,7974
23922,Rose_23922,Intern,7974
23923,Sam_23923,Intern,7974
23924,Tina_23924,Intern,7975
23925,Uma_23925,Intern,7975
23926,Victor_23926,Intern,7975
23927,Wendy_23927,Intern,7976
23928,Xander_23928,Intern,7976
23929,Yara_23929,Intern,7976
23930,Zack_23930,Intern,7977
23931,Ava_23931,Intern,7977
23932,Ben_23932,Intern,7977
23933,Chloe_23933,Intern,7978
23934,Dylan_23934,Intern,7978
23935,Ella_23935,Intern,7978
23936,Finn_23936,Intern,7979
23937,Alice_23937,Intern,7979
23938,Bob_23938,Intern,7979
23939,Carol_23939,Intern,7980
23940,Dave_23940,Intern,7980
23941,Eve_23941,Intern,7980
23942,Frank_23942,Intern,7981
23943,Grace_23943,Intern,7981
23944,Hank_23944,Intern,7981
23945,Iris_23945,Intern,7982
23946,Jack_23946,Intern,7982
23947,Karen_23947,Intern,7982
23948,Leo_23948,Intern,7983
23949,Maya_23949,Intern,7983
23950,Nate_23950,Intern,7983
23951,Olivia_23951,Intern,7984
23952,Paul_23952,Intern,7984
23953,Quinn_23953,Intern,7984
23954,Rose_23954,Intern,7985
23955,Sam_23955,Intern,7985
23956,Tina_23956,Intern,7985
23957,Uma_23957,Intern,7986
23958,Victor_23958,Intern,7986
23959,Wendy_23959,Intern,7986
23960,Xander_23960,Intern,7987
23961,Yara_23961,Intern,7987
23962,Zack_23962,Intern,7987
23963,Ava_23963,Intern,7988
23964,Ben_23964,Intern,7988
23965,Chloe_23965,Intern,7988
23966,Dylan_23966,Intern,7989
23967,Ella_23967,Intern,7989
23968,Finn_23968,Intern,7989
23969,Alice_23969,Intern,7990
23970,Bob_23970,Intern,7990
23971,Carol_23971,Intern,7990
23972,Dave_23972,Intern,7991
23973,Eve_23973,Intern,7991
23974,Frank_23974,Intern,7991
23975,Grace_23975,Intern,7992
23976,Hank_23976,Intern,7992
23977,Iris_23977,Intern,7992
23978,Jack_23978,Intern,7993
23979,Karen_23979,Intern,7993
23980,Leo_23980,Intern,7993
23981,Maya_23981,Intern,7994
23982,Nate_23982,Intern,7994
23983,Olivia_23983,Intern,7994
23984,Paul_23984,Intern,7995
23985,Quinn_23985,Intern,7995
23986,Rose_23986,Intern,7995
23987,Sam_23987,Intern,7996
23988,Tina_23988,Intern,7996
23989,Uma_23989,Intern,7996
23990,Victor_23990,Intern,7997
23991,Wendy_23991,Intern,7997
23992,Xander_23992,Intern,7997
23993,Yara_23993,Intern,7998
23994,Zack_23994,Intern,7998
23995,Ava_23995,Intern,7998
23996,Ben_23996,Intern,7999
23997,Chloe_23997,Intern,7999
23998,Dylan_23998,Intern,7999
23999,Ella_23999,Intern,8000
24000,Finn_24000,Intern,8000
24001,Alice_24001,Intern,8000
24002,Bob_24002,Intern,8001
24003,Carol_24003,Intern,8001
24004,Dave_24004,Intern,8001
24005,Eve_24005,Intern,8002
24006,Frank_24006,Intern,8002
24007,Grace_24007,Intern,8002
24008,Hank_24008,Intern,8003
24009,Iris_24009,Intern,8003
24010,Jack_24010,Intern,8003
24011,Karen_24011,Intern,8004
24012,Leo_24012,Intern,8004
24013,Maya_24013,Intern,8004
24014,Nate_24014,Intern,8005
24015,Olivia_24015,Intern,8005
24016,Paul_24016,Intern,8005
24017,Quinn_24017,Intern,8006
24018,Rose_24018,Intern,8006
24019,Sam_24019,Intern,8006
24020,Tina_24020,Intern,8007
24021,Uma_24021,Intern,8007
24022,Victor_24022,Intern,8007
24023,Wendy_24023,Intern,8008
24024,Xander_24024,Intern,8008
24025,Yara_24025,Intern,8008
24026,Zack_24026,Intern,8009
24027,Ava_24027,Intern,8009
24028,Ben_24028,Intern,8009
24029,Chloe_24029,Intern,8010
24030,Dylan_24030,Intern,8010
24031,Ella_24031,Intern,8010
24032,Finn_24032,Intern,8011
24033,Alice_24033,Intern,8011
24034,Bob_24034,Intern,8011
24035,Carol_24035,Intern,8012
24036,Dave_24036,Intern,8012
24037,Eve_24037,Intern,8012
24038,Frank_24038,Intern,8013
24039,Grace_24039,Intern,8013
24040,Hank_24040,Intern,8013
24041,Iris_24041,Intern,8014
24042,Jack_24042,Intern,8014
24043,Karen_24043,Intern,8014
24044,Leo_24044,Intern,8015
24045,Maya_24045,Intern,8015
24046,Nate_24046,Intern,8015
24047,Olivia_24047,Intern,8016
24048,Paul_24048,Intern,8016
24049,Quinn_24049,Intern,8016
24050,Rose_24050,Intern,8017
24051,Sam_24051,Intern,8017
24052,Tina_24052,Intern,8017
24053,Uma_24053,Intern,8018
24054,Victor_24054,Intern,8018
24055,Wendy_24055,Intern,8018
24056,Xander_24056,Intern,8019
24057,Yara_24057,Intern,8019
24058,Zack_24058,Intern,8019
24059,Ava_24059,Intern,8020
24060,Ben_24060,Intern,8020
24061,Chloe_24061,Intern,8020
24062,Dylan_24062,Intern,8021
24063,Ella_24063,Intern,8021
24064,Finn_24064,Intern,8021
24065,Alice_24065,Intern,8022
24066,Bob_24066,Intern,8022
24067,Carol_24067,Intern,8022
24068,Dave_24068,Intern,8023
24069,Eve_24069,Intern,8023
24070,Frank_24070,Intern,8023
24071,Grace_24071,Intern,8024
24072,Hank_24072,Intern,8024
24073,Iris_24073,Intern,8024
24074,Jack_24074,Intern,8025
24075,Karen_24075,Intern,8025
24076,Leo_24076,Intern,8025
24077,Maya_24077,Intern,8026
24078,Nate_24078,Intern,8026
24079,Olivia_24079,Intern,8026
24080,Paul_24080,Intern,8027
24081,Quinn_24081,Intern,8027
24082,Rose_24082,Intern,8027
24083,Sam_24083,Intern,8028
24084,Tina_24084,Intern,8028
24085,Uma_24085,Intern,8028
24086,Victor_24086,Intern,8029
24087,Wendy_24087,Intern,8029
24088,Xander_24088,Intern,8029
24089,Yara_24089,Intern,8030
24090,Zack_24090,Intern,8030
24091,Ava_24091,Intern,8030
24092,Ben_24092,Intern,8031
24093,Chloe_24093,Intern,8031
24094,Dylan_24094,Intern,8031
24095,Ella_24095,Intern,8032
24096,Finn_24096,Intern,8032
24097,Alice_24097,Intern,8032
24098,Bob_24098,Intern,8033
24099,Carol_24099,Intern,8033
24100,Dave_24100,Intern,8033
24101,Eve_24101,Intern,8034
24102,Frank_24102,Intern,8034
24103,Grace_24103,Intern,8034
24104,Hank_24104,Intern,8035
24105,Iris_24105,Intern,8035
24106,Jack_24106,Intern,8035
24107,Karen_24107,Intern,8036
24108,Leo_24108,Intern,8036
24109,Maya_24109,Intern,8036
24110,Nate_24110,Intern,8037
24111,Olivia_24111,Intern,8037
24112,Paul_24112,Intern,8037
24113,Quinn_24113,Intern,8038
24114,Rose_24114,Intern,8038
24115,Sam_24115,Intern,8038
24116,Tina_24116,Intern,8039
24117,Uma_24117,Intern,8039
24118,Victor_24118,Intern,8039
24119,Wendy_24119,Intern,8040
24120,Xander_24120,Intern,8040
24121,Yara_24121,Intern,8040
24122,Zack_24122,Intern,8041
24123,Ava_24123,Intern,8041
24124,Ben_24124,Intern,8041
24125,Chloe_24125,Intern,8042
24126,Dylan_24126,Intern,8042
24127,Ella_24127,Intern,8042
24128,Finn_24128,Intern,8043
24129,Alice_24129,Intern,8043
24130,Bob_24130,Intern,8043
24131,Carol_24131,Intern,8044
24132,Dave_24132,Intern,8044
24133,Eve_24133,Intern,8044
24134,Frank_24134,Intern,8045
24135,Grace_24135,Intern,8045
24136,Hank_24136,Intern,8045
24137,Iris_24137,Intern,8046
24138,Jack_24138,Intern,8046
24139,Karen_24139,Intern,8046
24140,Leo_24140,Intern,8047
24141,Maya_24141,Intern,8047
24142,Nate_24142,Intern,8047
24143,Olivia_24143,Intern,8048
24144,Paul_24144,Intern,8048
24145,Quinn_24145,Intern,8048
24146,Rose_24146,Intern,8049
24147,Sam_24147,Intern,8049
24148,Tina_24148,Intern,8049
24149,Uma_24149,Intern,8050
24150,Victor_24150,Intern,8050
24151,Wendy_24151,Intern,8050
24152,Xander_24152,Intern,8051
24153,Yara_24153,Intern,8051
24154,Zack_24154,Intern,8051
24155,Ava_24155,Intern,8052
24156,Ben_24156,Intern,8052
24157,Chloe_24157,Intern,8052
24158,Dylan_24158,Intern,8053
24159,Ella_24159,Intern,8053
24160,Finn_24160,Intern,8053
24161,Alice_24161,Intern,8054
24162,Bob_24162,Intern,8054
24163,Carol_24163,Intern,8054
24164,Dave_24164,Intern,8055
24165,Eve_24165,Intern,8055
24166,Frank_24166,Intern,8055
24167,Grace_24167,Intern,8056
24168,Hank_24168,Intern,8056
24169,Iris_24169,Intern,8056
24170,Jack_24170,Intern,8057
24171,Karen_24171,Intern,8057
24172,Leo_24172,Intern,8057
24173,Maya_24173,Intern,8058
24174,Nate_24174,Intern,8058
24175,Olivia_24175,Intern,8058
24176,Paul_24176,Intern,8059
24177,Quinn_24177,Intern,8059
24178,Rose_24178,Intern,8059
24179,Sam_24179,Intern,8060
24180,Tina_24180,Intern,8060
24181,Uma_24181,Intern,8060
24182,Victor_24182,Intern,8061
24183,Wendy_24183,Intern,8061
24184,Xander_24184,Intern,8061
24185,Yara_24185,Intern,8062
24186,Zack_24186,Intern,8062
24187,Ava_24187,Intern,8062
24188,Ben_24188,Intern,8063
24189,Chloe_24189,Intern,8063
24190,Dylan_24190,Intern,8063
24191,Ella_24191,Intern,8064
24192,Finn_24192,Intern,8064
24193,Alice_24193,Intern,8064
24194,Bob_24194,Intern,8065
24195,Carol_24195,Intern,8065
24196,Dave_24196,Intern,8065
24197,Eve_24197,Intern,8066
24198,Frank_24198,Intern,8066
24199,Grace_24199,Intern,8066
24200,Hank_24200,Intern,8067
24201,Iris_24201,Intern,8067
24202,Jack_24202,Intern,8067
24203,Karen_24203,Intern,8068
24204,Leo_24204,Intern,8068
24205,Maya_24205,Intern,8068
24206,Nate_24206,Intern,8069
24207,Olivia_24207,Intern,8069
24208,Paul_24208,Intern,8069
24209,Quinn_24209,Intern,8070
24210,Rose_24210,Intern,8070
24211,Sam_24211,Intern,8070
24212,Tina_24212,Intern,8071
24213,Uma_24213,Intern,8071
24214,Victor_24214,Intern,8071
24215,Wendy_24215,Intern,8072
24216,Xander_24216,Intern,8072
24217,Yara_24217,Intern,8072
24218,Zack_24218,Intern,8073
24219,Ava_24219,Intern,8073
24220,Ben_24220,Intern,8073
24221,Chloe_24221,Intern,8074
24222,Dylan_24222,Intern,8074
24223,Ella_24223,Intern,8074
24224,Finn_24224,Intern,8075
24225,Alice_24225,Intern,8075
24226,Bob_24226,Intern,8075
24227,Carol_24227,Intern,8076
24228,Dave_24228,Intern,8076
24229,Eve_24229,Intern,8076
24230,Frank_24230,Intern,8077
24231,Grace_24231,Intern,8077
24232,Hank_24232,Intern,8077
24233,Iris_24233,Intern,8078
24234,Jack_24234,Intern,8078
24235,Karen_24235,Intern,8078
24236,Leo_24236,Intern,8079
24237,Maya_24237,Intern,8079
24238,Nate_24238,Intern,8079
24239,Olivia_24239,Intern,8080
24240,Paul_24240,Intern,8080
24241,Quinn_24241,Intern,8080
24242,Rose_24242,Intern,8081
24243,Sam_24243,Intern,8081
24244,Tina_24244,Intern,8081
24245,Uma_24245,Intern,8082
24246,Victor_24246,Intern,8082
24247,Wendy_24247,Intern,8082
24248,Xander_24248,Intern,8083
24249,Yara_24249,Intern,8083
24250,Zack_24250,Intern,8083
24251,Ava_24251,Intern,8084
24252,Ben_24252,Intern,8084
24253,Chloe_24253,Intern,8084
24254,Dylan_24254,Intern,8085
24255,Ella_24255,Intern,8085
24256,Finn_24256,Intern,8085
24257,Alice_24257,Intern,8086
24258,Bob_24258,Intern,8086
24259,Carol_24259,Intern,8086
24260,Dave_24260,Intern,8087
24261,Eve_24261,Intern,8087
24262,Frank_24262,Intern,8087
24263,Grace_24263,Intern,8088
24264,Hank_24264,Intern,8088
24265,Iris_24265,Intern,8088
24266,Jack_24266,Intern,8089
24267,Karen_24267,Intern,8089
24268,Leo_24268,Intern,8089
24269,Maya_24269,Intern,8090
24270,Nate_24270,Intern,8090
24271,Olivia_24271,Intern,8090
24272,Paul_24272,Intern,8091
24273,Quinn_24273,Intern,8091
24274,Rose_24274,Intern,8091
24275,Sam_24275,Intern,8092
24276,Tina_24276,Intern,8092
24277,Uma_24277,Intern,8092
24278,Victor_24278,Intern,8093
24279,Wendy_24279,Intern,8093
24280,Xander_24280,Intern,8093
24281,Yara_24281,Intern,8094
24282,Zack_24282,Intern,8094
24283,Ava_24283,Intern,8094
24284,Ben_24284,Intern,8095
24285,Chloe_24285,Intern,8095
24286,Dylan_24286,Intern,8095
24287,Ella_24287,Intern,8096
24288,Finn_24288,Intern,8096
24289,Alice_24289,Intern,8096
24290,Bob_24290,Intern,8097
24291,Carol_24291,Intern,8097
24292,Dave_24292,Intern,8097
24293,Eve_24293,Intern,8098
24294,Frank_24294,Intern,8098
24295,Grace_24295,Intern,8098
24296,Hank_24296,Intern,8099
24297,Iris_24297,Intern,8099
24298,Jack_24298,Intern,8099
24299,Karen_24299,Intern,8100
24300,Leo_24300,Intern,8100
24301,Maya_24301,Intern,8100
24302,Nate_24302,Intern,8101
24303,Olivia_24303,Intern,8101
24304,Paul_24304,Intern,8101
24305,Quinn_24305,Intern,8102
24306,Rose_24306,Intern,8102
24307,Sam_24307,Intern,8102
24308,Tina_24308,Intern,8103
24309,Uma_24309,Intern,8103
24310,Victor_24310,Intern,8103
24311,Wendy_24311,Intern,8104
24312,Xander_24312,Intern,8104
24313,Yara_24313,Intern,8104
24314,Zack_24314,Intern,8105
24315,Ava_24315,Intern,8105
24316,Ben_24316,Intern,8105
24317,Chloe_24317,Intern,8106
24318,Dylan_24318,Intern,8106
24319,Ella_24319,Intern,8106
24320,Finn_24320,Intern,8107
24321,Alice_24321,Intern,8107
24322,Bob_24322,Intern,8107
24323,Carol_24323,Intern,8108
24324,Dave_24324,Intern,8108
24325,Eve_24325,Intern,8108
24326,Frank_24326,Intern,8109
24327,Grace_24327,Intern,8109
24328,Hank_24328,Intern,8109
24329,Iris_24329,Intern,8110
24330,Jack_24330,Intern,8110
24331,Karen_24331,Intern,8110
24332,Leo_24332,Intern,8111
24333,Maya_24333,Intern,8111
24334,Nate_24334,Intern,8111
24335,Olivia_24335,Intern,8112
24336,Paul_24336,Intern,8112
24337,Quinn_24337,Intern,8112
24338,Rose_24338,Intern,8113
24339,Sam_24339,Intern,8113
24340,Tina_24340,Intern,8113
24341,Uma_24341,Intern,8114
24342,Victor_24342,Intern,8114
24343,Wendy_24343,Intern,8114
24344,Xander_24344,Intern,8115
24345,Yara_24345,Intern,8115
24346,Zack_24346,Intern,8115
24347,Ava_24347,Intern,8116
24348,Ben_24348,Intern,8116
24349,Chloe_24349,Intern,8116
24350,Dylan_24350,Intern,8117
24351,Ella_24351,Intern,8117
24352,Finn_24352,Intern,8117
24353,Alice_24353,Intern,8118
24354,Bob_24354,Intern,8118
24355,Carol_24355,Intern,8118
24356,Dave_24356,Intern,8119
24357,Eve_24357,Intern,8119
24358,Frank_24358,Intern,8119
24359,Grace_24359,Intern,8120
24360,Hank_24360,Intern,8120
24361,Iris_24361,Intern,8120
24362,Jack_24362,Intern,8121
24363,Karen_24363,Intern,8121
24364,Leo_24364,Intern,8121
24365,Maya_24365,Intern,8122
24366,Nate_24366,Intern,8122
24367,Olivia_24367,Intern,8122
24368,Paul_24368,Intern,8123
24369,Quinn_24369,Intern,8123
24370,Rose_24370,Intern,8123
24371,Sam_24371,Intern,8124
24372,Tina_24372,Intern,8124
24373,Uma_24373,Intern,8124
24374,Victor_24374,Intern,8125
24375,Wendy_24375,Intern,8125
24376,Xander_24376,Intern,8125
24377,Yara_24377,Intern,8126
24378,Zack_24378,Intern,8126
24379,Ava_24379,Intern,8126
24380,Ben_24380,Intern,8127
24381,Chloe_24381,Intern,8127
24382,Dylan_24382,Intern,8127
24383,Ella_24383,Intern,8128
24384,Finn_24384,Intern,8128
24385,Alice_24385,Intern,8128
24386,Bob_24386,Intern,8129
24387,Carol_24387,Intern,8129
24388,Dave_24388,Intern,8129
24389,Eve_24389,Intern,8130
24390,Frank_24390,Intern,8130
24391,Grace_24391,Intern,8130
24392,Hank_24392,Intern,8131
24393,Iris_24393,Intern,8131
24394,Jack_24394,Intern,8131
24395,Karen_24395,Intern,8132
24396,Leo_24396,Intern,8132
24397,Maya_24397,Intern,8132
24398,Nate_24398,Intern,8133
24399,Olivia_24399,Intern,8133
24400,Paul_24400,Intern,8133
24401,Quinn_24401,Intern,8134
24402,Rose_24402,Intern,8134
24403,Sam_24403,Intern,8134
24404,Tina_24404,Intern,8135
24405,Uma_24405,Intern,8135
24406,Victor_24406,Intern,8135
24407,Wendy_24407,Intern,8136
24408,Xander_24408,Intern,8136
24409,Yara_24409,Intern,8136
24410,Zack_24410,Intern,8137
24411,Ava_24411,Intern,8137
24412,Ben_24412,Intern,8137
24413,Chloe_24413,Intern,8138
24414,Dylan_24414,Intern,8138
24415,Ella_24415,Intern,8138
24416,Finn_24416,Intern,8139
24417,Alice_24417,Intern,8139
24418,Bob_24418,Intern,8139
24419,Carol_24419,Intern,8140
24420,Dave_24420,Intern,8140
24421,Eve_24421,Intern,8140
24422,Frank_24422,Intern,8141
24423,Grace_24423,Intern,8141
24424,Hank_24424,Intern,8141
24425,Iris_24425,Intern,8142
24426,Jack_24426,Intern,8142
24427,Karen_24427,Intern,8142
24428,Leo_24428,Intern,8143
24429,Maya_24429,Intern,8143
24430,Nate_24430,Intern,8143
24431,Olivia_24431,Intern,8144
24432,Paul_24432,Intern,8144
24433,Quinn_24433,Intern,8144
24434,Rose_24434,Intern,8145
24435,Sam_24435,Intern,8145
24436,Tina_24436,Intern,8145
24437,Uma_24437,Intern,8146
24438,Victor_24438,Intern,8146
24439,Wendy_24439,Intern,8146
24440,Xander_24440,Intern,8147
24441,Yara_24441,Intern,8147
24442,Zack_24442,Intern,8147
24443,Ava_24443,Intern,8148
24444,Ben_24444,Intern,8148
24445,Chloe_24445,Intern,8148
24446,Dylan_24446,Intern,8149
24447,Ella_24447,Intern,8149
24448,Finn_24448,Intern,8149
24449,Alice_24449,Intern,8150
24450,Bob_24450,Intern,8150
24451,Carol_24451,Intern,8150
24452,Dave_24452,Intern,8151
24453,Eve_24453,Intern,8151
24454,Frank_24454,Intern,8151
24455,Grace_24455,Intern,8152
24456,Hank_24456,Intern,8152
24457,Iris_24457,Intern,8152
24458,Jack_24458,Intern,8153
24459,Karen_24459,Intern,8153
24460,Leo_24460,Intern,8153
24461,Maya_24461,Intern,8154
24462,Nate_24462,Intern,8154
24463,Olivia_24463,Intern,8154
24464,Paul_24464,Intern,8155
24465,Quinn_24465,Intern,8155
24466,Rose_24466,Intern,8155
24467,Sam_24467,Intern,8156
24468,Tina_24468,Intern,8156
24469,Uma_24469,Intern,8156
24470,Victor_24470,Intern,8157
24471,Wendy_24471,Intern,8157
24472,Xander_24472,Intern,8157
24473,Yara_24473,Intern,8158
24474,Zack_24474,Intern,8158
24475,Ava_24475,Intern,8158
24476,Ben_24476,Intern,8159
24477,Chloe_24477,Intern,8159
24478,Dylan_24478,Intern,8159
24479,Ella_24479,Intern,8160
24480,Finn_24480,Intern,8160
24481,Alice_24481,Intern,8160
24482,Bob_24482,Intern,8161
24483,Carol_24483,Intern,8161
24484,Dave_24484,Intern,8161
24485,Eve_24485,Intern,8162
24486,Frank_24486,Intern,8162
24487,Grace_24487,Intern,8162
24488,Hank_24488,Intern,8163
24489,Iris_24489,Intern,8163
24490,Jack_24490,Intern,8163
24491,Karen_24491,Intern,8164
24492,Leo_24492,Intern,8164
24493,Maya_24493,Intern,8164
24494,Nate_24494,Intern,8165
24495,Olivia_24495,Intern,8165
24496,Paul_24496,Intern,8165
24497,Quinn_24497,Intern,8166
24498,Rose_24498,Intern,8166
24499,Sam_24499,Intern,8166
24500,Tina_24500,Intern,8167
24501,Uma_24501,Intern,8167
24502,Victor_24502,Intern,8167
24503,Wendy_24503,Intern,8168
24504,Xander_24504,Intern,8168
24505,Yara_24505,Intern,8168
24506,Zack_24506,Intern,8169
24507,Ava_24507,Intern,8169
24508,Ben_24508,Intern,8169
24509,Chloe_24509,Intern,8170
24510,Dylan_24510,Intern,8170
24511,Ella_24511,Intern,8170
24512,Finn_24512,Intern,8171
24513,Alice_24513,Intern,8171
24514,Bob_24514,Intern,8171
24515,Carol_24515,Intern,8172
24516,Dave_24516,Intern,8172
24517,Eve_24517,Intern,8172
24518,Frank_24518,Intern,8173
24519,Grace_24519,Intern,8173
24520,Hank_24520,Intern,8173
24521,Iris_24521,Intern,8174
24522,Jack_24522,Intern,8174
24523,Karen_24523,Intern,8174
24524,Leo_24524,Intern,8175
24525,Maya_24525,Intern,8175
24526,Nate_24526,Intern,8175
24527,Olivia_24527,Intern,8176
24528,Paul_24528,Intern,8176
24529,Quinn_24529,Intern,8176
24530,Rose_24530,Intern,8177
24531,Sam_24531,Intern,8177
24532,Tina_24532,Intern,8177
24533,Uma_24533,Intern,8178
24534,Victor_24534,Intern,8178
24535,Wendy_24535,Intern,8178
24536,Xander_24536,Intern,8179
24537,Yara_24537,Intern,8179
24538,Zack_24538,Intern,8179
24539,Ava_24539,Intern,8180
24540,Ben_24540,Intern,8180
24541,Chloe_24541,Intern,8180
24542,Dylan_24542,Intern,8181
24543,Ella_24543,Intern,8181
24544,Finn_24544,Intern,8181
24545,Alice_24545,Intern,8182
24546,Bob_24546,Intern,8182
24547,Carol_24547,Intern,8182
24548,Dave_24548,Intern,8183
24549,Eve_24549,Intern,8183
24550,Frank_24550,Intern,8183
24551,Grace_24551,Intern,8184
24552,Hank_24552,Intern,8184
24553,Iris_24553,Intern,8184
24554,Jack_24554,Intern,8185
24555,Karen_24555,Intern,8185
24556,Leo_24556,Intern,8185
24557,Maya_24557,Intern,8186
24558,Nate_24558,Intern,8186
24559,Olivia_24559,Intern,8186
24560,Paul_24560,Intern,8187
24561,Quinn_24561,Intern,8187
24562,Rose_24562,Intern,8187
24563,Sam_24563,Intern,8188
24564,Tina_24564,Intern,8188
24565,Uma_24565,Intern,8188
24566,Victor_24566,Intern,8189
24567,Wendy_24567,Intern,8189
24568,Xander_24568,Intern,8189
24569,Yara_24569,Intern,8190
24570,Zack_24570,Intern,8190
24571,Ava_24571,Intern,8190
24572,Ben_24572,Intern,8191
24573,Chloe_24573,Intern,8191
24574,Dylan_24574,Intern,8191
24575,Ella_24575,Intern,8192
24576,Finn_24576,Intern,8192
24577,Alice_24577,Intern,8192
24578,Bob_24578,Intern,8193
24579,Carol_24579,Intern,8193
24580,Dave_24580,Intern,8193
24581,Eve_24581,Intern,8194
24582,Frank_24582,Intern,8194
24583,Grace_24583,Intern,8194
24584,Hank_24584,Intern,8195
24585,Iris_24585,Intern,8195
24586,Jack_24586,Intern,8195
24587,Karen_24587,Intern,8196
24588,Leo_24588,Intern,8196
24589,Maya_24589,Intern,8196
24590,Nate_24590,Intern,8197
24591,Olivia_24591,Intern,8197
24592,Paul_24592,Intern,8197
24593,Quinn_24593,Intern,8198
24594,Rose_24594,Intern,8198
24595,Sam_24595,Intern,8198
24596,Tina_24596,Intern,8199
24597,Uma_24597,Intern,8199
24598,Victor_24598,Intern,8199
24599,Wendy_24599,Intern,8200
24600,Xander_24600,Intern,8200
24601,Yara_24601,Intern,8200
24602,Zack_24602,Intern,8201
24603,Ava_24603,Intern,8201
24604,Ben_24604,Intern,8201
24605,Chloe_24605,Intern,8202
24606,Dylan_24606,Intern,8202
24607,Ella_24607,Intern,8202
24608,Finn_24608,Intern,8203
24609,Alice_24609,Intern,8203
24610,Bob_24610,Intern,8203
24611,Carol_24611,Intern,8204
24612,Dave_24612,Intern,8204
24613,Eve_24613,Intern,8204
24614,Frank_24614,Intern,8205
24615,Grace_24615,Intern,8205
24616,Hank_24616,Intern,8205
24617,Iris_24617,Intern,8206
24618,Jack_24618,Intern,8206
24619,Karen_24619,Intern,8206
24620,Leo_24620,Intern,8207
24621,Maya_24621,Intern,8207
24622,Nate_24622,Intern,8207
24623,Olivia_24623,Intern,8208
24624,Paul_24624,Intern,8208
24625,Quinn_24625,Intern,8208
24626,Rose_24626,Intern,8209
24627,Sam_24627,Intern,8209
24628,Tina_24628,Intern,8209
24629,Uma_24629,Intern,8210
24630,Victor_24630,Intern,8210
24631,Wendy_24631,Intern,8210
24632,Xander_24632,Intern,8211
24633,Yara_24633,Intern,8211
24634,Zack_24634,Intern,8211
24635,Ava_24635,Intern,8212
24636,Ben_24636,Intern,8212
24637,Chloe_24637,Intern,8212
24638,Dylan_24638,Intern,8213
24639,Ella_24639,Intern,8213
24640,Finn_24640,Intern,8213
24641,Alice_24641,Intern,8214
24642,Bob_24642,Intern,8214
24643,Carol_24643,Intern,8214
24644,Dave_24644,Intern,8215
24645,Eve_24645,Intern,8215
24646,Frank_24646,Intern,8215
24647,Grace_24647,Intern,8216
24648,Hank_24648,Intern,8216
24649,Iris_24649,Intern,8216
24650,Jack_24650,Intern,8217
24651,Karen_24651,Intern,8217
24652,Leo_24652,Intern,8217
24653,Maya_24653,Intern,8218
24654,Nate_24654,Intern,8218
24655,Olivia_24655,Intern,8218
24656,Paul_24656,Intern,8219
24657,Quinn_24657,Intern,8219
24658,Rose_24658,Intern,8219
24659,Sam_24659,Intern,8220
24660,Tina_24660,Intern,8220
24661,Uma_24661,Intern,8220
24662,Victor_24662,Intern,8221
24663,Wendy_24663,Intern,8221
24664,Xander_24664,Intern,8221
24665,Yara_24665,Intern,8222
24666,Zack_24666,Intern,8222
24667,Ava_24667,Intern,8222
24668,Ben_24668,Intern,8223
24669,Chloe_24669,Intern,8223
24670,Dylan_24670,Intern,8223
24671,Ella_24671,Intern,8224
24672,Finn_24672,Intern,8224
24673,Alice_24673,Intern,8224
24674,Bob_24674,Intern,8225
24675,Carol_24675,Intern,8225
24676,Dave_24676,Intern,8225
24677,Eve_24677,Intern,8226
24678,Frank_24678,Intern,8226
24679,Grace_24679,Intern,8226
24680,Hank_24680,Intern,8227
24681,Iris_24681,Intern,8227
24682,Jack_24682,Intern,8227
24683,Karen_24683,Intern,8228
24684,Leo_24684,Intern,8228
24685,Maya_24685,Intern,8228
24686,Nate_24686,Intern,8229
24687,Olivia_24687,Intern,8229
24688,Paul_24688,Intern,8229
24689,Quinn_24689,Intern,8230
24690,Rose_24690,Intern,8230
24691,Sam_24691,Intern,8230
24692,Tina_24692,Intern,8231
24693,Uma_24693,Intern,8231
24694,Victor_24694,Intern,8231
24695,Wendy_24695,Intern,8232
24696,Xander_24696,Intern,8232
24697,Yara_24697,Intern,8232
24698,Zack_24698,Intern,8233
24699,Ava_24699,Intern,8233
24700,Ben_24700,Intern,8233
24701,Chloe_24701,Intern,8234
24702,Dylan_24702,Intern,8234
24703,Ella_24703,Intern,8234
24704,Finn_24704,Intern,8235
24705,Alice_24705,Intern,8235
24706,Bob_24706,Intern,8235
24707,Carol_24707,Intern,8236
24708,Dave_24708,Intern,8236
24709,Eve_24709,Intern,8236
24710,Frank_24710,Intern,8237
24711,Grace_24711,Intern,8237
24712,Hank_24712,Intern,8237
24713,Iris_24713,Intern,8238
24714,Jack_24714,Intern,8238
24715,Karen_24715,Intern,8238
24716,Leo_24716,Intern,8239
24717,Maya_24717,Intern,8239
24718,Nate_24718,Intern,8239
24719,Olivia_24719,Intern,8240
24720,Paul_24720,Intern,8240
24721,Quinn_24721,Intern,8240
24722,Rose_24722,Intern,8241
24723,Sam_24723,Intern,8241
24724,Tina_24724,Intern,8241
24725,Uma_24725,Intern,8242
24726,Victor_24726,Intern,8242
24727,Wendy_24727,Intern,8242
24728,Xander_24728,Intern,8243
24729,Yara_24729,Intern,8243
24730,Zack_24730,Intern,8243
24731,Ava_24731,Intern,8244
24732,Ben_24732,Intern,8244
24733,Chloe_24733,Intern,8244
24734,Dylan_24734,Intern,8245
24735,Ella_24735,Intern,8245
24736,Finn_24736,Intern,8245
24737,Alice_24737,Intern,8246
24738,Bob_24738,Intern,8246
24739,Carol_24739,Intern,8246
24740,Dave_24740,Intern,8247
24741,Eve_24741,Intern,8247
24742,Frank_24742,Intern,8247
24743,Grace_24743,Intern,8248
24744,Hank_24744,Intern,8248
24745,Iris_24745,Intern,8248
24746,Jack_24746,Intern,8249
24747,Karen_24747,Intern,8249
24748,Leo_24748,Intern,8249
24749,Maya_24749,Intern,8250
24750,Nate_24750,Intern,8250
24751,Olivia_24751,Intern,8250
24752,Paul_24752,Intern,8251
24753,Quinn_24753,Intern,8251
24754,Rose_24754,Intern,8251
24755,Sam_24755,Intern,8252
24756,Tina_24756,Intern,8252
24757,Uma_24757,Intern,8252
24758,Victor_24758,Intern,8253
24759,Wendy_24759,Intern,8253
24760,Xander_24760,Intern,8253
24761,Yara_24761,Intern,8254
24762,Zack_24762,Intern,8254
24763,Ava_24763,Intern,8254
24764,Ben_24764,Intern,8255
24765,Chloe_24765,Intern,8255
24766,Dylan_24766,Intern,8255
24767,Ella_24767,Intern,8256
24768,Finn_24768,Intern,8256
24769,Alice_24769,Intern,8256
24770,Bob_24770,Intern,8257
24771,Carol_24771,Intern,8257
24772,Dave_24772,Intern,8257
24773,Eve_24773,Intern,8258
24774,Frank_24774,Intern,8258
24775,Grace_24775,Intern,8258
24776,Hank_24776,Intern,8259
24777,Iris_24777,Intern,8259
24778,Jack_24778,Intern,8259
24779,Karen_24779,Intern,8260
24780,Leo_24780,Intern,8260
24781,Maya_24781,Intern,8260
24782,Nate_24782,Intern,8261
24783,Olivia_24783,Intern,8261
24784,Paul_24784,Intern,8261
24785,Quinn_24785,Intern,8262
24786,Rose_24786,Intern,8262
24787,Sam_24787,Intern,8262
24788,Tina_24788,Intern,8263
24789,Uma_24789,Intern,8263
24790,Victor_24790,Intern,8263
24791,Wendy_24791,Intern,8264
24792,Xander_24792,Intern,8264
24793,Yara_24793,Intern,8264
24794,Zack_24794,Intern,8265
24795,Ava_24795,Intern,8265
24796,Ben_24796,Intern,8265
24797,Chloe_24797,Intern,8266
24798,Dylan_24798,Intern,8266
24799,Ella_24799,Intern,8266
24800,Finn_24800,Intern,8267
24801,Alice_24801,Intern,8267
24802,Bob_24802,Intern,8267
24803,Carol_24803,Intern,8268
24804,Dave_24804,Intern,8268
24805,Eve_24805,Intern,8268
24806,Frank_24806,Intern,8269
24807,Grace_24807,Intern,8269
24808,Hank_24808,Intern,8269
24809,Iris_24809,Intern,8270
24810,Jack_24810,Intern,8270
24811,Karen_24811,Intern,8270
24812,Leo_24812,Intern,8271
24813,Maya_24813,Intern,8271
24814,Nate_24814,Intern,8271
24815,Olivia_24815,Intern,8272
24816,Paul_24816,Intern,8272
24817,Quinn_24817,Intern,8272
24818,Rose_24818,Intern,8273
24819,Sam_24819,Intern,8273
24820,Tina_24820,Intern,8273
24821,Uma_24821,Intern,8274
24822,Victor_24822,Intern,8274
24823,Wendy_24823,Intern,8274
24824,Xander_24824,Intern,8275
24825,Yara_24825,Intern,8275
24826,Zack_24826,Intern,8275
24827,Ava_24827,Intern,8276
24828,Ben_24828,Intern,8276
24829,Chloe_24829,Intern,8276
24830,Dylan_24830,Intern,8277
24831,Ella_24831,Intern,8277
24832,Finn_24832,Intern,8277
24833,Alice_24833,Intern,8278
24834,Bob_24834,Intern,8278
24835,Carol_24835,Intern,8278
24836,Dave_24836,Intern,8279
24837,Eve_24837,Intern,8279
24838,Frank_24838,Intern,8279
24839,Grace_24839,Intern,8280
24840,Hank_24840,Intern,8280
24841,Iris_24841,Intern,8280
24842,Jack_24842,Intern,8281
24843,Karen_24843,Intern,8281
24844,Leo_24844,Intern,8281
24845,Maya_24845,Intern,8282
24846,Nate_24846,Intern,8282
24847,Olivia_24847,Intern,8282
24848,Paul_24848,Intern,8283
24849,Quinn_24849,Intern,8283
24850,Rose_24850,Intern,8283
24851,Sam_24851,Intern,8284
24852,Tina_24852,Intern,8284
24853,Uma_24853,Intern,8284
24854,Victor_24854,Intern,8285
24855,Wendy_24855,Intern,8285
24856,Xander_24856,Intern,8285
24857,Yara_24857,Intern,8286
24858,Zack_24858,Intern,8286
24859,Ava_24859,Intern,8286
24860,Ben_24860,Intern,8287
24861,Chloe_24861,Intern,8287
24862,Dylan_24862,Intern,8287
24863,Ella_24863,Intern,8288
24864,Finn_24864,Intern,8288
24865,Alice_24865,Intern,8288
24866,Bob_24866,Intern,8289
24867,Carol_24867,Intern,8289
24868,Dave_24868,Intern,8289
24869,Eve_24869,Intern,8290
24870,Frank_24870,Intern,8290
24871,Grace_24871,Intern,8290
24872,Hank_24872,Intern,8291
24873,Iris_24873,Intern,8291
24874,Jack_24874,Intern,8291
24875,Karen_24875,Intern,8292
24876,Leo_24876,Intern,8292
24877,Maya_24877,Intern,8292
24878,Nate_24878,Intern,8293
24879,Olivia_24879,Intern,8293
24880,Paul_24880,Intern,8293
24881,Quinn_24881,Intern,8294
24882,Rose_24882,Intern,8294
24883,Sam_24883,Intern,8294
24884,Tina_24884,Intern,8295
24885,Uma_24885,Intern,8295
24886,Victor_24886,Intern,8295
24887,Wendy_24887,Intern,8296
24888,Xander_24888,Intern,8296
24889,Yara_24889,Intern,8296
24890,Zack_24890,Intern,8297
24891,Ava_24891,Intern,8297
24892,Ben_24892,Intern,8297
24893,Chloe_24893,Intern,8298
24894,Dylan_24894,Intern,8298
24895,Ella_24895,Intern,8298
24896,Finn_24896,Intern,8299
24897,Alice_24897,Intern,8299
24898,Bob_24898,Intern,8299
24899,Carol_24899,Intern,8300
24900,Dave_24900,Intern,8300
24901,Eve_24901,Intern,8300
24902,Frank_24902,Intern,8301
24903,Grace_24903,Intern,8301
24904,Hank_24904,Intern,8301
24905,Iris_24905,Intern,8302
24906,Jack_24906,Intern,8302
24907,Karen_24907,Intern,8302
24908,Leo_24908,Intern,8303
24909,Maya_24909,Intern,8303
24910,Nate_24910,Intern,8303
24911,Olivia_24911,Intern,8304
24912,Paul_24912,Intern,8304
24913,Quinn_24913,Intern,8304
24914,Rose_24914,Intern,8305
24915,Sam_24915,Intern,8305
24916,Tina_24916,Intern,8305
24917,Uma_24917,Intern,8306
24918,Victor_24918,Intern,8306
24919,Wendy_24919,Intern,8306
24920,Xander_24920,Intern,8307
24921,Yara_24921,Intern,8307
24922,Zack_24922,Intern,8307
24923,Ava_24923,Intern,8308
24924,Ben_24924,Intern,8308
24925,Chloe_24925,Intern,8308
24926,Dylan_24926,Intern,8309
24927,Ella_24927,Intern,8309
24928,Finn_24928,Intern,8309
24929,Alice_24929,Intern,8310
24930,Bob_24930,Intern,8310
24931,Carol_24931,Intern,8310
24932,Dave_24932,Intern,8311
24933,Eve_24933,Intern,8311
24934,Frank_24934,Intern,8311
24935,Grace_24935,Intern,8312
24936,Hank_24936,Intern,8312
24937,Iris_24937,Intern,8312
24938,Jack_24938,Intern,8313
24939,Karen_24939,Intern,8313
24940,Leo_24940,Intern,8313
24941,Maya_24941,Intern,8314
24942,Nate_24942,Intern,8314
24943,Olivia_24943,Intern,8314
24944,Paul_24944,Intern,8315
24945,Quinn_24945,Intern,8315
24946,Rose_24946,Intern,8315
24947,Sam_24947,Intern,8316
24948,Tina_24948,Intern,8316
24949,Uma_24949,Intern,8316
24950,Victor_24950,Intern,8317
24951,Wendy_24951,Intern,8317
24952,Xander_24952,Intern,8317
24953,Yara_24953,Intern,8318
24954,Zack_24954,Intern,8318
24955,Ava_24955,Intern,8318
24956,Ben_24956,Intern,8319
24957,Chloe_24957,Intern,8319
24958,Dylan_24958,Intern,8319
24959,Ella_24959,Intern,8320
24960,Finn_24960,Intern,8320
24961,Alice_24961,Intern,8320
24962,Bob_24962,Intern,8321
24963,Carol_24963,Intern,8321
24964,Dave_24964,Intern,8321
24965,Eve_24965,Intern,8322
24966,Frank_24966,Intern,8322
24967,Grace_24967,Intern,8322
24968,Hank_24968,Intern,8323
24969,Iris_24969,Intern,8323
24970,Jack_24970,Intern,8323
24971,Karen_24971,Intern,8324
24972,Leo_24972,Intern,8324
24973,Maya_24973,Intern,8324
24974,Nate_24974,Intern,8325
24975,Olivia_24975,Intern,8325
24976,Paul_24976,Intern,8325
24977,Quinn_24977,Intern,8326
24978,Rose_24978,Intern,8326
24979,Sam_24979,Intern,8326
24980,Tina_24980,Intern,8327
24981,Uma_24981,Intern,8327
24982,Victor_24982,Intern,8327
24983,Wendy_24983,Intern,8328
24984,Xander_24984,Intern,8328
24985,Yara_24985,Intern,8328
24986,Zack_24986,Intern,8329
24987,Ava_24987,Intern,8329
24988,Ben_24988,Intern,8329
24989,Chloe_24989,Intern,8330
24990,Dylan_24990,Intern,8330
24991,Ella_24991,Intern,8330
24992,Finn_24992,Intern,8331
24993,Alice_24993,Intern,8331
24994,Bob_24994,Intern,8331
24995,Carol_24995,Intern,8332
24996,Dave_24996,Intern,8332
24997,Eve_24997,Intern,8332
24998,Frank_24998,Intern,8333
24999,Grace_24999,Intern,8333
25000,Hank_25000,Intern,8333
25001,Iris_25001,Intern,8334
25002,Jack_25002,Intern,8334
25003,Karen_25003,Intern,8334
25004,Leo_25004,Intern,8335
25005,Maya_25005,Intern,8335
25006,Nate_25006,Intern,8335
25007,Olivia_25007,Intern,8336
25008,Paul_25008,Intern,8336
25009,Quinn_25009,Intern,8336
25010,Rose_25010,Intern,8337
25011,Sam_25011,Intern,8337
25012,Tina_25012,Intern,8337
25013,Uma_25013,Intern,8338
25014,Victor_25014,Intern,8338
25015,Wendy_25015,Intern,8338
25016,Xander_25016,Intern,8339
25017,Yara_25017,Intern,8339
25018,Zack_25018,Intern,8339
25019,Ava_25019,Intern,8340
25020,Ben_25020,Intern,8340
25021,Chloe_25021,Intern,8340
25022,Dylan_25022,Intern,8341
25023,Ella_25023,Intern,8341
25024,Finn_25024,Intern,8341
25025,Alice_25025,Intern,8342
25026,Bob_25026,Intern,8342
25027,Carol_25027,Intern,8342
25028,Dave_25028,Intern,8343
25029,Eve_25029,Intern,8343
25030,Frank_25030,Intern,8343
25031,Grace_25031,Intern,8344
25032,Hank_25032,Intern,8344
25033,Iris_25033,Intern,8344
25034,Jack_25034,Intern,8345
25035,Karen_25035,Intern,8345
25036,Leo_25036,Intern,8345
25037,Maya_25037,Intern,8346
25038,Nate_25038,Intern,8346
25039,Olivia_25039,Intern,8346
25040,Paul_25040,Intern,8347
25041,Quinn_25041,Intern,8347
25042,Rose_25042,Intern,8347
25043,Sam_25043,Intern,8348
25044,Tina_25044,Intern,8348
25045,Uma_25045,Intern,8348
25046,Victor_25046,Intern,8349
25047,Wendy_25047,Intern,8349
25048,Xander_25048,Intern,8349
25049,Yara_25049,Intern,8350
25050,Zack_25050,Intern,8350
25051,Ava_25051,Intern,8350
25052,Ben_25052,Intern,8351
25053,Chloe_25053,Intern,8351
25054,Dylan_25054,Intern,8351
25055,Ella_25055,Intern,8352
25056,Finn_25056,Intern,8352
25057,Alice_25057,Intern,8352
25058,Bob_25058,Intern,8353
25059,Carol_25059,Intern,8353
25060,Dave_25060,Intern,8353
25061,Eve_25061,Intern,8354
25062,Frank_25062,Intern,8354
25063,Grace_25063,Intern,8354
25064,Hank_25064,Intern,8355
25065,Iris_25065,Intern,8355
25066,Jack_25066,Intern,8355
25067,Karen_25067,Intern,8356
25068,Leo_25068,Intern,8356
25069,Maya_25069,Intern,8356
25070,Nate_25070,Intern,8357
25071,Olivia_25071,Intern,8357
25072,Paul_25072,Intern,8357
25073,Quinn_25073,Intern,8358
25074,Rose_25074,Intern,8358
25075,Sam_25075,Intern,8358
25076,Tina_25076,Intern,8359
25077,Uma_25077,Intern,8359
25078,Victor_25078,Intern,8359
25079,Wendy_25079,Intern,8360
25080,Xander_25080,Intern,8360
25081,Yara_25081,Intern,8360
25082,Zack_25082,Intern,8361
25083,Ava_25083,Intern,8361
25084,Ben_25084,Intern,8361
25085,Chloe_25085,Intern,8362
25086,Dylan_25086,Intern,8362
25087,Ella_25087,Intern,8362
25088,Finn_25088,Intern,8363
25089,Alice_25089,Intern,8363
25090,Bob_25090,Intern,8363
25091,Carol_25091,Intern,8364
25092,Dave_25092,Intern,8364
25093,Eve_25093,Intern,8364
25094,Frank_25094,Intern,8365
25095,Grace_25095,Intern,8365
25096,Hank_25096,Intern,8365
25097,Iris_25097,Intern,8366
25098,Jack_25098,Intern,8366
25099,Karen_25099,Intern,8366
25100,Leo_25100,Intern,8367
25101,Maya_25101,Intern,8367
25102,Nate_25102,Intern,8367
25103,Olivia_25103,Intern,8368
25104,Paul_25104,Intern,8368
25105,Quinn_25105,Intern,8368
25106,Rose_25106,Intern,8369
25107,Sam_25107,Intern,8369
25108,Tina_25108,Intern,8369
25109,Uma_25109,Intern,8370
25110,Victor_25110,Intern,8370
25111,Wendy_25111,Intern,8370
25112,Xander_25112,Intern,8371
25113,Yara_25113,Intern,8371
25114,Zack_25114,Intern,8371
25115,Ava_25115,Intern,8372
25116,Ben_25116,Intern,8372
25117,Chloe_25117,Intern,8372
25118,Dylan_25118,Intern,8373
25119,Ella_25119,Intern,8373
25120,Finn_25120,Intern,8373
25121,Alice_25121,Intern,8374
25122,Bob_25122,Intern,8374
25123,Carol_25123,Intern,8374
25124,Dave_25124,Intern,8375
25125,Eve_25125,Intern,8375
25126,Frank_25126,Intern,8375
25127,Grace_25127,Intern,8376
25128,Hank_25128,Intern,8376
25129,Iris_25129,Intern,8376
25130,Jack_25130,Intern,8377
25131,Karen_25131,Intern,8377
25132,Leo_25132,Intern,8377
25133,Maya_25133,Intern,8378
25134,Nate_25134,Intern,8378
25135,Olivia_25135,Intern,8378
25136,Paul_25136,Intern,8379
25137,Quinn_25137,Intern,8379
25138,Rose_25138,Intern,8379
25139,Sam_25139,Intern,8380
25140,Tina_25140,Intern,8380
25141,Uma_25141,Intern,8380
25142,Victor_25142,Intern,8381
25143,Wendy_25143,Intern,8381
25144,Xander_25144,Intern,8381
25145,Yara_25145,Intern,8382
25146,Zack_25146,Intern,8382
25147,Ava_25147,Intern,8382
25148,Ben_25148,Intern,8383
25149,Chloe_25149,Intern,8383
25150,Dylan_25150,Intern,8383
25151,Ella_25151,Intern,8384
25152,Finn_25152,Intern,8384
25153,Alice_25153,Intern,8384
25154,Bob_25154,Intern,8385
25155,Carol_25155,Intern,8385
25156,Dave_25156,Intern,8385
25157,Eve_25157,Intern,8386
25158,Frank_25158,Intern,8386
25159,Grace_25159,Intern,8386
25160,Hank_25160,Intern,8387
25161,Iris_25161,Intern,8387
25162,Jack_25162,Intern,8387
25163,Karen_25163,Intern,8388
25164,Leo_25164,Intern,8388
25165,Maya_25165,Intern,8388
25166,Nate_25166,Intern,8389
25167,Olivia_25167,Intern,8389
25168,Paul_25168,Intern,8389
25169,Quinn_25169,Intern,8390
25170,Rose_25170,Intern,8390
25171,Sam_25171,Intern,8390
25172,Tina_25172,Intern,8391
25173,Uma_25173,Intern,8391
25174,Victor_25174,Intern,8391
25175,Wendy_25175,Intern,8392
25176,Xander_25176,Intern,8392
25177,Yara_25177,Intern,8392
25178,Zack_25178,Intern,8393
25179,Ava_25179,Intern,8393
25180,Ben_25180,Intern,8393
25181,Chloe_25181,Intern,8394
25182,Dylan_25182,Intern,8394
25183,Ella_25183,Intern,8394
25184,Finn_25184,Intern,8395
25185,Alice_25185,Intern,8395
25186,Bob_25186,Intern,8395
25187,Carol_25187,Intern,8396
25188,Dave_25188,Intern,8396
25189,Eve_25189,Intern,8396
25190,Frank_25190,Intern,8397
25191,Grace_25191,Intern,8397
25192,Hank_25192,Intern,8397
25193,Iris_25193,Intern,8398
25194,Jack_25194,Intern,8398
25195,Karen_25195,Intern,8398
25196,Leo_25196,Intern,8399
25197,Maya_25197,Intern,8399
25198,Nate_25198,Intern,8399
25199,Olivia_25199,Intern,8400
25200,Paul_25200,Intern,8400
25201,Quinn_25201,Intern,8400
25202,Rose_25202,Intern,8401
25203,Sam_25203,Intern,8401
25204,Tina_25204,Intern,8401
25205,Uma_25205,Intern,8402
25206,Victor_25206,Intern,8402
25207,Wendy_25207,Intern,8402
25208,Xander_25208,Intern,8403
25209,Yara_25209,Intern,8403
25210,Zack_25210,Intern,8403
25211,Ava_25211,Intern,8404
25212,Ben_25212,Intern,8404
25213,Chloe_25213,Intern,8404
25214,Dylan_25214,Intern,8405
25215,Ella_25215,Intern,8405
25216,Finn_25216,Intern,8405
25217,Alice_25217,Intern,8406
25218,Bob_25218,Intern,8406
25219,Carol_25219,Intern,8406
25220,Dave_25220,Intern,8407
25221,Eve_25221,Intern,8407
25222,Frank_25222,Intern,8407
25223,Grace_25223,Intern,8408
25224,Hank_25224,Intern,8408
25225,Iris_25225,Intern,8408
25226,Jack_25226,Intern,8409
25227,Karen_25227,Intern,8409
25228,Leo_25228,Intern,8409
25229,Maya_25229,Intern,8410
25230,Nate_25230,Intern,8410
25231,Olivia_25231,Intern,8410
25232,Paul_25232,Intern,8411
25233,Quinn_25233,Intern,8411
25234,Rose_25234,Intern,8411
25235,Sam_25235,Intern,8412
25236,Tina_25236,Intern,8412
25237,Uma_25237,Intern,8412
25238,Victor_25238,Intern,8413
25239,Wendy_25239,Intern,8413
25240,Xander_25240,Intern,8413
25241,Yara_25241,Intern,8414
25242,Zack_25242,Intern,8414
25243,Ava_25243,Intern,8414
25244,Ben_25244,Intern,8415
25245,Chloe_25245,Intern,8415
25246,Dylan_25246,Intern,8415
25247,Ella_25247,Intern,8416
25248,Finn_25248,Intern,8416
25249,Alice_25249,Intern,8416
25250,Bob_25250,Intern,8417
25251,Carol_25251,Intern,8417
25252,Dave_25252,Intern,8417
25253,Eve_25253,Intern,8418
25254,Frank_25254,Intern,8418
25255,Grace_25255,Intern,8418
25256,Hank_25256,Intern,8419
25257,Iris_25257,Intern,8419
25258,Jack_25258,Intern,8419
25259,Karen_25259,Intern,8420
25260,Leo_25260,Intern,8420
25261,Maya_25261,Intern,8420
25262,Nate_25262,Intern,8421
25263,Olivia_25263,Intern,8421
25264,Paul_25264,Intern,8421
25265,Quinn_25265,Intern,8422
25266,Rose_25266,Intern,8422
25267,Sam_25267,Intern,8422
25268,Tina_25268,Intern,8423
25269,Uma_25269,Intern,8423
25270,Victor_25270,Intern,8423
25271,Wendy_25271,Intern,8424
25272,Xander_25272,Intern,8424
25273,Yara_25273,Intern,8424
25274,Zack_25274,Intern,8425
25275,Ava_25275,Intern,8425
25276,Ben_25276,Intern,8425
25277,Chloe_25277,Intern,8426
25278,Dylan_25278,Intern,8426
25279,Ella_25279,Intern,8426
25280,Finn_25280,Intern,8427
25281,Alice_25281,Intern,8427
25282,Bob_25282,Intern,8427
25283,Carol_25283,Intern,8428
25284,Dave_25284,Intern,8428
25285,Eve_25285,Intern,8428
25286,Frank_25286,Intern,8429
25287,Grace_25287,Intern,8429
25288,Hank_25288,Intern,8429
25289,Iris_25289,Intern,8430
25290,Jack_25290,Intern,8430
25291,Karen_25291,Intern,8430
25292,Leo_25292,Intern,8431
25293,Maya_25293,Intern,8431
25294,Nate_25294,Intern,8431
25295,Olivia_25295,Intern,8432
25296,Paul_25296,Intern,8432
25297,Quinn_25297,Intern,8432
25298,Rose_25298,Intern,8433
25299,Sam_25299,Intern,8433
25300,Tina_25300,Intern,8433
25301,Uma_25301,Intern,8434
25302,Victor_25302,Intern,8434
25303,Wendy_25303,Intern,8434
25304,Xander_25304,Intern,8435
25305,Yara_25305,Intern,8435
25306,Zack_25306,Intern,8435
25307,Ava_25307,Intern,8436
25308,Ben_25308,Intern,8436
25309,Chloe_25309,Intern,8436
25310,Dylan_25310,Intern,8437
25311,Ella_25311,Intern,8437
25312,Finn_25312,Intern,8437
25313,Alice_25313,Intern,8438
25314,Bob_25314,Intern,8438
25315,Carol_25315,Intern,8438
25316,Dave_25316,Intern,8439
25317,Eve_25317,Intern,8439
25318,Frank_25318,Intern,8439
25319,Grace_25319,Intern,8440
25320,Hank_25320,Intern,8440
25321,Iris_25321,Intern,8440
25322,Jack_25322,Intern,8441
25323,Karen_25323,Intern,8441
25324,Leo_25324,Intern,8441
25325,Maya_25325,Intern,8442
25326,Nate_25326,Intern,8442
25327,Olivia_25327,Intern,8442
25328,Paul_25328,Intern,8443
25329,Quinn_25329,Intern,8443
25330,Rose_25330,Intern,8443
25331,Sam_25331,Intern,8444
25332,Tina_25332,Intern,8444
25333,Uma_25333,Intern,8444
25334,Victor_25334,Intern,8445
25335,Wendy_25335,Intern,8445
25336,Xander_25336,Intern,8445
25337,Yara_25337,Intern,8446
25338,Zack_25338,Intern,8446
25339,Ava_25339,Intern,8446
25340,Ben_25340,Intern,8447
25341,Chloe_25341,Intern,8447
25342,Dylan_25342,Intern,8447
25343,Ella_25343,Intern,8448
25344,Finn_25344,Intern,8448
25345,Alice_25345,Intern,8448
25346,Bob_25346,Intern,8449
25347,Carol_25347,Intern,8449
25348,Dave_25348,Intern,8449
25349,Eve_25349,Intern,8450
25350,Frank_25350,Intern,8450
25351,Grace_25351,Intern,8450
25352,Hank_25352,Intern,8451
25353,Iris_25353,Intern,8451
25354,Jack_25354,Intern,8451
25355,Karen_25355,Intern,8452
25356,Leo_25356,Intern,8452
25357,Maya_25357,Intern,8452
25358,Nate_25358,Intern,8453
25359,Olivia_25359,Intern,8453
25360,Paul_25360,Intern,8453
25361,Quinn_25361,Intern,8454
25362,Rose_25362,Intern,8454
25363,Sam_25363,Intern,8454
25364,Tina_25364,Intern,8455
25365,Uma_25365,Intern,8455
25366,Victor_25366,Intern,8455
25367,Wendy_25367,Intern,8456
25368,Xander_25368,Intern,8456
25369,Yara_25369,Intern,8456
25370,Zack_25370,Intern,8457
25371,Ava_25371,Intern,8457
25372,Ben_25372,Intern,8457
25373,Chloe_25373,Intern,8458
25374,Dylan_25374,Intern,8458
25375,Ella_25375,Intern,8458
25376,Finn_25376,Intern,8459
25377,Alice_25377,Intern,8459
25378,Bob_25378,Intern,8459
25379,Carol_25379,Intern,8460
25380,Dave_25380,Intern,8460
25381,Eve_25381,Intern,8460
25382,Frank_25382,Intern,8461
25383,Grace_25383,Intern,8461
25384,Hank_25384,Intern,8461
25385,Iris_25385,Intern,8462
25386,Jack_25386,Intern,8462
25387,Karen_25387,Intern,8462
25388,Leo_25388,Intern,8463
25389,Maya_25389,Intern,8463
25390,Nate_25390,Intern,8463
25391,Olivia_25391,Intern,8464
25392,Paul_25392,Intern,8464
25393,Quinn_25393,Intern,8464
25394,Rose_25394,Intern,8465
25395,Sam_25395,Intern,8465
25396,Tina_25396,Intern,8465
25397,Uma_25397,Intern,8466
25398,Victor_25398,Intern,8466
25399,Wendy_25399,Intern,8466
25400,Xander_25400,Intern,8467
25401,Yara_25401,Intern,8467
25402,Zack_25402,Intern,8467
25403,Ava_25403,Intern,8468
25404,Ben_25404,Intern,8468
25405,Chloe_25405,Intern,8468
25406,Dylan_25406,Intern,8469
25407,Ella_25407,Intern,8469
25408,Finn_25408,Intern,8469
25409,Alice_25409,Intern,8470
25410,Bob_25410,Intern,8470
25411,Carol_25411,Intern,8470
25412,Dave_25412,Intern,8471
25413,Eve_25413,Intern,8471
25414,Frank_25414,Intern,8471
25415,Grace_25415,Intern,8472
25416,Hank_25416,Intern,8472
25417,Iris_25417,Intern,8472
25418,Jack_25418,Intern,8473
25419,Karen_25419,Intern,8473
25420,Leo_25420,Intern,8473
25421,Maya_25421,Intern,8474
25422,Nate_25422,Intern,8474
25423,Olivia_25423,Intern,8474
25424,Paul_25424,Intern,8475
25425,Quinn_25425,Intern,8475
25426,Rose_25426,Intern,8475
25427,Sam_25427,Intern,8476
25428,Tina_25428,Intern,8476
25429,Uma_25429,Intern,8476
25430,Victor_25430,Intern,8477
25431,Wendy_25431,Intern,8477
25432,Xander_25432,Intern,8477
25433,Yara_25433,Intern,8478
25434,Zack_25434,Intern,8478
25435,Ava_25435,Intern,8478
25436,Ben_25436,Intern,8479
25437,Chloe_25437,Intern,8479
25438,Dylan_25438,Intern,8479
25439,Ella_25439,Intern,8480
25440,Finn_25440,Intern,8480
25441,Alice_25441,Intern,8480
25442,Bob_25442,Intern,8481
25443,Carol_25443,Intern,8481
25444,Dave_25444,Intern,8481
25445,Eve_25445,Intern,8482
25446,Frank_25446,Intern,8482
25447,Grace_25447,Intern,8482
25448,Hank_25448,Intern,8483
25449,Iris_25449,Intern,8483
25450,Jack_25450,Intern,8483
25451,Karen_25451,Intern,8484
25452,Leo_25452,Intern,8484
25453,Maya_25453,Intern,8484
25454,Nate_25454,Intern,8485
25455,Olivia_25455,Intern,8485
25456,Paul_25456,Intern,8485
25457,Quinn_25457,Intern,8486
25458,Rose_25458,Intern,8486
25459,Sam_25459,Intern,8486
25460,Tina_25460,Intern,8487
25461,Uma_25461,Intern,8487
25462,Victor_25462,Intern,8487
25463,Wendy_25463,Intern,8488
25464,Xander_25464,Intern,8488
25465,Yara_25465,Intern,8488
25466,Zack_25466,Intern,8489
25467,Ava_25467,Intern,8489
25468,Ben_25468,Intern,8489
25469,Chloe_25469,Intern,8490
25470,Dylan_25470,Intern,8490
25471,Ella_25471,Intern,8490
25472,Finn_25472,Intern,8491
25473,Alice_25473,Intern,8491
25474,Bob_25474,Intern,8491
25475,Carol_25475,Intern,8492
25476,Dave_25476,Intern,8492
25477,Eve_25477,Intern,8492
25478,Frank_25478,Intern,8493
25479,Grace_25479,Intern,8493
25480,Hank_25480,Intern,8493
25481,Iris_25481,Intern,8494
25482,Jack_25482,Intern,8494
25483,Karen_25483,Intern,8494
25484,Leo_25484,Intern,8495
25485,Maya_25485,Intern,8495
25486,Nate_25486,Intern,8495
25487,Olivia_25487,Intern,8496
25488,Paul_25488,Intern,8496
25489,Quinn_25489,Intern,8496
25490,Rose_25490,Intern,8497
25491,Sam_25491,Intern,8497
25492,Tina_25492,Intern,8497
25493,Uma_25493,Intern,8498
25494,Victor_25494,Intern,8498
25495,Wendy_25495,Intern,8498
25496,Xander_25496,Intern,8499
25497,Yara_25497,Intern,8499
25498,Zack_25498,Intern,8499
25499,Ava_25499,Intern,8500
25500,Ben_25500,Intern,8500
25501,Chloe_25501,Intern,8500
25502,Dylan_25502,Intern,8501
25503,Ella_25503,Intern,8501
25504,Finn_25504,Intern,8501
25505,Alice_25505,Intern,8502
25506,Bob_25506,Intern,8502
25507,Carol_25507,Intern,8502
25508,Dave_25508,Intern,8503
25509,Eve_25509,Intern,8503
25510,Frank_25510,Intern,8503
25511,Grace_25511,Intern,8504
25512,Hank_25512,Intern,8504
25513,Iris_25513,Intern,8504
25514,Jack_25514,Intern,8505
25515,Karen_25515,Intern,8505
25516,Leo_25516,Intern,8505
25517,Maya_25517,Intern,8506
25518,Nate_25518,Intern,8506
25519,Olivia_25519,Intern,8506
25520,Paul_25520,Intern,8507
25521,Quinn_25521,Intern,8507
25522,Rose_25522,Intern,8507
25523,Sam_25523,Intern,8508
25524,Tina_25524,Intern,8508
25525,Uma_25525,Intern,8508
25526,Victor_25526,Intern,8509
25527,Wendy_25527,Intern,8509
25528,Xander_25528,Intern,8509
25529,Yara_25529,Intern,8510
25530,Zack_25530,Intern,8510
25531,Ava_25531,Intern,8510
25532,Ben_25532,Intern,8511
25533,Chloe_25533,Intern,8511
25534,Dylan_25534,Intern,8511
25535,Ella_25535,Intern,8512
25536,Finn_25536,Intern,8512
25537,Alice_25537,Intern,8512
25538,Bob_25538,Intern,8513
25539,Carol_25539,Intern,8513
25540,Dave_25540,Intern,8513
25541,Eve_25541,Intern,8514
25542,Frank_25542,Intern,8514
25543,Grace_25543,Intern,8514
25544,Hank_25544,Intern,8515
25545,Iris_25545,Intern,8515
25546,Jack_25546,Intern,8515
25547,Karen_25547,Intern,8516
25548,Leo_25548,Intern,8516
25549,Maya_25549,Intern,8516
25550,Nate_25550,Intern,8517
25551,Olivia_25551,Intern,8517
25552,Paul_25552,Intern,8517
25553,Quinn_25553,Intern,8518
25554,Rose_25554,Intern,8518
25555,Sam_25555,Intern,8518
25556,Tina_25556,Intern,8519
25557,Uma_25557,Intern,8519
25558,Victor_25558,Intern,8519
25559,Wendy_25559,Intern,8520
25560,Xander_25560,Intern,8520
25561,Yara_25561,Intern,8520
25562,Zack_25562,Intern,8521
25563,Ava_25563,Intern,8521
25564,Ben_25564,Intern,8521
25565,Chloe_25565,Intern,8522
25566,Dylan_25566,Intern,8522
25567,Ella_25567,Intern,8522
25568,Finn_25568,Intern,8523
25569,Alice_25569,Intern,8523
25570,Bob_25570,Intern,8523
25571,Carol_25571,Intern,8524
25572,Dave_25572,Intern,8524
25573,Eve_25573,Intern,8524
25574,Frank_25574,Intern,8525
25575,Grace_25575,Intern,8525
25576,Hank_25576,Intern,8525
25577,Iris_25577,Intern,8526
25578,Jack_25578,Intern,8526
25579,Karen_25579,Intern,8526
25580,Leo_25580,Intern,8527
25581,Maya_25581,Intern,8527
25582,Nate_25582,Intern,8527
25583,Olivia_25583,Intern,8528
25584,Paul_25584,Intern,8528
25585,Quinn_25585,Intern,8528
25586,Rose_25586,Intern,8529
25587,Sam_25587,Intern,8529
25588,Tina_25588,Intern,8529
25589,Uma_25589,Intern,8530
25590,Victor_25590,Intern,8530
25591,Wendy_25591,Intern,8530
25592,Xander_25592,Intern,8531
25593,Yara_25593,Intern,8531
25594,Zack_25594,Intern,8531
25595,Ava_25595,Intern,8532
25596,Ben_25596,Intern,8532
25597,Chloe_25597,Intern,8532
25598,Dylan_25598,Intern,8533
25599,Ella_25599,Intern,8533
25600,Finn_25600,Intern,8533
25601,Alice_25601,Intern,8534
25602,Bob_25602,Intern,8534
25603,Carol_25603,Intern,8534
25604,Dave_25604,Intern,8535
25605,Eve_25605,Intern,8535
25606,Frank_25606,Intern,8535
25607,Grace_25607,Intern,8536
25608,Hank_25608,Intern,8536
25609,Iris_25609,Intern,8536
25610,Jack_25610,Intern,8537
25611,Karen_25611,Intern,8537
25612,Leo_25612,Intern,8537
25613,Maya_25613,Intern,8538
25614,Nate_25614,Intern,8538
25615,Olivia_25615,Intern,8538
25616,Paul_25616,Intern,8539
25617,Quinn_25617,Intern,8539
25618,Rose_25618,Intern,8539
25619,Sam_25619,Intern,8540
25620,Tina_25620,Intern,8540
25621,Uma_25621,Intern,8540
25622,Victor_25622,Intern,8541
25623,Wendy_25623,Intern,8541
25624,Xander_25624,Intern,8541
25625,Yara_25625,Intern,8542
25626,Zack_25626,Intern,8542
25627,Ava_25627,Intern,8542
25628,Ben_25628,Intern,8543
25629,Chloe_25629,Intern,8543
25630,Dylan_25630,Intern,8543
25631,Ella_25631,Intern,8544
25632,Finn_25632,Intern,8544
25633,Alice_25633,Intern,8544
25634,Bob_25634,Intern,8545
25635,Carol_25635,Intern,8545
25636,Dave_25636,Intern,8545
25637,Eve_25637,Intern,8546
25638,Frank_25638,Intern,8546
25639,Grace_25639,Intern,8546
25640,Hank_25640,Intern,8547
25641,Iris_25641,Intern,8547
25642,Jack_25642,Intern,8547
25643,Karen_25643,Intern,8548
25644,Leo_25644,Intern,8548
25645,Maya_25645,Intern,8548
25646,Nate_25646,Intern,8549
25647,Olivia_25647,Intern,8549
25648,Paul_25648,Intern,8549
25649,Quinn_25649,Intern,8550
25650,Rose_25650,Intern,8550
25651,Sam_25651,Intern,8550
25652,Tina_25652,Intern,8551
25653,Uma_25653,Intern,8551
25654,Victor_25654,Intern,8551
25655,Wendy_25655,Intern,8552
25656,Xander_25656,Intern,8552
25657,Yara_25657,Intern,8552
25658,Zack_25658,Intern,8553
25659,Ava_25659,Intern,8553
25660,Ben_25660,Intern,8553
25661,Chloe_25661,Intern,8554
25662,Dylan_25662,Intern,8554
25663,Ella_25663,Intern,8554
25664,Finn_25664,Intern,8555
25665,Alice_25665,Intern,8555
25666,Bob_25666,Intern,8555
25667,Carol_25667,Intern,8556
25668,Dave_25668,Intern,8556
25669,Eve_25669,Intern,8556
25670,Frank_25670,Intern,8557
25671,Grace_25671,Intern,8557
25672,Hank_25672,Intern,8557
25673,Iris_25673,Intern,8558
25674,Jack_25674,Intern,8558
25675,Karen_25675,Intern,8558
25676,Leo_25676,Intern,8559
25677,Maya_25677,Intern,8559
25678,Nate_25678,Intern,8559
25679,Olivia_25679,Intern,8560
25680,Paul_25680,Intern,8560
25681,Quinn_25681,Intern,8560
25682,Rose_25682,Intern,8561
25683,Sam_25683,Intern,8561
25684,Tina_25684,Intern,8561
25685,Uma_25685,Intern,8562
25686,Victor_25686,Intern,8562
25687,Wendy_25687,Intern,8562
25688,Xander_25688,Intern,8563
25689,Yara_25689,Intern,8563
25690,Zack_25690,Intern,8563
25691,Ava_25691,Intern,8564
25692,Ben_25692,Intern,8564
25693,Chloe_25693,Intern,8564
25694,Dylan_25694,Intern,8565
25695,Ella_25695,Intern,8565
25696,Finn_25696,Intern,8565
25697,Alice_25697,Intern,8566
25698,Bob_25698,Intern,8566
25699,Carol_25699,Intern,8566
25700,Dave_25700,Intern,8567
25701,Eve_25701,Intern,8567
25702,Frank_25702,Intern,8567
25703,Grace_25703,Intern,8568
25704,Hank_25704,Intern,8568
25705,Iris_25705,Intern,8568
25706,Jack_25706,Intern,8569
25707,Karen_25707,Intern,8569
25708,Leo_25708,Intern,8569
25709,Maya_25709,Intern,8570
25710,Nate_25710,Intern,8570
25711,Olivia_25711,Intern,8570
25712,Paul_25712,Intern,8571
25713,Quinn_25713,Intern,8571
25714,Rose_25714,Intern,8571
25715,Sam_25715,Intern,8572
25716,Tina_25716,Intern,8572
25717,Uma_25717,Intern,8572
25718,Victor_25718,Intern,8573
25719,Wendy_25719,Intern,8573
25720,Xander_25720,Intern,8573
25721,Yara_25721,Intern,8574
25722,Zack_25722,Intern,8574
25723,Ava_25723,Intern,8574
25724,Ben_25724,Intern,8575
25725,Chloe_25725,Intern,8575
25726,Dylan_25726,Intern,8575
25727,Ella_25727,Intern,8576
25728,Finn_25728,Intern,8576
25729,Alice_25729,Intern,8576
25730,Bob_25730,Intern,8577
25731,Carol_25731,Intern,8577
25732,Dave_25732,Intern,8577
25733,Eve_25733,Intern,8578
25734,Frank_25734,Intern,8578
25735,Grace_25735,Intern,8578
25736,Hank_25736,Intern,8579
25737,Iris_25737,Intern,8579
25738,Jack_25738,Intern,8579
25739,Karen_25739,Intern,8580
25740,Leo_25740,Intern,8580
25741,Maya_25741,Intern,8580
25742,Nate_25742,Intern,8581
25743,Olivia_25743,Intern,8581
25744,Paul_25744,Intern,8581
25745,Quinn_25745,Intern,8582
25746,Rose_25746,Intern,8582
25747,Sam_25747,Intern,8582
25748,Tina_25748,Intern,8583
25749,Uma_25749,Intern,8583
25750,Victor_25750,Intern,8583
25751,Wendy_25751,Intern,8584
25752,Xander_25752,Intern,8584
25753,Yara_25753,Intern,8584
25754,Zack_25754,Intern,8585
25755,Ava_25755,Intern,8585
25756,Ben_25756,Intern,8585
25757,Chloe_25757,Intern,8586
25758,Dylan_25758,Intern,8586
25759,Ella_25759,Intern,8586
25760,Finn_25760,Intern,8587
25761,Alice_25761,Intern,8587
25762,Bob_25762,Intern,8587
25763,Carol_25763,Intern,8588
25764,Dave_25764,Intern,8588
25765,Eve_25765,Intern,8588
25766,Frank_25766,Intern,8589
25767,Grace_25767,Intern,8589
25768,Hank_25768,Intern,8589
25769,Iris_25769,Intern,8590
25770,Jack_25770,Intern,8590
25771,Karen_25771,Intern,8590
25772,Leo_25772,Intern,8591
25773,Maya_25773,Intern,8591
25774,Nate_25774,Intern,8591
25775,Olivia_25775,Intern,8592
25776,Paul_25776,Intern,8592
25777,Quinn_25777,Intern,8592
25778,Rose_25778,Intern,8593
25779,Sam_25779,Intern,8593
25780,Tina_25780,Intern,8593
25781,Uma_25781,Intern,8594
25782,Victor_25782,Intern,8594
25783,Wendy_25783,Intern,8594
25784,Xander_25784,Intern,8595
25785,Yara_25785,Intern,8595
25786,Zack_25786,Intern,8595
25787,Ava_25787,Intern,8596
25788,Ben_25788,Intern,8596
25789,Chloe_25789,Intern,8596
25790,Dylan_25790,Intern,8597
25791,Ella_25791,Intern,8597
25792,Finn_25792,Intern,8597
25793,Alice_25793,Intern,8598
25794,Bob_25794,Intern,8598
25795,Carol_25795,Intern,8598
25796,Dave_25796,Intern,8599
25797,Eve_25797,Intern,8599
25798,Frank_25798,Intern,8599
25799,Grace_25799,Intern,8600
25800,Hank_25800,Intern,8600
25801,Iris_25801,Intern,8600
25802,Jack_25802,Intern,8601
25803,Karen_25803,Intern,8601
25804,Leo_25804,Intern,8601
25805,Maya_25805,Intern,8602
25806,Nate_25806,Intern,8602
25807,Olivia_25807,Intern,8602
25808,Paul_25808,Intern,8603
25809,Quinn_25809,Intern,8603
25810,Rose_25810,Intern,8603
25811,Sam_25811,Intern,8604
25812,Tina_25812,Intern,8604
25813,Uma_25813,Intern,8604
25814,Victor_25814,Intern,8605
25815,Wendy_25815,Intern,8605
25816,Xander_25816,Intern,8605
25817,Yara_25817,Intern,8606
25818,Zack_25818,Intern,8606
25819,Ava_25819,Intern,8606
25820,Ben_25820,Intern,8607
25821,Chloe_25821,Intern,8607
25822,Dylan_25822,Intern,8607
25823,Ella_25823,Intern,8608
25824,Finn_25824,Intern,8608
25825,Alice_25825,Intern,8608
25826,Bob_25826,Intern,8609
25827,Carol_25827,Intern,8609
25828,Dave_25828,Intern,8609
25829,Eve_25829,Intern,8610
25830,Frank_25830,Intern,8610
25831,Grace_25831,Intern,8610
25832,Hank_25832,Intern,8611
25833,Iris_25833,Intern,8611
25834,Jack_25834,Intern,8611
25835,Karen_25835,Intern,8612
25836,Leo_25836,Intern,8612
25837,Maya_25837,Intern,8612
25838,Nate_25838,Intern,8613
25839,Olivia_25839,Intern,8613
25840,Paul_25840,Intern,8613
25841,Quinn_25841,Intern,8614
25842,Rose_25842,Intern,8614
25843,Sam_25843,Intern,8614
25844,Tina_25844,Intern,8615
25845,Uma_25845,Intern,8615
25846,Victor_25846,Intern,8615
25847,Wendy_25847,Intern,8616
25848,Xander_25848,Intern,8616
25849,Yara_25849,Intern,8616
25850,Zack_25850,Intern,8617
25851,Ava_25851,Intern,8617
25852,Ben_25852,Intern,8617
25853,Chloe_25853,Intern,8618
25854,Dylan_25854,Intern,8618
25855,Ella_25855,Intern,8618
25856,Finn_25856,Intern,8619
25857,Alice_25857,Intern,8619
25858,Bob_25858,Intern,8619
25859,Carol_25859,Intern,8620
25860,Dave_25860,Intern,8620
25861,Eve_25861,Intern,8620
25862,Frank_25862,Intern,8621
25863,Grace_25863,Intern,8621
25864,Hank_25864,Intern,8621
25865,Iris_25865,Intern,8622
25866,Jack_25866,Intern,8622
25867,Karen_25867,Intern,8622
25868,Leo_25868,Intern,8623
25869,Maya_25869,Intern,8623
25870,Nate_25870,Intern,8623
25871,Olivia_25871,Intern,8624
25872,Paul_25872,Intern,8624
25873,Quinn_25873,Intern,8624
25874,Rose_25874,Intern,8625
25875,Sam_25875,Intern,8625
25876,Tina_25876,Intern,8625
25877,Uma_25877,Intern,8626
25878,Victor_25878,Intern,8626
25879,Wendy_25879,Intern,8626
25880,Xander_25880,Intern,8627
25881,Yara_25881,Intern,8627
25882,Zack_25882,Intern,8627
25883,Ava_25883,Intern,8628
25884,Ben_25884,Intern,8628
25885,Chloe_25885,Intern,8628
25886,Dylan_25886,Intern,8629
25887,Ella_25887,Intern,8629
25888,Finn_25888,Intern,8629
25889,Alice_25889,Intern,8630
25890,Bob_25890,Intern,8630
25891,Carol_25891,Intern,8630
25892,Dave_25892,Intern,8631
25893,Eve_25893,Intern,8631
25894,Frank_25894,Intern,8631
25895,Grace_25895,Intern,8632
25896,Hank_25896,Intern,8632
25897,Iris_25897,Intern,8632
25898,Jack_25898,Intern,8633
25899,Karen_25899,Intern,8633
25900,Leo_25900,Intern,8633
25901,Maya_25901,Intern,8634
25902,Nate_25902,Intern,8634
25903,Olivia_25903,Intern,8634
25904,Paul_25904,Intern,8635
25905,Quinn_25905,Intern,8635
25906,Rose_25906,Intern,8635
25907,Sam_25907,Intern,8636
25908,Tina_25908,Intern,8636
25909,Uma_25909,Intern,8636
25910,Victor_25910,Intern,8637
25911,Wendy_25911,Intern,8637
25912,Xander_25912,Intern,8637
25913,Yara_25913,Intern,8638
25914,Zack_25914,Intern,8638
25915,Ava_25915,Intern,8638
25916,Ben_25916,Intern,8639
25917,Chloe_25917,Intern,8639
25918,Dylan_25918,Intern,8639
25919,Ella_25919,Intern,8640
25920,Finn_25920,Intern,8640
25921,Alice_25921,Intern,8640
25922,Bob_25922,Intern,8641
25923,Carol_25923,Intern,8641
25924,Dave_25924,Intern,8641
25925,Eve_25925,Intern,8642
25926,Frank_25926,Intern,8642
25927,Grace_25927,Intern,8642
25928,Hank_25928,Intern,8643
25929,Iris_25929,Intern,8643
25930,Jack_25930,Intern,8643
25931,Karen_25931,Intern,8644
25932,Leo_25932,Intern,8644
25933,Maya_25933,Intern,8644
25934,Nate_25934,Intern,8645
25935,Olivia_25935,Intern,8645
25936,Paul_25936,Intern,8645
25937,Quinn_25937,Intern,8646
25938,Rose_25938,Intern,8646
25939,Sam_25939,Intern,8646
25940,Tina_25940,Intern,8647
25941,Uma_25941,Intern,8647
25942,Victor_25942,Intern,8647
25943,Wendy_25943,Intern,8648
25944,Xander_25944,Intern,8648
25945,Yara_25945,Intern,8648
25946,Zack_25946,Intern,8649
25947,Ava_25947,Intern,8649
25948,Ben_25948,Intern,8649
25949,Chloe_25949,Intern,8650
25950,Dylan_25950,Intern,8650
25951,Ella_25951,Intern,8650
25952,Finn_25952,Intern,8651
25953,Alice_25953,Intern,8651
25954,Bob_25954,Intern,8651
25955,Carol_25955,Intern,8652
25956,Dave_25956,Intern,8652
25957,Eve_25957,Intern,8652
25958,Frank_25958,Intern,8653
25959,Grace_25959,Intern,8653
25960,Hank_25960,Intern,8653
25961,Iris_25961,Intern,8654
25962,Jack_25962,Intern,8654
25963,Karen_25963,Intern,8654
25964,Leo_25964,Intern,8655
25965,Maya_25965,Intern,8655
25966,Nate_25966,Intern,8655
25967,Olivia_25967,Intern,8656
25968,Paul_25968,Intern,8656
25969,Quinn_25969,Intern,8656
25970,Rose_25970,Intern,8657
25971,Sam_25971,Intern,8657
25972,Tina_25972,Intern,8657
25973,Uma_25973,Intern,8658
25974,Victor_25974,Intern,8658
25975,Wendy_25975,Intern,8658
25976,Xander_25976,Intern,8659
25977,Yara_25977,Intern,8659
25978,Zack_25978,Intern,8659
25979,Ava_25979,Intern,8660
25980,Ben_25980,Intern,8660
25981,Chloe_25981,Intern,8660
25982,Dylan_25982,Intern,8661
25983,Ella_25983,Intern,8661
25984,Finn_25984,Intern,8661
25985,Alice_25985,Intern,8662
25986,Bob_25986,Intern,8662
25987,Carol_25987,Intern,8662
25988,Dave_25988,Intern,8663
25989,Eve_25989,Intern,8663
25990,Frank_25990,Intern,8663
25991,Grace_25991,Intern,8664
25992,Hank_25992,Intern,8664
25993,Iris_25993,Intern,8664
25994,Jack_25994,Intern,8665
25995,Karen_25995,Intern,8665
25996,Leo_25996,Intern,8665
25997,Maya_25997,Intern,8666
25998,Nate_25998,Intern,8666
25999,Olivia_25999,Intern,8666
26000,Paul_26000,Intern,8667
26001,Quinn_26001,Intern,8667
26002,Rose_26002,Intern,8667
26003,Sam_26003,Intern,8668
26004,Tina_26004,Intern,8668
26005,Uma_26005,Intern,8668
26006,Victor_26006,Intern,8669
26007,Wendy_26007,Intern,8669
26008,Xander_26008,Intern,8669
26009,Yara_26009,Intern,8670
26010,Zack_26010,Intern,8670
26011,Ava_26011,Intern,8670
26012,Ben_26012,Intern,8671
26013,Chloe_26013,Intern,8671
26014,Dylan_26014,Intern,8671
26015,Ella_26015,Intern,8672
26016,Finn_26016,Intern,8672
26017,Alice_26017,Intern,8672
26018,Bob_26018,Intern,8673
26019,Carol_26019,Intern,8673
26020,Dave_26020,Intern,8673
26021,Eve_26021,Intern,8674
26022,Frank_26022,Intern,8674
26023,Grace_26023,Intern,8674
26024,Hank_26024,Intern,8675
26025,Iris_26025,Intern,8675
26026,Jack_26026,Intern,8675
26027,Karen_26027,Intern,8676
26028,Leo_26028,Intern,8676
26029,Maya_26029,Intern,8676
26030,Nate_26030,Intern,8677
26031,Olivia_26031,Intern,8677
26032,Paul_26032,Intern,8677
26033,Quinn_26033,Intern,8678
26034,Rose_26034,Intern,8678
26035,Sam_26035,Intern,8678
26036,Tina_26036,Intern,8679
26037,Uma_26037,Intern,8679
26038,Victor_26038,Intern,8679
26039,Wendy_26039,Intern,8680
26040,Xander_26040,Intern,8680
26041,Yara_26041,Intern,8680
26042,Zack_26042,Intern,8681
26043,Ava_26043,Intern,8681
26044,Ben_26044,Intern,8681
26045,Chloe_26045,Intern,8682
26046,Dylan_26046,Intern,8682
26047,Ella_26047,Intern,8682
26048,Finn_26048,Intern,8683
26049,Alice_26049,Intern,8683
26050,Bob_26050,Intern,8683
26051,Carol_26051,Intern,8684
26052,Dave_26052,Intern,8684
26053,Eve_26053,Intern,8684
26054,Frank_26054,Intern,8685
26055,Grace_26055,Intern,8685
26056,Hank_26056,Intern,8685
26057,Iris_26057,Intern,8686
26058,Jack_26058,Intern,8686
26059,Karen_26059,Intern,8686
26060,Leo_26060,Intern,8687
26061,Maya_26061,Intern,8687
26062,Nate_26062,Intern,8687
26063,Olivia_26063,Intern,8688
26064,Paul_26064,Intern,8688
26065,Quinn_26065,Intern,8688
26066,Rose_26066,Intern,8689
26067,Sam_26067,Intern,8689
26068,Tina_26068,Intern,8689
26069,Uma_26069,Intern,8690
26070,Victor_26070,Intern,8690
26071,Wendy_26071,Intern,8690
26072,Xander_26072,Intern,8691
26073,Yara_26073,Intern,8691
26074,Zack_26074,Intern,8691
26075,Ava_26075,Intern,8692
26076,Ben_26076,Intern,8692
26077,Chloe_26077,Intern,8692
26078,Dylan_26078,Intern,8693
26079,Ella_26079,Intern,8693
26080,Finn_26080,Intern,8693
26081,Alice_26081,Intern,8694
26082,Bob_26082,Intern,8694
26083,Carol_26083,Intern,8694
26084,Dave_26084,Intern,8695
26085,Eve_26085,Intern,8695
26086,Frank_26086,Intern,8695
26087,Grace_26087,Intern,8696
26088,Hank_26088,Intern,8696
26089,Iris_26089,Intern,8696
26090,Jack_26090,Intern,8697
26091,Karen_26091,Intern,8697
26092,Leo_26092,Intern,8697
26093,Maya_26093,Intern,8698
26094,Nate_26094,Intern,8698
26095,Olivia_26095,Intern,8698
26096,Paul_26096,Intern,8699
26097,Quinn_26097,Intern,8699
26098,Rose_26098,Intern,8699
26099,Sam_26099,Intern,8700
26100,Tina_26100,Intern,8700
26101,Uma_26101,Intern,8700
26102,Victor_26102,Intern,8701
26103,Wendy_26103,Intern,8701
26104,Xander_26104,Intern,8701
26105,Yara_26105,Intern,8702
26106,Zack_26106,Intern,8702
26107,Ava_26107,Intern,8702
26108,Ben_26108,Intern,8703
26109,Chloe_26109,Intern,8703
26110,Dylan_26110,Intern,8703
26111,Ella_26111,Intern,8704
26112,Finn_26112,Intern,8704
26113,Alice_26113,Intern,8704
26114,Bob_26114,Intern,8705
26115,Carol_26115,Intern,8705
26116,Dave_26116,Intern,8705
26117,Eve_26117,Intern,8706
26118,Frank_26118,Intern,8706
26119,Grace_26119,Intern,8706
26120,Hank_26120,Intern,8707
26121,Iris_26121,Intern,8707
26122,Jack_26122,Intern,8707
26123,Karen_26123,Intern,8708
26124,Leo_26124,Intern,8708
26125,Maya_26125,Intern,8708
26126,Nate_26126,Intern,8709
26127,Olivia_26127,Intern,8709
26128,Paul_26128,Intern,8709
26129,Quinn_26129,Intern,8710
26130,Rose_26130,Intern,8710
26131,Sam_26131,Intern,8710
26132,Tina_26132,Intern,8711
26133,Uma_26133,Intern,8711
26134,Victor_26134,Intern,8711
26135,Wendy_26135,Intern,8712
26136,Xander_26136,Intern,8712
26137,Yara_26137,Intern,8712
26138,Zack_26138,Intern,8713
26139,Ava_26139,Intern,8713
26140,Ben_26140,Intern,8713
26141,Chloe_26141,Intern,8714
26142,Dylan_26142,Intern,8714
26143,Ella_26143,Intern,8714
26144,Finn_26144,Intern,8715
26145,Alice_26145,Intern,8715
26146,Bob_26146,Intern,8715
26147,Carol_26147,Intern,8716
26148,Dave_26148,Intern,8716
26149,Eve_26149,Intern,8716
26150,Frank_26150,Intern,8717
26151,Grace_26151,Intern,8717
26152,Hank_26152,Intern,8717
26153,Iris_26153,Intern,8718
26154,Jack_26154,Intern,8718
26155,Karen_26155,Intern,8718
26156,Leo_26156,Intern,8719
26157,Maya_26157,Intern,8719
26158,Nate_26158,Intern,8719
26159,Olivia_26159,Intern,8720
26160,Paul_26160,Intern,8720
26161,Quinn_26161,Intern,8720
26162,Rose_26162,Intern,8721
26163,Sam_26163,Intern,8721
26164,Tina_26164,Intern,8721
26165,Uma_26165,Intern,8722
26166,Victor_26166,Intern,8722
26167,Wendy_26167,Intern,8722
26168,Xander_26168,Intern,8723
26169,Yara_26169,Intern,8723
26170,Zack_26170,Intern,8723
26171,Ava_26171,Intern,8724
26172,Ben_26172,Intern,8724
26173,Chloe_26173,Intern,8724
26174,Dylan_26174,Intern,8725
26175,Ella_26175,Intern,8725
26176,Finn_26176,Intern,8725
26177,Alice_26177,Intern,8726
26178,Bob_26178,Intern,8726
26179,Carol_26179,Intern,8726
26180,Dave_26180,Intern,8727
26181,Eve_26181,Intern,8727
26182,Frank_26182,Intern,8727
26183,Grace_26183,Intern,8728
26184,Hank_26184,Intern,8728
26185,Iris_26185,Intern,8728
26186,Jack_26186,Intern,8729
26187,Karen_26187,Intern,8729
26188,Leo_26188,Intern,8729
26189,Maya_26189,Intern,8730
26190,Nate_26190,Intern,8730
26191,Olivia_26191,Intern,8730
26192,Paul_26192,Intern,8731
26193,Quinn_26193,Intern,8731
26194,Rose_26194,Intern,8731
26195,Sam_26195,Intern,8732
26196,Tina_26196,Intern,8732
26197,Uma_26197,Intern,8732
26198,Victor_26198,Intern,8733
26199,Wendy_26199,Intern,8733
26200,Xander_26200,Intern,8733
26201,Yara_26201,Intern,8734
26202,Zack_26202,Intern,8734
26203,Ava_26203,Intern,8734
26204,Ben_26204,Intern,8735
26205,Chloe_26205,Intern,8735
26206,Dylan_26206,Intern,8735
26207,Ella_26207,Intern,8736
26208,Finn_26208,Intern,8736
26209,Alice_26209,Intern,8736
26210,Bob_26210,Intern,8737
26211,Carol_26211,Intern,8737
26212,Dave_26212,Intern,8737
26213,Eve_26213,Intern,8738
26214,Frank_26214,Intern,8738
26215,Grace_26215,Intern,8738
26216,Hank_26216,Intern,8739
26217,Iris_26217,Intern,8739
26218,Jack_26218,Intern,8739
26219,Karen_26219,Intern,8740
26220,Leo_26220,Intern,8740
26221,Maya_26221,Intern,8740
26222,Nate_26222,Intern,8741
26223,Olivia_26223,Intern,8741
26224,Paul_26224,Intern,8741
26225,Quinn_26225,Intern,8742
26226,Rose_26226,Intern,8742
26227,Sam_26227,Intern,8742
26228,Tina_26228,Intern,8743
26229,Uma_26229,Intern,8743
26230,Victor_26230,Intern,8743
26231,Wendy_26231,Intern,8744
26232,Xander_26232,Intern,8744
26233,Yara_26233,Intern,8744
26234,Zack_26234,Intern,8745
26235,Ava_26235,Intern,8745
26236,Ben_26236,Intern,8745
26237,Chloe_26237,Intern,8746
26238,Dylan_26238,Intern,8746
26239,Ella_26239,Intern,8746
26240,Finn_26240,Intern,8747
26241,Alice_26241,Intern,8747
26242,Bob_26242,Intern,8747
26243,Carol_26243,Intern,8748
26244,Dave_26244,Intern,8748
26245,Eve_26245,Intern,8748
26246,Frank_26246,Intern,8749
26247,Grace_26247,Intern,8749
26248,Hank_26248,Intern,8749
26249,Iris_26249,Intern,8750
26250,Jack_26250,Intern,8750
26251,Karen_26251,Intern,8750
26252,Leo_26252,Intern,8751
26253,Maya_26253,Intern,8751
26254,Nate_26254,Intern,8751
26255,Olivia_26255,Intern,8752
26256,Paul_26256,Intern,8752
26257,Quinn_26257,Intern,8752
26258,Rose_26258,Intern,8753
26259,Sam_26259,Intern,8753
26260,Tina_26260,Intern,8753
26261,Uma_26261,Intern,8754
26262,Victor_26262,Intern,8754
26263,Wendy_26263,Intern,8754
26264,Xander_26264,Intern,8755
26265,Yara_26265,Intern,8755
26266,Zack_26266,Intern,8755
26267,Ava_26267,Intern,8756
26268,Ben_26268,Intern,8756
26269,Chloe_26269,Intern,8756
26270,Dylan_26270,Intern,8757
26271,Ella_26271,Intern,8757
26272,Finn_26272,Intern,8757
26273,Alice_26273,Intern,8758
26274,Bob_26274,Intern,8758
26275,Carol_26275,Intern,8758
26276,Dave_26276,Intern,8759
26277,Eve_26277,Intern,8759
26278,Frank_26278,Intern,8759
26279,Grace_26279,Intern,8760
26280,Hank_26280,Intern,8760
26281,Iris_26281,Intern,8760
26282,Jack_26282,Intern,8761
26283,Karen_26283,Intern,8761
26284,Leo_26284,Intern,8761
26285,Maya_26285,Intern,8762
26286,Nate_26286,Intern,8762
26287,Olivia_26287,Intern,8762
26288,Paul_26288,Intern,8763
26289,Quinn_26289,Intern,8763
26290,Rose_26290,Intern,8763
26291,Sam_26291,Intern,8764
26292,Tina_26292,Intern,8764
26293,Uma_26293,Intern,8764
26294,Victor_26294,Intern,8765
26295,Wendy_26295,Intern,8765
26296,Xander_26296,Intern,8765
26297,Yara_26297,Intern,8766
26298,Zack_26298,Intern,8766
26299,Ava_26299,Intern,8766
26300,Ben_26300,Intern,8767
26301,Chloe_26301,Intern,8767
26302,Dylan_26302,Intern,8767
26303,Ella_26303,Intern,8768
26304,Finn_26304,Intern,8768
26305,Alice_26305,Intern,8768
26306,Bob_26306,Intern,8769
26307,Carol_26307,Intern,8769
26308,Dave_26308,Intern,8769
26309,Eve_26309,Intern,8770
26310,Frank_26310,Intern,8770
26311,Grace_26311,Intern,8770
26312,Hank_26312,Intern,8771
26313,Iris_26313,Intern,8771
26314,Jack_26314,Intern,8771
26315,Karen_26315,Intern,8772
26316,Leo_26316,Intern,8772
26317,Maya_26317,Intern,8772
26318,Nate_26318,Intern,8773
26319,Olivia_26319,Intern,8773
26320,Paul_26320,Intern,8773
26321,Quinn_26321,Intern,8774
26322,Rose_26322,Intern,8774
26323,Sam_26323,Intern,8774
26324,Tina_26324,Intern,8775
26325,Uma_26325,Intern,8775
26326,Victor_26326,Intern,8775
26327,Wendy_26327,Intern,8776
26328,Xander_26328,Intern,8776
26329,Yara_26329,Intern,8776
26330,Zack_26330,Intern,8777
26331,Ava_26331,Intern,8777
26332,Ben_26332,Intern,8777
26333,Chloe_26333,Intern,8778
26334,Dylan_26334,Intern,8778
26335,Ella_26335,Intern,8778
26336,Finn_26336,Intern,8779
26337,Alice_26337,Intern,8779
26338,Bob_26338,Intern,8779
26339,Carol_26339,Intern,8780
26340,Dave_26340,Intern,8780
26341,Eve_26341,Intern,8780
26342,Frank_26342,Intern,8781
26343,Grace_26343,Intern,8781
26344,Hank_26344,Intern,8781
26345,Iris_26345,Intern,8782
26346,Jack_26346,Intern,8782
26347,Karen_26347,Intern,8782
26348,Leo_26348,Intern,8783
26349,Maya_26349,Intern,8783
26350,Nate_26350,Intern,8783
26351,Olivia_26351,Intern,8784
26352,Paul_26352,Intern,8784
26353,Quinn_26353,Intern,8784
26354,Rose_26354,Intern,8785
26355,Sam_26355,Intern,8785
26356,Tina_26356,Intern,8785
26357,Uma_26357,Intern,8786
26358,Victor_26358,Intern,8786
26359,Wendy_26359,Intern,8786
26360,Xander_26360,Intern,8787
26361,Yara_26361,Intern,8787
26362,Zack_26362,Intern,8787
26363,Ava_26363,Intern,8788
26364,Ben_26364,Intern,8788
26365,Chloe_26365,Intern,8788
26366,Dylan_26366,Intern,8789
26367,Ella_26367,Intern,8789
26368,Finn_26368,Intern,8789
26369,Alice_26369,Intern,8790
26370,Bob_26370,Intern,8790
26371,Carol_26371,Intern,8790
26372,Dave_26372,Intern,8791
26373,Eve_26373,Intern,8791
26374,Frank_26374,Intern,8791
26375,Grace_26375,Intern,8792
26376,Hank_26376,Intern,8792
26377,Iris_26377,Intern,8792
26378,Jack_26378,Intern,8793
26379,Karen_26379,Intern,8793
26380,Leo_26380,Intern,8793
26381,Maya_26381,Intern,8794
26382,Nate_26382,Intern,8794
26383,Olivia_26383,Intern,8794
26384,Paul_26384,Intern,8795
26385,Quinn_26385,Intern,8795
26386,Rose_26386,Intern,8795
26387,Sam_26387,Intern,8796
26388,Tina_26388,Intern,8796
26389,Uma_26389,Intern,8796
26390,Victor_26390,Intern,8797
26391,Wendy_26391,Intern,8797
26392,Xander_26392,Intern,8797
26393,Yara_26393,Intern,8798
26394,Zack_26394,Intern,8798
26395,Ava_26395,Intern,8798
26396,Ben_26396,Intern,8799
26397,Chloe_26397,Intern,8799
26398,Dylan_26398,Intern,8799
26399,Ella_26399,Intern,8800
26400,Finn_26400,Intern,8800
26401,Alice_26401,Intern,8800
26402,Bob_26402,Intern,8801
26403,Carol_26403,Intern,8801
26404,Dave_26404,Intern,8801
26405,Eve_26405,Intern,8802
26406,Frank_26406,Intern,8802
26407,Grace_26407,Intern,8802
26408,Hank_26408,Intern,8803
26409,Iris_26409,Intern,8803
26410,Jack_26410,Intern,8803
26411,Karen_26411,Intern,8804
26412,Leo_26412,Intern,8804
26413,Maya_26413,Intern,8804
26414,Nate_26414,Intern,8805
26415,Olivia_26415,Intern,8805
26416,Paul_26416,Intern,8805
26417,Quinn_26417,Intern,8806
26418,Rose_26418,Intern,8806
26419,Sam_26419,Intern,8806
26420,Tina_26420,Intern,8807
26421,Uma_26421,Intern,8807
26422,Victor_26422,Intern,8807
26423,Wendy_26423,Intern,8808
26424,Xander_26424,Intern,8808
26425,Yara_26425,Intern,8808
26426,Zack_26426,Intern,8809
26427,Ava_26427,Intern,8809
26428,Ben_26428,Intern,8809
26429,Chloe_26429,Intern,8810
26430,Dylan_26430,Intern,8810
26431,Ella_26431,Intern,8810
26432,Finn_26432,Intern,8811
26433,Alice_26433,Intern,8811
26434,Bob_26434,Intern,8811
26435,Carol_26435,Intern,8812
26436,Dave_26436,Intern,8812
26437,Eve_26437,Intern,8812
26438,Frank_26438,Intern,8813
26439,Grace_26439,Intern,8813
26440,Hank_26440,Intern,8813
26441,Iris_26441,Intern,8814
26442,Jack_26442,Intern,8814
26443,Karen_26443,Intern,8814
26444,Leo_26444,Intern,8815
26445,Maya_26445,Intern,8815
26446,Nate_26446,Intern,8815
26447,Olivia_26447,Intern,8816
26448,Paul_26448,Intern,8816
26449,Quinn_26449,Intern,8816
26450,Rose_26450,Intern,8817
26451,Sam_26451,Intern,8817
26452,Tina_26452,Intern,8817
26453,Uma_26453,Intern,8818
26454,Victor_26454,Intern,8818
26455,Wendy_26455,Intern,8818
26456,Xander_26456,Intern,8819
26457,Yara_26457,Intern,8819
26458,Zack_26458,Intern,8819
26459,Ava_26459,Intern,8820
26460,Ben_26460,Intern,8820
26461,Chloe_26461,Intern,8820
26462,Dylan_26462,Intern,8821
26463,Ella_26463,Intern,8821
26464,Finn_26464,Intern,8821
26465,Alice_26465,Intern,8822
26466,Bob_26466,Intern,8822
26467,Carol_26467,Intern,8822
26468,Dave_26468,Intern,8823
26469,Eve_26469,Intern,8823
26470,Frank_26470,Intern,8823
26471,Grace_26471,Intern,8824
26472,Hank_26472,Intern,8824
26473,Iris_26473,Intern,8824
26474,Jack_26474,Intern,8825
26475,Karen_26475,Intern,8825
26476,Leo_26476,Intern,8825
26477,Maya_26477,Intern,8826
26478,Nate_26478,Intern,8826
26479,Olivia_26479,Intern,8826
26480,Paul_26480,Intern,8827
26481,Quinn_26481,Intern,8827
26482,Rose_26482,Intern,8827
26483,Sam_26483,Intern,8828
26484,Tina_26484,Intern,8828
26485,Uma_26485,Intern,8828
26486,Victor_26486,Intern,8829
26487,Wendy_26487,Intern,8829
26488,Xander_26488,Intern,8829
26489,Yara_26489,Intern,8830
26490,Zack_26490,Intern,8830
26491,Ava_26491,Intern,8830
26492,Ben_26492,Intern,8831
26493,Chloe_26493,Intern,8831
26494,Dylan_26494,Intern,8831
26495,Ella_26495,Intern,8832
26496,Finn_26496,Intern,8832
26497,Alice_26497,Intern,8832
26498,Bob_26498,Intern,8833
26499,Carol_26499,Intern,8833
26500,Dave_26500,Intern,8833
26501,Eve_26501,Intern,8834
26502,Frank_26502,Intern,8834
26503,Grace_26503,Intern,8834
26504,Hank_26504,Intern,8835
26505,Iris_26505,Intern,8835
26506,Jack_26506,Intern,8835
26507,Karen_26507,Intern,8836
26508,Leo_26508,Intern,8836
26509,Maya_26509,Intern,8836
26510,Nate_26510,Intern,8837
26511,Olivia_26511,Intern,8837
26512,Paul_26512,Intern,8837
26513,Quinn_26513,Intern,8838
26514,Rose_26514,Intern,8838
26515,Sam_26515,Intern,8838
26516,Tina_26516,Intern,8839
26517,Uma_26517,Intern,8839
26518,Victor_26518,Intern,8839
26519,Wendy_26519,Intern,8840
26520,Xander_26520,Intern,8840
26521,Yara_26521,Intern,8840
26522,Zack_26522,Intern,8841
26523,Ava_26523,Intern,8841
26524,Ben_26524,Intern,8841
26525,Chloe_26525,Intern,8842
26526,Dylan_26526,Intern,8842
26527,Ella_26527,Intern,8842
26528,Finn_26528,Intern,8843
26529,Alice_26529,Intern,8843
26530,Bob_26530,Intern,8843
26531,Carol_26531,Intern,8844
26532,Dave_26532,Intern,8844
26533,Eve_26533,Intern,8844
26534,Frank_26534,Intern,8845
26535,Grace_26535,Intern,8845
26536,Hank_26536,Intern,8845
26537,Iris_26537,Intern,8846
26538,Jack_26538,Intern,8846
26539,Karen_26539,Intern,8846
26540,Leo_26540,Intern,8847
26541,Maya_26541,Intern,8847
26542,Nate_26542,Intern,8847
26543,Olivia_26543,Intern,8848
26544,Paul_26544,Intern,8848
26545,Quinn_26545,Intern,8848
26546,Rose_26546,Intern,8849
26547,Sam_26547,Intern,8849
26548,Tina_26548,Intern,8849
26549,Uma_26549,Intern,8850
26550,Victor_26550,Intern,8850
26551,Wendy_26551,Intern,8850
26552,Xander_26552,Intern,8851
26553,Yara_26553,Intern,8851
26554,Zack_26554,Intern,8851
26555,Ava_26555,Intern,8852
26556,Ben_26556,Intern,8852
26557,Chloe_26557,Intern,8852
26558,Dylan_26558,Intern,8853
26559,Ella_26559,Intern,8853
26560,Finn_26560,Intern,8853
26561,Alice_26561,Intern,8854
26562,Bob_26562,Intern,8854
26563,Carol_26563,Intern,8854
26564,Dave_26564,Intern,8855
26565,Eve_26565,Intern,8855
26566,Frank_26566,Intern,8855
26567,Grace_26567,Intern,8856
26568,Hank_26568,Intern,8856
26569,Iris_26569,Intern,8856
26570,Jack_26570,Intern,8857
26571,Karen_26571,Intern,8857
26572,Leo_26572,Intern,8857
26573,Maya_26573,Intern,8858
26574,Nate_26574,Intern,8858
26575,Olivia_26575,Intern,8858
26576,Paul_26576,Intern,8859
26577,Quinn_26577,Intern,8859
26578,Rose_26578,Intern,8859
26579,Sam_26579,Intern,8860
26580,Tina_26580,Intern,8860
26581,Uma_26581,Intern,8860
26582,Victor_26582,Intern,8861
26583,Wendy_26583,Intern,8861
26584,Xander_26584,Intern,8861
26585,Yara_26585,Intern,8862
26586,Zack_26586,Intern,8862
26587,Ava_26587,Intern,8862
26588,Ben_26588,Intern,8863
26589,Chloe_26589,Intern,8863
26590,Dylan_26590,Intern,8863
26591,Ella_26591,Intern,8864
26592,Finn_26592,Intern,8864
26593,Alice_26593,Intern,8864
26594,Bob_26594,Intern,8865
26595,Carol_26595,Intern,8865
26596,Dave_26596,Intern,8865
26597,Eve_26597,Intern,8866
26598,Frank_26598,Intern,8866
26599,Grace_26599,Intern,8866
26600,Hank_26600,Intern,8867
26601,Iris_26601,Intern,8867
26602,Jack_26602,Intern,8867
26603,Karen_26603,Intern,8868
26604,Leo_26604,Intern,8868
26605,Maya_26605,Intern,8868
26606,Nate_26606,Intern,8869
26607,Olivia_26607,Intern,8869
26608,Paul_26608,Intern,8869
26609,Quinn_26609,Intern,8870
26610,Rose_26610,Intern,8870
26611,Sam_26611,Intern,8870
26612,Tina_26612,Intern,8871
26613,Uma_26613,Intern,8871
26614,Victor_26614,Intern,8871
26615,Wendy_26615,Intern,8872
26616,Xander_26616,Intern,8872
26617,Yara_26617,Intern,8872
26618,Zack_26618,Intern,8873
26619,Ava_26619,Intern,8873
26620,Ben_26620,Intern,8873
26621,Chloe_26621,Intern,8874
26622,Dylan_26622,Intern,8874
26623,Ella_26623,Intern,8874
26624,Finn_26624,Intern,8875
26625,Alice_26625,Intern,8875
26626,Bob_26626,Intern,8875
26627,Carol_26627,Intern,8876
26628,Dave_26628,Intern,8876
26629,Eve_26629,Intern,8876
26630,Frank_26630,Intern,8877
26631,Grace_26631,Intern,8877
26632,Hank_26632,Intern,8877
26633,Iris_26633,Intern,8878
26634,Jack_26634,Intern,8878
26635,Karen_26635,Intern,8878
26636,Leo_26636,Intern,8879
26637,Maya_26637,Intern,8879
26638,Nate_26638,Intern,8879
26639,Olivia_26639,Intern,8880
26640,Paul_26640,Intern,8880
26641,Quinn_26641,Intern,8880
26642,Rose_26642,Intern,8881
26643,Sam_26643,Intern,8881
26644,Tina_26644,Intern,8881
26645,Uma_26645,Intern,8882
26646,Victor_26646,Intern,8882
26647,Wendy_26647,Intern,8882
26648,Xander_26648,Intern,8883
26649,Yara_26649,Intern,8883
26650,Zack_26650,Intern,8883
26651,Ava_26651,Intern,8884
26652,Ben_26652,Intern,8884
26653,Chloe_26653,Intern,8884
26654,Dylan_26654,Intern,8885
26655,Ella_26655,Intern,8885
26656,Finn_26656,Intern,8885
26657,Alice_26657,Intern,8886
26658,Bob_26658,Intern,8886
26659,Carol_26659,Intern,8886
26660,Dave_26660,Intern,8887
26661,Eve_26661,Intern,8887
26662,Frank_26662,Intern,8887
26663,Grace_26663,Intern,8888
26664,Hank_26664,Intern,8888
26665,Iris_26665,Intern,8888
26666,Jack_26666,Intern,8889
26667,Karen_26667,Intern,8889
26668,Leo_26668,Intern,8889
26669,Maya_26669,Intern,8890
26670,Nate_26670,Intern,8890
26671,Olivia_26671,Intern,8890
26672,Paul_26672,Intern,8891
26673,Quinn_26673,Intern,8891
26674,Rose_26674,Intern,8891
26675,Sam_26675,Intern,8892
26676,Tina_26676,Intern,8892
26677,Uma_26677,Intern,8892
26678,Victor_26678,Intern,8893
26679,Wendy_26679,Intern,8893
26680,Xander_26680,Intern,8893
26681,Yara_26681,Intern,8894
26682,Zack_26682,Intern,8894
26683,Ava_26683,Intern,8894
26684,Ben_26684,Intern,8895
26685,Chloe_26685,Intern,8895
26686,Dylan_26686,Intern,8895
26687,Ella_26687,Intern,8896
26688,Finn_26688,Intern,8896
26689,Alice_26689,Intern,8896
26690,Bob_26690,Intern,8897
26691,Carol_26691,Intern,8897
26692,Dave_26692,Intern,8897
26693,Eve_26693,Intern,8898
26694,Frank_26694,Intern,8898
26695,Grace_26695,Intern,8898
26696,Hank_26696,Intern,8899
26697,Iris_26697,Intern,8899
26698,Jack_26698,Intern,8899
26699,Karen_26699,Intern,8900
26700,Leo_26700,Intern,8900
26701,Maya_26701,Intern,8900
26702,Nate_26702,Intern,8901
26703,Olivia_26703,Intern,8901
26704,Paul_26704,Intern,8901
26705,Quinn_26705,Intern,8902
26706,Rose_26706,Intern,8902
26707,Sam_26707,Intern,8902
26708,Tina_26708,Intern,8903
26709,Uma_26709,Intern,8903
26710,Victor_26710,Intern,8903
26711,Wendy_26711,Intern,8904
26712,Xander_26712,Intern,8904
26713,Yara_26713,Intern,8904
26714,Zack_26714,Intern,8905
26715,Ava_26715,Intern,8905
26716,Ben_26716,Intern,8905
26717,Chloe_26717,Intern,8906
26718,Dylan_26718,Intern,8906
26719,Ella_26719,Intern,8906
26720,Finn_26720,Intern,8907
26721,Alice_26721,Intern,8907
26722,Bob_26722,Intern,8907
26723,Carol_26723,Intern,8908
26724,Dave_26724,Intern,8908
26725,Eve_26725,Intern,8908
26726,Frank_26726,Intern,8909
26727,Grace_26727,Intern,8909
26728,Hank_26728,Intern,8909
26729,Iris_26729,Intern,8910
26730,Jack_26730,Intern,8910
26731,Karen_26731,Intern,8910
26732,Leo_26732,Intern,8911
26733,Maya_26733,Intern,8911
26734,Nate_26734,Intern,8911
26735,Olivia_26735,Intern,8912
26736,Paul_26736,Intern,8912
26737,Quinn_26737,Intern,8912
26738,Rose_26738,Intern,8913
26739,Sam_26739,Intern,8913
26740,Tina_26740,Intern,8913
26741,Uma_26741,Intern,8914
26742,Victor_26742,Intern,8914
26743,Wendy_26743,Intern,8914
26744,Xander_26744,Intern,8915
26745,Yara_26745,Intern,8915
26746,Zack_26746,Intern,8915
26747,Ava_26747,Intern,8916
26748,Ben_26748,Intern,8916
26749,Chloe_26749,Intern,8916
26750,Dylan_26750,Intern,8917
26751,Ella_26751,Intern,8917
26752,Finn_26752,Intern,8917
26753,Alice_26753,Intern,8918
26754,Bob_26754,Intern,8918
26755,Carol_26755,Intern,8918
26756,Dave_26756,Intern,8919
26757,Eve_26757,Intern,8919
26758,Frank_26758,Intern,8919
26759,Grace_26759,Intern,8920
26760,Hank_26760,Intern,8920
26761,Iris_26761,Intern,8920
26762,Jack_26762,Intern,8921
26763,Karen_26763,Intern,8921
26764,Leo_26764,Intern,8921
26765,Maya_26765,Intern,8922
26766,Nate_26766,Intern,8922
26767,Olivia_26767,Intern,8922
26768,Paul_26768,Intern,8923
26769,Quinn_26769,Intern,8923
26770,Rose_26770,Intern,8923
26771,Sam_26771,Intern,8924
26772,Tina_26772,Intern,8924
26773,Uma_26773,Intern,8924
26774,Victor_26774,Intern,8925
26775,Wendy_26775,Intern,8925
26776,Xander_26776,Intern,8925
26777,Yara_26777,Intern,8926
26778,Zack_26778,Intern,8926
26779,Ava_26779,Intern,8926
26780,Ben_26780,Intern,8927
26781,Chloe_26781,Intern,8927
26782,Dylan_26782,Intern,8927
26783,Ella_26783,Intern,8928
26784,Finn_26784,Intern,8928
26785,Alice_26785,Intern,8928
26786,Bob_26786,Intern,8929
26787,Carol_26787,Intern,8929
26788,Dave_26788,Intern,8929
26789,Eve_26789,Intern,8930
26790,Frank_26790,Intern,8930
26791,Grace_26791,Intern,8930
26792,Hank_26792,Intern,8931
26793,Iris_26793,Intern,8931
26794,Jack_26794,Intern,8931
26795,Karen_26795,Intern,8932
26796,Leo_26796,Intern,8932
26797,Maya_26797,Intern,8932
26798,Nate_26798,Intern,8933
26799,Olivia_26799,Intern,8933
26800,Paul_26800,Intern,8933
26801,Quinn_26801,Intern,8934
26802,Rose_26802,Intern,8934
26803,Sam_26803,Intern,8934
26804,Tina_26804,Intern,8935
26805,Uma_26805,Intern,8935
26806,Victor_26806,Intern,8935
26807,Wendy_26807,Intern,8936
26808,Xander_26808,Intern,8936
26809,Yara_26809,Intern,8936
26810,Zack_26810,Intern,8937
26811,Ava_26811,Intern,8937
26812,Ben_26812,Intern,8937
26813,Chloe_26813,Intern,8938
26814,Dylan_26814,Intern,8938
26815,Ella_26815,Intern,8938
26816,Finn_26816,Intern,8939
26817,Alice_26817,Intern,8939
26818,Bob_26818,Intern,8939
26819,Carol_26819,Intern,8940
26820,Dave_26820,Intern,8940
26821,Eve_26821,Intern,8940
26822,Frank_26822,Intern,8941
26823,Grace_26823,Intern,8941
26824,Hank_26824,Intern,8941
26825,Iris_26825,Intern,8942
26826,Jack_26826,Intern,8942
26827,Karen_26827,Intern,8942
26828,Leo_26828,Intern,8943
26829,Maya_26829,Intern,8943
26830,Nate_26830,Intern,8943
26831,Olivia_26831,Intern,8944
26832,Paul_26832,Intern,8944
26833,Quinn_26833,Intern,8944
26834,Rose_26834,Intern,8945
26835,Sam_26835,Intern,8945
26836,Tina_26836,Intern,8945
26837,Uma_26837,Intern,8946
26838,Victor_26838,Intern,8946
26839,Wendy_26839,Intern,8946
26840,Xander_26840,Intern,8947
26841,Yara_26841,Intern,8947
26842,Zack_26842,Intern,8947
26843,Ava_26843,Intern,8948
26844,Ben_26844,Intern,8948
26845,Chloe_26845,Intern,8948
26846,Dylan_26846,Intern,8949
26847,Ella_26847,Intern,8949
26848,Finn_26848,Intern,8949
26849,Alice_26849,Intern,8950
26850,Bob_26850,Intern,8950
26851,Carol_26851,Intern,8950
26852,Dave_26852,Intern,8951
26853,Eve_26853,Intern,8951
26854,Frank_26854,Intern,8951
26855,Grace_26855,Intern,8952
26856,Hank_26856,Intern,8952
26857,Iris_26857,Intern,8952
26858,Jack_26858,Intern,8953
26859,Karen_26859,Intern,8953
26860,Leo_26860,Intern,8953
26861,Maya_26861,Intern,8954
26862,Nate_26862,Intern,8954
26863,Olivia_26863,Intern,8954
26864,Paul_26864,Intern,8955
26865,Quinn_26865,Intern,8955
26866,Rose_26866,Intern,8955
26867,Sam_26867,Intern,8956
26868,Tina_26868,Intern,8956
26869,Uma_26869,Intern,8956
26870,Victor_26870,Intern,8957
26871,Wendy_26871,Intern,8957
26872,Xander_26872,Intern,8957
26873,Yara_26873,Intern,8958
26874,Zack_26874,Intern,8958
26875,Ava_26875,Intern,8958
26876,Ben_26876,Intern,8959
26877,Chloe_26877,Intern,8959
26878,Dylan_26878,Intern,8959
26879,Ella_26879,Intern,8960
26880,Finn_26880,Intern,8960
26881,Alice_26881,Intern,8960
26882,Bob_26882,Intern,8961
26883,Carol_26883,Intern,8961
26884,Dave_26884,Intern,8961
26885,Eve_26885,Intern,8962
26886,Frank_26886,Intern,8962
26887,Grace_26887,Intern,8962
26888,Hank_26888,Intern,8963
26889,Iris_26889,Intern,8963
26890,Jack_26890,Intern,8963
26891,Karen_26891,Intern,8964
26892,Leo_26892,Intern,8964
26893,Maya_26893,Intern,8964
26894,Nate_26894,Intern,8965
26895,Olivia_26895,Intern,8965
26896,Paul_26896,Intern,8965
26897,Quinn_26897,Intern,8966
26898,Rose_26898,Intern,8966
26899,Sam_26899,Intern,8966
26900,Tina_26900,Intern,8967
26901,Uma_26901,Intern,8967
26902,Victor_26902,Intern,8967
26903,Wendy_26903,Intern,8968
26904,Xander_26904,Intern,8968
26905,Yara_26905,Intern,8968
26906,Zack_26906,Intern,8969
26907,Ava_26907,Intern,8969
26908,Ben_26908,Intern,8969
26909,Chloe_26909,Intern,8970
26910,Dylan_26910,Intern,8970
26911,Ella_26911,Intern,8970
26912,Finn_26912,Intern,8971
26913,Alice_26913,Intern,8971
26914,Bob_26914,Intern,8971
26915,Carol_26915,Intern,8972
26916,Dave_26916,Intern,8972
26917,Eve_26917,Intern,8972
26918,Frank_26918,Intern,8973
26919,Grace_26919,Intern,8973
26920,Hank_26920,Intern,8973
26921,Iris_26921,Intern,8974
26922,Jack_26922,Intern,8974
26923,Karen_26923,Intern,8974
26924,Leo_26924,Intern,8975
26925,Maya_26925,Intern,8975
26926,Nate_26926,Intern,8975
26927,Olivia_26927,Intern,8976
26928,Paul_26928,Intern,8976
26929,Quinn_26929,Intern,8976
26930,Rose_26930,Intern,8977
26931,Sam_26931,Intern,8977
26932,Tina_26932,Intern,8977
26933,Uma_26933,Intern,8978
26934,Victor_26934,Intern,8978
26935,Wendy_26935,Intern,8978
26936,Xander_26936,Intern,8979
26937,Yara_26937,Intern,8979
26938,Zack_26938,Intern,8979
26939,Ava_26939,Intern,8980
26940,Ben_26940,Intern,8980
26941,Chloe_26941,Intern,8980
26942,Dylan_26942,Intern,8981
26943,Ella_26943,Intern,8981
26944,Finn_26944,Intern,8981
26945,Alice_26945,Intern,8982
26946,Bob_26946,Intern,8982
26947,Carol_26947,Intern,8982
26948,Dave_26948,Intern,8983
26949,Eve_26949,Intern,8983
26950,Frank_26950,Intern,8983
26951,Grace_26951,Intern,8984
26952,Hank_26952,Intern,8984
26953,Iris_26953,Intern,8984
26954,Jack_26954,Intern,8985
26955,Karen_26955,Intern,8985
26956,Leo_26956,Intern,8985
26957,Maya_26957,Intern,8986
26958,Nate_26958,Intern,8986
26959,Olivia_26959,Intern,8986
26960,Paul_26960,Intern,8987
26961,Quinn_26961,Intern,8987
26962,Rose_26962,Intern,8987
26963,Sam_26963,Intern,8988
26964,Tina_26964,Intern,8988
26965,Uma_26965,Intern,8988
26966,Victor_26966,Intern,8989
26967,Wendy_26967,Intern,8989
26968,Xander_26968,Intern,8989
26969,Yara_26969,Intern,8990
26970,Zack_26970,Intern,8990
26971,Ava_26971,Intern,8990
26972,Ben_26972,Intern,8991
26973,Chloe_26973,Intern,8991
26974,Dylan_26974,Intern,8991
26975,Ella_26975,Intern,8992
26976,Finn_26976,Intern,8992
26977,Alice_26977,Intern,8992
26978,Bob_26978,Intern,8993
26979,Carol_26979,Intern,8993
26980,Dave_26980,Intern,8993
26981,Eve_26981,Intern,8994
26982,Frank_26982,Intern,8994
26983,Grace_26983,Intern,8994
26984,Hank_26984,Intern,8995
26985,Iris_26985,Intern,8995
26986,Jack_26986,Intern,8995
26987,Karen_26987,Intern,8996
26988,Leo_26988,Intern,8996
26989,Maya_26989,Intern,8996
26990,Nate_26990,Intern,8997
26991,Olivia_26991,Intern,8997
26992,Paul_26992,Intern,8997
26993,Quinn_26993,Intern,8998
26994,Rose_26994,Intern,8998
26995,Sam_26995,Intern,8998
26996,Tina_26996,Intern,8999
26997,Uma_26997,Intern,8999
26998,Victor_26998,Intern,8999
26999,Wendy_26999,Intern,9000
27000,Xander_27000,Intern,9000
27001,Yara_27001,Intern,9000
27002,Zack_27002,Intern,9001
27003,Ava_27003,Intern,9001
27004,Ben_27004,Intern,9001
27005,Chloe_27005,Intern,9002
27006,Dylan_27006,Intern,9002
27007,Ella_27007,Intern,9002
27008,Finn_27008,Intern,9003
27009,Alice_27009,Intern,9003
27010,Bob_27010,Intern,9003
27011,Carol_27011,Intern,9004
27012,Dave_27012,Intern,9004
27013,Eve_27013,Intern,9004
27014,Frank_27014,Intern,9005
27015,Grace_27015,Intern,9005
27016,Hank_27016,Intern,9005
27017,Iris_27017,Intern,9006
27018,Jack_27018,Intern,9006
27019,Karen_27019,Intern,9006
27020,Leo_27020,Intern,9007
27021,Maya_27021,Intern,9007
27022,Nate_27022,Intern,9007
27023,Olivia_27023,Intern,9008
27024,Paul_27024,Intern,9008
27025,Quinn_27025,Intern,9008
27026,Rose_27026,Intern,9009
27027,Sam_27027,Intern,9009
27028,Tina_27028,Intern,9009
27029,Uma_27029,Intern,9010
27030,Victor_27030,Intern,9010
27031,Wendy_27031,Intern,9010
27032,Xander_27032,Intern,9011
27033,Yara_27033,Intern,9011
27034,Zack_27034,Intern,9011
27035,Ava_27035,Intern,9012
27036,Ben_27036,Intern,9012
27037,Chloe_27037,Intern,9012
27038,Dylan_27038,Intern,9013
27039,Ella_27039,Intern,9013
27040,Finn_27040,Intern,9013
27041,Alice_27041,Intern,9014
27042,Bob_27042,Intern,9014
27043,Carol_27043,Intern,9014
27044,Dave_27044,Intern,9015
27045,Eve_27045,Intern,9015
27046,Frank_27046,Intern,9015
27047,Grace_27047,Intern,9016
27048,Hank_27048,Intern,9016
27049,Iris_27049,Intern,9016
27050,Jack_27050,Intern,9017
27051,Karen_27051,Intern,9017
27052,Leo_27052,Intern,9017
27053,Maya_27053,Intern,9018
27054,Nate_27054,Intern,9018
27055,Olivia_27055,Intern,9018
27056,Paul_27056,Intern,9019
27057,Quinn_27057,Intern,9019
27058,Rose_27058,Intern,9019
27059,Sam_27059,Intern,9020
27060,Tina_27060,Intern,9020
27061,Uma_27061,Intern,9020
27062,Victor_27062,Intern,9021
27063,Wendy_27063,Intern,9021
27064,Xander_27064,Intern,9021
27065,Yara_27065,Intern,9022
27066,Zack_27066,Intern,9022
27067,Ava_27067,Intern,9022
27068,Ben_27068,Intern,9023
27069,Chloe_27069,Intern,9023
27070,Dylan_27070,Intern,9023
27071,Ella_27071,Intern,9024
27072,Finn_27072,Intern,9024
27073,Alice_27073,Intern,9024
27074,Bob_27074,Intern,9025
27075,Carol_27075,Intern,9025
27076,Dave_27076,Intern,9025
27077,Eve_27077,Intern,9026
27078,Frank_27078,Intern,9026
27079,Grace_27079,Intern,9026
27080,Hank_27080,Intern,9027
27081,Iris_27081,Intern,9027
27082,Jack_27082,Intern,9027
27083,Karen_27083,Intern,9028
27084,Leo_27084,Intern,9028
27085,Maya_27085,Intern,9028
27086,Nate_27086,Intern,9029
27087,Olivia_27087,Intern,9029
27088,Paul_27088,Intern,9029
27089,Quinn_27089,Intern,9030
27090,Rose_27090,Intern,9030
27091,Sam_27091,Intern,9030
27092,Tina_27092,Intern,9031
27093,Uma_27093,Intern,9031
27094,Victor_27094,Intern,9031
27095,Wendy_27095,Intern,9032
27096,Xander_27096,Intern,9032
27097,Yara_27097,Intern,9032
27098,Zack_27098,Intern,9033
27099,Ava_27099,Intern,9033
27100,Ben_27100,Intern,9033
27101,Chloe_27101,Intern,9034
27102,Dylan_27102,Intern,9034
27103,Ella_27103,Intern,9034
27104,Finn_27104,Intern,9035
27105,Alice_27105,Intern,9035
27106,Bob_27106,Intern,9035
27107,Carol_27107,Intern,9036
27108,Dave_27108,Intern,9036
27109,Eve_27109,Intern,9036
27110,Frank_27110,Intern,9037
27111,Grace_27111,Intern,9037
27112,Hank_27112,Intern,9037
27113,Iris_27113,Intern,9038
27114,Jack_27114,Intern,9038
27115,Karen_27115,Intern,9038
27116,Leo_27116,Intern,9039
27117,Maya_27117,Intern,9039
27118,Nate_27118,Intern,9039
27119,Olivia_27119,Intern,9040
27120,Paul_27120,Intern,9040
27121,Quinn_27121,Intern,9040
27122,Rose_27122,Intern,9041
27123,Sam_27123,Intern,9041
27124,Tina_27124,Intern,9041
27125,Uma_27125,Intern,9042
27126,Victor_27126,Intern,9042
27127,Wendy_27127,Intern,9042
27128,Xander_27128,Intern,9043
27129,Yara_27129,Intern,9043
27130,Zack_27130,Intern,9043
27131,Ava_27131,Intern,9044
27132,Ben_27132,Intern,9044
27133,Chloe_27133,Intern,9044
27134,Dylan_27134,Intern,9045
27135,Ella_27135,Intern,9045
27136,Finn_27136,Intern,9045
27137,Alice_27137,Intern,9046
27138,Bob_27138,Intern,9046
27139,Carol_27139,Intern,9046
27140,Dave_27140,Intern,9047
27141,Eve_27141,Intern,9047
27142,Frank_27142,Intern,9047
27143,Grace_27143,Intern,9048
27144,Hank_27144,Intern,9048
27145,Iris_27145,Intern,9048
27146,Jack_27146,Intern,9049
27147,Karen_27147,Intern,9049
27148,Leo_27148,Intern,9049
27149,Maya_27149,Intern,9050
27150,Nate_27150,Intern,9050
27151,Olivia_27151,Intern,9050
27152,Paul_27152,Intern,9051
27153,Quinn_27153,Intern,9051
27154,Rose_27154,Intern,9051
27155,Sam_27155,Intern,9052
27156,Tina_27156,Intern,9052
27157,Uma_27157,Intern,9052
27158,Victor_27158,Intern,9053
27159,Wendy_27159,Intern,9053
27160,Xander_27160,Intern,9053
27161,Yara_27161,Intern,9054
27162,Zack_27162,Intern,9054
27163,Ava_27163,Intern,9054
27164,Ben_27164,Intern,9055
27165,Chloe_27165,Intern,9055
27166,Dylan_27166,Intern,9055
27167,Ella_27167,Intern,9056
27168,Finn_27168,Intern,9056
27169,Alice_27169,Intern,9056
27170,Bob_27170,Intern,9057
27171,Carol_27171,Intern,9057
27172,Dave_27172,Intern,9057
27173,Eve_27173,Intern,9058
27174,Frank_27174,Intern,9058
27175,Grace_27175,Intern,9058
27176,Hank_27176,Intern,9059
27177,Iris_27177,Intern,9059
27178,Jack_27178,Intern,9059
27179,Karen_27179,Intern,9060
27180,Leo_27180,Intern,9060
27181,Maya_27181,Intern,9060
27182,Nate_27182,Intern,9061
27183,Olivia_27183,Intern,9061
27184,Paul_27184,Intern,9061
27185,Quinn_27185,Intern,9062
27186,Rose_27186,Intern,9062
27187,Sam_27187,Intern,9062
27188,Tina_27188,Intern,9063
27189,Uma_27189,Intern,9063
27190,Victor_27190,Intern,9063
27191,Wendy_27191,Intern,9064
27192,Xander_27192,Intern,9064
27193,Yara_27193,Intern,9064
27194,Zack_27194,Intern,9065
27195,Ava_27195,Intern,9065
27196,Ben_27196,Intern,9065
27197,Chloe_27197,Intern,9066
27198,Dylan_27198,Intern,9066
27199,Ella_27199,Intern,9066
27200,Finn_27200,Intern,9067
27201,Alice_27201,Intern,9067
27202,Bob_27202,Intern,9067
27203,Carol_27203,Intern,9068
27204,Dave_27204,Intern,9068
27205,Eve_27205,Intern,9068
27206,Frank_27206,Intern,9069
27207,Grace_27207,Intern,9069
27208,Hank_27208,Intern,9069
27209,Iris_27209,Intern,9070
27210,Jack_27210,Intern,9070
27211,Karen_27211,Intern,9070
27212,Leo_27212,Intern,9071
27213,Maya_27213,Intern,9071
27214,Nate_27214,Intern,9071
27215,Olivia_27215,Intern,9072
27216,Paul_27216,Intern,9072
27217,Quinn_27217,Intern,9072
27218,Rose_27218,Intern,9073
27219,Sam_27219,Intern,9073
27220,Tina_27220,Intern,9073
27221,Uma_27221,Intern,9074
27222,Victor_27222,Intern,9074
27223,Wendy_27223,Intern,9074
27224,Xander_27224,Intern,9075
27225,Yara_27225,Intern,9075
27226,Zack_27226,Intern,9075
27227,Ava_27227,Intern,9076
27228,Ben_27228,Intern,9076
27229,Chloe_27229,Intern,9076
27230,Dylan_27230,Intern,9077
27231,Ella_27231,Intern,9077
27232,Finn_27232,Intern,9077
27233,Alice_27233,Intern,9078
27234,Bob_27234,Intern,9078
27235,Carol_27235,Intern,9078
27236,Dave_27236,Intern,9079
27237,Eve_27237,Intern,9079
27238,Frank_27238,Intern,9079
27239,Grace_27239,Intern,9080
27240,Hank_27240,Intern,9080
27241,Iris_27241,Intern,9080
27242,Jack_27242,Intern,9081
27243,Karen_27243,Intern,9081
27244,Leo_27244,Intern,9081
27245,Maya_27245,Intern,9082
27246,Nate_27246,Intern,9082
27247,Olivia_27247,Intern,9082
27248,Paul_27248,Intern,9083
27249,Quinn_27249,Intern,9083
27250,Rose_27250,Intern,9083
27251,Sam_27251,Intern,9084
27252,Tina_27252,Intern,9084
27253,Uma_27253,Intern,9084
27254,Victor_27254,Intern,9085
27255,Wendy_27255,Intern,9085
27256,Xander_27256,Intern,9085
27257,Yara_27257,Intern,9086
27258,Zack_27258,Intern,9086
27259,Ava_27259,Intern,9086
27260,Ben_27260,Intern,9087
27261,Chloe_27261,Intern,9087
27262,Dylan_27262,Intern,9087
27263,Ella_27263,Intern,9088
27264,Finn_27264,Intern,9088
27265,Alice_27265,Intern,9088
27266,Bob_27266,Intern,9089
27267,Carol_27267,Intern,9089
27268,Dave_27268,Intern,9089
27269,Eve_27269,Intern,9090
27270,Frank_27270,Intern,9090
27271,Grace_27271,Intern,9090
27272,Hank_27272,Intern,9091
27273,Iris_27273,Intern,9091
27274,Jack_27274,Intern,9091
27275,Karen_27275,Intern,9092
27276,Leo_27276,Intern,9092
27277,Maya_27277,Intern,9092
27278,Nate_27278,Intern,9093
27279,Olivia_27279,Intern,9093
27280,Paul_27280,Intern,9093
27281,Quinn_27281,Intern,9094
27282,Rose_27282,Intern,9094
27283,Sam_27283,Intern,9094
27284,Tina_27284,Intern,9095
27285,Uma_27285,Intern,9095
27286,Victor_27286,Intern,9095
27287,Wendy_27287,Intern,9096
27288,Xander_27288,Intern,9096
27289,Yara_27289,Intern,9096
27290,Zack_27290,Intern,9097
27291,Ava_27291,Intern,9097
27292,Ben_27292,Intern,9097
27293,Chloe_27293,Intern,9098
27294,Dylan_27294,Intern,9098
27295,Ella_27295,Intern,9098
27296,Finn_27296,Intern,9099
27297,Alice_27297,Intern,9099
27298,Bob_27298,Intern,9099
27299,Carol_27299,Intern,9100
27300,Dave_27300,Intern,9100
27301,Eve_27301,Intern,9100
27302,Frank_27302,Intern,9101
27303,Grace_27303,Intern,9101
27304,Hank_27304,Intern,9101
27305,Iris_27305,Intern,9102
27306,Jack_27306,Intern,9102
27307,Karen_27307,Intern,9102
27308,Leo_27308,Intern,9103
27309,Maya_27309,Intern,9103
27310,Nate_27310,Intern,9103
27311,Olivia_27311,Intern,9104
27312,Paul_27312,Intern,9104
27313,Quinn_27313,Intern,9104
27314,Rose_27314,Intern,9105
27315,Sam_27315,Intern,9105
27316,Tina_27316,Intern,9105
27317,Uma_27317,Intern,9106
27318,Victor_27318,Intern,9106
27319,Wendy_27319,Intern,9106
27320,Xander_27320,Intern,9107
27321,Yara_27321,Intern,9107
27322,Zack_27322,Intern,9107
27323,Ava_27323,Intern,9108
27324,Ben_27324,Intern,9108
27325,Chloe_27325,Intern,9108
27326,Dylan_27326,Intern,9109
27327,Ella_27327,Intern,9109
27328,Finn_27328,Intern,9109
27329,Alice_27329,Intern,9110
27330,Bob_27330,Intern,9110
27331,Carol_27331,Intern,9110
27332,Dave_27332,Intern,9111
27333,Eve_27333,Intern,9111
27334,Frank_27334,Intern,9111
27335,Grace_27335,Intern,9112
27336,Hank_27336,Intern,9112
27337,Iris_27337,Intern,9112
27338,Jack_27338,Intern,9113
27339,Karen_27339,Intern,9113
27340,Leo_27340,Intern,9113
27341,Maya_27341,Intern,9114
27342,Nate_27342,Intern,9114
27343,Olivia_27343,Intern,9114
27344,Paul_27344,Intern,9115
27345,Quinn_27345,Intern,9115
27346,Rose_27346,Intern,9115
27347,Sam_27347,Intern,9116
27348,Tina_27348,Intern,9116
27349,Uma_27349,Intern,9116
27350,Victor_27350,Intern,9117
27351,Wendy_27351,Intern,9117
27352,Xander_27352,Intern,9117
27353,Yara_27353,Intern,9118
27354,Zack_27354,Intern,9118
27355,Ava_27355,Intern,9118
27356,Ben_27356,Intern,9119
27357,Chloe_27357,Intern,9119
27358,Dylan_27358,Intern,9119
27359,Ella_27359,Intern,9120
27360,Finn_27360,Intern,9120
27361,Alice_27361,Intern,9120
27362,Bob_27362,Intern,9121
27363,Carol_27363,Intern,9121
27364,Dave_27364,Intern,9121
27365,Eve_27365,Intern,9122
27366,Frank_27366,Intern,9122
27367,Grace_27367,Intern,9122
27368,Hank_27368,Intern,9123
27369,Iris_27369,Intern,9123
27370,Jack_27370,Intern,9123
27371,Karen_27371,Intern,9124
27372,Leo_27372,Intern,9124
27373,Maya_27373,Intern,9124
27374,Nate_27374,Intern,9125
27375,Olivia_27375,Intern,9125
27376,Paul_27376,Intern,9125
27377,Quinn_27377,Intern,9126
27378,Rose_27378,Intern,9126
27379,Sam_27379,Intern,9126
27380,Tina_27380,Intern,9127
27381,Uma_27381,Intern,9127
27382,Victor_27382,Intern,9127
27383,Wendy_27383,Intern,9128
27384,Xander_27384,Intern,9128
27385,Yara_27385,Intern,9128
27386,Zack_27386,Intern,9129
27387,Ava_27387,Intern,9129
27388,Ben_27388,Intern,9129
27389,Chloe_27389,Intern,9130
27390,Dylan_27390,Intern,9130
27391,Ella_27391,Intern,9130
27392,Finn_27392,Intern,9131
27393,Alice_27393,Intern,9131
27394,Bob_27394,Intern,9131
27395,Carol_27395,Intern,9132
27396,Dave_27396,Intern,9132
27397,Eve_27397,Intern,9132
27398,Frank_27398,Intern,9133
27399,Grace_27399,Intern,9133
27400,Hank_27400,Intern,9133
27401,Iris_27401,Intern,9134
27402,Jack_27402,Intern,9134
27403,Karen_27403,Intern,9134
27404,Leo_27404,Intern,9135
27405,Maya_27405,Intern,9135
27406,Nate_27406,Intern,9135
27407,Olivia_27407,Intern,9136
27408,Paul_27408,Intern,9136
27409,Quinn_27409,Intern,9136
27410,Rose_27410,Intern,9137
27411,Sam_27411,Intern,9137
27412,Tina_27412,Intern,9137
27413,Uma_27413,Intern,9138
27414,Victor_27414,Intern,9138
27415,Wendy_27415,Intern,9138
27416,Xander_27416,Intern,9139
27417,Yara_27417,Intern,9139
27418,Zack_27418,Intern,9139
27419,Ava_27419,Intern,9140
27420,Ben_27420,Intern,9140
27421,Chloe_27421,Intern,9140
27422,Dylan_27422,Intern,9141
27423,Ella_27423,Intern,9141
27424,Finn_27424,Intern,9141
27425,Alice_27425,Intern,9142
27426,Bob_27426,Intern,9142
27427,Carol_27427,Intern,9142
27428,Dave_27428,Intern,9143
27429,Eve_27429,Intern,9143
27430,Frank_27430,Intern,9143
27431,Grace_27431,Intern,9144
27432,Hank_27432,Intern,9144
27433,Iris_27433,Intern,9144
27434,Jack_27434,Intern,9145
27435,Karen_27435,Intern,9145
27436,Leo_27436,Intern,9145
27437,Maya_27437,Intern,9146
27438,Nate_27438,Intern,9146
27439,Olivia_27439,Intern,9146
27440,Paul_27440,Intern,9147
27441,Quinn_27441,Intern,9147
27442,Rose_27442,Intern,9147
27443,Sam_27443,Intern,9148
27444,Tina_27444,Intern,9148
27445,Uma_27445,Intern,9148
27446,Victor_27446,Intern,9149
27447,Wendy_27447,Intern,9149
27448,Xander_27448,Intern,9149
27449,Yara_27449,Intern,9150
27450,Zack_27450,Intern,9150
27451,Ava_27451,Intern,9150
27452,Ben_27452,Intern,9151
27453,Chloe_27453,Intern,9151
27454,Dylan_27454,Intern,9151
27455,Ella_27455,Intern,9152
27456,Finn_27456,Intern,9152
27457,Alice_27457,Intern,9152
27458,Bob_27458,Intern,9153
27459,Carol_27459,Intern,9153
27460,Dave_27460,Intern,9153
27461,Eve_27461,Intern,9154
27462,Frank_27462,Intern,9154
27463,Grace_27463,Intern,9154
27464,Hank_27464,Intern,9155
27465,Iris_27465,Intern,9155
27466,Jack_27466,Intern,9155
27467,Karen_27467,Intern,9156
27468,Leo_27468,Intern,9156
27469,Maya_27469,Intern,9156
27470,Nate_27470,Intern,9157
27471,Olivia_27471,Intern,9157
27472,Paul_27472,Intern,9157
27473,Quinn_27473,Intern,9158
27474,Rose_27474,Intern,9158
27475,Sam_27475,Intern,9158
27476,Tina_27476,Intern,9159
27477,Uma_27477,Intern,9159
27478,Victor_27478,Intern,9159
27479,Wendy_27479,Intern,9160
27480,Xander_27480,Intern,9160
27481,Yara_27481,Intern,9160
27482,Zack_27482,Intern,9161
27483,Ava_27483,Intern,9161
27484,Ben_27484,Intern,9161
27485,Chloe_27485,Intern,9162
27486,Dylan_27486,Intern,9162
27487,Ella_27487,Intern,9162
27488,Finn_27488,Intern,9163
27489,Alice_27489,Intern,9163
27490,Bob_27490,Intern,9163
27491,Carol_27491,Intern,9164
27492,Dave_27492,Intern,9164
27493,Eve_27493,Intern,9164
27494,Frank_27494,Intern,9165
27495,Grace_27495,Intern,9165
27496,Hank_27496,Intern,9165
27497,Iris_27497,Intern,9166
27498,Jack_27498,Intern,9166
27499,Karen_27499,Intern,9166
27500,Leo_27500,Intern,9167
27501,Maya_27501,Intern,9167
27502,Nate_27502,Intern,9167
27503,Olivia_27503,Intern,9168
27504,Paul_27504,Intern,9168
27505,Quinn_27505,Intern,9168
27506,Rose_27506,Intern,9169
27507,Sam_27507,Intern,9169
27508,Tina_27508,Intern,9169
27509,Uma_27509,Intern,9170
27510,Victor_27510,Intern,9170
27511,Wendy_27511,Intern,9170
27512,Xander_27512,Intern,9171
27513,Yara_27513,Intern,9171
27514,Zack_27514,Intern,9171
27515,Ava_27515,Intern,9172
27516,Ben_27516,Intern,9172
27517,Chloe_27517,Intern,9172
27518,Dylan_27518,Intern,9173
27519,Ella_27519,Intern,9173
27520,Finn_27520,Intern,9173
27521,Alice_27521,Intern,9174
27522,Bob_27522,Intern,9174
27523,Carol_27523,Intern,9174
27524,Dave_27524,Intern,9175
27525,Eve_27525,Intern,9175
27526,Frank_27526,Intern,9175
27527,Grace_27527,Intern,9176
27528,Hank_27528,Intern,9176
27529,Iris_27529,Intern,9176
27530,Jack_27530,Intern,9177
27531,Karen_27531,Intern,9177
27532,Leo_27532,Intern,9177
27533,Maya_27533,Intern,9178
27534,Nate_27534,Intern,9178
27535,Olivia_27535,Intern,9178
27536,Paul_27536,Intern,9179
27537,Quinn_27537,Intern,9179
27538,Rose_27538,Intern,9179
27539,Sam_27539,Intern,9180
27540,Tina_27540,Intern,9180
27541,Uma_27541,Intern,9180
27542,Victor_27542,Intern,9181
27543,Wendy_27543,Intern,9181
27544,Xander_27544,Intern,9181
27545,Yara_27545,Intern,9182
27546,Zack_27546,Intern,9182
27547,Ava_27547,Intern,9182
27548,Ben_27548,Intern,9183
27549,Chloe_27549,Intern,9183
27550,Dylan_27550,Intern,9183
27551,Ella_27551,Intern,9184
27552,Finn_27552,Intern,9184
27553,Alice_27553,Intern,9184
27554,Bob_27554,Intern,9185
27555,Carol_27555,Intern,9185
27556,Dave_27556,Intern,9185
27557,Eve_27557,Intern,9186
27558,Frank_27558,Intern,9186
27559,Grace_27559,Intern,9186
27560,Hank_27560,Intern,9187
27561,Iris_27561,Intern,9187
27562,Jack_27562,Intern,9187
27563,Karen_27563,Intern,9188
27564,Leo_27564,Intern,9188
27565,Maya_27565,Intern,9188
27566,Nate_27566,Intern,9189
27567,Olivia_27567,Intern,9189
27568,Paul_27568,Intern,9189
27569,Quinn_27569,Intern,9190
27570,Rose_27570,Intern,9190
27571,Sam_27571,Intern,9190
27572,Tina_27572,Intern,9191
27573,Uma_27573,Intern,9191
27574,Victor_27574,Intern,9191
27575,Wendy_27575,Intern,9192
27576,Xander_27576,Intern,9192
27577,Yara_27577,Intern,9192
27578,Zack_27578,Intern,9193
27579,Ava_27579,Intern,9193
27580,Ben_27580,Intern,9193
27581,Chloe_27581,Intern,9194
27582,Dylan_27582,Intern,9194
27583,Ella_27583,Intern,9194
27584,Finn_27584,Intern,9195
27585,Alice_27585,Intern,9195
27586,Bob_27586,Intern,9195
27587,Carol_27587,Intern,9196
27588,Dave_27588,Intern,9196
27589,Eve_27589,Intern,9196
27590,Frank_27590,Intern,9197
27591,Grace_27591,Intern,9197
27592,Hank_27592,Intern,9197
27593,Iris_27593,Intern,9198
27594,Jack_27594,Intern,9198
27595,Karen_27595,Intern,9198
27596,Leo_27596,Intern,9199
27597,Maya_27597,Intern,9199
27598,Nate_27598,Intern,9199
27599,Olivia_27599,Intern,9200
27600,Paul_27600,Intern,9200
27601,Quinn_27601,Intern,9200
27602,Rose_27602,Intern,9201
27603,Sam_27603,Intern,9201
27604,Tina_27604,Intern,9201
27605,Uma_27605,Intern,9202
27606,Victor_27606,Intern,9202
27607,Wendy_27607,Intern,9202
27608,Xander_27608,Intern,9203
27609,Yara_27609,Intern,9203
27610,Zack_27610,Intern,9203
27611,Ava_27611,Intern,9204
27612,Ben_27612,Intern,9204
27613,Chloe_27613,Intern,9204
27614,Dylan_27614,Intern,9205
27615,Ella_27615,Intern,9205
27616,Finn_27616,Intern,9205
27617,Alice_27617,Intern,9206
27618,Bob_27618,Intern,9206
27619,Carol_27619,Intern,9206
27620,Dave_27620,Intern,9207
27621,Eve_27621,Intern,9207
27622,Frank_27622,Intern,9207
27623,Grace_27623,Intern,9208
27624,Hank_27624,Intern,9208
27625,Iris_27625,Intern,9208
27626,Jack_27626,Intern,9209
27627,Karen_27627,Intern,9209
27628,Leo_27628,Intern,9209
27629,Maya_27629,Intern,9210
27630,Nate_27630,Intern,9210
27631,Olivia_27631,Intern,9210
27632,Paul_27632,Intern,9211
27633,Quinn_27633,Intern,9211
27634,Rose_27634,Intern,9211
27635,Sam_27635,Intern,9212
27636,Tina_27636,Intern,9212
27637,Uma_27637,Intern,9212
27638,Victor_27638,Intern,9213
27639,Wendy_27639,Intern,9213
27640,Xander_27640,Intern,9213
27641,Yara_27641,Intern,9214
27642,Zack_27642,Intern,9214
27643,Ava_27643,Intern,9214
27644,Ben_27644,Intern,9215
27645,Chloe_27645,Intern,9215
27646,Dylan_27646,Intern,9215
27647,Ella_27647,Intern,9216
27648,Finn_27648,Intern,9216
27649,Alice_27649,Intern,9216
27650,Bob_27650,Intern,9217
27651,Carol_27651,Intern,9217
27652,Dave_27652,Intern,9217
27653,Eve_27653,Intern,9218
27654,Frank_27654,Intern,9218
27655,Grace_27655,Intern,9218
27656,Hank_27656,Intern,9219
27657,Iris_27657,Intern,9219
27658,Jack_27658,Intern,9219
27659,Karen_27659,Intern,9220
27660,Leo_27660,Intern,9220
27661,Maya_27661,Intern,9220
27662,Nate_27662,Intern,9221
27663,Olivia_27663,Intern,9221
27664,Paul_27664,Intern,9221
27665,Quinn_27665,Intern,9222
27666,Rose_27666,Intern,9222
27667,Sam_27667,Intern,9222
27668,Tina_27668,Intern,9223
27669,Uma_27669,Intern,9223
27670,Victor_27670,Intern,9223
27671,Wendy_27671,Intern,9224
27672,Xander_27672,Intern,9224
27673,Yara_27673,Intern,9224
27674,Zack_27674,Intern,9225
27675,Ava_27675,Intern,9225
27676,Ben_27676,Intern,9225
27677,Chloe_27677,Intern,9226
27678,Dylan_27678,Intern,9226
27679,Ella_27679,Intern,9226
27680,Finn_27680,Intern,9227
27681,Alice_27681,Intern,9227
27682,Bob_27682,Intern,9227
27683,Carol_27683,Intern,9228
27684,Dave_27684,Intern,9228
27685,Eve_27685,Intern,9228
27686,Frank_27686,Intern,9229
27687,Grace_27687,Intern,9229
27688,Hank_27688,Intern,9229
27689,Iris_27689,Intern,9230
27690,Jack_27690,Intern,9230
27691,Karen_27691,Intern,9230
27692,Leo_27692,Intern,9231
27693,Maya_27693,Intern,9231
27694,Nate_27694,Intern,9231
27695,Olivia_27695,Intern,9232
27696,Paul_27696,Intern,9232
27697,Quinn_27697,Intern,9232
27698,Rose_27698,Intern,9233
27699,Sam_27699,Intern,9233
27700,Tina_27700,Intern,9233
27701,Uma_27701,Intern,9234
27702,Victor_27702,Intern,9234
27703,Wendy_27703,Intern,9234
27704,Xander_27704,Intern,9235
27705,Yara_27705,Intern,9235
27706,Zack_27706,Intern,9235
27707,Ava_27707,Intern,9236
27708,Ben_27708,Intern,9236
27709,Chloe_27709,Intern,9236
27710,Dylan_27710,Intern,9237
27711,Ella_27711,Intern,9237
27712,Finn_27712,Intern,9237
27713,Alice_27713,Intern,9238
27714,Bob_27714,Intern,9238
27715,Carol_27715,Intern,9238
27716,Dave_27716,Intern,9239
27717,Eve_27717,Intern,9239
27718,Frank_27718,Intern,9239
27719,Grace_27719,Intern,9240
27720,Hank_27720,Intern,9240
27721,Iris_27721,Intern,9240
27722,Jack_27722,Intern,9241
27723,Karen_27723,Intern,9241
27724,Leo_27724,Intern,9241
27725,Maya_27725,Intern,9242
27726,Nate_27726,Intern,9242
27727,Olivia_27727,Intern,9242
27728,Paul_27728,Intern,9243
27729,Quinn_27729,Intern,9243
27730,Rose_27730,Intern,9243
27731,Sam_27731,Intern,9244
27732,Tina_27732,Intern,9244
27733,Uma_27733,Intern,9244
27734,Victor_27734,Intern,9245
27735,Wendy_27735,Intern,9245
27736,Xander_27736,Intern,9245
27737,Yara_27737,Intern,9246
27738,Zack_27738,Intern,9246
27739,Ava_27739,Intern,9246
27740,Ben_27740,Intern,9247
27741,Chloe_27741,Intern,9247
27742,Dylan_27742,Intern,9247
27743,Ella_27743,Intern,9248
27744,Finn_27744,Intern,9248
27745,Alice_27745,Intern,9248
27746,Bob_27746,Intern,9249
27747,Carol_27747,Intern,9249
27748,Dave_27748,Intern,9249
27749,Eve_27749,Intern,9250
27750,Frank_27750,Intern,9250
27751,Grace_27751,Intern,9250
27752,Hank_27752,Intern,9251
27753,Iris_27753,Intern,9251
27754,Jack_27754,Intern,9251
27755,Karen_27755,Intern,9252
27756,Leo_27756,Intern,9252
27757,Maya_27757,Intern,9252
27758,Nate_27758,Intern,9253
27759,Olivia_27759,Intern,9253
27760,Paul_27760,Intern,9253
27761,Quinn_27761,Intern,9254
27762,Rose_27762,Intern,9254
27763,Sam_27763,Intern,9254
27764,Tina_27764,Intern,9255
27765,Uma_27765,Intern,9255
27766,Victor_27766,Intern,9255
27767,Wendy_27767,Intern,9256
27768,Xander_27768,Intern,9256
27769,Yara_27769,Intern,9256
27770,Zack_27770,Intern,9257
27771,Ava_27771,Intern,9257
27772,Ben_27772,Intern,9257
27773,Chloe_27773,Intern,9258
27774,Dylan_27774,Intern,9258
27775,Ella_27775,Intern,9258
27776,Finn_27776,Intern,9259
27777,Alice_27777,Intern,9259
27778,Bob_27778,Intern,9259
27779,Carol_27779,Intern,9260
27780,Dave_27780,Intern,9260
27781,Eve_27781,Intern,9260
27782,Frank_27782,Intern,9261
27783,Grace_27783,Intern,9261
27784,Hank_27784,Intern,9261
27785,Iris_27785,Intern,9262
27786,Jack_27786,Intern,9262
27787,Karen_27787,Intern,9262
27788,Leo_27788,Intern,9263
27789,Maya_27789,Intern,9263
27790,Nate_27790,Intern,9263
27791,Olivia_27791,Intern,9264
27792,Paul_27792,Intern,9264
27793,Quinn_27793,Intern,9264
27794,Rose_27794,Intern,9265
27795,Sam_27795,Intern,9265
27796,Tina_27796,Intern,9265
27797,Uma_27797,Intern,9266
27798,Victor_27798,Intern,9266
27799,Wendy_27799,Intern,9266
27800,Xander_27800,Intern,9267
27801,Yara_27801,Intern,9267
27802,Zack_27802,Intern,9267
27803,Ava_27803,Intern,9268
27804,Ben_27804,Intern,9268
27805,Chloe_27805,Intern,9268
27806,Dylan_27806,Intern,9269
27807,Ella_27807,Intern,9269
27808,Finn_27808,Intern,9269
27809,Alice_27809,Intern,9270
27810,Bob_27810,Intern,9270
27811,Carol_27811,Intern,9270
27812,Dave_27812,Intern,9271
27813,Eve_27813,Intern,9271
27814,Frank_27814,Intern,9271
27815,Grace_27815,Intern,9272
27816,Hank_27816,Intern,9272
27817,Iris_27817,Intern,9272
27818,Jack_27818,Intern,9273
27819,Karen_27819,Intern,9273
27820,Leo_27820,Intern,9273
27821,Maya_27821,Intern,9274
27822,Nate_27822,Intern,9274
27823,Olivia_27823,Intern,9274
27824,Paul_27824,Intern,9275
27825,Quinn_27825,Intern,9275
27826,Rose_27826,Intern,9275
27827,Sam_27827,Intern,9276
27828,Tina_27828,Intern,9276
27829,Uma_27829,Intern,9276
27830,Victor_27830,Intern,9277
27831,Wendy_27831,Intern,9277
27832,Xander_27832,Intern,9277
27833,Yara_27833,Intern,9278
27834,Zack_27834,Intern,9278
27835,Ava_27835,Intern,9278
27836,Ben_27836,Intern,9279
27837,Chloe_27837,Intern,9279
27838,Dylan_27838,Intern,9279
27839,Ella_27839,Intern,9280
27840,Finn_27840,Intern,9280
27841,Alice_27841,Intern,9280
27842,Bob_27842,Intern,9281
27843,Carol_27843,Intern,9281
27844,Dave_27844,Intern,9281
27845,Eve_27845,Intern,9282
27846,Frank_27846,Intern,9282
27847,Grace_27847,Intern,9282
27848,Hank_27848,Intern,9283
27849,Iris_27849,Intern,9283
27850,Jack_27850,Intern,9283
27851,Karen_27851,Intern,9284
27852,Leo_27852,Intern,9284
27853,Maya_27853,Intern,9284
27854,Nate_27854,Intern,9285
27855,Olivia_27855,Intern,9285
27856,Paul_27856,Intern,9285
27857,Quinn_27857,Intern,9286
27858,Rose_27858,Intern,9286
27859,Sam_27859,Intern,9286
27860,Tina_27860,Intern,9287
27861,Uma_27861,Intern,9287
27862,Victor_27862,Intern,9287
27863,Wendy_27863,Intern,9288
27864,Xander_27864,Intern,9288
27865,Yara_27865,Intern,9288
27866,Zack_27866,Intern,9289
27867,Ava_27867,Intern,9289
27868,Ben_27868,Intern,9289
27869,Chloe_27869,Intern,9290
27870,Dylan_27870,Intern,9290
27871,Ella_27871,Intern,9290
27872,Finn_27872,Intern,9291
27873,Alice_27873,Intern,9291
27874,Bob_27874,Intern,9291
27875,Carol_27875,Intern,9292
27876,Dave_27876,Intern,9292
27877,Eve_27877,Intern,9292
27878,Frank_27878,Intern,9293
27879,Grace_27879,Intern,9293
27880,Hank_27880,Intern,9293
27881,Iris_27881,Intern,9294
27882,Jack_27882,Intern,9294
27883,Karen_27883,Intern,9294
27884,Leo_27884,Intern,9295
27885,Maya_27885,Intern,9295
27886,Nate_27886,Intern,9295
27887,Olivia_27887,Intern,9296
27888,Paul_27888,Intern,9296
27889,Quinn_27889,Intern,9296
27890,Rose_27890,Intern,9297
27891,Sam_27891,Intern,9297
27892,Tina_27892,Intern,9297
27893,Uma_27893,Intern,9298
27894,Victor_27894,Intern,9298
27895,Wendy_27895,Intern,9298
27896,Xander_27896,Intern,9299
27897,Yara_27897,Intern,9299
27898,Zack_27898,Intern,9299
27899,Ava_27899,Intern,9300
27900,Ben_27900,Intern,9300
27901,Chloe_27901,Intern,9300
27902,Dylan_27902,Intern,9301
27903,Ella_27903,Intern,9301
27904,Finn_27904,Intern,9301
27905,Alice_27905,Intern,9302
27906,Bob_27906,Intern,9302
27907,Carol_27907,Intern,9302
27908,Dave_27908,Intern,9303
27909,Eve_27909,Intern,9303
27910,Frank_27910,Intern,9303
27911,Grace_27911,Intern,9304
27912,Hank_27912,Intern,9304
27913,Iris_27913,Intern,9304
27914,Jack_27914,Intern,9305
27915,Karen_27915,Intern,9305
27916,Leo_27916,Intern,9305
27917,Maya_27917,Intern,9306
27918,Nate_27918,Intern,9306
27919,Olivia_27919,Intern,9306
27920,Paul_27920,Intern,9307
27921,Quinn_27921,Intern,9307
27922,Rose_27922,Intern,9307
27923,Sam_27923,Intern,9308
27924,Tina_27924,Intern,9308
27925,Uma_27925,Intern,9308
27926,Victor_27926,Intern,9309
27927,Wendy_27927,Intern,9309
27928,Xander_27928,Intern,9309
27929,Yara_27929,Intern,9310
27930,Zack_27930,Intern,9310
27931,Ava_27931,Intern,9310
27932,Ben_27932,Intern,9311
27933,Chloe_27933,Intern,9311
27934,Dylan_27934,Intern,9311
27935,Ella_27935,Intern,9312
27936,Finn_27936,Intern,9312
27937,Alice_27937,Intern,9312
27938,Bob_27938,Intern,9313
27939,Carol_27939,Intern,9313
27940,Dave_27940,Intern,9313
27941,Eve_27941,Intern,9314
27942,Frank_27942,Intern,9314
27943,Grace_27943,Intern,9314
27944,Hank_27944,Intern,9315
27945,Iris_27945,Intern,9315
27946,Jack_27946,Intern,9315
27947,Karen_27947,Intern,9316
27948,Leo_27948,Intern,9316
27949,Maya_27949,Intern,9316
27950,Nate_27950,Intern,9317
27951,Olivia_27951,Intern,9317
27952,Paul_27952,Intern,9317
27953,Quinn_27953,Intern,9318
27954,Rose_27954,Intern,9318
27955,Sam_27955,Intern,9318
27956,Tina_27956,Intern,9319
27957,Uma_27957,Intern,9319
27958,Victor_27958,Intern,9319
27959,Wendy_27959,Intern,9320
27960,Xander_27960,Intern,9320
27961,Yara_27961,Intern,9320
27962,Zack_27962,Intern,9321
27963,Ava_27963,Intern,9321
27964,Ben_27964,Intern,9321
27965,Chloe_27965,Intern,9322
27966,Dylan_27966,Intern,9322
27967,Ella_27967,Intern,9322
27968,Finn_27968,Intern,9323
27969,Alice_27969,Intern,9323
27970,Bob_27970,Intern,9323
27971,Carol_27971,Intern,9324
27972,Dave_27972,Intern,9324
27973,Eve_27973,Intern,9324
27974,Frank_27974,Intern,9325
27975,Grace_27975,Intern,9325
27976,Hank_27976,Intern,9325
27977,Iris_27977,Intern,9326
27978,Jack_27978,Intern,9326
27979,Karen_27979,Intern,9326
27980,Leo_27980,Intern,9327
27981,Maya_27981,Intern,9327
27982,Nate_27982,Intern,9327
27983,Olivia_27983,Intern,9328
27984,Paul_27984,Intern,9328
27985,Quinn_27985,Intern,9328
27986,Rose_27986,Intern,9329
27987,Sam_27987,Intern,9329
27988,Tina_27988,Intern,9329
27989,Uma_27989,Intern,9330
27990,Victor_27990,Intern,9330
27991,Wendy_27991,Intern,9330
27992,Xander_27992,Intern,9331
27993,Yara_27993,Intern,9331
27994,Zack_27994,Intern,9331
27995,Ava_27995,Intern,9332
27996,Ben_27996,Intern,9332
27997,Chloe_27997,Intern,9332
27998,Dylan_27998,Intern,9333
27999,Ella_27999,Intern,9333
28000,Finn_28000,Intern,9333
28001,Alice_28001,Intern,9334
28002,Bob_28002,Intern,9334
28003,Carol_28003,Intern,9334
28004,Dave_28004,Intern,9335
28005,Eve_28005,Intern,9335
28006,Frank_28006,Intern,9335
28007,Grace_28007,Intern,9336
28008,Hank_28008,Intern,9336
28009,Iris_28009,Intern,9336
28010,Jack_28010,Intern,9337
28011,Karen_28011,Intern,9337
28012,Leo_28012,Intern,9337
28013,Maya_28013,Intern,9338
28014,Nate_28014,Intern,9338
28015,Olivia_28015,Intern,9338
28016,Paul_28016,Intern,9339
28017,Quinn_28017,Intern,9339
28018,Rose_28018,Intern,9339
28019,Sam_28019,Intern,9340
28020,Tina_28020,Intern,9340
28021,Uma_28021,Intern,9340
28022,Victor_28022,Intern,9341
28023,Wendy_28023,Intern,9341
28024,Xander_28024,Intern,9341
28025,Yara_28025,Intern,9342
28026,Zack_28026,Intern,9342
28027,Ava_28027,Intern,9342
28028,Ben_28028,Intern,9343
28029,Chloe_28029,Intern,9343
28030,Dylan_28030,Intern,9343
28031,Ella_28031,Intern,9344
28032,Finn_28032,Intern,9344
28033,Alice_28033,Intern,9344
28034,Bob_28034,Intern,9345
28035,Carol_28035,Intern,9345
28036,Dave_28036,Intern,9345
28037,Eve_28037,Intern,9346
28038,Frank_28038,Intern,9346
28039,Grace_28039,Intern,9346
28040,Hank_28040,Intern,9347
28041,Iris_28041,Intern,9347
28042,Jack_28042,Intern,9347
28043,Karen_28043,Intern,9348
28044,Leo_28044,Intern,9348
28045,Maya_28045,Intern,9348
28046,Nate_28046,Intern,9349
28047,Olivia_28047,Intern,9349
28048,Paul_28048,Intern,9349
28049,Quinn_28049,Intern,9350
28050,Rose_28050,Intern,9350
28051,Sam_28051,Intern,9350
28052,Tina_28052,Intern,9351
28053,Uma_28053,Intern,9351
28054,Victor_28054,Intern,9351
28055,Wendy_28055,Intern,9352
28056,Xander_28056,Intern,9352
28057,Yara_28057,Intern,9352
28058,Zack_28058,Intern,9353
28059,Ava_28059,Intern,9353
28060,Ben_28060,Intern,9353
28061,Chloe_28061,Intern,9354
28062,Dylan_28062,Intern,9354
28063,Ella_28063,Intern,9354
28064,Finn_28064,Intern,9355
28065,Alice_28065,Intern,9355
28066,Bob_28066,Intern,9355
28067,Carol_28067,Intern,9356
28068,Dave_28068,Intern,9356
28069,Eve_28069,Intern,9356
28070,Frank_28070,Intern,9357
28071,Grace_28071,Intern,9357
28072,Hank_28072,Intern,9357
28073,Iris_28073,Intern,9358
28074,Jack_28074,Intern,9358
28075,Karen_28075,Intern,9358
28076,Leo_28076,Intern,9359
28077,Maya_28077,Intern,9359
28078,Nate_28078,Intern,9359
28079,Olivia_28079,Intern,9360
28080,Paul_28080,Intern,9360
28081,Quinn_28081,Intern,9360
28082,Rose_28082,Intern,9361
28083,Sam_28083,Intern,9361
28084,Tina_28084,Intern,9361
28085,Uma_28085,Intern,9362
28086,Victor_28086,Intern,9362
28087,Wendy_28087,Intern,9362
28088,Xander_28088,Intern,9363
28089,Yara_28089,Intern,9363
28090,Zack_28090,Intern,9363
28091,Ava_28091,Intern,9364
28092,Ben_28092,Intern,9364
28093,Chloe_28093,Intern,9364
28094,Dylan_28094,Intern,9365
28095,Ella_28095,Intern,9365
28096,Finn_28096,Intern,9365
28097,Alice_28097,Intern,9366
28098,Bob_28098,Intern,9366
28099,Carol_28099,Intern,9366
28100,Dave_28100,Intern,9367
28101,Eve_28101,Intern,9367
28102,Frank_28102,Intern,9367
28103,Grace_28103,Intern,9368
28104,Hank_28104,Intern,9368
28105,Iris_28105,Intern,9368
28106,Jack_28106,Intern,9369
28107,Karen_28107,Intern,9369
28108,Leo_28108,Intern,9369
28109,Maya_28109,Intern,9370
28110,Nate_28110,Intern,9370
28111,Olivia_28111,Intern,9370
28112,Paul_28112,Intern,9371
28113,Quinn_28113,Intern,9371
28114,Rose_28114,Intern,9371
28115,Sam_28115,Intern,9372
28116,Tina_28116,Intern,9372
28117,Uma_28117,Intern,9372
28118,Victor_28118,Intern,9373
28119,Wendy_28119,Intern,9373
28120,Xander_28120,Intern,9373
28121,Yara_28121,Intern,9374
28122,Zack_28122,Intern,9374
28123,Ava_28123,Intern,9374
28124,Ben_28124,Intern,9375
28125,Chloe_28125,Intern,9375
28126,Dylan_28126,Intern,9375
28127,Ella_28127,Intern,9376
28128,Finn_28128,Intern,9376
28129,Alice_28129,Intern,9376
28130,Bob_28130,Intern,9377
28131,Carol_28131,Intern,9377
28132,Dave_28132,Intern,9377
28133,Eve_28133,Intern,9378
28134,Frank_28134,Intern,9378
28135,Grace_28135,Intern,9378
28136,Hank_28136,Intern,9379
28137,Iris_28137,Intern,9379
28138,Jack_28138,Intern,9379
28139,Karen_28139,Intern,9380
28140,Leo_28140,Intern,9380
28141,Maya_28141,Intern,9380
28142,Nate_28142,Intern,9381
28143,Olivia_28143,Intern,9381
28144,Paul_28144,Intern,9381
28145,Quinn_28145,Intern,9382
28146,Rose_28146,Intern,9382
28147,Sam_28147,Intern,9382
28148,Tina_28148,Intern,9383
28149,Uma_28149,Intern,9383
28150,Victor_28150,Intern,9383
28151,Wendy_28151,Intern,9384
28152,Xander_28152,Intern,9384
28153,Yara_28153,Intern,9384
28154,Zack_28154,Intern,9385
28155,Ava_28155,Intern,9385
28156,Ben_28156,Intern,9385
28157,Chloe_28157,Intern,9386
28158,Dylan_28158,Intern,9386
28159,Ella_28159,Intern,9386
28160,Finn_28160,Intern,9387
28161,Alice_28161,Intern,9387
28162,Bob_28162,Intern,9387
28163,Carol_28163,Intern,9388
28164,Dave_28164,Intern,9388
28165,Eve_28165,Intern,9388
28166,Frank_28166,Intern,9389
28167,Grace_28167,Intern,9389
28168,Hank_28168,Intern,9389
28169,Iris_28169,Intern,9390
28170,Jack_28170,Intern,9390
28171,Karen_28171,Intern,9390
28172,Leo_28172,Intern,9391
28173,Maya_28173,Intern,9391
28174,Nate_28174,Intern,9391
28175,Olivia_28175,Intern,9392
28176,Paul_28176,Intern,9392
28177,Quinn_28177,Intern,9392
28178,Rose_28178,Intern,9393
28179,Sam_28179,Intern,9393
28180,Tina_28180,Intern,9393
28181,Uma_28181,Intern,9394
28182,Victor_28182,Intern,9394
28183,Wendy_28183,Intern,9394
28184,Xander_28184,Intern,9395
28185,Yara_28185,Intern,9395
28186,Zack_28186,Intern,9395
28187,Ava_28187,Intern,9396
28188,Ben_28188,Intern,9396
28189,Chloe_28189,Intern,9396
28190,Dylan_28190,Intern,9397
28191,Ella_28191,Intern,9397
28192,Finn_28192,Intern,9397
28193,Alice_28193,Intern,9398
28194,Bob_28194,Intern,9398
28195,Carol_28195,Intern,9398
28196,Dave_28196,Intern,9399
28197,Eve_28197,Intern,9399
28198,Frank_28198,Intern,9399
28199,Grace_28199,Intern,9400
28200,Hank_28200,Intern,9400
28201,Iris_28201,Intern,9400
28202,Jack_28202,Intern,9401
28203,Karen_28203,Intern,9401
28204,Leo_28204,Intern,9401
28205,Maya_28205,Intern,9402
28206,Nate_28206,Intern,9402
28207,Olivia_28207,Intern,9402
28208,Paul_28208,Intern,9403
28209,Quinn_28209,Intern,9403
28210,Rose_28210,Intern,9403
28211,Sam_28211,Intern,9404
28212,Tina_28212,Intern,9404
28213,Uma_28213,Intern,9404
28214,Victor_28214,Intern,9405
28215,Wendy_28215,Intern,9405
28216,Xander_28216,Intern,9405
28217,Yara_28217,Intern,9406
28218,Zack_28218,Intern,9406
28219,Ava_28219,Intern,9406
28220,Ben_28220,Intern,9407
28221,Chloe_28221,Intern,9407
28222,Dylan_28222,Intern,9407
28223,Ella_28223,Intern,9408
28224,Finn_28224,Intern,9408
28225,Alice_28225,Intern,9408
28226,Bob_28226,Intern,9409
28227,Carol_28227,Intern,9409
28228,Dave_28228,Intern,9409
28229,Eve_28229,Intern,9410
28230,Frank_28230,Intern,9410
28231,Grace_28231,Intern,9410
28232,Hank_28232,Intern,9411
28233,Iris_28233,Intern,9411
28234,Jack_28234,Intern,9411
28235,Karen_28235,Intern,9412
28236,Leo_28236,Intern,9412
28237,Maya_28237,Intern,9412
28238,Nate_28238,Intern,9413
28239,Olivia_28239,Intern,9413
28240,Paul_28240,Intern,9413
28241,Quinn_28241,Intern,9414
28242,Rose_28242,Intern,9414
28243,Sam_28243,Intern,9414
28244,Tina_28244,Intern,9415
28245,Uma_28245,Intern,9415
28246,Victor_28246,Intern,9415
28247,Wendy_28247,Intern,9416
28248,Xander_28248,Intern,9416
28249,Yara_28249,Intern,9416
28250,Zack_28250,Intern,9417
28251,Ava_28251,Intern,9417
28252,Ben_28252,Intern,9417
28253,Chloe_28253,Intern,9418
28254,Dylan_28254,Intern,9418
28255,Ella_28255,Intern,9418
28256,Finn_28256,Intern,9419
28257,Alice_28257,Intern,9419
28258,Bob_28258,Intern,9419
28259,Carol_28259,Intern,9420
28260,Dave_28260,Intern,9420
28261,Eve_28261,Intern,9420
28262,Frank_28262,Intern,9421
28263,Grace_28263,Intern,9421
28264,Hank_28264,Intern,9421
28265,Iris_28265,Intern,9422
28266,Jack_28266,Intern,9422
28267,Karen_28267,Intern,9422
28268,Leo_28268,Intern,9423
28269,Maya_28269,Intern,9423
28270,Nate_28270,Intern,9423
28271,Olivia_28271,Intern,9424
28272,Paul_28272,Intern,9424
28273,Quinn_28273,Intern,9424
28274,Rose_28274,Intern,9425
28275,Sam_28275,Intern,9425
28276,Tina_28276,Intern,9425
28277,Uma_28277,Intern,9426
28278,Victor_28278,Intern,9426
28279,Wendy_28279,Intern,9426
28280,Xander_28280,Intern,9427
28281,Yara_28281,Intern,9427
28282,Zack_28282,Intern,9427
28283,Ava_28283,Intern,9428
28284,Ben_28284,Intern,9428
28285,Chloe_28285,Intern,9428
28286,Dylan_28286,Intern,9429
28287,Ella_28287,Intern,9429
28288,Finn_28288,Intern,9429
28289,Alice_28289,Intern,9430
28290,Bob_28290,Intern,9430
28291,Carol_28291,Intern,9430
28292,Dave_28292,Intern,9431
28293,Eve_28293,Intern,9431
28294,Frank_28294,Intern,9431
28295,Grace_28295,Intern,9432
28296,Hank_28296,Intern,9432
28297,Iris_28297,Intern,9432
28298,Jack_28298,Intern,9433
28299,Karen_28299,Intern,9433
28300,Leo_28300,Intern,9433
28301,Maya_28301,Intern,9434
28302,Nate_28302,Intern,9434
28303,Olivia_28303,Intern,9434
28304,Paul_28304,Intern,9435
28305,Quinn_28305,Intern,9435
28306,Rose_28306,Intern,9435
28307,Sam_28307,Intern,9436
28308,Tina_28308,Intern,9436
28309,Uma_28309,Intern,9436
28310,Victor_28310,Intern,9437
28311,Wendy_28311,Intern,9437
28312,Xander_28312,Intern,9437
28313,Yara_28313,Intern,9438
28314,Zack_28314,Intern,9438
28315,Ava_28315,Intern,9438
28316,Ben_28316,Intern,9439
28317,Chloe_28317,Intern,9439
28318,Dylan_28318,Intern,9439
28319,Ella_28319,Intern,9440
28320,Finn_28320,Intern,9440
28321,Alice_28321,Intern,9440
28322,Bob_28322,Intern,9441
28323,Carol_28323,Intern,9441
28324,Dave_28324,Intern,9441
28325,Eve_28325,Intern,9442
28326,Frank_28326,Intern,9442
28327,Grace_28327,Intern,9442
28328,Hank_28328,Intern,9443
28329,Iris_28329,Intern,9443
28330,Jack_28330,Intern,9443
28331,Karen_28331,Intern,9444
28332,Leo_28332,Intern,9444
28333,Maya_28333,Intern,9444
28334,Nate_28334,Intern,9445
28335,Olivia_28335,Intern,9445
28336,Paul_28336,Intern,9445
28337,Quinn_28337,Intern,9446
28338,Rose_28338,Intern,9446
28339,Sam_28339,Intern,9446
28340,Tina_28340,Intern,9447
28341,Uma_28341,Intern,9447
28342,Victor_28342,Intern,9447
28343,Wendy_28343,Intern,9448
28344,Xander_28344,Intern,9448
28345,Yara_28345,Intern,9448
28346,Zack_28346,Intern,9449
28347,Ava_28347,Intern,9449
28348,Ben_28348,Intern,9449
28349,Chloe_28349,Intern,9450
28350,Dylan_28350,Intern,9450
28351,Ella_28351,Intern,9450
28352,Finn_28352,Intern,9451
28353,Alice_28353,Intern,9451
28354,Bob_28354,Intern,9451
28355,Carol_28355,Intern,9452
28356,Dave_28356,Intern,9452
28357,Eve_28357,Intern,9452
28358,Frank_28358,Intern,9453
28359,Grace_28359,Intern,9453
28360,Hank_28360,Intern,9453
28361,Iris_28361,Intern,9454
28362,Jack_28362,Intern,9454
28363,Karen_28363,Intern,9454
28364,Leo_28364,Intern,9455
28365,Maya_28365,Intern,9455
28366,Nate_28366,Intern,9455
28367,Olivia_28367,Intern,9456
28368,Paul_28368,Intern,9456
28369,Quinn_28369,Intern,9456
28370,Rose_28370,Intern,9457
28371,Sam_28371,Intern,9457
28372,Tina_28372,Intern,9457
28373,Uma_28373,Intern,9458
28374,Victor_28374,Intern,9458
28375,Wendy_28375,Intern,9458
28376,Xander_28376,Intern,9459
28377,Yara_28377,Intern,9459
28378,Zack_28378,Intern,9459
28379,Ava_28379,Intern,9460
28380,Ben_28380,Intern,9460
28381,Chloe_28381,Intern,9460
28382,Dylan_28382,Intern,9461
28383,Ella_28383,Intern,9461
28384,Finn_28384,Intern,9461
28385,Alice_28385,Intern,9462
28386,Bob_28386,Intern,9462
28387,Carol_28387,Intern,9462
28388,Dave_28388,Intern,9463
28389,Eve_28389,Intern,9463
28390,Frank_28390,Intern,9463
28391,Grace_28391,Intern,9464
28392,Hank_28392,Intern,9464
28393,Iris_28393,Intern,9464
28394,Jack_28394,Intern,9465
28395,Karen_28395,Intern,9465
28396,Leo_28396,Intern,9465
28397,Maya_28397,Intern,9466
28398,Nate_28398,Intern,9466
28399,Olivia_28399,Intern,9466
28400,Paul_28400,Intern,9467
28401,Quinn_28401,Intern,9467
28402,Rose_28402,Intern,9467
28403,Sam_28403,Intern,9468
28404,Tina_28404,Intern,9468
28405,Uma_28405,Intern,9468
28406,Victor_28406,Intern,9469
28407,Wendy_28407,Intern,9469
28408,Xander_28408,Intern,9469
28409,Yara_28409,Intern,9470
28410,Zack_28410,Intern,9470
28411,Ava_28411,Intern,9470
28412,Ben_28412,Intern,9471
28413,Chloe_28413,Intern,9471
28414,Dylan_28414,Intern,9471
28415,Ella_28415,Intern,9472
28416,Finn_28416,Intern,9472
28417,Alice_28417,Intern,9472
28418,Bob_28418,Intern,9473
28419,Carol_28419,Intern,9473
28420,Dave_28420,Intern,9473
28421,Eve_28421,Intern,9474
28422,Frank_28422,Intern,9474
28423,Grace_28423,Intern,9474
28424,Hank_28424,Intern,9475
28425,Iris_28425,Intern,9475
28426,Jack_28426,Intern,9475
28427,Karen_28427,Intern,9476
28428,Leo_28428,Intern,9476
28429,Maya_28429,Intern,9476
28430,Nate_28430,Intern,9477
28431,Olivia_28431,Intern,9477
28432,Paul_28432,Intern,9477
28433,Quinn_28433,Intern,9478
28434,Rose_28434,Intern,9478
28435,Sam_28435,Intern,9478
28436,Tina_28436,Intern,9479
28437,Uma_28437,Intern,9479
28438,Victor_28438,Intern,9479
28439,Wendy_28439,Intern,9480
28440,Xander_28440,Intern,9480
28441,Yara_28441,Intern,9480
28442,Zack_28442,Intern,9481
28443,Ava_28443,Intern,9481
28444,Ben_28444,Intern,9481
28445,Chloe_28445,Intern,9482
28446,Dylan_28446,Intern,9482
28447,Ella_28447,Intern,9482
28448,Finn_28448,Intern,9483
28449,Alice_28449,Intern,9483
28450,Bob_28450,Intern,9483
28451,Carol_28451,Intern,9484
28452,Dave_28452,Intern,9484
28453,Eve_28453,Intern,9484
28454,Frank_28454,Intern,9485
28455,Grace_28455,Intern,9485
28456,Hank_28456,Intern,9485
28457,Iris_28457,Intern,9486
28458,Jack_28458,Intern,9486
28459,Karen_28459,Intern,9486
28460,Leo_28460,Intern,9487
28461,Maya_28461,Intern,9487
28462,Nate_28462,Intern,9487
28463,Olivia_28463,Intern,9488
28464,Paul_28464,Intern,9488
28465,Quinn_28465,Intern,9488
28466,Rose_28466,Intern,9489
28467,Sam_28467,Intern,9489
28468,Tina_28468,Intern,9489
28469,Uma_28469,Intern,9490
28470,Victor_28470,Intern,9490
28471,Wendy_28471,Intern,9490
28472,Xander_28472,Intern,9491
28473,Yara_28473,Intern,9491
28474,Zack_28474,Intern,9491
28475,Ava_28475,Intern,9492
28476,Ben_28476,Intern,9492
28477,Chloe_28477,Intern,9492
28478,Dylan_28478,Intern,9493
28479,Ella_28479,Intern,9493
28480,Finn_28480,Intern,9493
28481,Alice_28481,Intern,9494
28482,Bob_28482,Intern,9494
28483,Carol_28483,Intern,9494
28484,Dave_28484,Intern,9495
28485,Eve_28485,Intern,9495
28486,Frank_28486,Intern,9495
28487,Grace_28487,Intern,9496
28488,Hank_28488,Intern,9496
28489,Iris_28489,Intern,9496
28490,Jack_28490,Intern,9497
28491,Karen_28491,Intern,9497
28492,Leo_28492,Intern,9497
28493,Maya_28493,Intern,9498
28494,Nate_28494,Intern,9498
28495,Olivia_28495,Intern,9498
28496,Paul_28496,Intern,9499
28497,Quinn_28497,Intern,9499
28498,Rose_28498,Intern,9499
28499,Sam_28499,Intern,9500
28500,Tina_28500,Intern,9500
28501,Uma_28501,Intern,9500
28502,Victor_28502,Intern,9501
28503,Wendy_28503,Intern,9501
28504,Xander_28504,Intern,9501
28505,Yara_28505,Intern,9502
28506,Zack_28506,Intern,9502
28507,Ava_28507,Intern,9502
28508,Ben_28508,Intern,9503
28509,Chloe_28509,Intern,9503
28510,Dylan_28510,Intern,9503
28511,Ella_28511,Intern,9504
28512,Finn_28512,Intern,9504
28513,Alice_28513,Intern,9504
28514,Bob_28514,Intern,9505
28515,Carol_28515,Intern,9505
28516,Dave_28516,Intern,9505
28517,Eve_28517,Intern,9506
28518,Frank_28518,Intern,9506
28519,Grace_28519,Intern,9506
28520,Hank_28520,Intern,9507
28521,Iris_28521,Intern,9507
28522,Jack_28522,Intern,9507
28523,Karen_28523,Intern,9508
28524,Leo_28524,Intern,9508
28525,Maya_28525,Intern,9508
28526,Nate_28526,Intern,9509
28527,Olivia_28527,Intern,9509
28528,Paul_28528,Intern,9509
28529,Quinn_28529,Intern,9510
28530,Rose_28530,Intern,9510
28531,Sam_28531,Intern,9510
28532,Tina_28532,Intern,9511
28533,Uma_28533,Intern,9511
28534,Victor_28534,Intern,9511
28535,Wendy_28535,Intern,9512
28536,Xander_28536,Intern,9512
28537,Yara_28537,Intern,9512
28538,Zack_28538,Intern,9513
28539,Ava_28539,Intern,9513
28540,Ben_28540,Intern,9513
28541,Chloe_28541,Intern,9514
28542,Dylan_28542,Intern,9514
28543,Ella_28543,Intern,9514
28544,Finn_28544,Intern,9515
28545,Alice_28545,Intern,9515
28546,Bob_28546,Intern,9515
28547,Carol_28547,Intern,9516
28548,Dave_28548,Intern,9516
28549,Eve_28549,Intern,9516
28550,Frank_28550,Intern,9517
28551,Grace_28551,Intern,9517
28552,Hank_28552,Intern,9517
28553,Iris_28553,Intern,9518
28554,Jack_28554,Intern,9518
28555,Karen_28555,Intern,9518
28556,Leo_28556,Intern,9519
28557,Maya_28557,Intern,9519
28558,Nate_28558,Intern,9519
28559,Olivia_28559,Intern,9520
28560,Paul_28560,Intern,9520
28561,Quinn_28561,Intern,9520
28562,Rose_28562,Intern,9521
28563,Sam_28563,Intern,9521
28564,Tina_28564,Intern,9521
28565,Uma_28565,Intern,9522
28566,Victor_28566,Intern,9522
28567,Wendy_28567,Intern,9522
28568,Xander_28568,Intern,9523
28569,Yara_28569,Intern,9523
28570,Zack_28570,Intern,9523
28571,Ava_28571,Intern,9524
28572,Ben_28572,Intern,9524
28573,Chloe_28573,Intern,9524
28574,Dylan_28574,Intern,9525
28575,Ella_28575,Intern,9525
28576,Finn_28576,Intern,9525
28577,Alice_28577,Intern,9526
28578,Bob_28578,Intern,9526
28579,Carol_28579,Intern,9526
28580,Dave_28580,Intern,9527
28581,Eve_28581,Intern,9527
28582,Frank_28582,Intern,9527
28583,Grace_28583,Intern,9528
28584,Hank_28584,Intern,9528
28585,Iris_28585,Intern,9528
28586,Jack_28586,Intern,9529
28587,Karen_28587,Intern,9529
28588,Leo_28588,Intern,9529
28589,Maya_28589,Intern,9530
28590,Nate_28590,Intern,9530
28591,Olivia_28591,Intern,9530
28592,Paul_28592,Intern,9531
28593,Quinn_28593,Intern,9531
28594,Rose_28594,Intern,9531
28595,Sam_28595,Intern,9532
28596,Tina_28596,Intern,9532
28597,Uma_28597,Intern,9532
28598,Victor_28598,Intern,9533
28599,Wendy_28599,Intern,9533
28600,Xander_28600,Intern,9533
28601,Yara_28601,Intern,9534
28602,Zack_28602,Intern,9534
28603,Ava_28603,Intern,9534
28604,Ben_28604,Intern,9535
28605,Chloe_28605,Intern,9535
28606,Dylan_28606,Intern,9535
28607,Ella_28607,Intern,9536
28608,Finn_28608,Intern,9536
28609,Alice_28609,Intern,9536
28610,Bob_28610,Intern,9537
28611,Carol_28611,Intern,9537
28612,Dave_28612,Intern,9537
28613,Eve_28613,Intern,9538
28614,Frank_28614,Intern,9538
28615,Grace_28615,Intern,9538
28616,Hank_28616,Intern,9539
28617,Iris_28617,Intern,9539
28618,Jack_28618,Intern,9539
28619,Karen_28619,Intern,9540
28620,Leo_28620,Intern,9540
28621,Maya_28621,Intern,9540
28622,Nate_28622,Intern,9541
28623,Olivia_28623,Intern,9541
28624,Paul_28624,Intern,9541
28625,Quinn_28625,Intern,9542
28626,Rose_28626,Intern,9542
28627,Sam_28627,Intern,9542
28628,Tina_28628,Intern,9543
28629,Uma_28629,Intern,9543
28630,Victor_28630,Intern,9543
28631,Wendy_28631,Intern,9544
28632,Xander_28632,Intern,9544
28633,Yara_28633,Intern,9544
28634,Zack_28634,Intern,9545
28635,Ava_28635,Intern,9545
28636,Ben_28636,Intern,9545
28637,Chloe_28637,Intern,9546
28638,Dylan_28638,Intern,9546
28639,Ella_28639,Intern,9546
28640,Finn_28640,Intern,9547
28641,Alice_28641,Intern,9547
28642,Bob_28642,Intern,9547
28643,Carol_28643,Intern,9548
28644,Dave_28644,Intern,9548
28645,Eve_28645,Intern,9548
28646,Frank_28646,Intern,9549
28647,Grace_28647,Intern,9549
28648,Hank_28648,Intern,9549
28649,Iris_28649,Intern,9550
28650,Jack_28650,Intern,9550
28651,Karen_28651,Intern,9550
28652,Leo_28652,Intern,9551
28653,Maya_28653,Intern,9551
28654,Nate_28654,Intern,9551
28655,Olivia_28655,Intern,9552
28656,Paul_28656,Intern,9552
28657,Quinn_28657,Intern,9552
28658,Rose_28658,Intern,9553
28659,Sam_28659,Intern,9553
28660,Tina_28660,Intern,9553
28661,Uma_28661,Intern,9554
28662,Victor_28662,Intern,9554
28663,Wendy_28663,Intern,9554
28664,Xander_28664,Intern,9555
28665,Yara_28665,Intern,9555
28666,Zack_28666,Intern,9555
28667,Ava_28667,Intern,9556
28668,Ben_28668,Intern,9556
28669,Chloe_28669,Intern,9556
28670,Dylan_28670,Intern,9557
28671,Ella_28671,Intern,9557
28672,Finn_28672,Intern,9557
28673,Alice_28673,Intern,9558
28674,Bob_28674,Intern,9558
28675,Carol_28675,Intern,9558
28676,Dave_28676,Intern,9559
28677,Eve_28677,Intern,9559
28678,Frank_28678,Intern,9559
28679,Grace_28679,Intern,9560
28680,Hank_28680,Intern,9560
28681,Iris_28681,Intern,9560
28682,Jack_28682,Intern,9561
28683,Karen_28683,Intern,9561
28684,Leo_28684,Intern,9561
28685,Maya_28685,Intern,9562
28686,Nate_28686,Intern,9562
28687,Olivia_28687,Intern,9562
28688,Paul_28688,Intern,9563
28689,Quinn_28689,Intern,9563
28690,Rose_28690,Intern,9563
28691,Sam_28691,Intern,9564
28692,Tina_28692,Intern,9564
28693,Uma_28693,Intern,9564
28694,Victor_28694,Intern,9565
28695,Wendy_28695,Intern,9565
28696,Xander_28696,Intern,9565
28697,Yara_28697,Intern,9566
28698,Zack_28698,Intern,9566
28699,Ava_28699,Intern,9566
28700,Ben_28700,Intern,9567
28701,Chloe_28701,Intern,9567
28702,Dylan_28702,Intern,9567
28703,Ella_28703,Intern,9568
28704,Finn_28704,Intern,9568
28705,Alice_28705,Intern,9568
28706,Bob_28706,Intern,9569
28707,Carol_28707,Intern,9569
28708,Dave_28708,Intern,9569
28709,Eve_28709,Intern,9570
28710,Frank_28710,Intern,9570
28711,Grace_28711,Intern,9570
28712,Hank_28712,Intern,9571
28713,Iris_28713,Intern,9571
28714,Jack_28714,Intern,9571
28715,Karen_28715,Intern,9572
28716,Leo_28716,Intern,9572
28717,Maya_28717,Intern,9572
28718,Nate_28718,Intern,9573
28719,Olivia_28719,Intern,9573
28720,Paul_28720,Intern,9573
28721,Quinn_28721,Intern,9574
28722,Rose_28722,Intern,9574
28723,Sam_28723,Intern,9574
28724,Tina_28724,Intern,9575
28725,Uma_28725,Intern,9575
28726,Victor_28726,Intern,9575
28727,Wendy_28727,Intern,9576
28728,Xander_28728,Intern,9576
28729,Yara_28729,Intern,9576
28730,Zack_28730,Intern,9577
28731,Ava_28731,Intern,9577
28732,Ben_28732,Intern,9577
28733,Chloe_28733,Intern,9578
28734,Dylan_28734,Intern,9578
28735,Ella_28735,Intern,9578
28736,Finn_28736,Intern,9579
28737,Alice_28737,Intern,9579
28738,Bob_28738,Intern,9579
28739,Carol_28739,Intern,9580
28740,Dave_28740,Intern,9580
28741,Eve_28741,Intern,9580
28742,Frank_28742,Intern,9581
28743,Grace_28743,Intern,9581
28744,Hank_28744,Intern,9581
28745,Iris_28745,Intern,9582
28746,Jack_28746,Intern,9582
28747,Karen_28747,Intern,9582
28748,Leo_28748,Intern,9583
28749,Maya_28749,Intern,9583
28750,Nate_28750,Intern,9583
28751,Olivia_28751,Intern,9584
28752,Paul_28752,Intern,9584
28753,Quinn_28753,Intern,9584
28754,Rose_28754,Intern,9585
28755,Sam_28755,Intern,9585
28756,Tina_28756,Intern,9585
28757,Uma_28757,Intern,9586
28758,Victor_28758,Intern,9586
28759,Wendy_28759,Intern,9586
28760,Xander_28760,Intern,9587
28761,Yara_28761,Intern,9587
28762,Zack_28762,Intern,9587
28763,Ava_28763,Intern,9588
28764,Ben_28764,Intern,9588
28765,Chloe_28765,Intern,9588
28766,Dylan_28766,Intern,9589
28767,Ella_28767,Intern,9589
28768,Finn_28768,Intern,9589
28769,Alice_28769,Intern,9590
28770,Bob_28770,Intern,9590
28771,Carol_28771,Intern,9590
28772,Dave_28772,Intern,9591
28773,Eve_28773,Intern,9591
28774,Frank_28774,Intern,9591
28775,Grace_28775,Intern,9592
28776,Hank_28776,Intern,9592
28777,Iris_28777,Intern,9592
28778,Jack_28778,Intern,9593
28779,Karen_28779,Intern,9593
28780,Leo_28780,Intern,9593
28781,Maya_28781,Intern,9594
28782,Nate_28782,Intern,9594
28783,Olivia_28783,Intern,9594
28784,Paul_28784,Intern,9595
28785,Quinn_28785,Intern,9595
28786,Rose_28786,Intern,9595
28787,Sam_28787,Intern,9596
28788,Tina_28788,Intern,9596
28789,Uma_28789,Intern,9596
28790,Victor_28790,Intern,9597
28791,Wendy_28791,Intern,9597
28792,Xander_28792,Intern,9597
28793,Yara_28793,Intern,9598
28794,Zack_28794,Intern,9598
28795,Ava_28795,Intern,9598
28796,Ben_28796,Intern,9599
28797,Chloe_28797,Intern,9599
28798,Dylan_28798,Intern,9599
28799,Ella_28799,Intern,9600
28800,Finn_28800,Intern,9600
28801,Alice_28801,Intern,9600
28802,Bob_28802,Intern,9601
28803,Carol_28803,Intern,9601
28804,Dave_28804,Intern,9601
28805,Eve_28805,Intern,9602
28806,Frank_28806,Intern,9602
28807,Grace_28807,Intern,9602
28808,Hank_28808,Intern,9603
28809,Iris_28809,Intern,9603
28810,Jack_28810,Intern,9603
28811,Karen_28811,Intern,9604
28812,Leo_28812,Intern,9604
28813,Maya_28813,Intern,9604
28814,Nate_28814,Intern,9605
28815,Olivia_28815,Intern,9605
28816,Paul_28816,Intern,9605
28817,Quinn_28817,Intern,9606
28818,Rose_28818,Intern,9606
28819,Sam_28819,Intern,9606
28820,Tina_28820,Intern,9607
28821,Uma_28821,Intern,9607
28822,Victor_28822,Intern,9607
28823,Wendy_28823,Intern,9608
28824,Xander_28824,Intern,9608
28825,Yara_28825,Intern,9608
28826,Zack_28826,Intern,9609
28827,Ava_28827,Intern,9609
28828,Ben_28828,Intern,9609
28829,Chloe_28829,Intern,9610
28830,Dylan_28830,Intern,9610
28831,Ella_28831,Intern,9610
28832,Finn_28832,Intern,9611
28833,Alice_28833,Intern,9611
28834,Bob_28834,Intern,9611
28835,Carol_28835,Intern,9612
28836,Dave_28836,Intern,9612
28837,Eve_28837,Intern,9612
28838,Frank_28838,Intern,9613
28839,Grace_28839,Intern,9613
28840,Hank_28840,Intern,9613
28841,Iris_28841,Intern,9614
28842,Jack_28842,Intern,9614
28843,Karen_28843,Intern,9614
28844,Leo_28844,Intern,9615
28845,Maya_28845,Intern,9615
28846,Nate_28846,Intern,9615
28847,Olivia_28847,Intern,9616
28848,Paul_28848,Intern,9616
28849,Quinn_28849,Intern,9616
28850,Rose_28850,Intern,9617
28851,Sam_28851,Intern,9617
28852,Tina_28852,Intern,9617
28853,Uma_28853,Intern,9618
28854,Victor_28854,Intern,9618
28855,Wendy_28855,Intern,9618
28856,Xander_28856,Intern,9619
28857,Yara_28857,Intern,9619
28858,Zack_28858,Intern,9619
28859,Ava_28859,Intern,9620
28860,Ben_28860,Intern,9620
28861,Chloe_28861,Intern,9620
28862,Dylan_28862,Intern,9621
28863,Ella_28863,Intern,9621
28864,Finn_28864,Intern,9621
28865,Alice_28865,Intern,9622
28866,Bob_28866,Intern,9622
28867,Carol_28867,Intern,9622
28868,Dave_28868,Intern,9623
28869,Eve_28869,Intern,9623
28870,Frank_28870,Intern,9623
28871,Grace_28871,Intern,9624
28872,Hank_28872,Intern,9624
28873,Iris_28873,Intern,9624
28874,Jack_28874,Intern,9625
28875,Karen_28875,Intern,9625
28876,Leo_28876,Intern,9625
28877,Maya_28877,Intern,9626
28878,Nate_28878,Intern,9626
28879,Olivia_28879,Intern,9626
28880,Paul_28880,Intern,9627
28881,Quinn_28881,Intern,9627
28882,Rose_28882,Intern,9627
28883,Sam_28883,Intern,9628
28884,Tina_28884,Intern,9628
28885,Uma_28885,Intern,9628
28886,Victor_28886,Intern,9629
28887,Wendy_28887,Intern,9629
28888,Xander_28888,Intern,9629
28889,Yara_28889,Intern,9630
28890,Zack_28890,Intern,9630
28891,Ava_28891,Intern,9630
28892,Ben_28892,Intern,9631
28893,Chloe_28893,Intern,9631
28894,Dylan_28894,Intern,9631
28895,Ella_28895,Intern,9632
28896,Finn_28896,Intern,9632
28897,Alice_28897,Intern,9632
28898,Bob_28898,Intern,9633
28899,Carol_28899,Intern,9633
28900,Dave_28900,Intern,9633
28901,Eve_28901,Intern,9634
28902,Frank_28902,Intern,9634
28903,Grace_28903,Intern,9634
28904,Hank_28904,Intern,9635
28905,Iris_28905,Intern,9635
28906,Jack_28906,Intern,9635
28907,Karen_28907,Intern,9636
28908,Leo_28908,Intern,9636
28909,Maya_28909,Intern,9636
28910,Nate_28910,Intern,9637
28911,Olivia_28911,Intern,9637
28912,Paul_28912,Intern,9637
28913,Quinn_28913,Intern,9638
28914,Rose_28914,Intern,9638
28915,Sam_28915,Intern,9638
28916,Tina_28916,Intern,9639
28917,Uma_28917,Intern,9639
28918,Victor_28918,Intern,9639
28919,Wendy_28919,Intern,9640
28920,Xander_28920,Intern,9640
28921,Yara_28921,Intern,9640
28922,Zack_28922,Intern,9641
28923,Ava_28923,Intern,9641
28924,Ben_28924,Intern,9641
28925,Chloe_28925,Intern,9642
28926,Dylan_28926,Intern,9642
28927,Ella_28927,Intern,9642
28928,Finn_28928,Intern,9643
28929,Alice_28929,Intern,9643
28930,Bob_28930,Intern,9643
28931,Carol_28931,Intern,9644
28932,Dave_28932,Intern,9644
28933,Eve_28933,Intern,9644
28934,Frank_28934,Intern,9645
28935,Grace_28935,Intern,9645
28936,Hank_28936,Intern,9645
28937,Iris_28937,Intern,9646
28938,Jack_28938,Intern,9646
28939,Karen_28939,Intern,9646
28940,Leo_28940,Intern,9647
28941,Maya_28941,Intern,9647
28942,Nate_28942,Intern,9647
28943,Olivia_28943,Intern,9648
28944,Paul_28944,Intern,9648
28945,Quinn_28945,Intern,9648
28946,Rose_28946,Intern,9649
28947,Sam_28947,Intern,9649
28948,Tina_28948,Intern,9649
28949,Uma_28949,Intern,9650
28950,Victor_28950,Intern,9650
28951,Wendy_28951,Intern,9650
28952,Xander_28952,Intern,9651
28953,Yara_28953,Intern,9651
28954,Zack_28954,Intern,9651
28955,Ava_28955,Intern,9652
28956,Ben_28956,Intern,9652
28957,Chloe_28957,Intern,9652
28958,Dylan_28958,Intern,9653
28959,Ella_28959,Intern,9653
28960,Finn_28960,Intern,9653
28961,Alice_28961,Intern,9654
28962,Bob_28962,Intern,9654
28963,Carol_28963,Intern,9654
28964,Dave_28964,Intern,9655
28965,Eve_28965,Intern,9655
28966,Frank_28966,Intern,9655
28967,Grace_28967,Intern,9656
28968,Hank_28968,Intern,9656
28969,Iris_28969,Intern,9656
28970,Jack_28970,Intern,9657
28971,Karen_28971,Intern,9657
28972,Leo_28972,Intern,9657
28973,Maya_28973,Intern,9658
28974,Nate_28974,Intern,9658
28975,Olivia_28975,Intern,9658
28976,Paul_28976,Intern,9659
28977,Quinn_28977,Intern,9659
28978,Rose_28978,Intern,9659
28979,Sam_28979,Intern,9660
28980,Tina_28980,Intern,9660
28981,Uma_28981,Intern,9660
28982,Victor_28982,Intern,9661
28983,Wendy_28983,Intern,9661
28984,Xander_28984,Intern,9661
28985,Yara_28985,Intern,9662
28986,Zack_28986,Intern,9662
28987,Ava_28987,Intern,9662
28988,Ben_28988,Intern,9663
28989,Chloe_28989,Intern,9663
28990,Dylan_28990,Intern,9663
28991,Ella_28991,Intern,9664
28992,Finn_28992,Intern,9664
28993,Alice_28993,Intern,9664
28994,Bob_28994,Intern,9665
28995,Carol_28995,Intern,9665
28996,Dave_28996,Intern,9665
28997,Eve_28997,Intern,9666
28998,Frank_28998,Intern,9666
28999,Grace_28999,Intern,9666
29000,Hank_29000,Intern,9667
29001,Iris_29001,Intern,9667
29002,Jack_29002,Intern,9667
29003,Karen_29003,Intern,9668
29004,Leo_29004,Intern,9668
29005,Maya_29005,Intern,9668
29006,Nate_29006,Intern,9669
29007,Olivia_29007,Intern,9669
29008,Paul_29008,Intern,9669
29009,Quinn_29009,Intern,9670
29010,Rose_29010,Intern,9670
29011,Sam_29011,Intern,9670
29012,Tina_29012,Intern,9671
29013,Uma_29013,Intern,9671
29014,Victor_29014,Intern,9671
29015,Wendy_29015,Intern,9672
29016,Xander_29016,Intern,9672
29017,Yara_29017,Intern,9672
29018,Zack_29018,Intern,9673
29019,Ava_29019,Intern,9673
29020,Ben_29020,Intern,9673
29021,Chloe_29021,Intern,9674
29022,Dylan_29022,Intern,9674
29023,Ella_29023,Intern,9674
29024,Finn_29024,Intern,9675
29025,Alice_29025,Intern,9675
29026,Bob_29026,Intern,9675
29027,Carol_29027,Intern,9676
29028,Dave_29028,Intern,9676
29029,Eve_29029,Intern,9676
29030,Frank_29030,Intern,9677
29031,Grace_29031,Intern,9677
29032,Hank_29032,Intern,9677
29033,Iris_29033,Intern,9678
29034,Jack_29034,Intern,9678
29035,Karen_29035,Intern,9678
29036,Leo_29036,Intern,9679
29037,Maya_29037,Intern,9679
29038,Nate_29038,Intern,9679
29039,Olivia_29039,Intern,9680
29040,Paul_29040,Intern,9680
29041,Quinn_29041,Intern,9680
29042,Rose_29042,Intern,9681
29043,Sam_29043,Intern,9681
29044,Tina_29044,Intern,9681
29045,Uma_29045,Intern,9682
29046,Victor_29046,Intern,9682
29047,Wendy_29047,Intern,9682
29048,Xander_29048,Intern,9683
29049,Yara_29049,Intern,9683
29050,Zack_29050,Intern,9683
29051,Ava_29051,Intern,9684
29052,Ben_29052,Intern,9684
29053,Chloe_29053,Intern,9684
29054,Dylan_29054,Intern,9685
29055,Ella_29055,Intern,9685
29056,Finn_29056,Intern,9685
29057,Alice_29057,Intern,9686
29058,Bob_29058,Intern,9686
29059,Carol_29059,Intern,9686
29060,Dave_29060,Intern,9687
29061,Eve_29061,Intern,9687
29062,Frank_29062,Intern,9687
29063,Grace_29063,Intern,9688
29064,Hank_29064,Intern,9688
29065,Iris_29065,Intern,9688
29066,Jack_29066,Intern,9689
29067,Karen_29067,Intern,9689
29068,Leo_29068,Intern,9689
29069,Maya_29069,Intern,9690
29070,Nate_29070,Intern,9690
29071,Olivia_29071,Intern,9690
29072,Paul_29072,Intern,9691
29073,Quinn_29073,Intern,9691
29074,Rose_29074,Intern,9691
29075,Sam_29075,Intern,9692
29076,Tina_29076,Intern,9692
29077,Uma_29077,Intern,9692
29078,Victor_29078,Intern,9693
29079,Wendy_29079,Intern,9693
29080,Xander_29080,Intern,9693
29081,Yara_29081,Intern,9694
29082,Zack_29082,Intern,9694
29083,Ava_29083,Intern,9694
29084,Ben_29084,Intern,9695
29085,Chloe_29085,Intern,9695
29086,Dylan_29086,Intern,9695
29087,Ella_29087,Intern,9696
29088,Finn_29088,Intern,9696
29089,Alice_29089,Intern,9696
29090,Bob_29090,Intern,9697
29091,Carol_29091,Intern,9697
29092,Dave_29092,Intern,9697
29093,Eve_29093,Intern,9698
29094,Frank_29094,Intern,9698
29095,Grace_29095,Intern,9698
29096,Hank_29096,Intern,9699
29097,Iris_29097,Intern,9699
29098,Jack_29098,Intern,9699
29099,Karen_29099,Intern,9700
29100,Leo_29100,Intern,9700
29101,Maya_29101,Intern,9700
29102,Nate_29102,Intern,9701
29103,Olivia_29103,Intern,9701
29104,Paul_29104,Intern,9701
29105,Quinn_29105,Intern,9702
29106,Rose_29106,Intern,9702
29107,Sam_29107,Intern,9702
29108,Tina_29108,Intern,9703
29109,Uma_29109,Intern,9703
29110,Victor_29110,Intern,9703
29111,Wendy_29111,Intern,9704
29112,Xander_29112,Intern,9704
29113,Yara_29113,Intern,9704
29114,Zack_29114,Intern,9705
29115,Ava_29115,Intern,9705
29116,Ben_29116,Intern,9705
29117,Chloe_29117,Intern,9706
29118,Dylan_29118,Intern,9706
29119,Ella_29119,Intern,9706
29120,Finn_29120,Intern,9707
29121,Alice_29121,Intern,9707
29122,Bob_29122,Intern,9707
29123,Carol_29123,Intern,9708
29124,Dave_29124,Intern,9708
29125,Eve_29125,Intern,9708
29126,Frank_29126,Intern,9709
29127,Grace_29127,Intern,9709
29128,Hank_29128,Intern,9709
29129,Iris_29129,Intern,9710
29130,Jack_29130,Intern,9710
29131,Karen_29131,Intern,9710
29132,Leo_29132,Intern,9711
29133,Maya_29133,Intern,9711
29134,Nate_29134,Intern,9711
29135,Olivia_29135,Intern,9712
29136,Paul_29136,Intern,9712
29137,Quinn_29137,Intern,9712
29138,Rose_29138,Intern,9713
29139,Sam_29139,Intern,9713
29140,Tina_29140,Intern,9713
29141,Uma_29141,Intern,9714
29142,Victor_29142,Intern,9714
29143,Wendy_29143,Intern,9714
29144,Xander_29144,Intern,9715
29145,Yara_29145,Intern,9715
29146,Zack_29146,Intern,9715
29147,Ava_29147,Intern,9716
29148,Ben_29148,Intern,9716
29149,Chloe_29149,Intern,9716
29150,Dylan_29150,Intern,9717
29151,Ella_29151,Intern,9717
29152,Finn_29152,Intern,9717
29153,Alice_29153,Intern,9718
29154,Bob_29154,Intern,9718
29155,Carol_29155,Intern,9718
29156,Dave_29156,Intern,9719
29157,Eve_29157,Intern,9719
29158,Frank_29158,Intern,9719
29159,Grace_29159,Intern,9720
29160,Hank_29160,Intern,9720
29161,Iris_29161,Intern,9720
29162,Jack_29162,Intern,9721
29163,Karen_29163,Intern,9721
29164,Leo_29164,Intern,9721
29165,Maya_29165,Intern,9722
29166,Nate_29166,Intern,9722
29167,Olivia_29167,Intern,9722
29168,Paul_29168,Intern,9723
29169,Quinn_29169,Intern,9723
29170,Rose_29170,Intern,9723
29171,Sam_29171,Intern,9724
29172,Tina_29172,Intern,9724
29173,Uma_29173,Intern,9724
29174,Victor_29174,Intern,9725
29175,Wendy_29175,Intern,9725
29176,Xander_29176,Intern,9725
29177,Yara_29177,Intern,9726
29178,Zack_29178,Intern,9726
29179,Ava_29179,Intern,9726
29180,Ben_29180,Intern,9727
29181,Chloe_29181,Intern,9727
29182,Dylan_29182,Intern,9727
29183,Ella_29183,Intern,9728
29184,Finn_29184,Intern,9728
29185,Alice_29185,Intern,9728
29186,Bob_29186,Intern,9729
29187,Carol_29187,Intern,9729
29188,Dave_29188,Intern,9729
29189,Eve_29189,Intern,9730
29190,Frank_29190,Intern,9730
29191,Grace_29191,Intern,9730
29192,Hank_29192,Intern,9731
29193,Iris_29193,Intern,9731
29194,Jack_29194,Intern,9731
29195,Karen_29195,Intern,9732
29196,Leo_29196,Intern,9732
29197,Maya_29197,Intern,9732
29198,Nate_29198,Intern,9733
29199,Olivia_29199,Intern,9733
29200,Paul_29200,Intern,9733
29201,Quinn_29201,Intern,9734
29202,Rose_29202,Intern,9734
29203,Sam_29203,Intern,9734
29204,Tina_29204,Intern,9735
29205,Uma_29205,Intern,9735
29206,Victor_29206,Intern,9735
29207,Wendy_29207,Intern,9736
29208,Xander_29208,Intern,9736
29209,Yara_29209,Intern,9736
29210,Zack_29210,Intern,9737
29211,Ava_29211,Intern,9737
29212,Ben_29212,Intern,9737
29213,Chloe_29213,Intern,9738
29214,Dylan_29214,Intern,9738
29215,Ella_29215,Intern,9738
29216,Finn_29216,Intern,9739
29217,Alice_29217,Intern,9739
29218,Bob_29218,Intern,9739
29219,Carol_29219,Intern,9740
29220,Dave_29220,Intern,9740
29221,Eve_29221,Intern,9740
29222,Frank_29222,Intern,9741
29223,Grace_29223,Intern,9741
29224,Hank_29224,Intern,9741
29225,Iris_29225,Intern,9742
29226,Jack_29226,Intern,9742
29227,Karen_29227,Intern,9742
29228,Leo_29228,Intern,9743
29229,Maya_29229,Intern,9743
29230,Nate_29230,Intern,9743
29231,Olivia_29231,Intern,9744
29232,Paul_29232,Intern,9744
29233,Quinn_29233,Intern,9744
29234,Rose_29234,Intern,9745
29235,Sam_29235,Intern,9745
29236,Tina_29236,Intern,9745
29237,Uma_29237,Intern,9746
29238,Victor_29238,Intern,9746
29239,Wendy_29239,Intern,9746
29240,Xander_29240,Intern,9747
29241,Yara_29241,Intern,9747
29242,Zack_29242,Intern,9747
29243,Ava_29243,Intern,9748
29244,Ben_29244,Intern,9748
29245,Chloe_29245,Intern,9748
29246,Dylan_29246,Intern,9749
29247,Ella_29247,Intern,9749
29248,Finn_29248,Intern,9749
29249,Alice_29249,Intern,9750
29250,Bob_29250,Intern,9750
29251,Carol_29251,Intern,9750
29252,Dave_29252,Intern,9751
29253,Eve_29253,Intern,9751
29254,Frank_29254,Intern,9751
29255,Grace_29255,Intern,9752
29256,Hank_29256,Intern,9752
29257,Iris_29257,Intern,9752
29258,Jack_29258,Intern,9753
29259,Karen_29259,Intern,9753
29260,Leo_29260,Intern,9753
29261,Maya_29261,Intern,9754
29262,Nate_29262,Intern,9754
29263,Olivia_29263,Intern,9754
29264,Paul_29264,Intern,9755
29265,Quinn_29265,Intern,9755
29266,Rose_29266,Intern,9755
29267,Sam_29267,Intern,9756
29268,Tina_29268,Intern,9756
29269,Uma_29269,Intern,9756
29270,Victor_29270,Intern,9757
29271,Wendy_29271,Intern,9757
29272,Xander_29272,Intern,9757
29273,Yara_29273,Intern,9758
29274,Zack_29274,Intern,9758
29275,Ava_29275,Intern,9758
29276,Ben_29276,Intern,9759
29277,Chloe_29277,Intern,9759
29278,Dylan_29278,Intern,9759
29279,Ella_29279,Intern,9760
29280,Finn_29280,Intern,9760
29281,Alice_29281,Intern,9760
29282,Bob_29282,Intern,9761
29283,Carol_29283,Intern,9761
29284,Dave_29284,Intern,9761
29285,Eve_29285,Intern,9762
29286,Frank_29286,Intern,9762
29287,Grace_29287,Intern,9762
29288,Hank_29288,Intern,9763
29289,Iris_29289,Intern,9763
29290,Jack_29290,Intern,9763
29291,Karen_29291,Intern,9764
29292,Leo_29292,Intern,9764
29293,Maya_29293,Intern,9764
29294,Nate_29294,Intern,9765
29295,Olivia_29295,Intern,9765
29296,Paul_29296,Intern,9765
29297,Quinn_29297,Intern,9766
29298,Rose_29298,Intern,9766
29299,Sam_29299,Intern,9766
29300,Tina_29300,Intern,9767
29301,Uma_29301,Intern,9767
29302,Victor_29302,Intern,9767
29303,Wendy_29303,Intern,9768
29304,Xander_29304,Intern,9768
29305,Yara_29305,Intern,9768
29306,Zack_29306,Intern,9769
29307,Ava_29307,Intern,9769
29308,Ben_29308,Intern,9769
29309,Chloe_29309,Intern,9770
29310,Dylan_29310,Intern,9770
29311,Ella_29311,Intern,9770
29312,Finn_29312,Intern,9771
29313,Alice_29313,Intern,9771
29314,Bob_29314,Intern,9771
29315,Carol_29315,Intern,9772
29316,Dave_29316,Intern,9772
29317,Eve_29317,Intern,9772
29318,Frank_29318,Intern,9773
29319,Grace_29319,Intern,9773
29320,Hank_29320,Intern,9773
29321,Iris_29321,Intern,9774
29322,Jack_29322,Intern,9774
29323,Karen_29323,Intern,9774
29324,Leo_29324,Intern,9775
29325,Maya_29325,Intern,9775
29326,Nate_29326,Intern,9775
29327,Olivia_29327,Intern,9776
29328,Paul_29328,Intern,9776
29329,Quinn_29329,Intern,9776
29330,Rose_29330,Intern,9777
29331,Sam_29331,Intern,9777
29332,Tina_29332,Intern,9777
29333,Uma_29333,Intern,9778
29334,Victor_29334,Intern,9778
29335,Wendy_29335,Intern,9778
29336,Xander_29336,Intern,9779
29337,Yara_29337,Intern,9779
29338,Zack_29338,Intern,9779
29339,Ava_29339,Intern,9780
29340,Ben_29340,Intern,9780
29341,Chloe_29341,Intern,9780
29342,Dylan_29342,Intern,9781
29343,Ella_29343,Intern,9781
29344,Finn_29344,Intern,9781
29345,Alice_29345,Intern,9782
29346,Bob_29346,Intern,9782
29347,Carol_29347,Intern,9782
29348,Dave_29348,Intern,9783
29349,Eve_29349,Intern,9783
29350,Frank_29350,Intern,9783
29351,Grace_29351,Intern,9784
29352,Hank_29352,Intern,9784
29353,Iris_29353,Intern,9784
29354,Jack_29354,Intern,9785
29355,Karen_29355,Intern,9785
29356,Leo_29356,Intern,9785
29357,Maya_29357,Intern,9786
29358,Nate_29358,Intern,9786
29359,Olivia_29359,Intern,9786
29360,Paul_29360,Intern,9787
29361,Quinn_29361,Intern,9787
29362,Rose_29362,Intern,9787
29363,Sam_29363,Intern,9788
29364,Tina_29364,Intern,9788
29365,Uma_29365,Intern,9788
29366,Victor_29366,Intern,9789
29367,Wendy_29367,Intern,9789
29368,Xander_29368,Intern,9789
29369,Yara_29369,Intern,9790
29370,Zack_29370,Intern,9790
29371,Ava_29371,Intern,9790
29372,Ben_29372,Intern,9791
29373,Chloe_29373,Intern,9791
29374,Dylan_29374,Intern,9791
29375,Ella_29375,Intern,9792
29376,Finn_29376,Intern,9792
29377,Alice_29377,Intern,9792
29378,Bob_29378,Intern,9793
29379,Carol_29379,Intern,9793
29380,Dave_29380,Intern,9793
29381,Eve_29381,Intern,9794
29382,Frank_29382,Intern,9794
29383,Grace_29383,Intern,9794
29384,Hank_29384,Intern,9795
29385,Iris_29385,Intern,9795
29386,Jack_29386,Intern,9795
29387,Karen_29387,Intern,9796
29388,Leo_29388,Intern,9796
29389,Maya_29389,Intern,9796
29390,Nate_29390,Intern,9797
29391,Olivia_29391,Intern,9797
29392,Paul_29392,Intern,9797
29393,Quinn_29393,Intern,9798
29394,Rose_29394,Intern,9798
29395,Sam_29395,Intern,9798
29396,Tina_29396,Intern,9799
29397,Uma_29397,Intern,9799
29398,Victor_29398,Intern,9799
29399,Wendy_29399,Intern,9800
29400,Xander_29400,Intern,9800
29401,Yara_29401,Intern,9800
29402,Zack_29402,Intern,9801
29403,Ava_29403,Intern,9801
29404,Ben_29404,Intern,9801
29405,Chloe_29405,Intern,9802
29406,Dylan_29406,Intern,9802
29407,Ella_29407,Intern,9802
29408,Finn_29408,Intern,9803
29409,Alice_29409,Intern,9803
29410,Bob_29410,Intern,9803
29411,Carol_29411,Intern,9804
29412,Dave_29412,Intern,9804
29413,Eve_29413,Intern,9804
29414,Frank_29414,Intern,9805
29415,Grace_29415,Intern,9805
29416,Hank_29416,Intern,9805
29417,Iris_29417,Intern,9806
29418,Jack_29418,Intern,9806
29419,Karen_29419,Intern,9806
29420,Leo_29420,Intern,9807
29421,Maya_29421,Intern,9807
29422,Nate_29422,Intern,9807
29423,Olivia_29423,Intern,9808
29424,Paul_29424,Intern,9808
29425,Quinn_29425,Intern,9808
29426,Rose_29426,Intern,9809
29427,Sam_29427,Intern,9809
29428,Tina_29428,Intern,9809
29429,Uma_29429,Intern,9810
29430,Victor_29430,Intern,9810
29431,Wendy_29431,Intern,9810
29432,Xander_29432,Intern,9811
29433,Yara_29433,Intern,9811
29434,Zack_29434,Intern,9811
29435,Ava_29435,Intern,9812
29436,Ben_29436,Intern,9812
29437,Chloe_29437,Intern,9812
29438,Dylan_29438,Intern,9813
29439,Ella_29439,Intern,9813
29440,Finn_29440,Intern,9813
29441,Alice_29441,Intern,9814
29442,Bob_29442,Intern,9814
29443,Carol_29443,Intern,9814
29444,Dave_29444,Intern,9815
29445,Eve_29445,Intern,9815
29446,Frank_29446,Intern,9815
29447,Grace_29447,Intern,9816
29448,Hank_29448,Intern,9816
29449,Iris_29449,Intern,9816
29450,Jack_29450,Intern,9817
29451,Karen_29451,Intern,9817
29452,Leo_29452,Intern,9817
29453,Maya_29453,Intern,9818
29454,Nate_29454,Intern,9818
29455,Olivia_29455,Intern,9818
29456,Paul_29456,Intern,9819
29457,Quinn_29457,Intern,9819
29458,Rose_29458,Intern,9819
29459,Sam_29459,Intern,9820
29460,Tina_29460,Intern,9820
29461,Uma_29461,Intern,9820
29462,Victor_29462,Intern,9821
29463,Wendy_29463,Intern,9821
29464,Xander_29464,Intern,9821
29465,Yara_29465,Intern,9822
29466,Zack_29466,Intern,9822
29467,Ava_29467,Intern,9822
29468,Ben_29468,Intern,9823
29469,Chloe_29469,Intern,9823
29470,Dylan_29470,Intern,9823
29471,Ella_29471,Intern,9824
29472,Finn_29472,Intern,9824
29473,Alice_29473,Intern,9824
29474,Bob_29474,Intern,9825
29475,Carol_29475,Intern,9825
29476,Dave_29476,Intern,9825
29477,Eve_29477,Intern,9826
29478,Frank_29478,Intern,9826
29479,Grace_29479,Intern,9826
29480,Hank_29480,Intern,9827
29481,Iris_29481,Intern,9827
29482,Jack_29482,Intern,9827
29483,Karen_29483,Intern,9828
29484,Leo_29484,Intern,9828
29485,Maya_29485,Intern,9828
29486,Nate_29486,Intern,9829
29487,Olivia_29487,Intern,9829
29488,Paul_29488,Intern,9829
29489,Quinn_29489,Intern,9830
29490,Rose_29490,Intern,9830
29491,Sam_29491,Intern,9830
29492,Tina_29492,Intern,9831
29493,Uma_29493,Intern,9831
29494,Victor_29494,Intern,9831
29495,Wendy_29495,Intern,9832
29496,Xander_29496,Intern,9832
29497,Yara_29497,Intern,9832
29498,Zack_29498,Intern,9833
29499,Ava_29499,Intern,9833
29500,Ben_29500,Intern,9833
29501,Chloe_29501,Intern,9834
29502,Dylan_29502,Intern,9834
29503,Ella_29503,Intern,9834
29504,Finn_29504,Intern,9835
29505,Alice_29505,Intern,9835
29506,Bob_29506,Intern,9835
29507,Carol_29507,Intern,9836
29508,Dave_29508,Intern,9836
29509,Eve_29509,Intern,9836
29510,Frank_29510,Intern,9837
29511,Grace_29511,Intern,9837
29512,Hank_29512,Intern,9837
29513,Iris_29513,Intern,9838
29514,Jack_29514,Intern,9838
29515,Karen_29515,Intern,9838
29516,Leo_29516,Intern,9839
29517,Maya_29517,Intern,9839
29518,Nate_29518,Intern,9839
29519,Olivia_29519,Intern,9840
29520,Paul_29520,Intern,9840
29521,Quinn_29521,Intern,9840
29522,Rose_29522,Intern,9841
29523,Sam_29523,Intern,9841
29524,Tina_29524,Intern,9841
